
7702
, 15403
, 15403
, 15402
, 15402
, 15401
, 15401
, 15400
, 15400
, 15399
, 15399
, 15398
, 15398
, 15397
, 15397
, 15396
, 15396
, 15395
, 15395
, 15394
, 15394
, 15393
, 15393
, 15392
, 15392
, 15391
, 15391
, 15390
, 15390
, 15389
, 15389
, 15388
, 15388
, 15387
, 15387
, 15386
, 15386
, 15385
, 15385
, 15384
, 15384
, 15383
, 15383
, 15382
, 15382
, 15381
, 15381
, 15380
, 15380
, 15379
, 15379
, 15378
, 15378
, 15377
, 15377
, 15376
, 15376
, 15375
, 15375
, 15374
, 15374
, 15373
, 15373
, 15372
, 15372
, 15371
, 15371
, 15370
, 15370
, 15369
, 15369
, 15368
, 15368
, 15367
, 15367
, 15366
, 15366
, 15365
, 15365
, 15364
, 15364
, 15363
, 15363
, 15362
, 15362
, 15361
, 15361
, 15360
, 15360
, 15359
, 15359
, 15358
, 15358
, 15357
, 15357
, 15356
, 15356
, 15355
, 15355
, 15354
, 15354
, 15353
, 15353
, 15352
, 15352
, 15351
, 15351
, 15350
, 15350
, 15349
, 15349
, 15348
, 15348
, 15347
, 15347
, 15346
, 15346
, 15345
, 15345
, 15344
, 15344
, 15343
, 15343
, 15342
, 15342
, 15341
, 15341
, 15340
, 15340
, 15339
, 15339
, 15338
, 15338
, 15337
, 15337
, 15336
, 15336
, 15335
, 15335
, 15334
, 15334
, 15333
, 15333
, 15332
, 15332
, 15331
, 15331
, 15330
, 15330
, 15329
, 15329
, 15328
, 15328
, 15327
, 15327
, 15326
, 15326
, 15325
, 15325
, 15324
, 15324
, 15323
, 15323
, 15322
, 15322
, 15321
, 15321
, 15320
, 15320
, 15319
, 15319
, 15318
, 15318
, 15317
, 15317
, 15316
, 15316
, 15315
, 15315
, 15314
, 15314
, 15313
, 15313
, 15312
, 15312
, 15311
, 15311
, 15310
, 15310
, 15309
, 15309
, 15308
, 15308
, 15307
, 15307
, 15306
, 15306
, 15305
, 15305
, 15304
, 15304
, 15303
, 15303
, 15302
, 15302
, 15301
, 15301
, 15300
, 15300
, 15299
, 15299
, 15298
, 15298
, 15297
, 15297
, 15296
, 15296
, 15295
, 15295
, 15294
, 15294
, 15293
, 15293
, 15292
, 15292
, 15291
, 15291
, 15290
, 15290
, 15289
, 15289
, 15288
, 15288
, 15287
, 15287
, 15286
, 15286
, 15285
, 15285
, 15284
, 15284
, 15283
, 15283
, 15282
, 15282
, 15281
, 15281
, 15280
, 15280
, 15279
, 15279
, 15278
, 15278
, 15277
, 15277
, 15276
, 15276
, 15275
, 15275
, 15274
, 15274
, 15273
, 15273
, 15272
, 15272
, 15271
, 15271
, 15270
, 15270
, 15269
, 15269
, 15268
, 15268
, 15267
, 15267
, 15266
, 15266
, 15265
, 15265
, 15264
, 15264
, 15263
, 15263
, 15262
, 15262
, 15261
, 15261
, 15260
, 15260
, 15259
, 15259
, 15258
, 15258
, 15257
, 15257
, 15256
, 15256
, 15255
, 15255
, 15254
, 15254
, 15253
, 15253
, 15252
, 15252
, 15251
, 15251
, 15250
, 15250
, 15249
, 15249
, 15248
, 15248
, 15247
, 15247
, 15246
, 15246
, 15245
, 15245
, 15244
, 15244
, 15243
, 15243
, 15242
, 15242
, 15241
, 15241
, 15240
, 15240
, 15239
, 15239
, 15238
, 15238
, 15237
, 15237
, 15236
, 15236
, 15235
, 15235
, 15234
, 15234
, 15233
, 15233
, 15232
, 15232
, 15231
, 15231
, 15230
, 15230
, 15229
, 15229
, 15228
, 15228
, 15227
, 15227
, 15226
, 15226
, 15225
, 15225
, 15224
, 15224
, 15223
, 15223
, 15222
, 15222
, 15221
, 15221
, 15220
, 15220
, 15219
, 15219
, 15218
, 15218
, 15217
, 15217
, 15216
, 15216
, 15215
, 15215
, 15214
, 15214
, 15213
, 15213
, 15212
, 15212
, 15211
, 15211
, 15210
, 15210
, 15209
, 15209
, 15208
, 15208
, 15207
, 15207
, 15206
, 15206
, 15205
, 15205
, 15204
, 15204
, 15203
, 15203
, 15202
, 15202
, 15201
, 15201
, 15200
, 15200
, 15199
, 15199
, 15198
, 15198
, 15197
, 15197
, 15196
, 15196
, 15195
, 15195
, 15194
, 15194
, 15193
, 15193
, 15192
, 15192
, 15191
, 15191
, 15190
, 15190
, 15189
, 15189
, 15188
, 15188
, 15187
, 15187
, 15186
, 15186
, 15185
, 15185
, 15184
, 15184
, 15183
, 15183
, 15182
, 15182
, 15181
, 15181
, 15180
, 15180
, 15179
, 15179
, 15178
, 15178
, 15177
, 15177
, 15176
, 15176
, 15175
, 15175
, 15174
, 15174
, 15173
, 15173
, 15172
, 15172
, 15171
, 15171
, 15170
, 15170
, 15169
, 15169
, 15168
, 15168
, 15167
, 15167
, 15166
, 15166
, 15165
, 15165
, 15164
, 15164
, 15163
, 15163
, 15162
, 15162
, 15161
, 15161
, 15160
, 15160
, 15159
, 15159
, 15158
, 15158
, 15157
, 15157
, 15156
, 15156
, 15155
, 15155
, 15154
, 15154
, 15153
, 15153
, 15152
, 15152
, 15151
, 15151
, 15150
, 15150
, 15149
, 15149
, 15148
, 15148
, 15147
, 15147
, 15146
, 15146
, 15145
, 15145
, 15144
, 15144
, 15143
, 15143
, 15142
, 15142
, 15141
, 15141
, 15140
, 15140
, 15139
, 15139
, 15138
, 15138
, 15137
, 15137
, 15136
, 15136
, 15135
, 15135
, 15134
, 15134
, 15133
, 15133
, 15132
, 15132
, 15131
, 15131
, 15130
, 15130
, 15129
, 15129
, 15128
, 15128
, 15127
, 15127
, 15126
, 15126
, 15125
, 15125
, 15124
, 15124
, 15123
, 15123
, 15122
, 15122
, 15121
, 15121
, 15120
, 15120
, 15119
, 15119
, 15118
, 15118
, 15117
, 15117
, 15116
, 15116
, 15115
, 15115
, 15114
, 15114
, 15113
, 15113
, 15112
, 15112
, 15111
, 15111
, 15110
, 15110
, 15109
, 15109
, 15108
, 15108
, 15107
, 15107
, 15106
, 15106
, 15105
, 15105
, 15104
, 15104
, 15103
, 15103
, 15102
, 15102
, 15101
, 15101
, 15100
, 15100
, 15099
, 15099
, 15098
, 15098
, 15097
, 15097
, 15096
, 15096
, 15095
, 15095
, 15094
, 15094
, 15093
, 15093
, 15092
, 15092
, 15091
, 15091
, 15090
, 15090
, 15089
, 15089
, 15088
, 15088
, 15087
, 15087
, 15086
, 15086
, 15085
, 15085
, 15084
, 15084
, 15083
, 15083
, 15082
, 15082
, 15081
, 15081
, 15080
, 15080
, 15079
, 15079
, 15078
, 15078
, 15077
, 15077
, 15076
, 15076
, 15075
, 15075
, 15074
, 15074
, 15073
, 15073
, 15072
, 15072
, 15071
, 15071
, 15070
, 15070
, 15069
, 15069
, 15068
, 15068
, 15067
, 15067
, 15066
, 15066
, 15065
, 15065
, 15064
, 15064
, 15063
, 15063
, 15062
, 15062
, 15061
, 15061
, 15060
, 15060
, 15059
, 15059
, 15058
, 15058
, 15057
, 15057
, 15056
, 15056
, 15055
, 15055
, 15054
, 15054
, 15053
, 15053
, 15052
, 15052
, 15051
, 15051
, 15050
, 15050
, 15049
, 15049
, 15048
, 15048
, 15047
, 15047
, 15046
, 15046
, 15045
, 15045
, 15044
, 15044
, 15043
, 15043
, 15042
, 15042
, 15041
, 15041
, 15040
, 15040
, 15039
, 15039
, 15038
, 15038
, 15037
, 15037
, 15036
, 15036
, 15035
, 15035
, 15034
, 15034
, 15033
, 15033
, 15032
, 15032
, 15031
, 15031
, 15030
, 15030
, 15029
, 15029
, 15028
, 15028
, 15027
, 15027
, 15026
, 15026
, 15025
, 15025
, 15024
, 15024
, 15023
, 15023
, 15022
, 15022
, 15021
, 15021
, 15020
, 15020
, 15019
, 15019
, 15018
, 15018
, 15017
, 15017
, 15016
, 15016
, 15015
, 15015
, 15014
, 15014
, 15013
, 15013
, 15012
, 15012
, 15011
, 15011
, 15010
, 15010
, 15009
, 15009
, 15008
, 15008
, 15007
, 15007
, 15006
, 15006
, 15005
, 15005
, 15004
, 15004
, 15003
, 15003
, 15002
, 15002
, 15001
, 15001
, 15000
, 15000
, 14999
, 14999
, 14998
, 14998
, 14997
, 14997
, 14996
, 14996
, 14995
, 14995
, 14994
, 14994
, 14993
, 14993
, 14992
, 14992
, 14991
, 14991
, 14990
, 14990
, 14989
, 14989
, 14988
, 14988
, 14987
, 14987
, 14986
, 14986
, 14985
, 14985
, 14984
, 14984
, 14983
, 14983
, 14982
, 14982
, 14981
, 14981
, 14980
, 14980
, 14979
, 14979
, 14978
, 14978
, 14977
, 14977
, 14976
, 14976
, 14975
, 14975
, 14974
, 14974
, 14973
, 14973
, 14972
, 14972
, 14971
, 14971
, 14970
, 14970
, 14969
, 14969
, 14968
, 14968
, 14967
, 14967
, 14966
, 14966
, 14965
, 14965
, 14964
, 14964
, 14963
, 14963
, 14962
, 14962
, 14961
, 14961
, 14960
, 14960
, 14959
, 14959
, 14958
, 14958
, 14957
, 14957
, 14956
, 14956
, 14955
, 14955
, 14954
, 14954
, 14953
, 14953
, 14952
, 14952
, 14951
, 14951
, 14950
, 14950
, 14949
, 14949
, 14948
, 14948
, 14947
, 14947
, 14946
, 14946
, 14945
, 14945
, 14944
, 14944
, 14943
, 14943
, 14942
, 14942
, 14941
, 14941
, 14940
, 14940
, 14939
, 14939
, 14938
, 14938
, 14937
, 14937
, 14936
, 14936
, 14935
, 14935
, 14934
, 14934
, 14933
, 14933
, 14932
, 14932
, 14931
, 14931
, 14930
, 14930
, 14929
, 14929
, 14928
, 14928
, 14927
, 14927
, 14926
, 14926
, 14925
, 14925
, 14924
, 14924
, 14923
, 14923
, 14922
, 14922
, 14921
, 14921
, 14920
, 14920
, 14919
, 14919
, 14918
, 14918
, 14917
, 14917
, 14916
, 14916
, 14915
, 14915
, 14914
, 14914
, 14913
, 14913
, 14912
, 14912
, 14911
, 14911
, 14910
, 14910
, 14909
, 14909
, 14908
, 14908
, 14907
, 14907
, 14906
, 14906
, 14905
, 14905
, 14904
, 14904
, 14903
, 14903
, 14902
, 14902
, 14901
, 14901
, 14900
, 14900
, 14899
, 14899
, 14898
, 14898
, 14897
, 14897
, 14896
, 14896
, 14895
, 14895
, 14894
, 14894
, 14893
, 14893
, 14892
, 14892
, 14891
, 14891
, 14890
, 14890
, 14889
, 14889
, 14888
, 14888
, 14887
, 14887
, 14886
, 14886
, 14885
, 14885
, 14884
, 14884
, 14883
, 14883
, 14882
, 14882
, 14881
, 14881
, 14880
, 14880
, 14879
, 14879
, 14878
, 14878
, 14877
, 14877
, 14876
, 14876
, 14875
, 14875
, 14874
, 14874
, 14873
, 14873
, 14872
, 14872
, 14871
, 14871
, 14870
, 14870
, 14869
, 14869
, 14868
, 14868
, 14867
, 14867
, 14866
, 14866
, 14865
, 14865
, 14864
, 14864
, 14863
, 14863
, 14862
, 14862
, 14861
, 14861
, 14860
, 14860
, 14859
, 14859
, 14858
, 14858
, 14857
, 14857
, 14856
, 14856
, 14855
, 14855
, 14854
, 14854
, 14853
, 14853
, 14852
, 14852
, 14851
, 14851
, 14850
, 14850
, 14849
, 14849
, 14848
, 14848
, 14847
, 14847
, 14846
, 14846
, 14845
, 14845
, 14844
, 14844
, 14843
, 14843
, 14842
, 14842
, 14841
, 14841
, 14840
, 14840
, 14839
, 14839
, 14838
, 14838
, 14837
, 14837
, 14836
, 14836
, 14835
, 14835
, 14834
, 14834
, 14833
, 14833
, 14832
, 14832
, 14831
, 14831
, 14830
, 14830
, 14829
, 14829
, 14828
, 14828
, 14827
, 14827
, 14826
, 14826
, 14825
, 14825
, 14824
, 14824
, 14823
, 14823
, 14822
, 14822
, 14821
, 14821
, 14820
, 14820
, 14819
, 14819
, 14818
, 14818
, 14817
, 14817
, 14816
, 14816
, 14815
, 14815
, 14814
, 14814
, 14813
, 14813
, 14812
, 14812
, 14811
, 14811
, 14810
, 14810
, 14809
, 14809
, 14808
, 14808
, 14807
, 14807
, 14806
, 14806
, 14805
, 14805
, 14804
, 14804
, 14803
, 14803
, 14802
, 14802
, 14801
, 14801
, 14800
, 14800
, 14799
, 14799
, 14798
, 14798
, 14797
, 14797
, 14796
, 14796
, 14795
, 14795
, 14794
, 14794
, 14793
, 14793
, 14792
, 14792
, 14791
, 14791
, 14790
, 14790
, 14789
, 14789
, 14788
, 14788
, 14787
, 14787
, 14786
, 14786
, 14785
, 14785
, 14784
, 14784
, 14783
, 14783
, 14782
, 14782
, 14781
, 14781
, 14780
, 14780
, 14779
, 14779
, 14778
, 14778
, 14777
, 14777
, 14776
, 14776
, 14775
, 14775
, 14774
, 14774
, 14773
, 14773
, 14772
, 14772
, 14771
, 14771
, 14770
, 14770
, 14769
, 14769
, 14768
, 14768
, 14767
, 14767
, 14766
, 14766
, 14765
, 14765
, 14764
, 14764
, 14763
, 14763
, 14762
, 14762
, 14761
, 14761
, 14760
, 14760
, 14759
, 14759
, 14758
, 14758
, 14757
, 14757
, 14756
, 14756
, 14755
, 14755
, 14754
, 14754
, 14753
, 14753
, 14752
, 14752
, 14751
, 14751
, 14750
, 14750
, 14749
, 14749
, 14748
, 14748
, 14747
, 14747
, 14746
, 14746
, 14745
, 14745
, 14744
, 14744
, 14743
, 14743
, 14742
, 14742
, 14741
, 14741
, 14740
, 14740
, 14739
, 14739
, 14738
, 14738
, 14737
, 14737
, 14736
, 14736
, 14735
, 14735
, 14734
, 14734
, 14733
, 14733
, 14732
, 14732
, 14731
, 14731
, 14730
, 14730
, 14729
, 14729
, 14728
, 14728
, 14727
, 14727
, 14726
, 14726
, 14725
, 14725
, 14724
, 14724
, 14723
, 14723
, 14722
, 14722
, 14721
, 14721
, 14720
, 14720
, 14719
, 14719
, 14718
, 14718
, 14717
, 14717
, 14716
, 14716
, 14715
, 14715
, 14714
, 14714
, 14713
, 14713
, 14712
, 14712
, 14711
, 14711
, 14710
, 14710
, 14709
, 14709
, 14708
, 14708
, 14707
, 14707
, 14706
, 14706
, 14705
, 14705
, 14704
, 14704
, 14703
, 14703
, 14702
, 14702
, 14701
, 14701
, 14700
, 14700
, 14699
, 14699
, 14698
, 14698
, 14697
, 14697
, 14696
, 14696
, 14695
, 14695
, 14694
, 14694
, 14693
, 14693
, 14692
, 14692
, 14691
, 14691
, 14690
, 14690
, 14689
, 14689
, 14688
, 14688
, 14687
, 14687
, 14686
, 14686
, 14685
, 14685
, 14684
, 14684
, 14683
, 14683
, 14682
, 14682
, 14681
, 14681
, 14680
, 14680
, 14679
, 14679
, 14678
, 14678
, 14677
, 14677
, 14676
, 14676
, 14675
, 14675
, 14674
, 14674
, 14673
, 14673
, 14672
, 14672
, 14671
, 14671
, 14670
, 14670
, 14669
, 14669
, 14668
, 14668
, 14667
, 14667
, 14666
, 14666
, 14665
, 14665
, 14664
, 14664
, 14663
, 14663
, 14662
, 14662
, 14661
, 14661
, 14660
, 14660
, 14659
, 14659
, 14658
, 14658
, 14657
, 14657
, 14656
, 14656
, 14655
, 14655
, 14654
, 14654
, 14653
, 14653
, 14652
, 14652
, 14651
, 14651
, 14650
, 14650
, 14649
, 14649
, 14648
, 14648
, 14647
, 14647
, 14646
, 14646
, 14645
, 14645
, 14644
, 14644
, 14643
, 14643
, 14642
, 14642
, 14641
, 14641
, 14640
, 14640
, 14639
, 14639
, 14638
, 14638
, 14637
, 14637
, 14636
, 14636
, 14635
, 14635
, 14634
, 14634
, 14633
, 14633
, 14632
, 14632
, 14631
, 14631
, 14630
, 14630
, 14629
, 14629
, 14628
, 14628
, 14627
, 14627
, 14626
, 14626
, 14625
, 14625
, 14624
, 14624
, 14623
, 14623
, 14622
, 14622
, 14621
, 14621
, 14620
, 14620
, 14619
, 14619
, 14618
, 14618
, 14617
, 14617
, 14616
, 14616
, 14615
, 14615
, 14614
, 14614
, 14613
, 14613
, 14612
, 14612
, 14611
, 14611
, 14610
, 14610
, 14609
, 14609
, 14608
, 14608
, 14607
, 14607
, 14606
, 14606
, 14605
, 14605
, 14604
, 14604
, 14603
, 14603
, 14602
, 14602
, 14601
, 14601
, 14600
, 14600
, 14599
, 14599
, 14598
, 14598
, 14597
, 14597
, 14596
, 14596
, 14595
, 14595
, 14594
, 14594
, 14593
, 14593
, 14592
, 14592
, 14591
, 14591
, 14590
, 14590
, 14589
, 14589
, 14588
, 14588
, 14587
, 14587
, 14586
, 14586
, 14585
, 14585
, 14584
, 14584
, 14583
, 14583
, 14582
, 14582
, 14581
, 14581
, 14580
, 14580
, 14579
, 14579
, 14578
, 14578
, 14577
, 14577
, 14576
, 14576
, 14575
, 14575
, 14574
, 14574
, 14573
, 14573
, 14572
, 14572
, 14571
, 14571
, 14570
, 14570
, 14569
, 14569
, 14568
, 14568
, 14567
, 14567
, 14566
, 14566
, 14565
, 14565
, 14564
, 14564
, 14563
, 14563
, 14562
, 14562
, 14561
, 14561
, 14560
, 14560
, 14559
, 14559
, 14558
, 14558
, 14557
, 14557
, 14556
, 14556
, 14555
, 14555
, 14554
, 14554
, 14553
, 14553
, 14552
, 14552
, 14551
, 14551
, 14550
, 14550
, 14549
, 14549
, 14548
, 14548
, 14547
, 14547
, 14546
, 14546
, 14545
, 14545
, 14544
, 14544
, 14543
, 14543
, 14542
, 14542
, 14541
, 14541
, 14540
, 14540
, 14539
, 14539
, 14538
, 14538
, 14537
, 14537
, 14536
, 14536
, 14535
, 14535
, 14534
, 14534
, 14533
, 14533
, 14532
, 14532
, 14531
, 14531
, 14530
, 14530
, 14529
, 14529
, 14528
, 14528
, 14527
, 14527
, 14526
, 14526
, 14525
, 14525
, 14524
, 14524
, 14523
, 14523
, 14522
, 14522
, 14521
, 14521
, 14520
, 14520
, 14519
, 14519
, 14518
, 14518
, 14517
, 14517
, 14516
, 14516
, 14515
, 14515
, 14514
, 14514
, 14513
, 14513
, 14512
, 14512
, 14511
, 14511
, 14510
, 14510
, 14509
, 14509
, 14508
, 14508
, 14507
, 14507
, 14506
, 14506
, 14505
, 14505
, 14504
, 14504
, 14503
, 14503
, 14502
, 14502
, 14501
, 14501
, 14500
, 14500
, 14499
, 14499
, 14498
, 14498
, 14497
, 14497
, 14496
, 14496
, 14495
, 14495
, 14494
, 14494
, 14493
, 14493
, 14492
, 14492
, 14491
, 14491
, 14490
, 14490
, 14489
, 14489
, 14488
, 14488
, 14487
, 14487
, 14486
, 14486
, 14485
, 14485
, 14484
, 14484
, 14483
, 14483
, 14482
, 14482
, 14481
, 14481
, 14480
, 14480
, 14479
, 14479
, 14478
, 14478
, 14477
, 14477
, 14476
, 14476
, 14475
, 14475
, 14474
, 14474
, 14473
, 14473
, 14472
, 14472
, 14471
, 14471
, 14470
, 14470
, 14469
, 14469
, 14468
, 14468
, 14467
, 14467
, 14466
, 14466
, 14465
, 14465
, 14464
, 14464
, 14463
, 14463
, 14462
, 14462
, 14461
, 14461
, 14460
, 14460
, 14459
, 14459
, 14458
, 14458
, 14457
, 14457
, 14456
, 14456
, 14455
, 14455
, 14454
, 14454
, 14453
, 14453
, 14452
, 14452
, 14451
, 14451
, 14450
, 14450
, 14449
, 14449
, 14448
, 14448
, 14447
, 14447
, 14446
, 14446
, 14445
, 14445
, 14444
, 14444
, 14443
, 14443
, 14442
, 14442
, 14441
, 14441
, 14440
, 14440
, 14439
, 14439
, 14438
, 14438
, 14437
, 14437
, 14436
, 14436
, 14435
, 14435
, 14434
, 14434
, 14433
, 14433
, 14432
, 14432
, 14431
, 14431
, 14430
, 14430
, 14429
, 14429
, 14428
, 14428
, 14427
, 14427
, 14426
, 14426
, 14425
, 14425
, 14424
, 14424
, 14423
, 14423
, 14422
, 14422
, 14421
, 14421
, 14420
, 14420
, 14419
, 14419
, 14418
, 14418
, 14417
, 14417
, 14416
, 14416
, 14415
, 14415
, 14414
, 14414
, 14413
, 14413
, 14412
, 14412
, 14411
, 14411
, 14410
, 14410
, 14409
, 14409
, 14408
, 14408
, 14407
, 14407
, 14406
, 14406
, 14405
, 14405
, 14404
, 14404
, 14403
, 14403
, 14402
, 14402
, 14401
, 14401
, 14400
, 14400
, 14399
, 14399
, 14398
, 14398
, 14397
, 14397
, 14396
, 14396
, 14395
, 14395
, 14394
, 14394
, 14393
, 14393
, 14392
, 14392
, 14391
, 14391
, 14390
, 14390
, 14389
, 14389
, 14388
, 14388
, 14387
, 14387
, 14386
, 14386
, 14385
, 14385
, 14384
, 14384
, 14383
, 14383
, 14382
, 14382
, 14381
, 14381
, 14380
, 14380
, 14379
, 14379
, 14378
, 14378
, 14377
, 14377
, 14376
, 14376
, 14375
, 14375
, 14374
, 14374
, 14373
, 14373
, 14372
, 14372
, 14371
, 14371
, 14370
, 14370
, 14369
, 14369
, 14368
, 14368
, 14367
, 14367
, 14366
, 14366
, 14365
, 14365
, 14364
, 14364
, 14363
, 14363
, 14362
, 14362
, 14361
, 14361
, 14360
, 14360
, 14359
, 14359
, 14358
, 14358
, 14357
, 14357
, 14356
, 14356
, 14355
, 14355
, 14354
, 14354
, 14353
, 14353
, 14352
, 14352
, 14351
, 14351
, 14350
, 14350
, 14349
, 14349
, 14348
, 14348
, 14347
, 14347
, 14346
, 14346
, 14345
, 14345
, 14344
, 14344
, 14343
, 14343
, 14342
, 14342
, 14341
, 14341
, 14340
, 14340
, 14339
, 14339
, 14338
, 14338
, 14337
, 14337
, 14336
, 14336
, 14335
, 14335
, 14334
, 14334
, 14333
, 14333
, 14332
, 14332
, 14331
, 14331
, 14330
, 14330
, 14329
, 14329
, 14328
, 14328
, 14327
, 14327
, 14326
, 14326
, 14325
, 14325
, 14324
, 14324
, 14323
, 14323
, 14322
, 14322
, 14321
, 14321
, 14320
, 14320
, 14319
, 14319
, 14318
, 14318
, 14317
, 14317
, 14316
, 14316
, 14315
, 14315
, 14314
, 14314
, 14313
, 14313
, 14312
, 14312
, 14311
, 14311
, 14310
, 14310
, 14309
, 14309
, 14308
, 14308
, 14307
, 14307
, 14306
, 14306
, 14305
, 14305
, 14304
, 14304
, 14303
, 14303
, 14302
, 14302
, 14301
, 14301
, 14300
, 14300
, 14299
, 14299
, 14298
, 14298
, 14297
, 14297
, 14296
, 14296
, 14295
, 14295
, 14294
, 14294
, 14293
, 14293
, 14292
, 14292
, 14291
, 14291
, 14290
, 14290
, 14289
, 14289
, 14288
, 14288
, 14287
, 14287
, 14286
, 14286
, 14285
, 14285
, 14284
, 14284
, 14283
, 14283
, 14282
, 14282
, 14281
, 14281
, 14280
, 14280
, 14279
, 14279
, 14278
, 14278
, 14277
, 14277
, 14276
, 14276
, 14275
, 14275
, 14274
, 14274
, 14273
, 14273
, 14272
, 14272
, 14271
, 14271
, 14270
, 14270
, 14269
, 14269
, 14268
, 14268
, 14267
, 14267
, 14266
, 14266
, 14265
, 14265
, 14264
, 14264
, 14263
, 14263
, 14262
, 14262
, 14261
, 14261
, 14260
, 14260
, 14259
, 14259
, 14258
, 14258
, 14257
, 14257
, 14256
, 14256
, 14255
, 14255
, 14254
, 14254
, 14253
, 14253
, 14252
, 14252
, 14251
, 14251
, 14250
, 14250
, 14249
, 14249
, 14248
, 14248
, 14247
, 14247
, 14246
, 14246
, 14245
, 14245
, 14244
, 14244
, 14243
, 14243
, 14242
, 14242
, 14241
, 14241
, 14240
, 14240
, 14239
, 14239
, 14238
, 14238
, 14237
, 14237
, 14236
, 14236
, 14235
, 14235
, 14234
, 14234
, 14233
, 14233
, 14232
, 14232
, 14231
, 14231
, 14230
, 14230
, 14229
, 14229
, 14228
, 14228
, 14227
, 14227
, 14226
, 14226
, 14225
, 14225
, 14224
, 14224
, 14223
, 14223
, 14222
, 14222
, 14221
, 14221
, 14220
, 14220
, 14219
, 14219
, 14218
, 14218
, 14217
, 14217
, 14216
, 14216
, 14215
, 14215
, 14214
, 14214
, 14213
, 14213
, 14212
, 14212
, 14211
, 14211
, 14210
, 14210
, 14209
, 14209
, 14208
, 14208
, 14207
, 14207
, 14206
, 14206
, 14205
, 14205
, 14204
, 14204
, 14203
, 14203
, 14202
, 14202
, 14201
, 14201
, 14200
, 14200
, 14199
, 14199
, 14198
, 14198
, 14197
, 14197
, 14196
, 14196
, 14195
, 14195
, 14194
, 14194
, 14193
, 14193
, 14192
, 14192
, 14191
, 14191
, 14190
, 14190
, 14189
, 14189
, 14188
, 14188
, 14187
, 14187
, 14186
, 14186
, 14185
, 14185
, 14184
, 14184
, 14183
, 14183
, 14182
, 14182
, 14181
, 14181
, 14180
, 14180
, 14179
, 14179
, 14178
, 14178
, 14177
, 14177
, 14176
, 14176
, 14175
, 14175
, 14174
, 14174
, 14173
, 14173
, 14172
, 14172
, 14171
, 14171
, 14170
, 14170
, 14169
, 14169
, 14168
, 14168
, 14167
, 14167
, 14166
, 14166
, 14165
, 14165
, 14164
, 14164
, 14163
, 14163
, 14162
, 14162
, 14161
, 14161
, 14160
, 14160
, 14159
, 14159
, 14158
, 14158
, 14157
, 14157
, 14156
, 14156
, 14155
, 14155
, 14154
, 14154
, 14153
, 14153
, 14152
, 14152
, 14151
, 14151
, 14150
, 14150
, 14149
, 14149
, 14148
, 14148
, 14147
, 14147
, 14146
, 14146
, 14145
, 14145
, 14144
, 14144
, 14143
, 14143
, 14142
, 14142
, 14141
, 14141
, 14140
, 14140
, 14139
, 14139
, 14138
, 14138
, 14137
, 14137
, 14136
, 14136
, 14135
, 14135
, 14134
, 14134
, 14133
, 14133
, 14132
, 14132
, 14131
, 14131
, 14130
, 14130
, 14129
, 14129
, 14128
, 14128
, 14127
, 14127
, 14126
, 14126
, 14125
, 14125
, 14124
, 14124
, 14123
, 14123
, 14122
, 14122
, 14121
, 14121
, 14120
, 14120
, 14119
, 14119
, 14118
, 14118
, 14117
, 14117
, 14116
, 14116
, 14115
, 14115
, 14114
, 14114
, 14113
, 14113
, 14112
, 14112
, 14111
, 14111
, 14110
, 14110
, 14109
, 14109
, 14108
, 14108
, 14107
, 14107
, 14106
, 14106
, 14105
, 14105
, 14104
, 14104
, 14103
, 14103
, 14102
, 14102
, 14101
, 14101
, 14100
, 14100
, 14099
, 14099
, 14098
, 14098
, 14097
, 14097
, 14096
, 14096
, 14095
, 14095
, 14094
, 14094
, 14093
, 14093
, 14092
, 14092
, 14091
, 14091
, 14090
, 14090
, 14089
, 14089
, 14088
, 14088
, 14087
, 14087
, 14086
, 14086
, 14085
, 14085
, 14084
, 14084
, 14083
, 14083
, 14082
, 14082
, 14081
, 14081
, 14080
, 14080
, 14079
, 14079
, 14078
, 14078
, 14077
, 14077
, 14076
, 14076
, 14075
, 14075
, 14074
, 14074
, 14073
, 14073
, 14072
, 14072
, 14071
, 14071
, 14070
, 14070
, 14069
, 14069
, 14068
, 14068
, 14067
, 14067
, 14066
, 14066
, 14065
, 14065
, 14064
, 14064
, 14063
, 14063
, 14062
, 14062
, 14061
, 14061
, 14060
, 14060
, 14059
, 14059
, 14058
, 14058
, 14057
, 14057
, 14056
, 14056
, 14055
, 14055
, 14054
, 14054
, 14053
, 14053
, 14052
, 14052
, 14051
, 14051
, 14050
, 14050
, 14049
, 14049
, 14048
, 14048
, 14047
, 14047
, 14046
, 14046
, 14045
, 14045
, 14044
, 14044
, 14043
, 14043
, 14042
, 14042
, 14041
, 14041
, 14040
, 14040
, 14039
, 14039
, 14038
, 14038
, 14037
, 14037
, 14036
, 14036
, 14035
, 14035
, 14034
, 14034
, 14033
, 14033
, 14032
, 14032
, 14031
, 14031
, 14030
, 14030
, 14029
, 14029
, 14028
, 14028
, 14027
, 14027
, 14026
, 14026
, 14025
, 14025
, 14024
, 14024
, 14023
, 14023
, 14022
, 14022
, 14021
, 14021
, 14020
, 14020
, 14019
, 14019
, 14018
, 14018
, 14017
, 14017
, 14016
, 14016
, 14015
, 14015
, 14014
, 14014
, 14013
, 14013
, 14012
, 14012
, 14011
, 14011
, 14010
, 14010
, 14009
, 14009
, 14008
, 14008
, 14007
, 14007
, 14006
, 14006
, 14005
, 14005
, 14004
, 14004
, 14003
, 14003
, 14002
, 14002
, 14001
, 14001
, 14000
, 14000
, 13999
, 13999
, 13998
, 13998
, 13997
, 13997
, 13996
, 13996
, 13995
, 13995
, 13994
, 13994
, 13993
, 13993
, 13992
, 13992
, 13991
, 13991
, 13990
, 13990
, 13989
, 13989
, 13988
, 13988
, 13987
, 13987
, 13986
, 13986
, 13985
, 13985
, 13984
, 13984
, 13983
, 13983
, 13982
, 13982
, 13981
, 13981
, 13980
, 13980
, 13979
, 13979
, 13978
, 13978
, 13977
, 13977
, 13976
, 13976
, 13975
, 13975
, 13974
, 13974
, 13973
, 13973
, 13972
, 13972
, 13971
, 13971
, 13970
, 13970
, 13969
, 13969
, 13968
, 13968
, 13967
, 13967
, 13966
, 13966
, 13965
, 13965
, 13964
, 13964
, 13963
, 13963
, 13962
, 13962
, 13961
, 13961
, 13960
, 13960
, 13959
, 13959
, 13958
, 13958
, 13957
, 13957
, 13956
, 13956
, 13955
, 13955
, 13954
, 13954
, 13953
, 13953
, 13952
, 13952
, 13951
, 13951
, 13950
, 13950
, 13949
, 13949
, 13948
, 13948
, 13947
, 13947
, 13946
, 13946
, 13945
, 13945
, 13944
, 13944
, 13943
, 13943
, 13942
, 13942
, 13941
, 13941
, 13940
, 13940
, 13939
, 13939
, 13938
, 13938
, 13937
, 13937
, 13936
, 13936
, 13935
, 13935
, 13934
, 13934
, 13933
, 13933
, 13932
, 13932
, 13931
, 13931
, 13930
, 13930
, 13929
, 13929
, 13928
, 13928
, 13927
, 13927
, 13926
, 13926
, 13925
, 13925
, 13924
, 13924
, 13923
, 13923
, 13922
, 13922
, 13921
, 13921
, 13920
, 13920
, 13919
, 13919
, 13918
, 13918
, 13917
, 13917
, 13916
, 13916
, 13915
, 13915
, 13914
, 13914
, 13913
, 13913
, 13912
, 13912
, 13911
, 13911
, 13910
, 13910
, 13909
, 13909
, 13908
, 13908
, 13907
, 13907
, 13906
, 13906
, 13905
, 13905
, 13904
, 13904
, 13903
, 13903
, 13902
, 13902
, 13901
, 13901
, 13900
, 13900
, 13899
, 13899
, 13898
, 13898
, 13897
, 13897
, 13896
, 13896
, 13895
, 13895
, 13894
, 13894
, 13893
, 13893
, 13892
, 13892
, 13891
, 13891
, 13890
, 13890
, 13889
, 13889
, 13888
, 13888
, 13887
, 13887
, 13886
, 13886
, 13885
, 13885
, 13884
, 13884
, 13883
, 13883
, 13882
, 13882
, 13881
, 13881
, 13880
, 13880
, 13879
, 13879
, 13878
, 13878
, 13877
, 13877
, 13876
, 13876
, 13875
, 13875
, 13874
, 13874
, 13873
, 13873
, 13872
, 13872
, 13871
, 13871
, 13870
, 13870
, 13869
, 13869
, 13868
, 13868
, 13867
, 13867
, 13866
, 13866
, 13865
, 13865
, 13864
, 13864
, 13863
, 13863
, 13862
, 13862
, 13861
, 13861
, 13860
, 13860
, 13859
, 13859
, 13858
, 13858
, 13857
, 13857
, 13856
, 13856
, 13855
, 13855
, 13854
, 13854
, 13853
, 13853
, 13852
, 13852
, 13851
, 13851
, 13850
, 13850
, 13849
, 13849
, 13848
, 13848
, 13847
, 13847
, 13846
, 13846
, 13845
, 13845
, 13844
, 13844
, 13843
, 13843
, 13842
, 13842
, 13841
, 13841
, 13840
, 13840
, 13839
, 13839
, 13838
, 13838
, 13837
, 13837
, 13836
, 13836
, 13835
, 13835
, 13834
, 13834
, 13833
, 13833
, 13832
, 13832
, 13831
, 13831
, 13830
, 13830
, 13829
, 13829
, 13828
, 13828
, 13827
, 13827
, 13826
, 13826
, 13825
, 13825
, 13824
, 13824
, 13823
, 13823
, 13822
, 13822
, 13821
, 13821
, 13820
, 13820
, 13819
, 13819
, 13818
, 13818
, 13817
, 13817
, 13816
, 13816
, 13815
, 13815
, 13814
, 13814
, 13813
, 13813
, 13812
, 13812
, 13811
, 13811
, 13810
, 13810
, 13809
, 13809
, 13808
, 13808
, 13807
, 13807
, 13806
, 13806
, 13805
, 13805
, 13804
, 13804
, 13803
, 13803
, 13802
, 13802
, 13801
, 13801
, 13800
, 13800
, 13799
, 13799
, 13798
, 13798
, 13797
, 13797
, 13796
, 13796
, 13795
, 13795
, 13794
, 13794
, 13793
, 13793
, 13792
, 13792
, 13791
, 13791
, 13790
, 13790
, 13789
, 13789
, 13788
, 13788
, 13787
, 13787
, 13786
, 13786
, 13785
, 13785
, 13784
, 13784
, 13783
, 13783
, 13782
, 13782
, 13781
, 13781
, 13780
, 13780
, 13779
, 13779
, 13778
, 13778
, 13777
, 13777
, 13776
, 13776
, 13775
, 13775
, 13774
, 13774
, 13773
, 13773
, 13772
, 13772
, 13771
, 13771
, 13770
, 13770
, 13769
, 13769
, 13768
, 13768
, 13767
, 13767
, 13766
, 13766
, 13765
, 13765
, 13764
, 13764
, 13763
, 13763
, 13762
, 13762
, 13761
, 13761
, 13760
, 13760
, 13759
, 13759
, 13758
, 13758
, 13757
, 13757
, 13756
, 13756
, 13755
, 13755
, 13754
, 13754
, 13753
, 13753
, 13752
, 13752
, 13751
, 13751
, 13750
, 13750
, 13749
, 13749
, 13748
, 13748
, 13747
, 13747
, 13746
, 13746
, 13745
, 13745
, 13744
, 13744
, 13743
, 13743
, 13742
, 13742
, 13741
, 13741
, 13740
, 13740
, 13739
, 13739
, 13738
, 13738
, 13737
, 13737
, 13736
, 13736
, 13735
, 13735
, 13734
, 13734
, 13733
, 13733
, 13732
, 13732
, 13731
, 13731
, 13730
, 13730
, 13729
, 13729
, 13728
, 13728
, 13727
, 13727
, 13726
, 13726
, 13725
, 13725
, 13724
, 13724
, 13723
, 13723
, 13722
, 13722
, 13721
, 13721
, 13720
, 13720
, 13719
, 13719
, 13718
, 13718
, 13717
, 13717
, 13716
, 13716
, 13715
, 13715
, 13714
, 13714
, 13713
, 13713
, 13712
, 13712
, 13711
, 13711
, 13710
, 13710
, 13709
, 13709
, 13708
, 13708
, 13707
, 13707
, 13706
, 13706
, 13705
, 13705
, 13704
, 13704
, 13703
, 13703
, 13702
, 13702
, 13701
, 13701
, 13700
, 13700
, 13699
, 13699
, 13698
, 13698
, 13697
, 13697
, 13696
, 13696
, 13695
, 13695
, 13694
, 13694
, 13693
, 13693
, 13692
, 13692
, 13691
, 13691
, 13690
, 13690
, 13689
, 13689
, 13688
, 13688
, 13687
, 13687
, 13686
, 13686
, 13685
, 13685
, 13684
, 13684
, 13683
, 13683
, 13682
, 13682
, 13681
, 13681
, 13680
, 13680
, 13679
, 13679
, 13678
, 13678
, 13677
, 13677
, 13676
, 13676
, 13675
, 13675
, 13674
, 13674
, 13673
, 13673
, 13672
, 13672
, 13671
, 13671
, 13670
, 13670
, 13669
, 13669
, 13668
, 13668
, 13667
, 13667
, 13666
, 13666
, 13665
, 13665
, 13664
, 13664
, 13663
, 13663
, 13662
, 13662
, 13661
, 13661
, 13660
, 13660
, 13659
, 13659
, 13658
, 13658
, 13657
, 13657
, 13656
, 13656
, 13655
, 13655
, 13654
, 13654
, 13653
, 13653
, 13652
, 13652
, 13651
, 13651
, 13650
, 13650
, 13649
, 13649
, 13648
, 13648
, 13647
, 13647
, 13646
, 13646
, 13645
, 13645
, 13644
, 13644
, 13643
, 13643
, 13642
, 13642
, 13641
, 13641
, 13640
, 13640
, 13639
, 13639
, 13638
, 13638
, 13637
, 13637
, 13636
, 13636
, 13635
, 13635
, 13634
, 13634
, 13633
, 13633
, 13632
, 13632
, 13631
, 13631
, 13630
, 13630
, 13629
, 13629
, 13628
, 13628
, 13627
, 13627
, 13626
, 13626
, 13625
, 13625
, 13624
, 13624
, 13623
, 13623
, 13622
, 13622
, 13621
, 13621
, 13620
, 13620
, 13619
, 13619
, 13618
, 13618
, 13617
, 13617
, 13616
, 13616
, 13615
, 13615
, 13614
, 13614
, 13613
, 13613
, 13612
, 13612
, 13611
, 13611
, 13610
, 13610
, 13609
, 13609
, 13608
, 13608
, 13607
, 13607
, 13606
, 13606
, 13605
, 13605
, 13604
, 13604
, 13603
, 13603
, 13602
, 13602
, 13601
, 13601
, 13600
, 13600
, 13599
, 13599
, 13598
, 13598
, 13597
, 13597
, 13596
, 13596
, 13595
, 13595
, 13594
, 13594
, 13593
, 13593
, 13592
, 13592
, 13591
, 13591
, 13590
, 13590
, 13589
, 13589
, 13588
, 13588
, 13587
, 13587
, 13586
, 13586
, 13585
, 13585
, 13584
, 13584
, 13583
, 13583
, 13582
, 13582
, 13581
, 13581
, 13580
, 13580
, 13579
, 13579
, 13578
, 13578
, 13577
, 13577
, 13576
, 13576
, 13575
, 13575
, 13574
, 13574
, 13573
, 13573
, 13572
, 13572
, 13571
, 13571
, 13570
, 13570
, 13569
, 13569
, 13568
, 13568
, 13567
, 13567
, 13566
, 13566
, 13565
, 13565
, 13564
, 13564
, 13563
, 13563
, 13562
, 13562
, 13561
, 13561
, 13560
, 13560
, 13559
, 13559
, 13558
, 13558
, 13557
, 13557
, 13556
, 13556
, 13555
, 13555
, 13554
, 13554
, 13553
, 13553
, 13552
, 13552
, 13551
, 13551
, 13550
, 13550
, 13549
, 13549
, 13548
, 13548
, 13547
, 13547
, 13546
, 13546
, 13545
, 13545
, 13544
, 13544
, 13543
, 13543
, 13542
, 13542
, 13541
, 13541
, 13540
, 13540
, 13539
, 13539
, 13538
, 13538
, 13537
, 13537
, 13536
, 13536
, 13535
, 13535
, 13534
, 13534
, 13533
, 13533
, 13532
, 13532
, 13531
, 13531
, 13530
, 13530
, 13529
, 13529
, 13528
, 13528
, 13527
, 13527
, 13526
, 13526
, 13525
, 13525
, 13524
, 13524
, 13523
, 13523
, 13522
, 13522
, 13521
, 13521
, 13520
, 13520
, 13519
, 13519
, 13518
, 13518
, 13517
, 13517
, 13516
, 13516
, 13515
, 13515
, 13514
, 13514
, 13513
, 13513
, 13512
, 13512
, 13511
, 13511
, 13510
, 13510
, 13509
, 13509
, 13508
, 13508
, 13507
, 13507
, 13506
, 13506
, 13505
, 13505
, 13504
, 13504
, 13503
, 13503
, 13502
, 13502
, 13501
, 13501
, 13500
, 13500
, 13499
, 13499
, 13498
, 13498
, 13497
, 13497
, 13496
, 13496
, 13495
, 13495
, 13494
, 13494
, 13493
, 13493
, 13492
, 13492
, 13491
, 13491
, 13490
, 13490
, 13489
, 13489
, 13488
, 13488
, 13487
, 13487
, 13486
, 13486
, 13485
, 13485
, 13484
, 13484
, 13483
, 13483
, 13482
, 13482
, 13481
, 13481
, 13480
, 13480
, 13479
, 13479
, 13478
, 13478
, 13477
, 13477
, 13476
, 13476
, 13475
, 13475
, 13474
, 13474
, 13473
, 13473
, 13472
, 13472
, 13471
, 13471
, 13470
, 13470
, 13469
, 13469
, 13468
, 13468
, 13467
, 13467
, 13466
, 13466
, 13465
, 13465
, 13464
, 13464
, 13463
, 13463
, 13462
, 13462
, 13461
, 13461
, 13460
, 13460
, 13459
, 13459
, 13458
, 13458
, 13457
, 13457
, 13456
, 13456
, 13455
, 13455
, 13454
, 13454
, 13453
, 13453
, 13452
, 13452
, 13451
, 13451
, 13450
, 13450
, 13449
, 13449
, 13448
, 13448
, 13447
, 13447
, 13446
, 13446
, 13445
, 13445
, 13444
, 13444
, 13443
, 13443
, 13442
, 13442
, 13441
, 13441
, 13440
, 13440
, 13439
, 13439
, 13438
, 13438
, 13437
, 13437
, 13436
, 13436
, 13435
, 13435
, 13434
, 13434
, 13433
, 13433
, 13432
, 13432
, 13431
, 13431
, 13430
, 13430
, 13429
, 13429
, 13428
, 13428
, 13427
, 13427
, 13426
, 13426
, 13425
, 13425
, 13424
, 13424
, 13423
, 13423
, 13422
, 13422
, 13421
, 13421
, 13420
, 13420
, 13419
, 13419
, 13418
, 13418
, 13417
, 13417
, 13416
, 13416
, 13415
, 13415
, 13414
, 13414
, 13413
, 13413
, 13412
, 13412
, 13411
, 13411
, 13410
, 13410
, 13409
, 13409
, 13408
, 13408
, 13407
, 13407
, 13406
, 13406
, 13405
, 13405
, 13404
, 13404
, 13403
, 13403
, 13402
, 13402
, 13401
, 13401
, 13400
, 13400
, 13399
, 13399
, 13398
, 13398
, 13397
, 13397
, 13396
, 13396
, 13395
, 13395
, 13394
, 13394
, 13393
, 13393
, 13392
, 13392
, 13391
, 13391
, 13390
, 13390
, 13389
, 13389
, 13388
, 13388
, 13387
, 13387
, 13386
, 13386
, 13385
, 13385
, 13384
, 13384
, 13383
, 13383
, 13382
, 13382
, 13381
, 13381
, 13380
, 13380
, 13379
, 13379
, 13378
, 13378
, 13377
, 13377
, 13376
, 13376
, 13375
, 13375
, 13374
, 13374
, 13373
, 13373
, 13372
, 13372
, 13371
, 13371
, 13370
, 13370
, 13369
, 13369
, 13368
, 13368
, 13367
, 13367
, 13366
, 13366
, 13365
, 13365
, 13364
, 13364
, 13363
, 13363
, 13362
, 13362
, 13361
, 13361
, 13360
, 13360
, 13359
, 13359
, 13358
, 13358
, 13357
, 13357
, 13356
, 13356
, 13355
, 13355
, 13354
, 13354
, 13353
, 13353
, 13352
, 13352
, 13351
, 13351
, 13350
, 13350
, 13349
, 13349
, 13348
, 13348
, 13347
, 13347
, 13346
, 13346
, 13345
, 13345
, 13344
, 13344
, 13343
, 13343
, 13342
, 13342
, 13341
, 13341
, 13340
, 13340
, 13339
, 13339
, 13338
, 13338
, 13337
, 13337
, 13336
, 13336
, 13335
, 13335
, 13334
, 13334
, 13333
, 13333
, 13332
, 13332
, 13331
, 13331
, 13330
, 13330
, 13329
, 13329
, 13328
, 13328
, 13327
, 13327
, 13326
, 13326
, 13325
, 13325
, 13324
, 13324
, 13323
, 13323
, 13322
, 13322
, 13321
, 13321
, 13320
, 13320
, 13319
, 13319
, 13318
, 13318
, 13317
, 13317
, 13316
, 13316
, 13315
, 13315
, 13314
, 13314
, 13313
, 13313
, 13312
, 13312
, 13311
, 13311
, 13310
, 13310
, 13309
, 13309
, 13308
, 13308
, 13307
, 13307
, 13306
, 13306
, 13305
, 13305
, 13304
, 13304
, 13303
, 13303
, 13302
, 13302
, 13301
, 13301
, 13300
, 13300
, 13299
, 13299
, 13298
, 13298
, 13297
, 13297
, 13296
, 13296
, 13295
, 13295
, 13294
, 13294
, 13293
, 13293
, 13292
, 13292
, 13291
, 13291
, 13290
, 13290
, 13289
, 13289
, 13288
, 13288
, 13287
, 13287
, 13286
, 13286
, 13285
, 13285
, 13284
, 13284
, 13283
, 13283
, 13282
, 13282
, 13281
, 13281
, 13280
, 13280
, 13279
, 13279
, 13278
, 13278
, 13277
, 13277
, 13276
, 13276
, 13275
, 13275
, 13274
, 13274
, 13273
, 13273
, 13272
, 13272
, 13271
, 13271
, 13270
, 13270
, 13269
, 13269
, 13268
, 13268
, 13267
, 13267
, 13266
, 13266
, 13265
, 13265
, 13264
, 13264
, 13263
, 13263
, 13262
, 13262
, 13261
, 13261
, 13260
, 13260
, 13259
, 13259
, 13258
, 13258
, 13257
, 13257
, 13256
, 13256
, 13255
, 13255
, 13254
, 13254
, 13253
, 13253
, 13252
, 13252
, 13251
, 13251
, 13250
, 13250
, 13249
, 13249
, 13248
, 13248
, 13247
, 13247
, 13246
, 13246
, 13245
, 13245
, 13244
, 13244
, 13243
, 13243
, 13242
, 13242
, 13241
, 13241
, 13240
, 13240
, 13239
, 13239
, 13238
, 13238
, 13237
, 13237
, 13236
, 13236
, 13235
, 13235
, 13234
, 13234
, 13233
, 13233
, 13232
, 13232
, 13231
, 13231
, 13230
, 13230
, 13229
, 13229
, 13228
, 13228
, 13227
, 13227
, 13226
, 13226
, 13225
, 13225
, 13224
, 13224
, 13223
, 13223
, 13222
, 13222
, 13221
, 13221
, 13220
, 13220
, 13219
, 13219
, 13218
, 13218
, 13217
, 13217
, 13216
, 13216
, 13215
, 13215
, 13214
, 13214
, 13213
, 13213
, 13212
, 13212
, 13211
, 13211
, 13210
, 13210
, 13209
, 13209
, 13208
, 13208
, 13207
, 13207
, 13206
, 13206
, 13205
, 13205
, 13204
, 13204
, 13203
, 13203
, 13202
, 13202
, 13201
, 13201
, 13200
, 13200
, 13199
, 13199
, 13198
, 13198
, 13197
, 13197
, 13196
, 13196
, 13195
, 13195
, 13194
, 13194
, 13193
, 13193
, 13192
, 13192
, 13191
, 13191
, 13190
, 13190
, 13189
, 13189
, 13188
, 13188
, 13187
, 13187
, 13186
, 13186
, 13185
, 13185
, 13184
, 13184
, 13183
, 13183
, 13182
, 13182
, 13181
, 13181
, 13180
, 13180
, 13179
, 13179
, 13178
, 13178
, 13177
, 13177
, 13176
, 13176
, 13175
, 13175
, 13174
, 13174
, 13173
, 13173
, 13172
, 13172
, 13171
, 13171
, 13170
, 13170
, 13169
, 13169
, 13168
, 13168
, 13167
, 13167
, 13166
, 13166
, 13165
, 13165
, 13164
, 13164
, 13163
, 13163
, 13162
, 13162
, 13161
, 13161
, 13160
, 13160
, 13159
, 13159
, 13158
, 13158
, 13157
, 13157
, 13156
, 13156
, 13155
, 13155
, 13154
, 13154
, 13153
, 13153
, 13152
, 13152
, 13151
, 13151
, 13150
, 13150
, 13149
, 13149
, 13148
, 13148
, 13147
, 13147
, 13146
, 13146
, 13145
, 13145
, 13144
, 13144
, 13143
, 13143
, 13142
, 13142
, 13141
, 13141
, 13140
, 13140
, 13139
, 13139
, 13138
, 13138
, 13137
, 13137
, 13136
, 13136
, 13135
, 13135
, 13134
, 13134
, 13133
, 13133
, 13132
, 13132
, 13131
, 13131
, 13130
, 13130
, 13129
, 13129
, 13128
, 13128
, 13127
, 13127
, 13126
, 13126
, 13125
, 13125
, 13124
, 13124
, 13123
, 13123
, 13122
, 13122
, 13121
, 13121
, 13120
, 13120
, 13119
, 13119
, 13118
, 13118
, 13117
, 13117
, 13116
, 13116
, 13115
, 13115
, 13114
, 13114
, 13113
, 13113
, 13112
, 13112
, 13111
, 13111
, 13110
, 13110
, 13109
, 13109
, 13108
, 13108
, 13107
, 13107
, 13106
, 13106
, 13105
, 13105
, 13104
, 13104
, 13103
, 13103
, 13102
, 13102
, 13101
, 13101
, 13100
, 13100
, 13099
, 13099
, 13098
, 13098
, 13097
, 13097
, 13096
, 13096
, 13095
, 13095
, 13094
, 13094
, 13093
, 13093
, 13092
, 13092
, 13091
, 13091
, 13090
, 13090
, 13089
, 13089
, 13088
, 13088
, 13087
, 13087
, 13086
, 13086
, 13085
, 13085
, 13084
, 13084
, 13083
, 13083
, 13082
, 13082
, 13081
, 13081
, 13080
, 13080
, 13079
, 13079
, 13078
, 13078
, 13077
, 13077
, 13076
, 13076
, 13075
, 13075
, 13074
, 13074
, 13073
, 13073
, 13072
, 13072
, 13071
, 13071
, 13070
, 13070
, 13069
, 13069
, 13068
, 13068
, 13067
, 13067
, 13066
, 13066
, 13065
, 13065
, 13064
, 13064
, 13063
, 13063
, 13062
, 13062
, 13061
, 13061
, 13060
, 13060
, 13059
, 13059
, 13058
, 13058
, 13057
, 13057
, 13056
, 13056
, 13055
, 13055
, 13054
, 13054
, 13053
, 13053
, 13052
, 13052
, 13051
, 13051
, 13050
, 13050
, 13049
, 13049
, 13048
, 13048
, 13047
, 13047
, 13046
, 13046
, 13045
, 13045
, 13044
, 13044
, 13043
, 13043
, 13042
, 13042
, 13041
, 13041
, 13040
, 13040
, 13039
, 13039
, 13038
, 13038
, 13037
, 13037
, 13036
, 13036
, 13035
, 13035
, 13034
, 13034
, 13033
, 13033
, 13032
, 13032
, 13031
, 13031
, 13030
, 13030
, 13029
, 13029
, 13028
, 13028
, 13027
, 13027
, 13026
, 13026
, 13025
, 13025
, 13024
, 13024
, 13023
, 13023
, 13022
, 13022
, 13021
, 13021
, 13020
, 13020
, 13019
, 13019
, 13018
, 13018
, 13017
, 13017
, 13016
, 13016
, 13015
, 13015
, 13014
, 13014
, 13013
, 13013
, 13012
, 13012
, 13011
, 13011
, 13010
, 13010
, 13009
, 13009
, 13008
, 13008
, 13007
, 13007
, 13006
, 13006
, 13005
, 13005
, 13004
, 13004
, 13003
, 13003
, 13002
, 13002
, 13001
, 13001
, 13000
, 13000
, 12999
, 12999
, 12998
, 12998
, 12997
, 12997
, 12996
, 12996
, 12995
, 12995
, 12994
, 12994
, 12993
, 12993
, 12992
, 12992
, 12991
, 12991
, 12990
, 12990
, 12989
, 12989
, 12988
, 12988
, 12987
, 12987
, 12986
, 12986
, 12985
, 12985
, 12984
, 12984
, 12983
, 12983
, 12982
, 12982
, 12981
, 12981
, 12980
, 12980
, 12979
, 12979
, 12978
, 12978
, 12977
, 12977
, 12976
, 12976
, 12975
, 12975
, 12974
, 12974
, 12973
, 12973
, 12972
, 12972
, 12971
, 12971
, 12970
, 12970
, 12969
, 12969
, 12968
, 12968
, 12967
, 12967
, 12966
, 12966
, 12965
, 12965
, 12964
, 12964
, 12963
, 12963
, 12962
, 12962
, 12961
, 12961
, 12960
, 12960
, 12959
, 12959
, 12958
, 12958
, 12957
, 12957
, 12956
, 12956
, 12955
, 12955
, 12954
, 12954
, 12953
, 12953
, 12952
, 12952
, 12951
, 12951
, 12950
, 12950
, 12949
, 12949
, 12948
, 12948
, 12947
, 12947
, 12946
, 12946
, 12945
, 12945
, 12944
, 12944
, 12943
, 12943
, 12942
, 12942
, 12941
, 12941
, 12940
, 12940
, 12939
, 12939
, 12938
, 12938
, 12937
, 12937
, 12936
, 12936
, 12935
, 12935
, 12934
, 12934
, 12933
, 12933
, 12932
, 12932
, 12931
, 12931
, 12930
, 12930
, 12929
, 12929
, 12928
, 12928
, 12927
, 12927
, 12926
, 12926
, 12925
, 12925
, 12924
, 12924
, 12923
, 12923
, 12922
, 12922
, 12921
, 12921
, 12920
, 12920
, 12919
, 12919
, 12918
, 12918
, 12917
, 12917
, 12916
, 12916
, 12915
, 12915
, 12914
, 12914
, 12913
, 12913
, 12912
, 12912
, 12911
, 12911
, 12910
, 12910
, 12909
, 12909
, 12908
, 12908
, 12907
, 12907
, 12906
, 12906
, 12905
, 12905
, 12904
, 12904
, 12903
, 12903
, 12902
, 12902
, 12901
, 12901
, 12900
, 12900
, 12899
, 12899
, 12898
, 12898
, 12897
, 12897
, 12896
, 12896
, 12895
, 12895
, 12894
, 12894
, 12893
, 12893
, 12892
, 12892
, 12891
, 12891
, 12890
, 12890
, 12889
, 12889
, 12888
, 12888
, 12887
, 12887
, 12886
, 12886
, 12885
, 12885
, 12884
, 12884
, 12883
, 12883
, 12882
, 12882
, 12881
, 12881
, 12880
, 12880
, 12879
, 12879
, 12878
, 12878
, 12877
, 12877
, 12876
, 12876
, 12875
, 12875
, 12874
, 12874
, 12873
, 12873
, 12872
, 12872
, 12871
, 12871
, 12870
, 12870
, 12869
, 12869
, 12868
, 12868
, 12867
, 12867
, 12866
, 12866
, 12865
, 12865
, 12864
, 12864
, 12863
, 12863
, 12862
, 12862
, 12861
, 12861
, 12860
, 12860
, 12859
, 12859
, 12858
, 12858
, 12857
, 12857
, 12856
, 12856
, 12855
, 12855
, 12854
, 12854
, 12853
, 12853
, 12852
, 12852
, 12851
, 12851
, 12850
, 12850
, 12849
, 12849
, 12848
, 12848
, 12847
, 12847
, 12846
, 12846
, 12845
, 12845
, 12844
, 12844
, 12843
, 12843
, 12842
, 12842
, 12841
, 12841
, 12840
, 12840
, 12839
, 12839
, 12838
, 12838
, 12837
, 12837
, 12836
, 12836
, 12835
, 12835
, 12834
, 12834
, 12833
, 12833
, 12832
, 12832
, 12831
, 12831
, 12830
, 12830
, 12829
, 12829
, 12828
, 12828
, 12827
, 12827
, 12826
, 12826
, 12825
, 12825
, 12824
, 12824
, 12823
, 12823
, 12822
, 12822
, 12821
, 12821
, 12820
, 12820
, 12819
, 12819
, 12818
, 12818
, 12817
, 12817
, 12816
, 12816
, 12815
, 12815
, 12814
, 12814
, 12813
, 12813
, 12812
, 12812
, 12811
, 12811
, 12810
, 12810
, 12809
, 12809
, 12808
, 12808
, 12807
, 12807
, 12806
, 12806
, 12805
, 12805
, 12804
, 12804
, 12803
, 12803
, 12802
, 12802
, 12801
, 12801
, 12800
, 12800
, 12799
, 12799
, 12798
, 12798
, 12797
, 12797
, 12796
, 12796
, 12795
, 12795
, 12794
, 12794
, 12793
, 12793
, 12792
, 12792
, 12791
, 12791
, 12790
, 12790
, 12789
, 12789
, 12788
, 12788
, 12787
, 12787
, 12786
, 12786
, 12785
, 12785
, 12784
, 12784
, 12783
, 12783
, 12782
, 12782
, 12781
, 12781
, 12780
, 12780
, 12779
, 12779
, 12778
, 12778
, 12777
, 12777
, 12776
, 12776
, 12775
, 12775
, 12774
, 12774
, 12773
, 12773
, 12772
, 12772
, 12771
, 12771
, 12770
, 12770
, 12769
, 12769
, 12768
, 12768
, 12767
, 12767
, 12766
, 12766
, 12765
, 12765
, 12764
, 12764
, 12763
, 12763
, 12762
, 12762
, 12761
, 12761
, 12760
, 12760
, 12759
, 12759
, 12758
, 12758
, 12757
, 12757
, 12756
, 12756
, 12755
, 12755
, 12754
, 12754
, 12753
, 12753
, 12752
, 12752
, 12751
, 12751
, 12750
, 12750
, 12749
, 12749
, 12748
, 12748
, 12747
, 12747
, 12746
, 12746
, 12745
, 12745
, 12744
, 12744
, 12743
, 12743
, 12742
, 12742
, 12741
, 12741
, 12740
, 12740
, 12739
, 12739
, 12738
, 12738
, 12737
, 12737
, 12736
, 12736
, 12735
, 12735
, 12734
, 12734
, 12733
, 12733
, 12732
, 12732
, 12731
, 12731
, 12730
, 12730
, 12729
, 12729
, 12728
, 12728
, 12727
, 12727
, 12726
, 12726
, 12725
, 12725
, 12724
, 12724
, 12723
, 12723
, 12722
, 12722
, 12721
, 12721
, 12720
, 12720
, 12719
, 12719
, 12718
, 12718
, 12717
, 12717
, 12716
, 12716
, 12715
, 12715
, 12714
, 12714
, 12713
, 12713
, 12712
, 12712
, 12711
, 12711
, 12710
, 12710
, 12709
, 12709
, 12708
, 12708
, 12707
, 12707
, 12706
, 12706
, 12705
, 12705
, 12704
, 12704
, 12703
, 12703
, 12702
, 12702
, 12701
, 12701
, 12700
, 12700
, 12699
, 12699
, 12698
, 12698
, 12697
, 12697
, 12696
, 12696
, 12695
, 12695
, 12694
, 12694
, 12693
, 12693
, 12692
, 12692
, 12691
, 12691
, 12690
, 12690
, 12689
, 12689
, 12688
, 12688
, 12687
, 12687
, 12686
, 12686
, 12685
, 12685
, 12684
, 12684
, 12683
, 12683
, 12682
, 12682
, 12681
, 12681
, 12680
, 12680
, 12679
, 12679
, 12678
, 12678
, 12677
, 12677
, 12676
, 12676
, 12675
, 12675
, 12674
, 12674
, 12673
, 12673
, 12672
, 12672
, 12671
, 12671
, 12670
, 12670
, 12669
, 12669
, 12668
, 12668
, 12667
, 12667
, 12666
, 12666
, 12665
, 12665
, 12664
, 12664
, 12663
, 12663
, 12662
, 12662
, 12661
, 12661
, 12660
, 12660
, 12659
, 12659
, 12658
, 12658
, 12657
, 12657
, 12656
, 12656
, 12655
, 12655
, 12654
, 12654
, 12653
, 12653
, 12652
, 12652
, 12651
, 12651
, 12650
, 12650
, 12649
, 12649
, 12648
, 12648
, 12647
, 12647
, 12646
, 12646
, 12645
, 12645
, 12644
, 12644
, 12643
, 12643
, 12642
, 12642
, 12641
, 12641
, 12640
, 12640
, 12639
, 12639
, 12638
, 12638
, 12637
, 12637
, 12636
, 12636
, 12635
, 12635
, 12634
, 12634
, 12633
, 12633
, 12632
, 12632
, 12631
, 12631
, 12630
, 12630
, 12629
, 12629
, 12628
, 12628
, 12627
, 12627
, 12626
, 12626
, 12625
, 12625
, 12624
, 12624
, 12623
, 12623
, 12622
, 12622
, 12621
, 12621
, 12620
, 12620
, 12619
, 12619
, 12618
, 12618
, 12617
, 12617
, 12616
, 12616
, 12615
, 12615
, 12614
, 12614
, 12613
, 12613
, 12612
, 12612
, 12611
, 12611
, 12610
, 12610
, 12609
, 12609
, 12608
, 12608
, 12607
, 12607
, 12606
, 12606
, 12605
, 12605
, 12604
, 12604
, 12603
, 12603
, 12602
, 12602
, 12601
, 12601
, 12600
, 12600
, 12599
, 12599
, 12598
, 12598
, 12597
, 12597
, 12596
, 12596
, 12595
, 12595
, 12594
, 12594
, 12593
, 12593
, 12592
, 12592
, 12591
, 12591
, 12590
, 12590
, 12589
, 12589
, 12588
, 12588
, 12587
, 12587
, 12586
, 12586
, 12585
, 12585
, 12584
, 12584
, 12583
, 12583
, 12582
, 12582
, 12581
, 12581
, 12580
, 12580
, 12579
, 12579
, 12578
, 12578
, 12577
, 12577
, 12576
, 12576
, 12575
, 12575
, 12574
, 12574
, 12573
, 12573
, 12572
, 12572
, 12571
, 12571
, 12570
, 12570
, 12569
, 12569
, 12568
, 12568
, 12567
, 12567
, 12566
, 12566
, 12565
, 12565
, 12564
, 12564
, 12563
, 12563
, 12562
, 12562
, 12561
, 12561
, 12560
, 12560
, 12559
, 12559
, 12558
, 12558
, 12557
, 12557
, 12556
, 12556
, 12555
, 12555
, 12554
, 12554
, 12553
, 12553
, 12552
, 12552
, 12551
, 12551
, 12550
, 12550
, 12549
, 12549
, 12548
, 12548
, 12547
, 12547
, 12546
, 12546
, 12545
, 12545
, 12544
, 12544
, 12543
, 12543
, 12542
, 12542
, 12541
, 12541
, 12540
, 12540
, 12539
, 12539
, 12538
, 12538
, 12537
, 12537
, 12536
, 12536
, 12535
, 12535
, 12534
, 12534
, 12533
, 12533
, 12532
, 12532
, 12531
, 12531
, 12530
, 12530
, 12529
, 12529
, 12528
, 12528
, 12527
, 12527
, 12526
, 12526
, 12525
, 12525
, 12524
, 12524
, 12523
, 12523
, 12522
, 12522
, 12521
, 12521
, 12520
, 12520
, 12519
, 12519
, 12518
, 12518
, 12517
, 12517
, 12516
, 12516
, 12515
, 12515
, 12514
, 12514
, 12513
, 12513
, 12512
, 12512
, 12511
, 12511
, 12510
, 12510
, 12509
, 12509
, 12508
, 12508
, 12507
, 12507
, 12506
, 12506
, 12505
, 12505
, 12504
, 12504
, 12503
, 12503
, 12502
, 12502
, 12501
, 12501
, 12500
, 12500
, 12499
, 12499
, 12498
, 12498
, 12497
, 12497
, 12496
, 12496
, 12495
, 12495
, 12494
, 12494
, 12493
, 12493
, 12492
, 12492
, 12491
, 12491
, 12490
, 12490
, 12489
, 12489
, 12488
, 12488
, 12487
, 12487
, 12486
, 12486
, 12485
, 12485
, 12484
, 12484
, 12483
, 12483
, 12482
, 12482
, 12481
, 12481
, 12480
, 12480
, 12479
, 12479
, 12478
, 12478
, 12477
, 12477
, 12476
, 12476
, 12475
, 12475
, 12474
, 12474
, 12473
, 12473
, 12472
, 12472
, 12471
, 12471
, 12470
, 12470
, 12469
, 12469
, 12468
, 12468
, 12467
, 12467
, 12466
, 12466
, 12465
, 12465
, 12464
, 12464
, 12463
, 12463
, 12462
, 12462
, 12461
, 12461
, 12460
, 12460
, 12459
, 12459
, 12458
, 12458
, 12457
, 12457
, 12456
, 12456
, 12455
, 12455
, 12454
, 12454
, 12453
, 12453
, 12452
, 12452
, 12451
, 12451
, 12450
, 12450
, 12449
, 12449
, 12448
, 12448
, 12447
, 12447
, 12446
, 12446
, 12445
, 12445
, 12444
, 12444
, 12443
, 12443
, 12442
, 12442
, 12441
, 12441
, 12440
, 12440
, 12439
, 12439
, 12438
, 12438
, 12437
, 12437
, 12436
, 12436
, 12435
, 12435
, 12434
, 12434
, 12433
, 12433
, 12432
, 12432
, 12431
, 12431
, 12430
, 12430
, 12429
, 12429
, 12428
, 12428
, 12427
, 12427
, 12426
, 12426
, 12425
, 12425
, 12424
, 12424
, 12423
, 12423
, 12422
, 12422
, 12421
, 12421
, 12420
, 12420
, 12419
, 12419
, 12418
, 12418
, 12417
, 12417
, 12416
, 12416
, 12415
, 12415
, 12414
, 12414
, 12413
, 12413
, 12412
, 12412
, 12411
, 12411
, 12410
, 12410
, 12409
, 12409
, 12408
, 12408
, 12407
, 12407
, 12406
, 12406
, 12405
, 12405
, 12404
, 12404
, 12403
, 12403
, 12402
, 12402
, 12401
, 12401
, 12400
, 12400
, 12399
, 12399
, 12398
, 12398
, 12397
, 12397
, 12396
, 12396
, 12395
, 12395
, 12394
, 12394
, 12393
, 12393
, 12392
, 12392
, 12391
, 12391
, 12390
, 12390
, 12389
, 12389
, 12388
, 12388
, 12387
, 12387
, 12386
, 12386
, 12385
, 12385
, 12384
, 12384
, 12383
, 12383
, 12382
, 12382
, 12381
, 12381
, 12380
, 12380
, 12379
, 12379
, 12378
, 12378
, 12377
, 12377
, 12376
, 12376
, 12375
, 12375
, 12374
, 12374
, 12373
, 12373
, 12372
, 12372
, 12371
, 12371
, 12370
, 12370
, 12369
, 12369
, 12368
, 12368
, 12367
, 12367
, 12366
, 12366
, 12365
, 12365
, 12364
, 12364
, 12363
, 12363
, 12362
, 12362
, 12361
, 12361
, 12360
, 12360
, 12359
, 12359
, 12358
, 12358
, 12357
, 12357
, 12356
, 12356
, 12355
, 12355
, 12354
, 12354
, 12353
, 12353
, 12352
, 12352
, 12351
, 12351
, 12350
, 12350
, 12349
, 12349
, 12348
, 12348
, 12347
, 12347
, 12346
, 12346
, 12345
, 12345
, 12344
, 12344
, 12343
, 12343
, 12342
, 12342
, 12341
, 12341
, 12340
, 12340
, 12339
, 12339
, 12338
, 12338
, 12337
, 12337
, 12336
, 12336
, 12335
, 12335
, 12334
, 12334
, 12333
, 12333
, 12332
, 12332
, 12331
, 12331
, 12330
, 12330
, 12329
, 12329
, 12328
, 12328
, 12327
, 12327
, 12326
, 12326
, 12325
, 12325
, 12324
, 12324
, 12323
, 12323
, 12322
, 12322
, 12321
, 12321
, 12320
, 12320
, 12319
, 12319
, 12318
, 12318
, 12317
, 12317
, 12316
, 12316
, 12315
, 12315
, 12314
, 12314
, 12313
, 12313
, 12312
, 12312
, 12311
, 12311
, 12310
, 12310
, 12309
, 12309
, 12308
, 12308
, 12307
, 12307
, 12306
, 12306
, 12305
, 12305
, 12304
, 12304
, 12303
, 12303
, 12302
, 12302
, 12301
, 12301
, 12300
, 12300
, 12299
, 12299
, 12298
, 12298
, 12297
, 12297
, 12296
, 12296
, 12295
, 12295
, 12294
, 12294
, 12293
, 12293
, 12292
, 12292
, 12291
, 12291
, 12290
, 12290
, 12289
, 12289
, 12288
, 12288
, 12287
, 12287
, 12286
, 12286
, 12285
, 12285
, 12284
, 12284
, 12283
, 12283
, 12282
, 12282
, 12281
, 12281
, 12280
, 12280
, 12279
, 12279
, 12278
, 12278
, 12277
, 12277
, 12276
, 12276
, 12275
, 12275
, 12274
, 12274
, 12273
, 12273
, 12272
, 12272
, 12271
, 12271
, 12270
, 12270
, 12269
, 12269
, 12268
, 12268
, 12267
, 12267
, 12266
, 12266
, 12265
, 12265
, 12264
, 12264
, 12263
, 12263
, 12262
, 12262
, 12261
, 12261
, 12260
, 12260
, 12259
, 12259
, 12258
, 12258
, 12257
, 12257
, 12256
, 12256
, 12255
, 12255
, 12254
, 12254
, 12253
, 12253
, 12252
, 12252
, 12251
, 12251
, 12250
, 12250
, 12249
, 12249
, 12248
, 12248
, 12247
, 12247
, 12246
, 12246
, 12245
, 12245
, 12244
, 12244
, 12243
, 12243
, 12242
, 12242
, 12241
, 12241
, 12240
, 12240
, 12239
, 12239
, 12238
, 12238
, 12237
, 12237
, 12236
, 12236
, 12235
, 12235
, 12234
, 12234
, 12233
, 12233
, 12232
, 12232
, 12231
, 12231
, 12230
, 12230
, 12229
, 12229
, 12228
, 12228
, 12227
, 12227
, 12226
, 12226
, 12225
, 12225
, 12224
, 12224
, 12223
, 12223
, 12222
, 12222
, 12221
, 12221
, 12220
, 12220
, 12219
, 12219
, 12218
, 12218
, 12217
, 12217
, 12216
, 12216
, 12215
, 12215
, 12214
, 12214
, 12213
, 12213
, 12212
, 12212
, 12211
, 12211
, 12210
, 12210
, 12209
, 12209
, 12208
, 12208
, 12207
, 12207
, 12206
, 12206
, 12205
, 12205
, 12204
, 12204
, 12203
, 12203
, 12202
, 12202
, 12201
, 12201
, 12200
, 12200
, 12199
, 12199
, 12198
, 12198
, 12197
, 12197
, 12196
, 12196
, 12195
, 12195
, 12194
, 12194
, 12193
, 12193
, 12192
, 12192
, 12191
, 12191
, 12190
, 12190
, 12189
, 12189
, 12188
, 12188
, 12187
, 12187
, 12186
, 12186
, 12185
, 12185
, 12184
, 12184
, 12183
, 12183
, 12182
, 12182
, 12181
, 12181
, 12180
, 12180
, 12179
, 12179
, 12178
, 12178
, 12177
, 12177
, 12176
, 12176
, 12175
, 12175
, 12174
, 12174
, 12173
, 12173
, 12172
, 12172
, 12171
, 12171
, 12170
, 12170
, 12169
, 12169
, 12168
, 12168
, 12167
, 12167
, 12166
, 12166
, 12165
, 12165
, 12164
, 12164
, 12163
, 12163
, 12162
, 12162
, 12161
, 12161
, 12160
, 12160
, 12159
, 12159
, 12158
, 12158
, 12157
, 12157
, 12156
, 12156
, 12155
, 12155
, 12154
, 12154
, 12153
, 12153
, 12152
, 12152
, 12151
, 12151
, 12150
, 12150
, 12149
, 12149
, 12148
, 12148
, 12147
, 12147
, 12146
, 12146
, 12145
, 12145
, 12144
, 12144
, 12143
, 12143
, 12142
, 12142
, 12141
, 12141
, 12140
, 12140
, 12139
, 12139
, 12138
, 12138
, 12137
, 12137
, 12136
, 12136
, 12135
, 12135
, 12134
, 12134
, 12133
, 12133
, 12132
, 12132
, 12131
, 12131
, 12130
, 12130
, 12129
, 12129
, 12128
, 12128
, 12127
, 12127
, 12126
, 12126
, 12125
, 12125
, 12124
, 12124
, 12123
, 12123
, 12122
, 12122
, 12121
, 12121
, 12120
, 12120
, 12119
, 12119
, 12118
, 12118
, 12117
, 12117
, 12116
, 12116
, 12115
, 12115
, 12114
, 12114
, 12113
, 12113
, 12112
, 12112
, 12111
, 12111
, 12110
, 12110
, 12109
, 12109
, 12108
, 12108
, 12107
, 12107
, 12106
, 12106
, 12105
, 12105
, 12104
, 12104
, 12103
, 12103
, 12102
, 12102
, 12101
, 12101
, 12100
, 12100
, 12099
, 12099
, 12098
, 12098
, 12097
, 12097
, 12096
, 12096
, 12095
, 12095
, 12094
, 12094
, 12093
, 12093
, 12092
, 12092
, 12091
, 12091
, 12090
, 12090
, 12089
, 12089
, 12088
, 12088
, 12087
, 12087
, 12086
, 12086
, 12085
, 12085
, 12084
, 12084
, 12083
, 12083
, 12082
, 12082
, 12081
, 12081
, 12080
, 12080
, 12079
, 12079
, 12078
, 12078
, 12077
, 12077
, 12076
, 12076
, 12075
, 12075
, 12074
, 12074
, 12073
, 12073
, 12072
, 12072
, 12071
, 12071
, 12070
, 12070
, 12069
, 12069
, 12068
, 12068
, 12067
, 12067
, 12066
, 12066
, 12065
, 12065
, 12064
, 12064
, 12063
, 12063
, 12062
, 12062
, 12061
, 12061
, 12060
, 12060
, 12059
, 12059
, 12058
, 12058
, 12057
, 12057
, 12056
, 12056
, 12055
, 12055
, 12054
, 12054
, 12053
, 12053
, 12052
, 12052
, 12051
, 12051
, 12050
, 12050
, 12049
, 12049
, 12048
, 12048
, 12047
, 12047
, 12046
, 12046
, 12045
, 12045
, 12044
, 12044
, 12043
, 12043
, 12042
, 12042
, 12041
, 12041
, 12040
, 12040
, 12039
, 12039
, 12038
, 12038
, 12037
, 12037
, 12036
, 12036
, 12035
, 12035
, 12034
, 12034
, 12033
, 12033
, 12032
, 12032
, 12031
, 12031
, 12030
, 12030
, 12029
, 12029
, 12028
, 12028
, 12027
, 12027
, 12026
, 12026
, 12025
, 12025
, 12024
, 12024
, 12023
, 12023
, 12022
, 12022
, 12021
, 12021
, 12020
, 12020
, 12019
, 12019
, 12018
, 12018
, 12017
, 12017
, 12016
, 12016
, 12015
, 12015
, 12014
, 12014
, 12013
, 12013
, 12012
, 12012
, 12011
, 12011
, 12010
, 12010
, 12009
, 12009
, 12008
, 12008
, 12007
, 12007
, 12006
, 12006
, 12005
, 12005
, 12004
, 12004
, 12003
, 12003
, 12002
, 12002
, 12001
, 12001
, 12000
, 12000
, 11999
, 11999
, 11998
, 11998
, 11997
, 11997
, 11996
, 11996
, 11995
, 11995
, 11994
, 11994
, 11993
, 11993
, 11992
, 11992
, 11991
, 11991
, 11990
, 11990
, 11989
, 11989
, 11988
, 11988
, 11987
, 11987
, 11986
, 11986
, 11985
, 11985
, 11984
, 11984
, 11983
, 11983
, 11982
, 11982
, 11981
, 11981
, 11980
, 11980
, 11979
, 11979
, 11978
, 11978
, 11977
, 11977
, 11976
, 11976
, 11975
, 11975
, 11974
, 11974
, 11973
, 11973
, 11972
, 11972
, 11971
, 11971
, 11970
, 11970
, 11969
, 11969
, 11968
, 11968
, 11967
, 11967
, 11966
, 11966
, 11965
, 11965
, 11964
, 11964
, 11963
, 11963
, 11962
, 11962
, 11961
, 11961
, 11960
, 11960
, 11959
, 11959
, 11958
, 11958
, 11957
, 11957
, 11956
, 11956
, 11955
, 11955
, 11954
, 11954
, 11953
, 11953
, 11952
, 11952
, 11951
, 11951
, 11950
, 11950
, 11949
, 11949
, 11948
, 11948
, 11947
, 11947
, 11946
, 11946
, 11945
, 11945
, 11944
, 11944
, 11943
, 11943
, 11942
, 11942
, 11941
, 11941
, 11940
, 11940
, 11939
, 11939
, 11938
, 11938
, 11937
, 11937
, 11936
, 11936
, 11935
, 11935
, 11934
, 11934
, 11933
, 11933
, 11932
, 11932
, 11931
, 11931
, 11930
, 11930
, 11929
, 11929
, 11928
, 11928
, 11927
, 11927
, 11926
, 11926
, 11925
, 11925
, 11924
, 11924
, 11923
, 11923
, 11922
, 11922
, 11921
, 11921
, 11920
, 11920
, 11919
, 11919
, 11918
, 11918
, 11917
, 11917
, 11916
, 11916
, 11915
, 11915
, 11914
, 11914
, 11913
, 11913
, 11912
, 11912
, 11911
, 11911
, 11910
, 11910
, 11909
, 11909
, 11908
, 11908
, 11907
, 11907
, 11906
, 11906
, 11905
, 11905
, 11904
, 11904
, 11903
, 11903
, 11902
, 11902
, 11901
, 11901
, 11900
, 11900
, 11899
, 11899
, 11898
, 11898
, 11897
, 11897
, 11896
, 11896
, 11895
, 11895
, 11894
, 11894
, 11893
, 11893
, 11892
, 11892
, 11891
, 11891
, 11890
, 11890
, 11889
, 11889
, 11888
, 11888
, 11887
, 11887
, 11886
, 11886
, 11885
, 11885
, 11884
, 11884
, 11883
, 11883
, 11882
, 11882
, 11881
, 11881
, 11880
, 11880
, 11879
, 11879
, 11878
, 11878
, 11877
, 11877
, 11876
, 11876
, 11875
, 11875
, 11874
, 11874
, 11873
, 11873
, 11872
, 11872
, 11871
, 11871
, 11870
, 11870
, 11869
, 11869
, 11868
, 11868
, 11867
, 11867
, 11866
, 11866
, 11865
, 11865
, 11864
, 11864
, 11863
, 11863
, 11862
, 11862
, 11861
, 11861
, 11860
, 11860
, 11859
, 11859
, 11858
, 11858
, 11857
, 11857
, 11856
, 11856
, 11855
, 11855
, 11854
, 11854
, 11853
, 11853
, 11852
, 11852
, 11851
, 11851
, 11850
, 11850
, 11849
, 11849
, 11848
, 11848
, 11847
, 11847
, 11846
, 11846
, 11845
, 11845
, 11844
, 11844
, 11843
, 11843
, 11842
, 11842
, 11841
, 11841
, 11840
, 11840
, 11839
, 11839
, 11838
, 11838
, 11837
, 11837
, 11836
, 11836
, 11835
, 11835
, 11834
, 11834
, 11833
, 11833
, 11832
, 11832
, 11831
, 11831
, 11830
, 11830
, 11829
, 11829
, 11828
, 11828
, 11827
, 11827
, 11826
, 11826
, 11825
, 11825
, 11824
, 11824
, 11823
, 11823
, 11822
, 11822
, 11821
, 11821
, 11820
, 11820
, 11819
, 11819
, 11818
, 11818
, 11817
, 11817
, 11816
, 11816
, 11815
, 11815
, 11814
, 11814
, 11813
, 11813
, 11812
, 11812
, 11811
, 11811
, 11810
, 11810
, 11809
, 11809
, 11808
, 11808
, 11807
, 11807
, 11806
, 11806
, 11805
, 11805
, 11804
, 11804
, 11803
, 11803
, 11802
, 11802
, 11801
, 11801
, 11800
, 11800
, 11799
, 11799
, 11798
, 11798
, 11797
, 11797
, 11796
, 11796
, 11795
, 11795
, 11794
, 11794
, 11793
, 11793
, 11792
, 11792
, 11791
, 11791
, 11790
, 11790
, 11789
, 11789
, 11788
, 11788
, 11787
, 11787
, 11786
, 11786
, 11785
, 11785
, 11784
, 11784
, 11783
, 11783
, 11782
, 11782
, 11781
, 11781
, 11780
, 11780
, 11779
, 11779
, 11778
, 11778
, 11777
, 11777
, 11776
, 11776
, 11775
, 11775
, 11774
, 11774
, 11773
, 11773
, 11772
, 11772
, 11771
, 11771
, 11770
, 11770
, 11769
, 11769
, 11768
, 11768
, 11767
, 11767
, 11766
, 11766
, 11765
, 11765
, 11764
, 11764
, 11763
, 11763
, 11762
, 11762
, 11761
, 11761
, 11760
, 11760
, 11759
, 11759
, 11758
, 11758
, 11757
, 11757
, 11756
, 11756
, 11755
, 11755
, 11754
, 11754
, 11753
, 11753
, 11752
, 11752
, 11751
, 11751
, 11750
, 11750
, 11749
, 11749
, 11748
, 11748
, 11747
, 11747
, 11746
, 11746
, 11745
, 11745
, 11744
, 11744
, 11743
, 11743
, 11742
, 11742
, 11741
, 11741
, 11740
, 11740
, 11739
, 11739
, 11738
, 11738
, 11737
, 11737
, 11736
, 11736
, 11735
, 11735
, 11734
, 11734
, 11733
, 11733
, 11732
, 11732
, 11731
, 11731
, 11730
, 11730
, 11729
, 11729
, 11728
, 11728
, 11727
, 11727
, 11726
, 11726
, 11725
, 11725
, 11724
, 11724
, 11723
, 11723
, 11722
, 11722
, 11721
, 11721
, 11720
, 11720
, 11719
, 11719
, 11718
, 11718
, 11717
, 11717
, 11716
, 11716
, 11715
, 11715
, 11714
, 11714
, 11713
, 11713
, 11712
, 11712
, 11711
, 11711
, 11710
, 11710
, 11709
, 11709
, 11708
, 11708
, 11707
, 11707
, 11706
, 11706
, 11705
, 11705
, 11704
, 11704
, 11703
, 11703
, 11702
, 11702
, 11701
, 11701
, 11700
, 11700
, 11699
, 11699
, 11698
, 11698
, 11697
, 11697
, 11696
, 11696
, 11695
, 11695
, 11694
, 11694
, 11693
, 11693
, 11692
, 11692
, 11691
, 11691
, 11690
, 11690
, 11689
, 11689
, 11688
, 11688
, 11687
, 11687
, 11686
, 11686
, 11685
, 11685
, 11684
, 11684
, 11683
, 11683
, 11682
, 11682
, 11681
, 11681
, 11680
, 11680
, 11679
, 11679
, 11678
, 11678
, 11677
, 11677
, 11676
, 11676
, 11675
, 11675
, 11674
, 11674
, 11673
, 11673
, 11672
, 11672
, 11671
, 11671
, 11670
, 11670
, 11669
, 11669
, 11668
, 11668
, 11667
, 11667
, 11666
, 11666
, 11665
, 11665
, 11664
, 11664
, 11663
, 11663
, 11662
, 11662
, 11661
, 11661
, 11660
, 11660
, 11659
, 11659
, 11658
, 11658
, 11657
, 11657
, 11656
, 11656
, 11655
, 11655
, 11654
, 11654
, 11653
, 11653
, 11652
, 11652
, 11651
, 11651
, 11650
, 11650
, 11649
, 11649
, 11648
, 11648
, 11647
, 11647
, 11646
, 11646
, 11645
, 11645
, 11644
, 11644
, 11643
, 11643
, 11642
, 11642
, 11641
, 11641
, 11640
, 11640
, 11639
, 11639
, 11638
, 11638
, 11637
, 11637
, 11636
, 11636
, 11635
, 11635
, 11634
, 11634
, 11633
, 11633
, 11632
, 11632
, 11631
, 11631
, 11630
, 11630
, 11629
, 11629
, 11628
, 11628
, 11627
, 11627
, 11626
, 11626
, 11625
, 11625
, 11624
, 11624
, 11623
, 11623
, 11622
, 11622
, 11621
, 11621
, 11620
, 11620
, 11619
, 11619
, 11618
, 11618
, 11617
, 11617
, 11616
, 11616
, 11615
, 11615
, 11614
, 11614
, 11613
, 11613
, 11612
, 11612
, 11611
, 11611
, 11610
, 11610
, 11609
, 11609
, 11608
, 11608
, 11607
, 11607
, 11606
, 11606
, 11605
, 11605
, 11604
, 11604
, 11603
, 11603
, 11602
, 11602
, 11601
, 11601
, 11600
, 11600
, 11599
, 11599
, 11598
, 11598
, 11597
, 11597
, 11596
, 11596
, 11595
, 11595
, 11594
, 11594
, 11593
, 11593
, 11592
, 11592
, 11591
, 11591
, 11590
, 11590
, 11589
, 11589
, 11588
, 11588
, 11587
, 11587
, 11586
, 11586
, 11585
, 11585
, 11584
, 11584
, 11583
, 11583
, 11582
, 11582
, 11581
, 11581
, 11580
, 11580
, 11579
, 11579
, 11578
, 11578
, 11577
, 11577
, 11576
, 11576
, 11575
, 11575
, 11574
, 11574
, 11573
, 11573
, 11572
, 11572
, 11571
, 11571
, 11570
, 11570
, 11569
, 11569
, 11568
, 11568
, 11567
, 11567
, 11566
, 11566
, 11565
, 11565
, 11564
, 11564
, 11563
, 11563
, 11562
, 11562
, 11561
, 11561
, 11560
, 11560
, 11559
, 11559
, 11558
, 11558
, 11557
, 11557
, 11556
, 11556
, 11555
, 11555
, 11554
, 11554
, 11553
, 11553
, 11552
, 11552
, 11551
, 11551
, 11550
, 11550
, 11549
, 11549
, 11548
, 11548
, 11547
, 11547
, 11546
, 11546
, 11545
, 11545
, 11544
, 11544
, 11543
, 11543
, 11542
, 11542
, 11541
, 11541
, 11540
, 11540
, 11539
, 11539
, 11538
, 11538
, 11537
, 11537
, 11536
, 11536
, 11535
, 11535
, 11534
, 11534
, 11533
, 11533
, 11532
, 11532
, 11531
, 11531
, 11530
, 11530
, 11529
, 11529
, 11528
, 11528
, 11527
, 11527
, 11526
, 11526
, 11525
, 11525
, 11524
, 11524
, 11523
, 11523
, 11522
, 11522
, 11521
, 11521
, 11520
, 11520
, 11519
, 11519
, 11518
, 11518
, 11517
, 11517
, 11516
, 11516
, 11515
, 11515
, 11514
, 11514
, 11513
, 11513
, 11512
, 11512
, 11511
, 11511
, 11510
, 11510
, 11509
, 11509
, 11508
, 11508
, 11507
, 11507
, 11506
, 11506
, 11505
, 11505
, 11504
, 11504
, 11503
, 11503
, 11502
, 11502
, 11501
, 11501
, 11500
, 11500
, 11499
, 11499
, 11498
, 11498
, 11497
, 11497
, 11496
, 11496
, 11495
, 11495
, 11494
, 11494
, 11493
, 11493
, 11492
, 11492
, 11491
, 11491
, 11490
, 11490
, 11489
, 11489
, 11488
, 11488
, 11487
, 11487
, 11486
, 11486
, 11485
, 11485
, 11484
, 11484
, 11483
, 11483
, 11482
, 11482
, 11481
, 11481
, 11480
, 11480
, 11479
, 11479
, 11478
, 11478
, 11477
, 11477
, 11476
, 11476
, 11475
, 11475
, 11474
, 11474
, 11473
, 11473
, 11472
, 11472
, 11471
, 11471
, 11470
, 11470
, 11469
, 11469
, 11468
, 11468
, 11467
, 11467
, 11466
, 11466
, 11465
, 11465
, 11464
, 11464
, 11463
, 11463
, 11462
, 11462
, 11461
, 11461
, 11460
, 11460
, 11459
, 11459
, 11458
, 11458
, 11457
, 11457
, 11456
, 11456
, 11455
, 11455
, 11454
, 11454
, 11453
, 11453
, 11452
, 11452
, 11451
, 11451
, 11450
, 11450
, 11449
, 11449
, 11448
, 11448
, 11447
, 11447
, 11446
, 11446
, 11445
, 11445
, 11444
, 11444
, 11443
, 11443
, 11442
, 11442
, 11441
, 11441
, 11440
, 11440
, 11439
, 11439
, 11438
, 11438
, 11437
, 11437
, 11436
, 11436
, 11435
, 11435
, 11434
, 11434
, 11433
, 11433
, 11432
, 11432
, 11431
, 11431
, 11430
, 11430
, 11429
, 11429
, 11428
, 11428
, 11427
, 11427
, 11426
, 11426
, 11425
, 11425
, 11424
, 11424
, 11423
, 11423
, 11422
, 11422
, 11421
, 11421
, 11420
, 11420
, 11419
, 11419
, 11418
, 11418
, 11417
, 11417
, 11416
, 11416
, 11415
, 11415
, 11414
, 11414
, 11413
, 11413
, 11412
, 11412
, 11411
, 11411
, 11410
, 11410
, 11409
, 11409
, 11408
, 11408
, 11407
, 11407
, 11406
, 11406
, 11405
, 11405
, 11404
, 11404
, 11403
, 11403
, 11402
, 11402
, 11401
, 11401
, 11400
, 11400
, 11399
, 11399
, 11398
, 11398
, 11397
, 11397
, 11396
, 11396
, 11395
, 11395
, 11394
, 11394
, 11393
, 11393
, 11392
, 11392
, 11391
, 11391
, 11390
, 11390
, 11389
, 11389
, 11388
, 11388
, 11387
, 11387
, 11386
, 11386
, 11385
, 11385
, 11384
, 11384
, 11383
, 11383
, 11382
, 11382
, 11381
, 11381
, 11380
, 11380
, 11379
, 11379
, 11378
, 11378
, 11377
, 11377
, 11376
, 11376
, 11375
, 11375
, 11374
, 11374
, 11373
, 11373
, 11372
, 11372
, 11371
, 11371
, 11370
, 11370
, 11369
, 11369
, 11368
, 11368
, 11367
, 11367
, 11366
, 11366
, 11365
, 11365
, 11364
, 11364
, 11363
, 11363
, 11362
, 11362
, 11361
, 11361
, 11360
, 11360
, 11359
, 11359
, 11358
, 11358
, 11357
, 11357
, 11356
, 11356
, 11355
, 11355
, 11354
, 11354
, 11353
, 11353
, 11352
, 11352
, 11351
, 11351
, 11350
, 11350
, 11349
, 11349
, 11348
, 11348
, 11347
, 11347
, 11346
, 11346
, 11345
, 11345
, 11344
, 11344
, 11343
, 11343
, 11342
, 11342
, 11341
, 11341
, 11340
, 11340
, 11339
, 11339
, 11338
, 11338
, 11337
, 11337
, 11336
, 11336
, 11335
, 11335
, 11334
, 11334
, 11333
, 11333
, 11332
, 11332
, 11331
, 11331
, 11330
, 11330
, 11329
, 11329
, 11328
, 11328
, 11327
, 11327
, 11326
, 11326
, 11325
, 11325
, 11324
, 11324
, 11323
, 11323
, 11322
, 11322
, 11321
, 11321
, 11320
, 11320
, 11319
, 11319
, 11318
, 11318
, 11317
, 11317
, 11316
, 11316
, 11315
, 11315
, 11314
, 11314
, 11313
, 11313
, 11312
, 11312
, 11311
, 11311
, 11310
, 11310
, 11309
, 11309
, 11308
, 11308
, 11307
, 11307
, 11306
, 11306
, 11305
, 11305
, 11304
, 11304
, 11303
, 11303
, 11302
, 11302
, 11301
, 11301
, 11300
, 11300
, 11299
, 11299
, 11298
, 11298
, 11297
, 11297
, 11296
, 11296
, 11295
, 11295
, 11294
, 11294
, 11293
, 11293
, 11292
, 11292
, 11291
, 11291
, 11290
, 11290
, 11289
, 11289
, 11288
, 11288
, 11287
, 11287
, 11286
, 11286
, 11285
, 11285
, 11284
, 11284
, 11283
, 11283
, 11282
, 11282
, 11281
, 11281
, 11280
, 11280
, 11279
, 11279
, 11278
, 11278
, 11277
, 11277
, 11276
, 11276
, 11275
, 11275
, 11274
, 11274
, 11273
, 11273
, 11272
, 11272
, 11271
, 11271
, 11270
, 11270
, 11269
, 11269
, 11268
, 11268
, 11267
, 11267
, 11266
, 11266
, 11265
, 11265
, 11264
, 11264
, 11263
, 11263
, 11262
, 11262
, 11261
, 11261
, 11260
, 11260
, 11259
, 11259
, 11258
, 11258
, 11257
, 11257
, 11256
, 11256
, 11255
, 11255
, 11254
, 11254
, 11253
, 11253
, 11252
, 11252
, 11251
, 11251
, 11250
, 11250
, 11249
, 11249
, 11248
, 11248
, 11247
, 11247
, 11246
, 11246
, 11245
, 11245
, 11244
, 11244
, 11243
, 11243
, 11242
, 11242
, 11241
, 11241
, 11240
, 11240
, 11239
, 11239
, 11238
, 11238
, 11237
, 11237
, 11236
, 11236
, 11235
, 11235
, 11234
, 11234
, 11233
, 11233
, 11232
, 11232
, 11231
, 11231
, 11230
, 11230
, 11229
, 11229
, 11228
, 11228
, 11227
, 11227
, 11226
, 11226
, 11225
, 11225
, 11224
, 11224
, 11223
, 11223
, 11222
, 11222
, 11221
, 11221
, 11220
, 11220
, 11219
, 11219
, 11218
, 11218
, 11217
, 11217
, 11216
, 11216
, 11215
, 11215
, 11214
, 11214
, 11213
, 11213
, 11212
, 11212
, 11211
, 11211
, 11210
, 11210
, 11209
, 11209
, 11208
, 11208
, 11207
, 11207
, 11206
, 11206
, 11205
, 11205
, 11204
, 11204
, 11203
, 11203
, 11202
, 11202
, 11201
, 11201
, 11200
, 11200
, 11199
, 11199
, 11198
, 11198
, 11197
, 11197
, 11196
, 11196
, 11195
, 11195
, 11194
, 11194
, 11193
, 11193
, 11192
, 11192
, 11191
, 11191
, 11190
, 11190
, 11189
, 11189
, 11188
, 11188
, 11187
, 11187
, 11186
, 11186
, 11185
, 11185
, 11184
, 11184
, 11183
, 11183
, 11182
, 11182
, 11181
, 11181
, 11180
, 11180
, 11179
, 11179
, 11178
, 11178
, 11177
, 11177
, 11176
, 11176
, 11175
, 11175
, 11174
, 11174
, 11173
, 11173
, 11172
, 11172
, 11171
, 11171
, 11170
, 11170
, 11169
, 11169
, 11168
, 11168
, 11167
, 11167
, 11166
, 11166
, 11165
, 11165
, 11164
, 11164
, 11163
, 11163
, 11162
, 11162
, 11161
, 11161
, 11160
, 11160
, 11159
, 11159
, 11158
, 11158
, 11157
, 11157
, 11156
, 11156
, 11155
, 11155
, 11154
, 11154
, 11153
, 11153
, 11152
, 11152
, 11151
, 11151
, 11150
, 11150
, 11149
, 11149
, 11148
, 11148
, 11147
, 11147
, 11146
, 11146
, 11145
, 11145
, 11144
, 11144
, 11143
, 11143
, 11142
, 11142
, 11141
, 11141
, 11140
, 11140
, 11139
, 11139
, 11138
, 11138
, 11137
, 11137
, 11136
, 11136
, 11135
, 11135
, 11134
, 11134
, 11133
, 11133
, 11132
, 11132
, 11131
, 11131
, 11130
, 11130
, 11129
, 11129
, 11128
, 11128
, 11127
, 11127
, 11126
, 11126
, 11125
, 11125
, 11124
, 11124
, 11123
, 11123
, 11122
, 11122
, 11121
, 11121
, 11120
, 11120
, 11119
, 11119
, 11118
, 11118
, 11117
, 11117
, 11116
, 11116
, 11115
, 11115
, 11114
, 11114
, 11113
, 11113
, 11112
, 11112
, 11111
, 11111
, 11110
, 11110
, 11109
, 11109
, 11108
, 11108
, 11107
, 11107
, 11106
, 11106
, 11105
, 11105
, 11104
, 11104
, 11103
, 11103
, 11102
, 11102
, 11101
, 11101
, 11100
, 11100
, 11099
, 11099
, 11098
, 11098
, 11097
, 11097
, 11096
, 11096
, 11095
, 11095
, 11094
, 11094
, 11093
, 11093
, 11092
, 11092
, 11091
, 11091
, 11090
, 11090
, 11089
, 11089
, 11088
, 11088
, 11087
, 11087
, 11086
, 11086
, 11085
, 11085
, 11084
, 11084
, 11083
, 11083
, 11082
, 11082
, 11081
, 11081
, 11080
, 11080
, 11079
, 11079
, 11078
, 11078
, 11077
, 11077
, 11076
, 11076
, 11075
, 11075
, 11074
, 11074
, 11073
, 11073
, 11072
, 11072
, 11071
, 11071
, 11070
, 11070
, 11069
, 11069
, 11068
, 11068
, 11067
, 11067
, 11066
, 11066
, 11065
, 11065
, 11064
, 11064
, 11063
, 11063
, 11062
, 11062
, 11061
, 11061
, 11060
, 11060
, 11059
, 11059
, 11058
, 11058
, 11057
, 11057
, 11056
, 11056
, 11055
, 11055
, 11054
, 11054
, 11053
, 11053
, 11052
, 11052
, 11051
, 11051
, 11050
, 11050
, 11049
, 11049
, 11048
, 11048
, 11047
, 11047
, 11046
, 11046
, 11045
, 11045
, 11044
, 11044
, 11043
, 11043
, 11042
, 11042
, 11041
, 11041
, 11040
, 11040
, 11039
, 11039
, 11038
, 11038
, 11037
, 11037
, 11036
, 11036
, 11035
, 11035
, 11034
, 11034
, 11033
, 11033
, 11032
, 11032
, 11031
, 11031
, 11030
, 11030
, 11029
, 11029
, 11028
, 11028
, 11027
, 11027
, 11026
, 11026
, 11025
, 11025
, 11024
, 11024
, 11023
, 11023
, 11022
, 11022
, 11021
, 11021
, 11020
, 11020
, 11019
, 11019
, 11018
, 11018
, 11017
, 11017
, 11016
, 11016
, 11015
, 11015
, 11014
, 11014
, 11013
, 11013
, 11012
, 11012
, 11011
, 11011
, 11010
, 11010
, 11009
, 11009
, 11008
, 11008
, 11007
, 11007
, 11006
, 11006
, 11005
, 11005
, 11004
, 11004
, 11003
, 11003
, 11002
, 11002
, 11001
, 11001
, 11000
, 11000
, 10999
, 10999
, 10998
, 10998
, 10997
, 10997
, 10996
, 10996
, 10995
, 10995
, 10994
, 10994
, 10993
, 10993
, 10992
, 10992
, 10991
, 10991
, 10990
, 10990
, 10989
, 10989
, 10988
, 10988
, 10987
, 10987
, 10986
, 10986
, 10985
, 10985
, 10984
, 10984
, 10983
, 10983
, 10982
, 10982
, 10981
, 10981
, 10980
, 10980
, 10979
, 10979
, 10978
, 10978
, 10977
, 10977
, 10976
, 10976
, 10975
, 10975
, 10974
, 10974
, 10973
, 10973
, 10972
, 10972
, 10971
, 10971
, 10970
, 10970
, 10969
, 10969
, 10968
, 10968
, 10967
, 10967
, 10966
, 10966
, 10965
, 10965
, 10964
, 10964
, 10963
, 10963
, 10962
, 10962
, 10961
, 10961
, 10960
, 10960
, 10959
, 10959
, 10958
, 10958
, 10957
, 10957
, 10956
, 10956
, 10955
, 10955
, 10954
, 10954
, 10953
, 10953
, 10952
, 10952
, 10951
, 10951
, 10950
, 10950
, 10949
, 10949
, 10948
, 10948
, 10947
, 10947
, 10946
, 10946
, 10945
, 10945
, 10944
, 10944
, 10943
, 10943
, 10942
, 10942
, 10941
, 10941
, 10940
, 10940
, 10939
, 10939
, 10938
, 10938
, 10937
, 10937
, 10936
, 10936
, 10935
, 10935
, 10934
, 10934
, 10933
, 10933
, 10932
, 10932
, 10931
, 10931
, 10930
, 10930
, 10929
, 10929
, 10928
, 10928
, 10927
, 10927
, 10926
, 10926
, 10925
, 10925
, 10924
, 10924
, 10923
, 10923
, 10922
, 10922
, 10921
, 10921
, 10920
, 10920
, 10919
, 10919
, 10918
, 10918
, 10917
, 10917
, 10916
, 10916
, 10915
, 10915
, 10914
, 10914
, 10913
, 10913
, 10912
, 10912
, 10911
, 10911
, 10910
, 10910
, 10909
, 10909
, 10908
, 10908
, 10907
, 10907
, 10906
, 10906
, 10905
, 10905
, 10904
, 10904
, 10903
, 10903
, 10902
, 10902
, 10901
, 10901
, 10900
, 10900
, 10899
, 10899
, 10898
, 10898
, 10897
, 10897
, 10896
, 10896
, 10895
, 10895
, 10894
, 10894
, 10893
, 10893
, 10892
, 10892
, 10891
, 10891
, 10890
, 10890
, 10889
, 10889
, 10888
, 10888
, 10887
, 10887
, 10886
, 10886
, 10885
, 10885
, 10884
, 10884
, 10883
, 10883
, 10882
, 10882
, 10881
, 10881
, 10880
, 10880
, 10879
, 10879
, 10878
, 10878
, 10877
, 10877
, 10876
, 10876
, 10875
, 10875
, 10874
, 10874
, 10873
, 10873
, 10872
, 10872
, 10871
, 10871
, 10870
, 10870
, 10869
, 10869
, 10868
, 10868
, 10867
, 10867
, 10866
, 10866
, 10865
, 10865
, 10864
, 10864
, 10863
, 10863
, 10862
, 10862
, 10861
, 10861
, 10860
, 10860
, 10859
, 10859
, 10858
, 10858
, 10857
, 10857
, 10856
, 10856
, 10855
, 10855
, 10854
, 10854
, 10853
, 10853
, 10852
, 10852
, 10851
, 10851
, 10850
, 10850
, 10849
, 10849
, 10848
, 10848
, 10847
, 10847
, 10846
, 10846
, 10845
, 10845
, 10844
, 10844
, 10843
, 10843
, 10842
, 10842
, 10841
, 10841
, 10840
, 10840
, 10839
, 10839
, 10838
, 10838
, 10837
, 10837
, 10836
, 10836
, 10835
, 10835
, 10834
, 10834
, 10833
, 10833
, 10832
, 10832
, 10831
, 10831
, 10830
, 10830
, 10829
, 10829
, 10828
, 10828
, 10827
, 10827
, 10826
, 10826
, 10825
, 10825
, 10824
, 10824
, 10823
, 10823
, 10822
, 10822
, 10821
, 10821
, 10820
, 10820
, 10819
, 10819
, 10818
, 10818
, 10817
, 10817
, 10816
, 10816
, 10815
, 10815
, 10814
, 10814
, 10813
, 10813
, 10812
, 10812
, 10811
, 10811
, 10810
, 10810
, 10809
, 10809
, 10808
, 10808
, 10807
, 10807
, 10806
, 10806
, 10805
, 10805
, 10804
, 10804
, 10803
, 10803
, 10802
, 10802
, 10801
, 10801
, 10800
, 10800
, 10799
, 10799
, 10798
, 10798
, 10797
, 10797
, 10796
, 10796
, 10795
, 10795
, 10794
, 10794
, 10793
, 10793
, 10792
, 10792
, 10791
, 10791
, 10790
, 10790
, 10789
, 10789
, 10788
, 10788
, 10787
, 10787
, 10786
, 10786
, 10785
, 10785
, 10784
, 10784
, 10783
, 10783
, 10782
, 10782
, 10781
, 10781
, 10780
, 10780
, 10779
, 10779
, 10778
, 10778
, 10777
, 10777
, 10776
, 10776
, 10775
, 10775
, 10774
, 10774
, 10773
, 10773
, 10772
, 10772
, 10771
, 10771
, 10770
, 10770
, 10769
, 10769
, 10768
, 10768
, 10767
, 10767
, 10766
, 10766
, 10765
, 10765
, 10764
, 10764
, 10763
, 10763
, 10762
, 10762
, 10761
, 10761
, 10760
, 10760
, 10759
, 10759
, 10758
, 10758
, 10757
, 10757
, 10756
, 10756
, 10755
, 10755
, 10754
, 10754
, 10753
, 10753
, 10752
, 10752
, 10751
, 10751
, 10750
, 10750
, 10749
, 10749
, 10748
, 10748
, 10747
, 10747
, 10746
, 10746
, 10745
, 10745
, 10744
, 10744
, 10743
, 10743
, 10742
, 10742
, 10741
, 10741
, 10740
, 10740
, 10739
, 10739
, 10738
, 10738
, 10737
, 10737
, 10736
, 10736
, 10735
, 10735
, 10734
, 10734
, 10733
, 10733
, 10732
, 10732
, 10731
, 10731
, 10730
, 10730
, 10729
, 10729
, 10728
, 10728
, 10727
, 10727
, 10726
, 10726
, 10725
, 10725
, 10724
, 10724
, 10723
, 10723
, 10722
, 10722
, 10721
, 10721
, 10720
, 10720
, 10719
, 10719
, 10718
, 10718
, 10717
, 10717
, 10716
, 10716
, 10715
, 10715
, 10714
, 10714
, 10713
, 10713
, 10712
, 10712
, 10711
, 10711
, 10710
, 10710
, 10709
, 10709
, 10708
, 10708
, 10707
, 10707
, 10706
, 10706
, 10705
, 10705
, 10704
, 10704
, 10703
, 10703
, 10702
, 10702
, 10701
, 10701
, 10700
, 10700
, 10699
, 10699
, 10698
, 10698
, 10697
, 10697
, 10696
, 10696
, 10695
, 10695
, 10694
, 10694
, 10693
, 10693
, 10692
, 10692
, 10691
, 10691
, 10690
, 10690
, 10689
, 10689
, 10688
, 10688
, 10687
, 10687
, 10686
, 10686
, 10685
, 10685
, 10684
, 10684
, 10683
, 10683
, 10682
, 10682
, 10681
, 10681
, 10680
, 10680
, 10679
, 10679
, 10678
, 10678
, 10677
, 10677
, 10676
, 10676
, 10675
, 10675
, 10674
, 10674
, 10673
, 10673
, 10672
, 10672
, 10671
, 10671
, 10670
, 10670
, 10669
, 10669
, 10668
, 10668
, 10667
, 10667
, 10666
, 10666
, 10665
, 10665
, 10664
, 10664
, 10663
, 10663
, 10662
, 10662
, 10661
, 10661
, 10660
, 10660
, 10659
, 10659
, 10658
, 10658
, 10657
, 10657
, 10656
, 10656
, 10655
, 10655
, 10654
, 10654
, 10653
, 10653
, 10652
, 10652
, 10651
, 10651
, 10650
, 10650
, 10649
, 10649
, 10648
, 10648
, 10647
, 10647
, 10646
, 10646
, 10645
, 10645
, 10644
, 10644
, 10643
, 10643
, 10642
, 10642
, 10641
, 10641
, 10640
, 10640
, 10639
, 10639
, 10638
, 10638
, 10637
, 10637
, 10636
, 10636
, 10635
, 10635
, 10634
, 10634
, 10633
, 10633
, 10632
, 10632
, 10631
, 10631
, 10630
, 10630
, 10629
, 10629
, 10628
, 10628
, 10627
, 10627
, 10626
, 10626
, 10625
, 10625
, 10624
, 10624
, 10623
, 10623
, 10622
, 10622
, 10621
, 10621
, 10620
, 10620
, 10619
, 10619
, 10618
, 10618
, 10617
, 10617
, 10616
, 10616
, 10615
, 10615
, 10614
, 10614
, 10613
, 10613
, 10612
, 10612
, 10611
, 10611
, 10610
, 10610
, 10609
, 10609
, 10608
, 10608
, 10607
, 10607
, 10606
, 10606
, 10605
, 10605
, 10604
, 10604
, 10603
, 10603
, 10602
, 10602
, 10601
, 10601
, 10600
, 10600
, 10599
, 10599
, 10598
, 10598
, 10597
, 10597
, 10596
, 10596
, 10595
, 10595
, 10594
, 10594
, 10593
, 10593
, 10592
, 10592
, 10591
, 10591
, 10590
, 10590
, 10589
, 10589
, 10588
, 10588
, 10587
, 10587
, 10586
, 10586
, 10585
, 10585
, 10584
, 10584
, 10583
, 10583
, 10582
, 10582
, 10581
, 10581
, 10580
, 10580
, 10579
, 10579
, 10578
, 10578
, 10577
, 10577
, 10576
, 10576
, 10575
, 10575
, 10574
, 10574
, 10573
, 10573
, 10572
, 10572
, 10571
, 10571
, 10570
, 10570
, 10569
, 10569
, 10568
, 10568
, 10567
, 10567
, 10566
, 10566
, 10565
, 10565
, 10564
, 10564
, 10563
, 10563
, 10562
, 10562
, 10561
, 10561
, 10560
, 10560
, 10559
, 10559
, 10558
, 10558
, 10557
, 10557
, 10556
, 10556
, 10555
, 10555
, 10554
, 10554
, 10553
, 10553
, 10552
, 10552
, 10551
, 10551
, 10550
, 10550
, 10549
, 10549
, 10548
, 10548
, 10547
, 10547
, 10546
, 10546
, 10545
, 10545
, 10544
, 10544
, 10543
, 10543
, 10542
, 10542
, 10541
, 10541
, 10540
, 10540
, 10539
, 10539
, 10538
, 10538
, 10537
, 10537
, 10536
, 10536
, 10535
, 10535
, 10534
, 10534
, 10533
, 10533
, 10532
, 10532
, 10531
, 10531
, 10530
, 10530
, 10529
, 10529
, 10528
, 10528
, 10527
, 10527
, 10526
, 10526
, 10525
, 10525
, 10524
, 10524
, 10523
, 10523
, 10522
, 10522
, 10521
, 10521
, 10520
, 10520
, 10519
, 10519
, 10518
, 10518
, 10517
, 10517
, 10516
, 10516
, 10515
, 10515
, 10514
, 10514
, 10513
, 10513
, 10512
, 10512
, 10511
, 10511
, 10510
, 10510
, 10509
, 10509
, 10508
, 10508
, 10507
, 10507
, 10506
, 10506
, 10505
, 10505
, 10504
, 10504
, 10503
, 10503
, 10502
, 10502
, 10501
, 10501
, 10500
, 10500
, 10499
, 10499
, 10498
, 10498
, 10497
, 10497
, 10496
, 10496
, 10495
, 10495
, 10494
, 10494
, 10493
, 10493
, 10492
, 10492
, 10491
, 10491
, 10490
, 10490
, 10489
, 10489
, 10488
, 10488
, 10487
, 10487
, 10486
, 10486
, 10485
, 10485
, 10484
, 10484
, 10483
, 10483
, 10482
, 10482
, 10481
, 10481
, 10480
, 10480
, 10479
, 10479
, 10478
, 10478
, 10477
, 10477
, 10476
, 10476
, 10475
, 10475
, 10474
, 10474
, 10473
, 10473
, 10472
, 10472
, 10471
, 10471
, 10470
, 10470
, 10469
, 10469
, 10468
, 10468
, 10467
, 10467
, 10466
, 10466
, 10465
, 10465
, 10464
, 10464
, 10463
, 10463
, 10462
, 10462
, 10461
, 10461
, 10460
, 10460
, 10459
, 10459
, 10458
, 10458
, 10457
, 10457
, 10456
, 10456
, 10455
, 10455
, 10454
, 10454
, 10453
, 10453
, 10452
, 10452
, 10451
, 10451
, 10450
, 10450
, 10449
, 10449
, 10448
, 10448
, 10447
, 10447
, 10446
, 10446
, 10445
, 10445
, 10444
, 10444
, 10443
, 10443
, 10442
, 10442
, 10441
, 10441
, 10440
, 10440
, 10439
, 10439
, 10438
, 10438
, 10437
, 10437
, 10436
, 10436
, 10435
, 10435
, 10434
, 10434
, 10433
, 10433
, 10432
, 10432
, 10431
, 10431
, 10430
, 10430
, 10429
, 10429
, 10428
, 10428
, 10427
, 10427
, 10426
, 10426
, 10425
, 10425
, 10424
, 10424
, 10423
, 10423
, 10422
, 10422
, 10421
, 10421
, 10420
, 10420
, 10419
, 10419
, 10418
, 10418
, 10417
, 10417
, 10416
, 10416
, 10415
, 10415
, 10414
, 10414
, 10413
, 10413
, 10412
, 10412
, 10411
, 10411
, 10410
, 10410
, 10409
, 10409
, 10408
, 10408
, 10407
, 10407
, 10406
, 10406
, 10405
, 10405
, 10404
, 10404
, 10403
, 10403
, 10402
, 10402
, 10401
, 10401
, 10400
, 10400
, 10399
, 10399
, 10398
, 10398
, 10397
, 10397
, 10396
, 10396
, 10395
, 10395
, 10394
, 10394
, 10393
, 10393
, 10392
, 10392
, 10391
, 10391
, 10390
, 10390
, 10389
, 10389
, 10388
, 10388
, 10387
, 10387
, 10386
, 10386
, 10385
, 10385
, 10384
, 10384
, 10383
, 10383
, 10382
, 10382
, 10381
, 10381
, 10380
, 10380
, 10379
, 10379
, 10378
, 10378
, 10377
, 10377
, 10376
, 10376
, 10375
, 10375
, 10374
, 10374
, 10373
, 10373
, 10372
, 10372
, 10371
, 10371
, 10370
, 10370
, 10369
, 10369
, 10368
, 10368
, 10367
, 10367
, 10366
, 10366
, 10365
, 10365
, 10364
, 10364
, 10363
, 10363
, 10362
, 10362
, 10361
, 10361
, 10360
, 10360
, 10359
, 10359
, 10358
, 10358
, 10357
, 10357
, 10356
, 10356
, 10355
, 10355
, 10354
, 10354
, 10353
, 10353
, 10352
, 10352
, 10351
, 10351
, 10350
, 10350
, 10349
, 10349
, 10348
, 10348
, 10347
, 10347
, 10346
, 10346
, 10345
, 10345
, 10344
, 10344
, 10343
, 10343
, 10342
, 10342
, 10341
, 10341
, 10340
, 10340
, 10339
, 10339
, 10338
, 10338
, 10337
, 10337
, 10336
, 10336
, 10335
, 10335
, 10334
, 10334
, 10333
, 10333
, 10332
, 10332
, 10331
, 10331
, 10330
, 10330
, 10329
, 10329
, 10328
, 10328
, 10327
, 10327
, 10326
, 10326
, 10325
, 10325
, 10324
, 10324
, 10323
, 10323
, 10322
, 10322
, 10321
, 10321
, 10320
, 10320
, 10319
, 10319
, 10318
, 10318
, 10317
, 10317
, 10316
, 10316
, 10315
, 10315
, 10314
, 10314
, 10313
, 10313
, 10312
, 10312
, 10311
, 10311
, 10310
, 10310
, 10309
, 10309
, 10308
, 10308
, 10307
, 10307
, 10306
, 10306
, 10305
, 10305
, 10304
, 10304
, 10303
, 10303
, 10302
, 10302
, 10301
, 10301
, 10300
, 10300
, 10299
, 10299
, 10298
, 10298
, 10297
, 10297
, 10296
, 10296
, 10295
, 10295
, 10294
, 10294
, 10293
, 10293
, 10292
, 10292
, 10291
, 10291
, 10290
, 10290
, 10289
, 10289
, 10288
, 10288
, 10287
, 10287
, 10286
, 10286
, 10285
, 10285
, 10284
, 10284
, 10283
, 10283
, 10282
, 10282
, 10281
, 10281
, 10280
, 10280
, 10279
, 10279
, 10278
, 10278
, 10277
, 10277
, 10276
, 10276
, 10275
, 10275
, 10274
, 10274
, 10273
, 10273
, 10272
, 10272
, 10271
, 10271
, 10270
, 10270
, 10269
, 10269
, 10268
, 10268
, 10267
, 10267
, 10266
, 10266
, 10265
, 10265
, 10264
, 10264
, 10263
, 10263
, 10262
, 10262
, 10261
, 10261
, 10260
, 10260
, 10259
, 10259
, 10258
, 10258
, 10257
, 10257
, 10256
, 10256
, 10255
, 10255
, 10254
, 10254
, 10253
, 10253
, 10252
, 10252
, 10251
, 10251
, 10250
, 10250
, 10249
, 10249
, 10248
, 10248
, 10247
, 10247
, 10246
, 10246
, 10245
, 10245
, 10244
, 10244
, 10243
, 10243
, 10242
, 10242
, 10241
, 10241
, 10240
, 10240
, 10239
, 10239
, 10238
, 10238
, 10237
, 10237
, 10236
, 10236
, 10235
, 10235
, 10234
, 10234
, 10233
, 10233
, 10232
, 10232
, 10231
, 10231
, 10230
, 10230
, 10229
, 10229
, 10228
, 10228
, 10227
, 10227
, 10226
, 10226
, 10225
, 10225
, 10224
, 10224
, 10223
, 10223
, 10222
, 10222
, 10221
, 10221
, 10220
, 10220
, 10219
, 10219
, 10218
, 10218
, 10217
, 10217
, 10216
, 10216
, 10215
, 10215
, 10214
, 10214
, 10213
, 10213
, 10212
, 10212
, 10211
, 10211
, 10210
, 10210
, 10209
, 10209
, 10208
, 10208
, 10207
, 10207
, 10206
, 10206
, 10205
, 10205
, 10204
, 10204
, 10203
, 10203
, 10202
, 10202
, 10201
, 10201
, 10200
, 10200
, 10199
, 10199
, 10198
, 10198
, 10197
, 10197
, 10196
, 10196
, 10195
, 10195
, 10194
, 10194
, 10193
, 10193
, 10192
, 10192
, 10191
, 10191
, 10190
, 10190
, 10189
, 10189
, 10188
, 10188
, 10187
, 10187
, 10186
, 10186
, 10185
, 10185
, 10184
, 10184
, 10183
, 10183
, 10182
, 10182
, 10181
, 10181
, 10180
, 10180
, 10179
, 10179
, 10178
, 10178
, 10177
, 10177
, 10176
, 10176
, 10175
, 10175
, 10174
, 10174
, 10173
, 10173
, 10172
, 10172
, 10171
, 10171
, 10170
, 10170
, 10169
, 10169
, 10168
, 10168
, 10167
, 10167
, 10166
, 10166
, 10165
, 10165
, 10164
, 10164
, 10163
, 10163
, 10162
, 10162
, 10161
, 10161
, 10160
, 10160
, 10159
, 10159
, 10158
, 10158
, 10157
, 10157
, 10156
, 10156
, 10155
, 10155
, 10154
, 10154
, 10153
, 10153
, 10152
, 10152
, 10151
, 10151
, 10150
, 10150
, 10149
, 10149
, 10148
, 10148
, 10147
, 10147
, 10146
, 10146
, 10145
, 10145
, 10144
, 10144
, 10143
, 10143
, 10142
, 10142
, 10141
, 10141
, 10140
, 10140
, 10139
, 10139
, 10138
, 10138
, 10137
, 10137
, 10136
, 10136
, 10135
, 10135
, 10134
, 10134
, 10133
, 10133
, 10132
, 10132
, 10131
, 10131
, 10130
, 10130
, 10129
, 10129
, 10128
, 10128
, 10127
, 10127
, 10126
, 10126
, 10125
, 10125
, 10124
, 10124
, 10123
, 10123
, 10122
, 10122
, 10121
, 10121
, 10120
, 10120
, 10119
, 10119
, 10118
, 10118
, 10117
, 10117
, 10116
, 10116
, 10115
, 10115
, 10114
, 10114
, 10113
, 10113
, 10112
, 10112
, 10111
, 10111
, 10110
, 10110
, 10109
, 10109
, 10108
, 10108
, 10107
, 10107
, 10106
, 10106
, 10105
, 10105
, 10104
, 10104
, 10103
, 10103
, 10102
, 10102
, 10101
, 10101
, 10100
, 10100
, 10099
, 10099
, 10098
, 10098
, 10097
, 10097
, 10096
, 10096
, 10095
, 10095
, 10094
, 10094
, 10093
, 10093
, 10092
, 10092
, 10091
, 10091
, 10090
, 10090
, 10089
, 10089
, 10088
, 10088
, 10087
, 10087
, 10086
, 10086
, 10085
, 10085
, 10084
, 10084
, 10083
, 10083
, 10082
, 10082
, 10081
, 10081
, 10080
, 10080
, 10079
, 10079
, 10078
, 10078
, 10077
, 10077
, 10076
, 10076
, 10075
, 10075
, 10074
, 10074
, 10073
, 10073
, 10072
, 10072
, 10071
, 10071
, 10070
, 10070
, 10069
, 10069
, 10068
, 10068
, 10067
, 10067
, 10066
, 10066
, 10065
, 10065
, 10064
, 10064
, 10063
, 10063
, 10062
, 10062
, 10061
, 10061
, 10060
, 10060
, 10059
, 10059
, 10058
, 10058
, 10057
, 10057
, 10056
, 10056
, 10055
, 10055
, 10054
, 10054
, 10053
, 10053
, 10052
, 10052
, 10051
, 10051
, 10050
, 10050
, 10049
, 10049
, 10048
, 10048
, 10047
, 10047
, 10046
, 10046
, 10045
, 10045
, 10044
, 10044
, 10043
, 10043
, 10042
, 10042
, 10041
, 10041
, 10040
, 10040
, 10039
, 10039
, 10038
, 10038
, 10037
, 10037
, 10036
, 10036
, 10035
, 10035
, 10034
, 10034
, 10033
, 10033
, 10032
, 10032
, 10031
, 10031
, 10030
, 10030
, 10029
, 10029
, 10028
, 10028
, 10027
, 10027
, 10026
, 10026
, 10025
, 10025
, 10024
, 10024
, 10023
, 10023
, 10022
, 10022
, 10021
, 10021
, 10020
, 10020
, 10019
, 10019
, 10018
, 10018
, 10017
, 10017
, 10016
, 10016
, 10015
, 10015
, 10014
, 10014
, 10013
, 10013
, 10012
, 10012
, 10011
, 10011
, 10010
, 10010
, 10009
, 10009
, 10008
, 10008
, 10007
, 10007
, 10006
, 10006
, 10005
, 10005
, 10004
, 10004
, 10003
, 10003
, 10002
, 10002
, 10001
, 10001
, 10000
, 10000
, 9999
, 9999
, 9998
, 9998
, 9997
, 9997
, 9996
, 9996
, 9995
, 9995
, 9994
, 9994
, 9993
, 9993
, 9992
, 9992
, 9991
, 9991
, 9990
, 9990
, 9989
, 9989
, 9988
, 9988
, 9987
, 9987
, 9986
, 9986
, 9985
, 9985
, 9984
, 9984
, 9983
, 9983
, 9982
, 9982
, 9981
, 9981
, 9980
, 9980
, 9979
, 9979
, 9978
, 9978
, 9977
, 9977
, 9976
, 9976
, 9975
, 9975
, 9974
, 9974
, 9973
, 9973
, 9972
, 9972
, 9971
, 9971
, 9970
, 9970
, 9969
, 9969
, 9968
, 9968
, 9967
, 9967
, 9966
, 9966
, 9965
, 9965
, 9964
, 9964
, 9963
, 9963
, 9962
, 9962
, 9961
, 9961
, 9960
, 9960
, 9959
, 9959
, 9958
, 9958
, 9957
, 9957
, 9956
, 9956
, 9955
, 9955
, 9954
, 9954
, 9953
, 9953
, 9952
, 9952
, 9951
, 9951
, 9950
, 9950
, 9949
, 9949
, 9948
, 9948
, 9947
, 9947
, 9946
, 9946
, 9945
, 9945
, 9944
, 9944
, 9943
, 9943
, 9942
, 9942
, 9941
, 9941
, 9940
, 9940
, 9939
, 9939
, 9938
, 9938
, 9937
, 9937
, 9936
, 9936
, 9935
, 9935
, 9934
, 9934
, 9933
, 9933
, 9932
, 9932
, 9931
, 9931
, 9930
, 9930
, 9929
, 9929
, 9928
, 9928
, 9927
, 9927
, 9926
, 9926
, 9925
, 9925
, 9924
, 9924
, 9923
, 9923
, 9922
, 9922
, 9921
, 9921
, 9920
, 9920
, 9919
, 9919
, 9918
, 9918
, 9917
, 9917
, 9916
, 9916
, 9915
, 9915
, 9914
, 9914
, 9913
, 9913
, 9912
, 9912
, 9911
, 9911
, 9910
, 9910
, 9909
, 9909
, 9908
, 9908
, 9907
, 9907
, 9906
, 9906
, 9905
, 9905
, 9904
, 9904
, 9903
, 9903
, 9902
, 9902
, 9901
, 9901
, 9900
, 9900
, 9899
, 9899
, 9898
, 9898
, 9897
, 9897
, 9896
, 9896
, 9895
, 9895
, 9894
, 9894
, 9893
, 9893
, 9892
, 9892
, 9891
, 9891
, 9890
, 9890
, 9889
, 9889
, 9888
, 9888
, 9887
, 9887
, 9886
, 9886
, 9885
, 9885
, 9884
, 9884
, 9883
, 9883
, 9882
, 9882
, 9881
, 9881
, 9880
, 9880
, 9879
, 9879
, 9878
, 9878
, 9877
, 9877
, 9876
, 9876
, 9875
, 9875
, 9874
, 9874
, 9873
, 9873
, 9872
, 9872
, 9871
, 9871
, 9870
, 9870
, 9869
, 9869
, 9868
, 9868
, 9867
, 9867
, 9866
, 9866
, 9865
, 9865
, 9864
, 9864
, 9863
, 9863
, 9862
, 9862
, 9861
, 9861
, 9860
, 9860
, 9859
, 9859
, 9858
, 9858
, 9857
, 9857
, 9856
, 9856
, 9855
, 9855
, 9854
, 9854
, 9853
, 9853
, 9852
, 9852
, 9851
, 9851
, 9850
, 9850
, 9849
, 9849
, 9848
, 9848
, 9847
, 9847
, 9846
, 9846
, 9845
, 9845
, 9844
, 9844
, 9843
, 9843
, 9842
, 9842
, 9841
, 9841
, 9840
, 9840
, 9839
, 9839
, 9838
, 9838
, 9837
, 9837
, 9836
, 9836
, 9835
, 9835
, 9834
, 9834
, 9833
, 9833
, 9832
, 9832
, 9831
, 9831
, 9830
, 9830
, 9829
, 9829
, 9828
, 9828
, 9827
, 9827
, 9826
, 9826
, 9825
, 9825
, 9824
, 9824
, 9823
, 9823
, 9822
, 9822
, 9821
, 9821
, 9820
, 9820
, 9819
, 9819
, 9818
, 9818
, 9817
, 9817
, 9816
, 9816
, 9815
, 9815
, 9814
, 9814
, 9813
, 9813
, 9812
, 9812
, 9811
, 9811
, 9810
, 9810
, 9809
, 9809
, 9808
, 9808
, 9807
, 9807
, 9806
, 9806
, 9805
, 9805
, 9804
, 9804
, 9803
, 9803
, 9802
, 9802
, 9801
, 9801
, 9800
, 9800
, 9799
, 9799
, 9798
, 9798
, 9797
, 9797
, 9796
, 9796
, 9795
, 9795
, 9794
, 9794
, 9793
, 9793
, 9792
, 9792
, 9791
, 9791
, 9790
, 9790
, 9789
, 9789
, 9788
, 9788
, 9787
, 9787
, 9786
, 9786
, 9785
, 9785
, 9784
, 9784
, 9783
, 9783
, 9782
, 9782
, 9781
, 9781
, 9780
, 9780
, 9779
, 9779
, 9778
, 9778
, 9777
, 9777
, 9776
, 9776
, 9775
, 9775
, 9774
, 9774
, 9773
, 9773
, 9772
, 9772
, 9771
, 9771
, 9770
, 9770
, 9769
, 9769
, 9768
, 9768
, 9767
, 9767
, 9766
, 9766
, 9765
, 9765
, 9764
, 9764
, 9763
, 9763
, 9762
, 9762
, 9761
, 9761
, 9760
, 9760
, 9759
, 9759
, 9758
, 9758
, 9757
, 9757
, 9756
, 9756
, 9755
, 9755
, 9754
, 9754
, 9753
, 9753
, 9752
, 9752
, 9751
, 9751
, 9750
, 9750
, 9749
, 9749
, 9748
, 9748
, 9747
, 9747
, 9746
, 9746
, 9745
, 9745
, 9744
, 9744
, 9743
, 9743
, 9742
, 9742
, 9741
, 9741
, 9740
, 9740
, 9739
, 9739
, 9738
, 9738
, 9737
, 9737
, 9736
, 9736
, 9735
, 9735
, 9734
, 9734
, 9733
, 9733
, 9732
, 9732
, 9731
, 9731
, 9730
, 9730
, 9729
, 9729
, 9728
, 9728
, 9727
, 9727
, 9726
, 9726
, 9725
, 9725
, 9724
, 9724
, 9723
, 9723
, 9722
, 9722
, 9721
, 9721
, 9720
, 9720
, 9719
, 9719
, 9718
, 9718
, 9717
, 9717
, 9716
, 9716
, 9715
, 9715
, 9714
, 9714
, 9713
, 9713
, 9712
, 9712
, 9711
, 9711
, 9710
, 9710
, 9709
, 9709
, 9708
, 9708
, 9707
, 9707
, 9706
, 9706
, 9705
, 9705
, 9704
, 9704
, 9703
, 9703
, 9702
, 9702
, 9701
, 9701
, 9700
, 9700
, 9699
, 9699
, 9698
, 9698
, 9697
, 9697
, 9696
, 9696
, 9695
, 9695
, 9694
, 9694
, 9693
, 9693
, 9692
, 9692
, 9691
, 9691
, 9690
, 9690
, 9689
, 9689
, 9688
, 9688
, 9687
, 9687
, 9686
, 9686
, 9685
, 9685
, 9684
, 9684
, 9683
, 9683
, 9682
, 9682
, 9681
, 9681
, 9680
, 9680
, 9679
, 9679
, 9678
, 9678
, 9677
, 9677
, 9676
, 9676
, 9675
, 9675
, 9674
, 9674
, 9673
, 9673
, 9672
, 9672
, 9671
, 9671
, 9670
, 9670
, 9669
, 9669
, 9668
, 9668
, 9667
, 9667
, 9666
, 9666
, 9665
, 9665
, 9664
, 9664
, 9663
, 9663
, 9662
, 9662
, 9661
, 9661
, 9660
, 9660
, 9659
, 9659
, 9658
, 9658
, 9657
, 9657
, 9656
, 9656
, 9655
, 9655
, 9654
, 9654
, 9653
, 9653
, 9652
, 9652
, 9651
, 9651
, 9650
, 9650
, 9649
, 9649
, 9648
, 9648
, 9647
, 9647
, 9646
, 9646
, 9645
, 9645
, 9644
, 9644
, 9643
, 9643
, 9642
, 9642
, 9641
, 9641
, 9640
, 9640
, 9639
, 9639
, 9638
, 9638
, 9637
, 9637
, 9636
, 9636
, 9635
, 9635
, 9634
, 9634
, 9633
, 9633
, 9632
, 9632
, 9631
, 9631
, 9630
, 9630
, 9629
, 9629
, 9628
, 9628
, 9627
, 9627
, 9626
, 9626
, 9625
, 9625
, 9624
, 9624
, 9623
, 9623
, 9622
, 9622
, 9621
, 9621
, 9620
, 9620
, 9619
, 9619
, 9618
, 9618
, 9617
, 9617
, 9616
, 9616
, 9615
, 9615
, 9614
, 9614
, 9613
, 9613
, 9612
, 9612
, 9611
, 9611
, 9610
, 9610
, 9609
, 9609
, 9608
, 9608
, 9607
, 9607
, 9606
, 9606
, 9605
, 9605
, 9604
, 9604
, 9603
, 9603
, 9602
, 9602
, 9601
, 9601
, 9600
, 9600
, 9599
, 9599
, 9598
, 9598
, 9597
, 9597
, 9596
, 9596
, 9595
, 9595
, 9594
, 9594
, 9593
, 9593
, 9592
, 9592
, 9591
, 9591
, 9590
, 9590
, 9589
, 9589
, 9588
, 9588
, 9587
, 9587
, 9586
, 9586
, 9585
, 9585
, 9584
, 9584
, 9583
, 9583
, 9582
, 9582
, 9581
, 9581
, 9580
, 9580
, 9579
, 9579
, 9578
, 9578
, 9577
, 9577
, 9576
, 9576
, 9575
, 9575
, 9574
, 9574
, 9573
, 9573
, 9572
, 9572
, 9571
, 9571
, 9570
, 9570
, 9569
, 9569
, 9568
, 9568
, 9567
, 9567
, 9566
, 9566
, 9565
, 9565
, 9564
, 9564
, 9563
, 9563
, 9562
, 9562
, 9561
, 9561
, 9560
, 9560
, 9559
, 9559
, 9558
, 9558
, 9557
, 9557
, 9556
, 9556
, 9555
, 9555
, 9554
, 9554
, 9553
, 9553
, 9552
, 9552
, 9551
, 9551
, 9550
, 9550
, 9549
, 9549
, 9548
, 9548
, 9547
, 9547
, 9546
, 9546
, 9545
, 9545
, 9544
, 9544
, 9543
, 9543
, 9542
, 9542
, 9541
, 9541
, 9540
, 9540
, 9539
, 9539
, 9538
, 9538
, 9537
, 9537
, 9536
, 9536
, 9535
, 9535
, 9534
, 9534
, 9533
, 9533
, 9532
, 9532
, 9531
, 9531
, 9530
, 9530
, 9529
, 9529
, 9528
, 9528
, 9527
, 9527
, 9526
, 9526
, 9525
, 9525
, 9524
, 9524
, 9523
, 9523
, 9522
, 9522
, 9521
, 9521
, 9520
, 9520
, 9519
, 9519
, 9518
, 9518
, 9517
, 9517
, 9516
, 9516
, 9515
, 9515
, 9514
, 9514
, 9513
, 9513
, 9512
, 9512
, 9511
, 9511
, 9510
, 9510
, 9509
, 9509
, 9508
, 9508
, 9507
, 9507
, 9506
, 9506
, 9505
, 9505
, 9504
, 9504
, 9503
, 9503
, 9502
, 9502
, 9501
, 9501
, 9500
, 9500
, 9499
, 9499
, 9498
, 9498
, 9497
, 9497
, 9496
, 9496
, 9495
, 9495
, 9494
, 9494
, 9493
, 9493
, 9492
, 9492
, 9491
, 9491
, 9490
, 9490
, 9489
, 9489
, 9488
, 9488
, 9487
, 9487
, 9486
, 9486
, 9485
, 9485
, 9484
, 9484
, 9483
, 9483
, 9482
, 9482
, 9481
, 9481
, 9480
, 9480
, 9479
, 9479
, 9478
, 9478
, 9477
, 9477
, 9476
, 9476
, 9475
, 9475
, 9474
, 9474
, 9473
, 9473
, 9472
, 9472
, 9471
, 9471
, 9470
, 9470
, 9469
, 9469
, 9468
, 9468
, 9467
, 9467
, 9466
, 9466
, 9465
, 9465
, 9464
, 9464
, 9463
, 9463
, 9462
, 9462
, 9461
, 9461
, 9460
, 9460
, 9459
, 9459
, 9458
, 9458
, 9457
, 9457
, 9456
, 9456
, 9455
, 9455
, 9454
, 9454
, 9453
, 9453
, 9452
, 9452
, 9451
, 9451
, 9450
, 9450
, 9449
, 9449
, 9448
, 9448
, 9447
, 9447
, 9446
, 9446
, 9445
, 9445
, 9444
, 9444
, 9443
, 9443
, 9442
, 9442
, 9441
, 9441
, 9440
, 9440
, 9439
, 9439
, 9438
, 9438
, 9437
, 9437
, 9436
, 9436
, 9435
, 9435
, 9434
, 9434
, 9433
, 9433
, 9432
, 9432
, 9431
, 9431
, 9430
, 9430
, 9429
, 9429
, 9428
, 9428
, 9427
, 9427
, 9426
, 9426
, 9425
, 9425
, 9424
, 9424
, 9423
, 9423
, 9422
, 9422
, 9421
, 9421
, 9420
, 9420
, 9419
, 9419
, 9418
, 9418
, 9417
, 9417
, 9416
, 9416
, 9415
, 9415
, 9414
, 9414
, 9413
, 9413
, 9412
, 9412
, 9411
, 9411
, 9410
, 9410
, 9409
, 9409
, 9408
, 9408
, 9407
, 9407
, 9406
, 9406
, 9405
, 9405
, 9404
, 9404
, 9403
, 9403
, 9402
, 9402
, 9401
, 9401
, 9400
, 9400
, 9399
, 9399
, 9398
, 9398
, 9397
, 9397
, 9396
, 9396
, 9395
, 9395
, 9394
, 9394
, 9393
, 9393
, 9392
, 9392
, 9391
, 9391
, 9390
, 9390
, 9389
, 9389
, 9388
, 9388
, 9387
, 9387
, 9386
, 9386
, 9385
, 9385
, 9384
, 9384
, 9383
, 9383
, 9382
, 9382
, 9381
, 9381
, 9380
, 9380
, 9379
, 9379
, 9378
, 9378
, 9377
, 9377
, 9376
, 9376
, 9375
, 9375
, 9374
, 9374
, 9373
, 9373
, 9372
, 9372
, 9371
, 9371
, 9370
, 9370
, 9369
, 9369
, 9368
, 9368
, 9367
, 9367
, 9366
, 9366
, 9365
, 9365
, 9364
, 9364
, 9363
, 9363
, 9362
, 9362
, 9361
, 9361
, 9360
, 9360
, 9359
, 9359
, 9358
, 9358
, 9357
, 9357
, 9356
, 9356
, 9355
, 9355
, 9354
, 9354
, 9353
, 9353
, 9352
, 9352
, 9351
, 9351
, 9350
, 9350
, 9349
, 9349
, 9348
, 9348
, 9347
, 9347
, 9346
, 9346
, 9345
, 9345
, 9344
, 9344
, 9343
, 9343
, 9342
, 9342
, 9341
, 9341
, 9340
, 9340
, 9339
, 9339
, 9338
, 9338
, 9337
, 9337
, 9336
, 9336
, 9335
, 9335
, 9334
, 9334
, 9333
, 9333
, 9332
, 9332
, 9331
, 9331
, 9330
, 9330
, 9329
, 9329
, 9328
, 9328
, 9327
, 9327
, 9326
, 9326
, 9325
, 9325
, 9324
, 9324
, 9323
, 9323
, 9322
, 9322
, 9321
, 9321
, 9320
, 9320
, 9319
, 9319
, 9318
, 9318
, 9317
, 9317
, 9316
, 9316
, 9315
, 9315
, 9314
, 9314
, 9313
, 9313
, 9312
, 9312
, 9311
, 9311
, 9310
, 9310
, 9309
, 9309
, 9308
, 9308
, 9307
, 9307
, 9306
, 9306
, 9305
, 9305
, 9304
, 9304
, 9303
, 9303
, 9302
, 9302
, 9301
, 9301
, 9300
, 9300
, 9299
, 9299
, 9298
, 9298
, 9297
, 9297
, 9296
, 9296
, 9295
, 9295
, 9294
, 9294
, 9293
, 9293
, 9292
, 9292
, 9291
, 9291
, 9290
, 9290
, 9289
, 9289
, 9288
, 9288
, 9287
, 9287
, 9286
, 9286
, 9285
, 9285
, 9284
, 9284
, 9283
, 9283
, 9282
, 9282
, 9281
, 9281
, 9280
, 9280
, 9279
, 9279
, 9278
, 9278
, 9277
, 9277
, 9276
, 9276
, 9275
, 9275
, 9274
, 9274
, 9273
, 9273
, 9272
, 9272
, 9271
, 9271
, 9270
, 9270
, 9269
, 9269
, 9268
, 9268
, 9267
, 9267
, 9266
, 9266
, 9265
, 9265
, 9264
, 9264
, 9263
, 9263
, 9262
, 9262
, 9261
, 9261
, 9260
, 9260
, 9259
, 9259
, 9258
, 9258
, 9257
, 9257
, 9256
, 9256
, 9255
, 9255
, 9254
, 9254
, 9253
, 9253
, 9252
, 9252
, 9251
, 9251
, 9250
, 9250
, 9249
, 9249
, 9248
, 9248
, 9247
, 9247
, 9246
, 9246
, 9245
, 9245
, 9244
, 9244
, 9243
, 9243
, 9242
, 9242
, 9241
, 9241
, 9240
, 9240
, 9239
, 9239
, 9238
, 9238
, 9237
, 9237
, 9236
, 9236
, 9235
, 9235
, 9234
, 9234
, 9233
, 9233
, 9232
, 9232
, 9231
, 9231
, 9230
, 9230
, 9229
, 9229
, 9228
, 9228
, 9227
, 9227
, 9226
, 9226
, 9225
, 9225
, 9224
, 9224
, 9223
, 9223
, 9222
, 9222
, 9221
, 9221
, 9220
, 9220
, 9219
, 9219
, 9218
, 9218
, 9217
, 9217
, 9216
, 9216
, 9215
, 9215
, 9214
, 9214
, 9213
, 9213
, 9212
, 9212
, 9211
, 9211
, 9210
, 9210
, 9209
, 9209
, 9208
, 9208
, 9207
, 9207
, 9206
, 9206
, 9205
, 9205
, 9204
, 9204
, 9203
, 9203
, 9202
, 9202
, 9201
, 9201
, 9200
, 9200
, 9199
, 9199
, 9198
, 9198
, 9197
, 9197
, 9196
, 9196
, 9195
, 9195
, 9194
, 9194
, 9193
, 9193
, 9192
, 9192
, 9191
, 9191
, 9190
, 9190
, 9189
, 9189
, 9188
, 9188
, 9187
, 9187
, 9186
, 9186
, 9185
, 9185
, 9184
, 9184
, 9183
, 9183
, 9182
, 9182
, 9181
, 9181
, 9180
, 9180
, 9179
, 9179
, 9178
, 9178
, 9177
, 9177
, 9176
, 9176
, 9175
, 9175
, 9174
, 9174
, 9173
, 9173
, 9172
, 9172
, 9171
, 9171
, 9170
, 9170
, 9169
, 9169
, 9168
, 9168
, 9167
, 9167
, 9166
, 9166
, 9165
, 9165
, 9164
, 9164
, 9163
, 9163
, 9162
, 9162
, 9161
, 9161
, 9160
, 9160
, 9159
, 9159
, 9158
, 9158
, 9157
, 9157
, 9156
, 9156
, 9155
, 9155
, 9154
, 9154
, 9153
, 9153
, 9152
, 9152
, 9151
, 9151
, 9150
, 9150
, 9149
, 9149
, 9148
, 9148
, 9147
, 9147
, 9146
, 9146
, 9145
, 9145
, 9144
, 9144
, 9143
, 9143
, 9142
, 9142
, 9141
, 9141
, 9140
, 9140
, 9139
, 9139
, 9138
, 9138
, 9137
, 9137
, 9136
, 9136
, 9135
, 9135
, 9134
, 9134
, 9133
, 9133
, 9132
, 9132
, 9131
, 9131
, 9130
, 9130
, 9129
, 9129
, 9128
, 9128
, 9127
, 9127
, 9126
, 9126
, 9125
, 9125
, 9124
, 9124
, 9123
, 9123
, 9122
, 9122
, 9121
, 9121
, 9120
, 9120
, 9119
, 9119
, 9118
, 9118
, 9117
, 9117
, 9116
, 9116
, 9115
, 9115
, 9114
, 9114
, 9113
, 9113
, 9112
, 9112
, 9111
, 9111
, 9110
, 9110
, 9109
, 9109
, 9108
, 9108
, 9107
, 9107
, 9106
, 9106
, 9105
, 9105
, 9104
, 9104
, 9103
, 9103
, 9102
, 9102
, 9101
, 9101
, 9100
, 9100
, 9099
, 9099
, 9098
, 9098
, 9097
, 9097
, 9096
, 9096
, 9095
, 9095
, 9094
, 9094
, 9093
, 9093
, 9092
, 9092
, 9091
, 9091
, 9090
, 9090
, 9089
, 9089
, 9088
, 9088
, 9087
, 9087
, 9086
, 9086
, 9085
, 9085
, 9084
, 9084
, 9083
, 9083
, 9082
, 9082
, 9081
, 9081
, 9080
, 9080
, 9079
, 9079
, 9078
, 9078
, 9077
, 9077
, 9076
, 9076
, 9075
, 9075
, 9074
, 9074
, 9073
, 9073
, 9072
, 9072
, 9071
, 9071
, 9070
, 9070
, 9069
, 9069
, 9068
, 9068
, 9067
, 9067
, 9066
, 9066
, 9065
, 9065
, 9064
, 9064
, 9063
, 9063
, 9062
, 9062
, 9061
, 9061
, 9060
, 9060
, 9059
, 9059
, 9058
, 9058
, 9057
, 9057
, 9056
, 9056
, 9055
, 9055
, 9054
, 9054
, 9053
, 9053
, 9052
, 9052
, 9051
, 9051
, 9050
, 9050
, 9049
, 9049
, 9048
, 9048
, 9047
, 9047
, 9046
, 9046
, 9045
, 9045
, 9044
, 9044
, 9043
, 9043
, 9042
, 9042
, 9041
, 9041
, 9040
, 9040
, 9039
, 9039
, 9038
, 9038
, 9037
, 9037
, 9036
, 9036
, 9035
, 9035
, 9034
, 9034
, 9033
, 9033
, 9032
, 9032
, 9031
, 9031
, 9030
, 9030
, 9029
, 9029
, 9028
, 9028
, 9027
, 9027
, 9026
, 9026
, 9025
, 9025
, 9024
, 9024
, 9023
, 9023
, 9022
, 9022
, 9021
, 9021
, 9020
, 9020
, 9019
, 9019
, 9018
, 9018
, 9017
, 9017
, 9016
, 9016
, 9015
, 9015
, 9014
, 9014
, 9013
, 9013
, 9012
, 9012
, 9011
, 9011
, 9010
, 9010
, 9009
, 9009
, 9008
, 9008
, 9007
, 9007
, 9006
, 9006
, 9005
, 9005
, 9004
, 9004
, 9003
, 9003
, 9002
, 9002
, 9001
, 9001
, 9000
, 9000
, 8999
, 8999
, 8998
, 8998
, 8997
, 8997
, 8996
, 8996
, 8995
, 8995
, 8994
, 8994
, 8993
, 8993
, 8992
, 8992
, 8991
, 8991
, 8990
, 8990
, 8989
, 8989
, 8988
, 8988
, 8987
, 8987
, 8986
, 8986
, 8985
, 8985
, 8984
, 8984
, 8983
, 8983
, 8982
, 8982
, 8981
, 8981
, 8980
, 8980
, 8979
, 8979
, 8978
, 8978
, 8977
, 8977
, 8976
, 8976
, 8975
, 8975
, 8974
, 8974
, 8973
, 8973
, 8972
, 8972
, 8971
, 8971
, 8970
, 8970
, 8969
, 8969
, 8968
, 8968
, 8967
, 8967
, 8966
, 8966
, 8965
, 8965
, 8964
, 8964
, 8963
, 8963
, 8962
, 8962
, 8961
, 8961
, 8960
, 8960
, 8959
, 8959
, 8958
, 8958
, 8957
, 8957
, 8956
, 8956
, 8955
, 8955
, 8954
, 8954
, 8953
, 8953
, 8952
, 8952
, 8951
, 8951
, 8950
, 8950
, 8949
, 8949
, 8948
, 8948
, 8947
, 8947
, 8946
, 8946
, 8945
, 8945
, 8944
, 8944
, 8943
, 8943
, 8942
, 8942
, 8941
, 8941
, 8940
, 8940
, 8939
, 8939
, 8938
, 8938
, 8937
, 8937
, 8936
, 8936
, 8935
, 8935
, 8934
, 8934
, 8933
, 8933
, 8932
, 8932
, 8931
, 8931
, 8930
, 8930
, 8929
, 8929
, 8928
, 8928
, 8927
, 8927
, 8926
, 8926
, 8925
, 8925
, 8924
, 8924
, 8923
, 8923
, 8922
, 8922
, 8921
, 8921
, 8920
, 8920
, 8919
, 8919
, 8918
, 8918
, 8917
, 8917
, 8916
, 8916
, 8915
, 8915
, 8914
, 8914
, 8913
, 8913
, 8912
, 8912
, 8911
, 8911
, 8910
, 8910
, 8909
, 8909
, 8908
, 8908
, 8907
, 8907
, 8906
, 8906
, 8905
, 8905
, 8904
, 8904
, 8903
, 8903
, 8902
, 8902
, 8901
, 8901
, 8900
, 8900
, 8899
, 8899
, 8898
, 8898
, 8897
, 8897
, 8896
, 8896
, 8895
, 8895
, 8894
, 8894
, 8893
, 8893
, 8892
, 8892
, 8891
, 8891
, 8890
, 8890
, 8889
, 8889
, 8888
, 8888
, 8887
, 8887
, 8886
, 8886
, 8885
, 8885
, 8884
, 8884
, 8883
, 8883
, 8882
, 8882
, 8881
, 8881
, 8880
, 8880
, 8879
, 8879
, 8878
, 8878
, 8877
, 8877
, 8876
, 8876
, 8875
, 8875
, 8874
, 8874
, 8873
, 8873
, 8872
, 8872
, 8871
, 8871
, 8870
, 8870
, 8869
, 8869
, 8868
, 8868
, 8867
, 8867
, 8866
, 8866
, 8865
, 8865
, 8864
, 8864
, 8863
, 8863
, 8862
, 8862
, 8861
, 8861
, 8860
, 8860
, 8859
, 8859
, 8858
, 8858
, 8857
, 8857
, 8856
, 8856
, 8855
, 8855
, 8854
, 8854
, 8853
, 8853
, 8852
, 8852
, 8851
, 8851
, 8850
, 8850
, 8849
, 8849
, 8848
, 8848
, 8847
, 8847
, 8846
, 8846
, 8845
, 8845
, 8844
, 8844
, 8843
, 8843
, 8842
, 8842
, 8841
, 8841
, 8840
, 8840
, 8839
, 8839
, 8838
, 8838
, 8837
, 8837
, 8836
, 8836
, 8835
, 8835
, 8834
, 8834
, 8833
, 8833
, 8832
, 8832
, 8831
, 8831
, 8830
, 8830
, 8829
, 8829
, 8828
, 8828
, 8827
, 8827
, 8826
, 8826
, 8825
, 8825
, 8824
, 8824
, 8823
, 8823
, 8822
, 8822
, 8821
, 8821
, 8820
, 8820
, 8819
, 8819
, 8818
, 8818
, 8817
, 8817
, 8816
, 8816
, 8815
, 8815
, 8814
, 8814
, 8813
, 8813
, 8812
, 8812
, 8811
, 8811
, 8810
, 8810
, 8809
, 8809
, 8808
, 8808
, 8807
, 8807
, 8806
, 8806
, 8805
, 8805
, 8804
, 8804
, 8803
, 8803
, 8802
, 8802
, 8801
, 8801
, 8800
, 8800
, 8799
, 8799
, 8798
, 8798
, 8797
, 8797
, 8796
, 8796
, 8795
, 8795
, 8794
, 8794
, 8793
, 8793
, 8792
, 8792
, 8791
, 8791
, 8790
, 8790
, 8789
, 8789
, 8788
, 8788
, 8787
, 8787
, 8786
, 8786
, 8785
, 8785
, 8784
, 8784
, 8783
, 8783
, 8782
, 8782
, 8781
, 8781
, 8780
, 8780
, 8779
, 8779
, 8778
, 8778
, 8777
, 8777
, 8776
, 8776
, 8775
, 8775
, 8774
, 8774
, 8773
, 8773
, 8772
, 8772
, 8771
, 8771
, 8770
, 8770
, 8769
, 8769
, 8768
, 8768
, 8767
, 8767
, 8766
, 8766
, 8765
, 8765
, 8764
, 8764
, 8763
, 8763
, 8762
, 8762
, 8761
, 8761
, 8760
, 8760
, 8759
, 8759
, 8758
, 8758
, 8757
, 8757
, 8756
, 8756
, 8755
, 8755
, 8754
, 8754
, 8753
, 8753
, 8752
, 8752
, 8751
, 8751
, 8750
, 8750
, 8749
, 8749
, 8748
, 8748
, 8747
, 8747
, 8746
, 8746
, 8745
, 8745
, 8744
, 8744
, 8743
, 8743
, 8742
, 8742
, 8741
, 8741
, 8740
, 8740
, 8739
, 8739
, 8738
, 8738
, 8737
, 8737
, 8736
, 8736
, 8735
, 8735
, 8734
, 8734
, 8733
, 8733
, 8732
, 8732
, 8731
, 8731
, 8730
, 8730
, 8729
, 8729
, 8728
, 8728
, 8727
, 8727
, 8726
, 8726
, 8725
, 8725
, 8724
, 8724
, 8723
, 8723
, 8722
, 8722
, 8721
, 8721
, 8720
, 8720
, 8719
, 8719
, 8718
, 8718
, 8717
, 8717
, 8716
, 8716
, 8715
, 8715
, 8714
, 8714
, 8713
, 8713
, 8712
, 8712
, 8711
, 8711
, 8710
, 8710
, 8709
, 8709
, 8708
, 8708
, 8707
, 8707
, 8706
, 8706
, 8705
, 8705
, 8704
, 8704
, 8703
, 8703
, 8702
, 8702
, 8701
, 8701
, 8700
, 8700
, 8699
, 8699
, 8698
, 8698
, 8697
, 8697
, 8696
, 8696
, 8695
, 8695
, 8694
, 8694
, 8693
, 8693
, 8692
, 8692
, 8691
, 8691
, 8690
, 8690
, 8689
, 8689
, 8688
, 8688
, 8687
, 8687
, 8686
, 8686
, 8685
, 8685
, 8684
, 8684
, 8683
, 8683
, 8682
, 8682
, 8681
, 8681
, 8680
, 8680
, 8679
, 8679
, 8678
, 8678
, 8677
, 8677
, 8676
, 8676
, 8675
, 8675
, 8674
, 8674
, 8673
, 8673
, 8672
, 8672
, 8671
, 8671
, 8670
, 8670
, 8669
, 8669
, 8668
, 8668
, 8667
, 8667
, 8666
, 8666
, 8665
, 8665
, 8664
, 8664
, 8663
, 8663
, 8662
, 8662
, 8661
, 8661
, 8660
, 8660
, 8659
, 8659
, 8658
, 8658
, 8657
, 8657
, 8656
, 8656
, 8655
, 8655
, 8654
, 8654
, 8653
, 8653
, 8652
, 8652
, 8651
, 8651
, 8650
, 8650
, 8649
, 8649
, 8648
, 8648
, 8647
, 8647
, 8646
, 8646
, 8645
, 8645
, 8644
, 8644
, 8643
, 8643
, 8642
, 8642
, 8641
, 8641
, 8640
, 8640
, 8639
, 8639
, 8638
, 8638
, 8637
, 8637
, 8636
, 8636
, 8635
, 8635
, 8634
, 8634
, 8633
, 8633
, 8632
, 8632
, 8631
, 8631
, 8630
, 8630
, 8629
, 8629
, 8628
, 8628
, 8627
, 8627
, 8626
, 8626
, 8625
, 8625
, 8624
, 8624
, 8623
, 8623
, 8622
, 8622
, 8621
, 8621
, 8620
, 8620
, 8619
, 8619
, 8618
, 8618
, 8617
, 8617
, 8616
, 8616
, 8615
, 8615
, 8614
, 8614
, 8613
, 8613
, 8612
, 8612
, 8611
, 8611
, 8610
, 8610
, 8609
, 8609
, 8608
, 8608
, 8607
, 8607
, 8606
, 8606
, 8605
, 8605
, 8604
, 8604
, 8603
, 8603
, 8602
, 8602
, 8601
, 8601
, 8600
, 8600
, 8599
, 8599
, 8598
, 8598
, 8597
, 8597
, 8596
, 8596
, 8595
, 8595
, 8594
, 8594
, 8593
, 8593
, 8592
, 8592
, 8591
, 8591
, 8590
, 8590
, 8589
, 8589
, 8588
, 8588
, 8587
, 8587
, 8586
, 8586
, 8585
, 8585
, 8584
, 8584
, 8583
, 8583
, 8582
, 8582
, 8581
, 8581
, 8580
, 8580
, 8579
, 8579
, 8578
, 8578
, 8577
, 8577
, 8576
, 8576
, 8575
, 8575
, 8574
, 8574
, 8573
, 8573
, 8572
, 8572
, 8571
, 8571
, 8570
, 8570
, 8569
, 8569
, 8568
, 8568
, 8567
, 8567
, 8566
, 8566
, 8565
, 8565
, 8564
, 8564
, 8563
, 8563
, 8562
, 8562
, 8561
, 8561
, 8560
, 8560
, 8559
, 8559
, 8558
, 8558
, 8557
, 8557
, 8556
, 8556
, 8555
, 8555
, 8554
, 8554
, 8553
, 8553
, 8552
, 8552
, 8551
, 8551
, 8550
, 8550
, 8549
, 8549
, 8548
, 8548
, 8547
, 8547
, 8546
, 8546
, 8545
, 8545
, 8544
, 8544
, 8543
, 8543
, 8542
, 8542
, 8541
, 8541
, 8540
, 8540
, 8539
, 8539
, 8538
, 8538
, 8537
, 8537
, 8536
, 8536
, 8535
, 8535
, 8534
, 8534
, 8533
, 8533
, 8532
, 8532
, 8531
, 8531
, 8530
, 8530
, 8529
, 8529
, 8528
, 8528
, 8527
, 8527
, 8526
, 8526
, 8525
, 8525
, 8524
, 8524
, 8523
, 8523
, 8522
, 8522
, 8521
, 8521
, 8520
, 8520
, 8519
, 8519
, 8518
, 8518
, 8517
, 8517
, 8516
, 8516
, 8515
, 8515
, 8514
, 8514
, 8513
, 8513
, 8512
, 8512
, 8511
, 8511
, 8510
, 8510
, 8509
, 8509
, 8508
, 8508
, 8507
, 8507
, 8506
, 8506
, 8505
, 8505
, 8504
, 8504
, 8503
, 8503
, 8502
, 8502
, 8501
, 8501
, 8500
, 8500
, 8499
, 8499
, 8498
, 8498
, 8497
, 8497
, 8496
, 8496
, 8495
, 8495
, 8494
, 8494
, 8493
, 8493
, 8492
, 8492
, 8491
, 8491
, 8490
, 8490
, 8489
, 8489
, 8488
, 8488
, 8487
, 8487
, 8486
, 8486
, 8485
, 8485
, 8484
, 8484
, 8483
, 8483
, 8482
, 8482
, 8481
, 8481
, 8480
, 8480
, 8479
, 8479
, 8478
, 8478
, 8477
, 8477
, 8476
, 8476
, 8475
, 8475
, 8474
, 8474
, 8473
, 8473
, 8472
, 8472
, 8471
, 8471
, 8470
, 8470
, 8469
, 8469
, 8468
, 8468
, 8467
, 8467
, 8466
, 8466
, 8465
, 8465
, 8464
, 8464
, 8463
, 8463
, 8462
, 8462
, 8461
, 8461
, 8460
, 8460
, 8459
, 8459
, 8458
, 8458
, 8457
, 8457
, 8456
, 8456
, 8455
, 8455
, 8454
, 8454
, 8453
, 8453
, 8452
, 8452
, 8451
, 8451
, 8450
, 8450
, 8449
, 8449
, 8448
, 8448
, 8447
, 8447
, 8446
, 8446
, 8445
, 8445
, 8444
, 8444
, 8443
, 8443
, 8442
, 8442
, 8441
, 8441
, 8440
, 8440
, 8439
, 8439
, 8438
, 8438
, 8437
, 8437
, 8436
, 8436
, 8435
, 8435
, 8434
, 8434
, 8433
, 8433
, 8432
, 8432
, 8431
, 8431
, 8430
, 8430
, 8429
, 8429
, 8428
, 8428
, 8427
, 8427
, 8426
, 8426
, 8425
, 8425
, 8424
, 8424
, 8423
, 8423
, 8422
, 8422
, 8421
, 8421
, 8420
, 8420
, 8419
, 8419
, 8418
, 8418
, 8417
, 8417
, 8416
, 8416
, 8415
, 8415
, 8414
, 8414
, 8413
, 8413
, 8412
, 8412
, 8411
, 8411
, 8410
, 8410
, 8409
, 8409
, 8408
, 8408
, 8407
, 8407
, 8406
, 8406
, 8405
, 8405
, 8404
, 8404
, 8403
, 8403
, 8402
, 8402
, 8401
, 8401
, 8400
, 8400
, 8399
, 8399
, 8398
, 8398
, 8397
, 8397
, 8396
, 8396
, 8395
, 8395
, 8394
, 8394
, 8393
, 8393
, 8392
, 8392
, 8391
, 8391
, 8390
, 8390
, 8389
, 8389
, 8388
, 8388
, 8387
, 8387
, 8386
, 8386
, 8385
, 8385
, 8384
, 8384
, 8383
, 8383
, 8382
, 8382
, 8381
, 8381
, 8380
, 8380
, 8379
, 8379
, 8378
, 8378
, 8377
, 8377
, 8376
, 8376
, 8375
, 8375
, 8374
, 8374
, 8373
, 8373
, 8372
, 8372
, 8371
, 8371
, 8370
, 8370
, 8369
, 8369
, 8368
, 8368
, 8367
, 8367
, 8366
, 8366
, 8365
, 8365
, 8364
, 8364
, 8363
, 8363
, 8362
, 8362
, 8361
, 8361
, 8360
, 8360
, 8359
, 8359
, 8358
, 8358
, 8357
, 8357
, 8356
, 8356
, 8355
, 8355
, 8354
, 8354
, 8353
, 8353
, 8352
, 8352
, 8351
, 8351
, 8350
, 8350
, 8349
, 8349
, 8348
, 8348
, 8347
, 8347
, 8346
, 8346
, 8345
, 8345
, 8344
, 8344
, 8343
, 8343
, 8342
, 8342
, 8341
, 8341
, 8340
, 8340
, 8339
, 8339
, 8338
, 8338
, 8337
, 8337
, 8336
, 8336
, 8335
, 8335
, 8334
, 8334
, 8333
, 8333
, 8332
, 8332
, 8331
, 8331
, 8330
, 8330
, 8329
, 8329
, 8328
, 8328
, 8327
, 8327
, 8326
, 8326
, 8325
, 8325
, 8324
, 8324
, 8323
, 8323
, 8322
, 8322
, 8321
, 8321
, 8320
, 8320
, 8319
, 8319
, 8318
, 8318
, 8317
, 8317
, 8316
, 8316
, 8315
, 8315
, 8314
, 8314
, 8313
, 8313
, 8312
, 8312
, 8311
, 8311
, 8310
, 8310
, 8309
, 8309
, 8308
, 8308
, 8307
, 8307
, 8306
, 8306
, 8305
, 8305
, 8304
, 8304
, 8303
, 8303
, 8302
, 8302
, 8301
, 8301
, 8300
, 8300
, 8299
, 8299
, 8298
, 8298
, 8297
, 8297
, 8296
, 8296
, 8295
, 8295
, 8294
, 8294
, 8293
, 8293
, 8292
, 8292
, 8291
, 8291
, 8290
, 8290
, 8289
, 8289
, 8288
, 8288
, 8287
, 8287
, 8286
, 8286
, 8285
, 8285
, 8284
, 8284
, 8283
, 8283
, 8282
, 8282
, 8281
, 8281
, 8280
, 8280
, 8279
, 8279
, 8278
, 8278
, 8277
, 8277
, 8276
, 8276
, 8275
, 8275
, 8274
, 8274
, 8273
, 8273
, 8272
, 8272
, 8271
, 8271
, 8270
, 8270
, 8269
, 8269
, 8268
, 8268
, 8267
, 8267
, 8266
, 8266
, 8265
, 8265
, 8264
, 8264
, 8263
, 8263
, 8262
, 8262
, 8261
, 8261
, 8260
, 8260
, 8259
, 8259
, 8258
, 8258
, 8257
, 8257
, 8256
, 8256
, 8255
, 8255
, 8254
, 8254
, 8253
, 8253
, 8252
, 8252
, 8251
, 8251
, 8250
, 8250
, 8249
, 8249
, 8248
, 8248
, 8247
, 8247
, 8246
, 8246
, 8245
, 8245
, 8244
, 8244
, 8243
, 8243
, 8242
, 8242
, 8241
, 8241
, 8240
, 8240
, 8239
, 8239
, 8238
, 8238
, 8237
, 8237
, 8236
, 8236
, 8235
, 8235
, 8234
, 8234
, 8233
, 8233
, 8232
, 8232
, 8231
, 8231
, 8230
, 8230
, 8229
, 8229
, 8228
, 8228
, 8227
, 8227
, 8226
, 8226
, 8225
, 8225
, 8224
, 8224
, 8223
, 8223
, 8222
, 8222
, 8221
, 8221
, 8220
, 8220
, 8219
, 8219
, 8218
, 8218
, 8217
, 8217
, 8216
, 8216
, 8215
, 8215
, 8214
, 8214
, 8213
, 8213
, 8212
, 8212
, 8211
, 8211
, 8210
, 8210
, 8209
, 8209
, 8208
, 8208
, 8207
, 8207
, 8206
, 8206
, 8205
, 8205
, 8204
, 8204
, 8203
, 8203
, 8202
, 8202
, 8201
, 8201
, 8200
, 8200
, 8199
, 8199
, 8198
, 8198
, 8197
, 8197
, 8196
, 8196
, 8195
, 8195
, 8194
, 8194
, 8193
, 8193
, 8192
, 8192
, 8191
, 8191
, 8190
, 8190
, 8189
, 8189
, 8188
, 8188
, 8187
, 8187
, 8186
, 8186
, 8185
, 8185
, 8184
, 8184
, 8183
, 8183
, 8182
, 8182
, 8181
, 8181
, 8180
, 8180
, 8179
, 8179
, 8178
, 8178
, 8177
, 8177
, 8176
, 8176
, 8175
, 8175
, 8174
, 8174
, 8173
, 8173
, 8172
, 8172
, 8171
, 8171
, 8170
, 8170
, 8169
, 8169
, 8168
, 8168
, 8167
, 8167
, 8166
, 8166
, 8165
, 8165
, 8164
, 8164
, 8163
, 8163
, 8162
, 8162
, 8161
, 8161
, 8160
, 8160
, 8159
, 8159
, 8158
, 8158
, 8157
, 8157
, 8156
, 8156
, 8155
, 8155
, 8154
, 8154
, 8153
, 8153
, 8152
, 8152
, 8151
, 8151
, 8150
, 8150
, 8149
, 8149
, 8148
, 8148
, 8147
, 8147
, 8146
, 8146
, 8145
, 8145
, 8144
, 8144
, 8143
, 8143
, 8142
, 8142
, 8141
, 8141
, 8140
, 8140
, 8139
, 8139
, 8138
, 8138
, 8137
, 8137
, 8136
, 8136
, 8135
, 8135
, 8134
, 8134
, 8133
, 8133
, 8132
, 8132
, 8131
, 8131
, 8130
, 8130
, 8129
, 8129
, 8128
, 8128
, 8127
, 8127
, 8126
, 8126
, 8125
, 8125
, 8124
, 8124
, 8123
, 8123
, 8122
, 8122
, 8121
, 8121
, 8120
, 8120
, 8119
, 8119
, 8118
, 8118
, 8117
, 8117
, 8116
, 8116
, 8115
, 8115
, 8114
, 8114
, 8113
, 8113
, 8112
, 8112
, 8111
, 8111
, 8110
, 8110
, 8109
, 8109
, 8108
, 8108
, 8107
, 8107
, 8106
, 8106
, 8105
, 8105
, 8104
, 8104
, 8103
, 8103
, 8102
, 8102
, 8101
, 8101
, 8100
, 8100
, 8099
, 8099
, 8098
, 8098
, 8097
, 8097
, 8096
, 8096
, 8095
, 8095
, 8094
, 8094
, 8093
, 8093
, 8092
, 8092
, 8091
, 8091
, 8090
, 8090
, 8089
, 8089
, 8088
, 8088
, 8087
, 8087
, 8086
, 8086
, 8085
, 8085
, 8084
, 8084
, 8083
, 8083
, 8082
, 8082
, 8081
, 8081
, 8080
, 8080
, 8079
, 8079
, 8078
, 8078
, 8077
, 8077
, 8076
, 8076
, 8075
, 8075
, 8074
, 8074
, 8073
, 8073
, 8072
, 8072
, 8071
, 8071
, 8070
, 8070
, 8069
, 8069
, 8068
, 8068
, 8067
, 8067
, 8066
, 8066
, 8065
, 8065
, 8064
, 8064
, 8063
, 8063
, 8062
, 8062
, 8061
, 8061
, 8060
, 8060
, 8059
, 8059
, 8058
, 8058
, 8057
, 8057
, 8056
, 8056
, 8055
, 8055
, 8054
, 8054
, 8053
, 8053
, 8052
, 8052
, 8051
, 8051
, 8050
, 8050
, 8049
, 8049
, 8048
, 8048
, 8047
, 8047
, 8046
, 8046
, 8045
, 8045
, 8044
, 8044
, 8043
, 8043
, 8042
, 8042
, 8041
, 8041
, 8040
, 8040
, 8039
, 8039
, 8038
, 8038
, 8037
, 8037
, 8036
, 8036
, 8035
, 8035
, 8034
, 8034
, 8033
, 8033
, 8032
, 8032
, 8031
, 8031
, 8030
, 8030
, 8029
, 8029
, 8028
, 8028
, 8027
, 8027
, 8026
, 8026
, 8025
, 8025
, 8024
, 8024
, 8023
, 8023
, 8022
, 8022
, 8021
, 8021
, 8020
, 8020
, 8019
, 8019
, 8018
, 8018
, 8017
, 8017
, 8016
, 8016
, 8015
, 8015
, 8014
, 8014
, 8013
, 8013
, 8012
, 8012
, 8011
, 8011
, 8010
, 8010
, 8009
, 8009
, 8008
, 8008
, 8007
, 8007
, 8006
, 8006
, 8005
, 8005
, 8004
, 8004
, 8003
, 8003
, 8002
, 8002
, 8001
, 8001
, 8000
, 8000
, 7999
, 7999
, 7998
, 7998
, 7997
, 7997
, 7996
, 7996
, 7995
, 7995
, 7994
, 7994
, 7993
, 7993
, 7992
, 7992
, 7991
, 7991
, 7990
, 7990
, 7989
, 7989
, 7988
, 7988
, 7987
, 7987
, 7986
, 7986
, 7985
, 7985
, 7984
, 7984
, 7983
, 7983
, 7982
, 7982
, 7981
, 7981
, 7980
, 7980
, 7979
, 7979
, 7978
, 7978
, 7977
, 7977
, 7976
, 7976
, 7975
, 7975
, 7974
, 7974
, 7973
, 7973
, 7972
, 7972
, 7971
, 7971
, 7970
, 7970
, 7969
, 7969
, 7968
, 7968
, 7967
, 7967
, 7966
, 7966
, 7965
, 7965
, 7964
, 7964
, 7963
, 7963
, 7962
, 7962
, 7961
, 7961
, 7960
, 7960
, 7959
, 7959
, 7958
, 7958
, 7957
, 7957
, 7956
, 7956
, 7955
, 7955
, 7954
, 7954
, 7953
, 7953
, 7952
, 7952
, 7951
, 7951
, 7950
, 7950
, 7949
, 7949
, 7948
, 7948
, 7947
, 7947
, 7946
, 7946
, 7945
, 7945
, 7944
, 7944
, 7943
, 7943
, 7942
, 7942
, 7941
, 7941
, 7940
, 7940
, 7939
, 7939
, 7938
, 7938
, 7937
, 7937
, 7936
, 7936
, 7935
, 7935
, 7934
, 7934
, 7933
, 7933
, 7932
, 7932
, 7931
, 7931
, 7930
, 7930
, 7929
, 7929
, 7928
, 7928
, 7927
, 7927
, 7926
, 7926
, 7925
, 7925
, 7924
, 7924
, 7923
, 7923
, 7922
, 7922
, 7921
, 7921
, 7920
, 7920
, 7919
, 7919
, 7918
, 7918
, 7917
, 7917
, 7916
, 7916
, 7915
, 7915
, 7914
, 7914
, 7913
, 7913
, 7912
, 7912
, 7911
, 7911
, 7910
, 7910
, 7909
, 7909
, 7908
, 7908
, 7907
, 7907
, 7906
, 7906
, 7905
, 7905
, 7904
, 7904
, 7903
, 7903
, 7902
, 7902
, 7901
, 7901
, 7900
, 7900
, 7899
, 7899
, 7898
, 7898
, 7897
, 7897
, 7896
, 7896
, 7895
, 7895
, 7894
, 7894
, 7893
, 7893
, 7892
, 7892
, 7891
, 7891
, 7890
, 7890
, 7889
, 7889
, 7888
, 7888
, 7887
, 7887
, 7886
, 7886
, 7885
, 7885
, 7884
, 7884
, 7883
, 7883
, 7882
, 7882
, 7881
, 7881
, 7880
, 7880
, 7879
, 7879
, 7878
, 7878
, 7877
, 7877
, 7876
, 7876
, 7875
, 7875
, 7874
, 7874
, 7873
, 7873
, 7872
, 7872
, 7871
, 7871
, 7870
, 7870
, 7869
, 7869
, 7868
, 7868
, 7867
, 7867
, 7866
, 7866
, 7865
, 7865
, 7864
, 7864
, 7863
, 7863
, 7862
, 7862
, 7861
, 7861
, 7860
, 7860
, 7859
, 7859
, 7858
, 7858
, 7857
, 7857
, 7856
, 7856
, 7855
, 7855
, 7854
, 7854
, 7853
, 7853
, 7852
, 7852
, 7851
, 7851
, 7850
, 7850
, 7849
, 7849
, 7848
, 7848
, 7847
, 7847
, 7846
, 7846
, 7845
, 7845
, 7844
, 7844
, 7843
, 7843
, 7842
, 7842
, 7841
, 7841
, 7840
, 7840
, 7839
, 7839
, 7838
, 7838
, 7837
, 7837
, 7836
, 7836
, 7835
, 7835
, 7834
, 7834
, 7833
, 7833
, 7832
, 7832
, 7831
, 7831
, 7830
, 7830
, 7829
, 7829
, 7828
, 7828
, 7827
, 7827
, 7826
, 7826
, 7825
, 7825
, 7824
, 7824
, 7823
, 7823
, 7822
, 7822
, 7821
, 7821
, 7820
, 7820
, 7819
, 7819
, 7818
, 7818
, 7817
, 7817
, 7816
, 7816
, 7815
, 7815
, 7814
, 7814
, 7813
, 7813
, 7812
, 7812
, 7811
, 7811
, 7810
, 7810
, 7809
, 7809
, 7808
, 7808
, 7807
, 7807
, 7806
, 7806
, 7805
, 7805
, 7804
, 7804
, 7803
, 7803
, 7802
, 7802
, 7801
, 7801
, 7800
, 7800
, 7799
, 7799
, 7798
, 7798
, 7797
, 7797
, 7796
, 7796
, 7795
, 7795
, 7794
, 7794
, 7793
, 7793
, 7792
, 7792
, 7791
, 7791
, 7790
, 7790
, 7789
, 7789
, 7788
, 7788
, 7787
, 7787
, 7786
, 7786
, 7785
, 7785
, 7784
, 7784
, 7783
, 7783
, 7782
, 7782
, 7781
, 7781
, 7780
, 7780
, 7779
, 7779
, 7778
, 7778
, 7777
, 7777
, 7776
, 7776
, 7775
, 7775
, 7774
, 7774
, 7773
, 7773
, 7772
, 7772
, 7771
, 7771
, 7770
, 7770
, 7769
, 7769
, 7768
, 7768
, 7767
, 7767
, 7766
, 7766
, 7765
, 7765
, 7764
, 7764
, 7763
, 7763
, 7762
, 7762
, 7761
, 7761
, 7760
, 7760
, 7759
, 7759
, 7758
, 7758
, 7757
, 7757
, 7756
, 7756
, 7755
, 7755
, 7754
, 7754
, 7753
, 7753
, 7752
, 7752
, 7751
, 7751
, 7750
, 7750
, 7749
, 7749
, 7748
, 7748
, 7747
, 7747
, 7746
, 7746
, 7745
, 7745
, 7744
, 7744
, 7743
, 7743
, 7742
, 7742
, 7741
, 7741
, 7740
, 7740
, 7739
, 7739
, 7738
, 7738
, 7737
, 7737
, 7736
, 7736
, 7735
, 7735
, 7734
, 7734
, 7733
, 7733
, 7732
, 7732
, 7731
, 7731
, 7730
, 7730
, 7729
, 7729
, 7728
, 7728
, 7727
, 7727
, 7726
, 7726
, 7725
, 7725
, 7724
, 7724
, 7723
, 7723
, 7722
, 7722
, 7721
, 7721
, 7720
, 7720
, 7719
, 7719
, 7718
, 7718
, 7717
, 7717
, 7716
, 7716
, 7715
, 7715
, 7714
, 7714
, 7713
, 7713
, 7712
, 7712
, 7711
, 7711
, 7710
, 7710
, 7709
, 7709
, 7708
, 7708
, 7707
, 7707
, 7706
, 7706
, 7705
, 7705
, 7704
, 7704
, 7703
, 7703
, 7702
, 7702
, 7702
