
10100
, 20199
, 20199
, 20198
, 20198
, 20197
, 20197
, 20196
, 20196
, 20195
, 20195
, 20194
, 20194
, 20193
, 20193
, 20192
, 20192
, 20191
, 20191
, 20190
, 20190
, 20189
, 20189
, 20188
, 20188
, 20187
, 20187
, 20186
, 20186
, 20185
, 20185
, 20184
, 20184
, 20183
, 20183
, 20182
, 20182
, 20181
, 20181
, 20180
, 20180
, 20179
, 20179
, 20178
, 20178
, 20177
, 20177
, 20176
, 20176
, 20175
, 20175
, 20174
, 20174
, 20173
, 20173
, 20172
, 20172
, 20171
, 20171
, 20170
, 20170
, 20169
, 20169
, 20168
, 20168
, 20167
, 20167
, 20166
, 20166
, 20165
, 20165
, 20164
, 20164
, 20163
, 20163
, 20162
, 20162
, 20161
, 20161
, 20160
, 20160
, 20159
, 20159
, 20158
, 20158
, 20157
, 20157
, 20156
, 20156
, 20155
, 20155
, 20154
, 20154
, 20153
, 20153
, 20152
, 20152
, 20151
, 20151
, 20150
, 20150
, 20149
, 20149
, 20148
, 20148
, 20147
, 20147
, 20146
, 20146
, 20145
, 20145
, 20144
, 20144
, 20143
, 20143
, 20142
, 20142
, 20141
, 20141
, 20140
, 20140
, 20139
, 20139
, 20138
, 20138
, 20137
, 20137
, 20136
, 20136
, 20135
, 20135
, 20134
, 20134
, 20133
, 20133
, 20132
, 20132
, 20131
, 20131
, 20130
, 20130
, 20129
, 20129
, 20128
, 20128
, 20127
, 20127
, 20126
, 20126
, 20125
, 20125
, 20124
, 20124
, 20123
, 20123
, 20122
, 20122
, 20121
, 20121
, 20120
, 20120
, 20119
, 20119
, 20118
, 20118
, 20117
, 20117
, 20116
, 20116
, 20115
, 20115
, 20114
, 20114
, 20113
, 20113
, 20112
, 20112
, 20111
, 20111
, 20110
, 20110
, 20109
, 20109
, 20108
, 20108
, 20107
, 20107
, 20106
, 20106
, 20105
, 20105
, 20104
, 20104
, 20103
, 20103
, 20102
, 20102
, 20101
, 20101
, 20100
, 20100
, 20099
, 20099
, 20098
, 20098
, 20097
, 20097
, 20096
, 20096
, 20095
, 20095
, 20094
, 20094
, 20093
, 20093
, 20092
, 20092
, 20091
, 20091
, 20090
, 20090
, 20089
, 20089
, 20088
, 20088
, 20087
, 20087
, 20086
, 20086
, 20085
, 20085
, 20084
, 20084
, 20083
, 20083
, 20082
, 20082
, 20081
, 20081
, 20080
, 20080
, 20079
, 20079
, 20078
, 20078
, 20077
, 20077
, 20076
, 20076
, 20075
, 20075
, 20074
, 20074
, 20073
, 20073
, 20072
, 20072
, 20071
, 20071
, 20070
, 20070
, 20069
, 20069
, 20068
, 20068
, 20067
, 20067
, 20066
, 20066
, 20065
, 20065
, 20064
, 20064
, 20063
, 20063
, 20062
, 20062
, 20061
, 20061
, 20060
, 20060
, 20059
, 20059
, 20058
, 20058
, 20057
, 20057
, 20056
, 20056
, 20055
, 20055
, 20054
, 20054
, 20053
, 20053
, 20052
, 20052
, 20051
, 20051
, 20050
, 20050
, 20049
, 20049
, 20048
, 20048
, 20047
, 20047
, 20046
, 20046
, 20045
, 20045
, 20044
, 20044
, 20043
, 20043
, 20042
, 20042
, 20041
, 20041
, 20040
, 20040
, 20039
, 20039
, 20038
, 20038
, 20037
, 20037
, 20036
, 20036
, 20035
, 20035
, 20034
, 20034
, 20033
, 20033
, 20032
, 20032
, 20031
, 20031
, 20030
, 20030
, 20029
, 20029
, 20028
, 20028
, 20027
, 20027
, 20026
, 20026
, 20025
, 20025
, 20024
, 20024
, 20023
, 20023
, 20022
, 20022
, 20021
, 20021
, 20020
, 20020
, 20019
, 20019
, 20018
, 20018
, 20017
, 20017
, 20016
, 20016
, 20015
, 20015
, 20014
, 20014
, 20013
, 20013
, 20012
, 20012
, 20011
, 20011
, 20010
, 20010
, 20009
, 20009
, 20008
, 20008
, 20007
, 20007
, 20006
, 20006
, 20005
, 20005
, 20004
, 20004
, 20003
, 20003
, 20002
, 20002
, 20001
, 20001
, 20000
, 20000
, 19999
, 19999
, 19998
, 19998
, 19997
, 19997
, 19996
, 19996
, 19995
, 19995
, 19994
, 19994
, 19993
, 19993
, 19992
, 19992
, 19991
, 19991
, 19990
, 19990
, 19989
, 19989
, 19988
, 19988
, 19987
, 19987
, 19986
, 19986
, 19985
, 19985
, 19984
, 19984
, 19983
, 19983
, 19982
, 19982
, 19981
, 19981
, 19980
, 19980
, 19979
, 19979
, 19978
, 19978
, 19977
, 19977
, 19976
, 19976
, 19975
, 19975
, 19974
, 19974
, 19973
, 19973
, 19972
, 19972
, 19971
, 19971
, 19970
, 19970
, 19969
, 19969
, 19968
, 19968
, 19967
, 19967
, 19966
, 19966
, 19965
, 19965
, 19964
, 19964
, 19963
, 19963
, 19962
, 19962
, 19961
, 19961
, 19960
, 19960
, 19959
, 19959
, 19958
, 19958
, 19957
, 19957
, 19956
, 19956
, 19955
, 19955
, 19954
, 19954
, 19953
, 19953
, 19952
, 19952
, 19951
, 19951
, 19950
, 19950
, 19949
, 19949
, 19948
, 19948
, 19947
, 19947
, 19946
, 19946
, 19945
, 19945
, 19944
, 19944
, 19943
, 19943
, 19942
, 19942
, 19941
, 19941
, 19940
, 19940
, 19939
, 19939
, 19938
, 19938
, 19937
, 19937
, 19936
, 19936
, 19935
, 19935
, 19934
, 19934
, 19933
, 19933
, 19932
, 19932
, 19931
, 19931
, 19930
, 19930
, 19929
, 19929
, 19928
, 19928
, 19927
, 19927
, 19926
, 19926
, 19925
, 19925
, 19924
, 19924
, 19923
, 19923
, 19922
, 19922
, 19921
, 19921
, 19920
, 19920
, 19919
, 19919
, 19918
, 19918
, 19917
, 19917
, 19916
, 19916
, 19915
, 19915
, 19914
, 19914
, 19913
, 19913
, 19912
, 19912
, 19911
, 19911
, 19910
, 19910
, 19909
, 19909
, 19908
, 19908
, 19907
, 19907
, 19906
, 19906
, 19905
, 19905
, 19904
, 19904
, 19903
, 19903
, 19902
, 19902
, 19901
, 19901
, 19900
, 19900
, 19899
, 19899
, 19898
, 19898
, 19897
, 19897
, 19896
, 19896
, 19895
, 19895
, 19894
, 19894
, 19893
, 19893
, 19892
, 19892
, 19891
, 19891
, 19890
, 19890
, 19889
, 19889
, 19888
, 19888
, 19887
, 19887
, 19886
, 19886
, 19885
, 19885
, 19884
, 19884
, 19883
, 19883
, 19882
, 19882
, 19881
, 19881
, 19880
, 19880
, 19879
, 19879
, 19878
, 19878
, 19877
, 19877
, 19876
, 19876
, 19875
, 19875
, 19874
, 19874
, 19873
, 19873
, 19872
, 19872
, 19871
, 19871
, 19870
, 19870
, 19869
, 19869
, 19868
, 19868
, 19867
, 19867
, 19866
, 19866
, 19865
, 19865
, 19864
, 19864
, 19863
, 19863
, 19862
, 19862
, 19861
, 19861
, 19860
, 19860
, 19859
, 19859
, 19858
, 19858
, 19857
, 19857
, 19856
, 19856
, 19855
, 19855
, 19854
, 19854
, 19853
, 19853
, 19852
, 19852
, 19851
, 19851
, 19850
, 19850
, 19849
, 19849
, 19848
, 19848
, 19847
, 19847
, 19846
, 19846
, 19845
, 19845
, 19844
, 19844
, 19843
, 19843
, 19842
, 19842
, 19841
, 19841
, 19840
, 19840
, 19839
, 19839
, 19838
, 19838
, 19837
, 19837
, 19836
, 19836
, 19835
, 19835
, 19834
, 19834
, 19833
, 19833
, 19832
, 19832
, 19831
, 19831
, 19830
, 19830
, 19829
, 19829
, 19828
, 19828
, 19827
, 19827
, 19826
, 19826
, 19825
, 19825
, 19824
, 19824
, 19823
, 19823
, 19822
, 19822
, 19821
, 19821
, 19820
, 19820
, 19819
, 19819
, 19818
, 19818
, 19817
, 19817
, 19816
, 19816
, 19815
, 19815
, 19814
, 19814
, 19813
, 19813
, 19812
, 19812
, 19811
, 19811
, 19810
, 19810
, 19809
, 19809
, 19808
, 19808
, 19807
, 19807
, 19806
, 19806
, 19805
, 19805
, 19804
, 19804
, 19803
, 19803
, 19802
, 19802
, 19801
, 19801
, 19800
, 19800
, 19799
, 19799
, 19798
, 19798
, 19797
, 19797
, 19796
, 19796
, 19795
, 19795
, 19794
, 19794
, 19793
, 19793
, 19792
, 19792
, 19791
, 19791
, 19790
, 19790
, 19789
, 19789
, 19788
, 19788
, 19787
, 19787
, 19786
, 19786
, 19785
, 19785
, 19784
, 19784
, 19783
, 19783
, 19782
, 19782
, 19781
, 19781
, 19780
, 19780
, 19779
, 19779
, 19778
, 19778
, 19777
, 19777
, 19776
, 19776
, 19775
, 19775
, 19774
, 19774
, 19773
, 19773
, 19772
, 19772
, 19771
, 19771
, 19770
, 19770
, 19769
, 19769
, 19768
, 19768
, 19767
, 19767
, 19766
, 19766
, 19765
, 19765
, 19764
, 19764
, 19763
, 19763
, 19762
, 19762
, 19761
, 19761
, 19760
, 19760
, 19759
, 19759
, 19758
, 19758
, 19757
, 19757
, 19756
, 19756
, 19755
, 19755
, 19754
, 19754
, 19753
, 19753
, 19752
, 19752
, 19751
, 19751
, 19750
, 19750
, 19749
, 19749
, 19748
, 19748
, 19747
, 19747
, 19746
, 19746
, 19745
, 19745
, 19744
, 19744
, 19743
, 19743
, 19742
, 19742
, 19741
, 19741
, 19740
, 19740
, 19739
, 19739
, 19738
, 19738
, 19737
, 19737
, 19736
, 19736
, 19735
, 19735
, 19734
, 19734
, 19733
, 19733
, 19732
, 19732
, 19731
, 19731
, 19730
, 19730
, 19729
, 19729
, 19728
, 19728
, 19727
, 19727
, 19726
, 19726
, 19725
, 19725
, 19724
, 19724
, 19723
, 19723
, 19722
, 19722
, 19721
, 19721
, 19720
, 19720
, 19719
, 19719
, 19718
, 19718
, 19717
, 19717
, 19716
, 19716
, 19715
, 19715
, 19714
, 19714
, 19713
, 19713
, 19712
, 19712
, 19711
, 19711
, 19710
, 19710
, 19709
, 19709
, 19708
, 19708
, 19707
, 19707
, 19706
, 19706
, 19705
, 19705
, 19704
, 19704
, 19703
, 19703
, 19702
, 19702
, 19701
, 19701
, 19700
, 19700
, 19699
, 19699
, 19698
, 19698
, 19697
, 19697
, 19696
, 19696
, 19695
, 19695
, 19694
, 19694
, 19693
, 19693
, 19692
, 19692
, 19691
, 19691
, 19690
, 19690
, 19689
, 19689
, 19688
, 19688
, 19687
, 19687
, 19686
, 19686
, 19685
, 19685
, 19684
, 19684
, 19683
, 19683
, 19682
, 19682
, 19681
, 19681
, 19680
, 19680
, 19679
, 19679
, 19678
, 19678
, 19677
, 19677
, 19676
, 19676
, 19675
, 19675
, 19674
, 19674
, 19673
, 19673
, 19672
, 19672
, 19671
, 19671
, 19670
, 19670
, 19669
, 19669
, 19668
, 19668
, 19667
, 19667
, 19666
, 19666
, 19665
, 19665
, 19664
, 19664
, 19663
, 19663
, 19662
, 19662
, 19661
, 19661
, 19660
, 19660
, 19659
, 19659
, 19658
, 19658
, 19657
, 19657
, 19656
, 19656
, 19655
, 19655
, 19654
, 19654
, 19653
, 19653
, 19652
, 19652
, 19651
, 19651
, 19650
, 19650
, 19649
, 19649
, 19648
, 19648
, 19647
, 19647
, 19646
, 19646
, 19645
, 19645
, 19644
, 19644
, 19643
, 19643
, 19642
, 19642
, 19641
, 19641
, 19640
, 19640
, 19639
, 19639
, 19638
, 19638
, 19637
, 19637
, 19636
, 19636
, 19635
, 19635
, 19634
, 19634
, 19633
, 19633
, 19632
, 19632
, 19631
, 19631
, 19630
, 19630
, 19629
, 19629
, 19628
, 19628
, 19627
, 19627
, 19626
, 19626
, 19625
, 19625
, 19624
, 19624
, 19623
, 19623
, 19622
, 19622
, 19621
, 19621
, 19620
, 19620
, 19619
, 19619
, 19618
, 19618
, 19617
, 19617
, 19616
, 19616
, 19615
, 19615
, 19614
, 19614
, 19613
, 19613
, 19612
, 19612
, 19611
, 19611
, 19610
, 19610
, 19609
, 19609
, 19608
, 19608
, 19607
, 19607
, 19606
, 19606
, 19605
, 19605
, 19604
, 19604
, 19603
, 19603
, 19602
, 19602
, 19601
, 19601
, 19600
, 19600
, 19599
, 19599
, 19598
, 19598
, 19597
, 19597
, 19596
, 19596
, 19595
, 19595
, 19594
, 19594
, 19593
, 19593
, 19592
, 19592
, 19591
, 19591
, 19590
, 19590
, 19589
, 19589
, 19588
, 19588
, 19587
, 19587
, 19586
, 19586
, 19585
, 19585
, 19584
, 19584
, 19583
, 19583
, 19582
, 19582
, 19581
, 19581
, 19580
, 19580
, 19579
, 19579
, 19578
, 19578
, 19577
, 19577
, 19576
, 19576
, 19575
, 19575
, 19574
, 19574
, 19573
, 19573
, 19572
, 19572
, 19571
, 19571
, 19570
, 19570
, 19569
, 19569
, 19568
, 19568
, 19567
, 19567
, 19566
, 19566
, 19565
, 19565
, 19564
, 19564
, 19563
, 19563
, 19562
, 19562
, 19561
, 19561
, 19560
, 19560
, 19559
, 19559
, 19558
, 19558
, 19557
, 19557
, 19556
, 19556
, 19555
, 19555
, 19554
, 19554
, 19553
, 19553
, 19552
, 19552
, 19551
, 19551
, 19550
, 19550
, 19549
, 19549
, 19548
, 19548
, 19547
, 19547
, 19546
, 19546
, 19545
, 19545
, 19544
, 19544
, 19543
, 19543
, 19542
, 19542
, 19541
, 19541
, 19540
, 19540
, 19539
, 19539
, 19538
, 19538
, 19537
, 19537
, 19536
, 19536
, 19535
, 19535
, 19534
, 19534
, 19533
, 19533
, 19532
, 19532
, 19531
, 19531
, 19530
, 19530
, 19529
, 19529
, 19528
, 19528
, 19527
, 19527
, 19526
, 19526
, 19525
, 19525
, 19524
, 19524
, 19523
, 19523
, 19522
, 19522
, 19521
, 19521
, 19520
, 19520
, 19519
, 19519
, 19518
, 19518
, 19517
, 19517
, 19516
, 19516
, 19515
, 19515
, 19514
, 19514
, 19513
, 19513
, 19512
, 19512
, 19511
, 19511
, 19510
, 19510
, 19509
, 19509
, 19508
, 19508
, 19507
, 19507
, 19506
, 19506
, 19505
, 19505
, 19504
, 19504
, 19503
, 19503
, 19502
, 19502
, 19501
, 19501
, 19500
, 19500
, 19499
, 19499
, 19498
, 19498
, 19497
, 19497
, 19496
, 19496
, 19495
, 19495
, 19494
, 19494
, 19493
, 19493
, 19492
, 19492
, 19491
, 19491
, 19490
, 19490
, 19489
, 19489
, 19488
, 19488
, 19487
, 19487
, 19486
, 19486
, 19485
, 19485
, 19484
, 19484
, 19483
, 19483
, 19482
, 19482
, 19481
, 19481
, 19480
, 19480
, 19479
, 19479
, 19478
, 19478
, 19477
, 19477
, 19476
, 19476
, 19475
, 19475
, 19474
, 19474
, 19473
, 19473
, 19472
, 19472
, 19471
, 19471
, 19470
, 19470
, 19469
, 19469
, 19468
, 19468
, 19467
, 19467
, 19466
, 19466
, 19465
, 19465
, 19464
, 19464
, 19463
, 19463
, 19462
, 19462
, 19461
, 19461
, 19460
, 19460
, 19459
, 19459
, 19458
, 19458
, 19457
, 19457
, 19456
, 19456
, 19455
, 19455
, 19454
, 19454
, 19453
, 19453
, 19452
, 19452
, 19451
, 19451
, 19450
, 19450
, 19449
, 19449
, 19448
, 19448
, 19447
, 19447
, 19446
, 19446
, 19445
, 19445
, 19444
, 19444
, 19443
, 19443
, 19442
, 19442
, 19441
, 19441
, 19440
, 19440
, 19439
, 19439
, 19438
, 19438
, 19437
, 19437
, 19436
, 19436
, 19435
, 19435
, 19434
, 19434
, 19433
, 19433
, 19432
, 19432
, 19431
, 19431
, 19430
, 19430
, 19429
, 19429
, 19428
, 19428
, 19427
, 19427
, 19426
, 19426
, 19425
, 19425
, 19424
, 19424
, 19423
, 19423
, 19422
, 19422
, 19421
, 19421
, 19420
, 19420
, 19419
, 19419
, 19418
, 19418
, 19417
, 19417
, 19416
, 19416
, 19415
, 19415
, 19414
, 19414
, 19413
, 19413
, 19412
, 19412
, 19411
, 19411
, 19410
, 19410
, 19409
, 19409
, 19408
, 19408
, 19407
, 19407
, 19406
, 19406
, 19405
, 19405
, 19404
, 19404
, 19403
, 19403
, 19402
, 19402
, 19401
, 19401
, 19400
, 19400
, 19399
, 19399
, 19398
, 19398
, 19397
, 19397
, 19396
, 19396
, 19395
, 19395
, 19394
, 19394
, 19393
, 19393
, 19392
, 19392
, 19391
, 19391
, 19390
, 19390
, 19389
, 19389
, 19388
, 19388
, 19387
, 19387
, 19386
, 19386
, 19385
, 19385
, 19384
, 19384
, 19383
, 19383
, 19382
, 19382
, 19381
, 19381
, 19380
, 19380
, 19379
, 19379
, 19378
, 19378
, 19377
, 19377
, 19376
, 19376
, 19375
, 19375
, 19374
, 19374
, 19373
, 19373
, 19372
, 19372
, 19371
, 19371
, 19370
, 19370
, 19369
, 19369
, 19368
, 19368
, 19367
, 19367
, 19366
, 19366
, 19365
, 19365
, 19364
, 19364
, 19363
, 19363
, 19362
, 19362
, 19361
, 19361
, 19360
, 19360
, 19359
, 19359
, 19358
, 19358
, 19357
, 19357
, 19356
, 19356
, 19355
, 19355
, 19354
, 19354
, 19353
, 19353
, 19352
, 19352
, 19351
, 19351
, 19350
, 19350
, 19349
, 19349
, 19348
, 19348
, 19347
, 19347
, 19346
, 19346
, 19345
, 19345
, 19344
, 19344
, 19343
, 19343
, 19342
, 19342
, 19341
, 19341
, 19340
, 19340
, 19339
, 19339
, 19338
, 19338
, 19337
, 19337
, 19336
, 19336
, 19335
, 19335
, 19334
, 19334
, 19333
, 19333
, 19332
, 19332
, 19331
, 19331
, 19330
, 19330
, 19329
, 19329
, 19328
, 19328
, 19327
, 19327
, 19326
, 19326
, 19325
, 19325
, 19324
, 19324
, 19323
, 19323
, 19322
, 19322
, 19321
, 19321
, 19320
, 19320
, 19319
, 19319
, 19318
, 19318
, 19317
, 19317
, 19316
, 19316
, 19315
, 19315
, 19314
, 19314
, 19313
, 19313
, 19312
, 19312
, 19311
, 19311
, 19310
, 19310
, 19309
, 19309
, 19308
, 19308
, 19307
, 19307
, 19306
, 19306
, 19305
, 19305
, 19304
, 19304
, 19303
, 19303
, 19302
, 19302
, 19301
, 19301
, 19300
, 19300
, 19299
, 19299
, 19298
, 19298
, 19297
, 19297
, 19296
, 19296
, 19295
, 19295
, 19294
, 19294
, 19293
, 19293
, 19292
, 19292
, 19291
, 19291
, 19290
, 19290
, 19289
, 19289
, 19288
, 19288
, 19287
, 19287
, 19286
, 19286
, 19285
, 19285
, 19284
, 19284
, 19283
, 19283
, 19282
, 19282
, 19281
, 19281
, 19280
, 19280
, 19279
, 19279
, 19278
, 19278
, 19277
, 19277
, 19276
, 19276
, 19275
, 19275
, 19274
, 19274
, 19273
, 19273
, 19272
, 19272
, 19271
, 19271
, 19270
, 19270
, 19269
, 19269
, 19268
, 19268
, 19267
, 19267
, 19266
, 19266
, 19265
, 19265
, 19264
, 19264
, 19263
, 19263
, 19262
, 19262
, 19261
, 19261
, 19260
, 19260
, 19259
, 19259
, 19258
, 19258
, 19257
, 19257
, 19256
, 19256
, 19255
, 19255
, 19254
, 19254
, 19253
, 19253
, 19252
, 19252
, 19251
, 19251
, 19250
, 19250
, 19249
, 19249
, 19248
, 19248
, 19247
, 19247
, 19246
, 19246
, 19245
, 19245
, 19244
, 19244
, 19243
, 19243
, 19242
, 19242
, 19241
, 19241
, 19240
, 19240
, 19239
, 19239
, 19238
, 19238
, 19237
, 19237
, 19236
, 19236
, 19235
, 19235
, 19234
, 19234
, 19233
, 19233
, 19232
, 19232
, 19231
, 19231
, 19230
, 19230
, 19229
, 19229
, 19228
, 19228
, 19227
, 19227
, 19226
, 19226
, 19225
, 19225
, 19224
, 19224
, 19223
, 19223
, 19222
, 19222
, 19221
, 19221
, 19220
, 19220
, 19219
, 19219
, 19218
, 19218
, 19217
, 19217
, 19216
, 19216
, 19215
, 19215
, 19214
, 19214
, 19213
, 19213
, 19212
, 19212
, 19211
, 19211
, 19210
, 19210
, 19209
, 19209
, 19208
, 19208
, 19207
, 19207
, 19206
, 19206
, 19205
, 19205
, 19204
, 19204
, 19203
, 19203
, 19202
, 19202
, 19201
, 19201
, 19200
, 19200
, 19199
, 19199
, 19198
, 19198
, 19197
, 19197
, 19196
, 19196
, 19195
, 19195
, 19194
, 19194
, 19193
, 19193
, 19192
, 19192
, 19191
, 19191
, 19190
, 19190
, 19189
, 19189
, 19188
, 19188
, 19187
, 19187
, 19186
, 19186
, 19185
, 19185
, 19184
, 19184
, 19183
, 19183
, 19182
, 19182
, 19181
, 19181
, 19180
, 19180
, 19179
, 19179
, 19178
, 19178
, 19177
, 19177
, 19176
, 19176
, 19175
, 19175
, 19174
, 19174
, 19173
, 19173
, 19172
, 19172
, 19171
, 19171
, 19170
, 19170
, 19169
, 19169
, 19168
, 19168
, 19167
, 19167
, 19166
, 19166
, 19165
, 19165
, 19164
, 19164
, 19163
, 19163
, 19162
, 19162
, 19161
, 19161
, 19160
, 19160
, 19159
, 19159
, 19158
, 19158
, 19157
, 19157
, 19156
, 19156
, 19155
, 19155
, 19154
, 19154
, 19153
, 19153
, 19152
, 19152
, 19151
, 19151
, 19150
, 19150
, 19149
, 19149
, 19148
, 19148
, 19147
, 19147
, 19146
, 19146
, 19145
, 19145
, 19144
, 19144
, 19143
, 19143
, 19142
, 19142
, 19141
, 19141
, 19140
, 19140
, 19139
, 19139
, 19138
, 19138
, 19137
, 19137
, 19136
, 19136
, 19135
, 19135
, 19134
, 19134
, 19133
, 19133
, 19132
, 19132
, 19131
, 19131
, 19130
, 19130
, 19129
, 19129
, 19128
, 19128
, 19127
, 19127
, 19126
, 19126
, 19125
, 19125
, 19124
, 19124
, 19123
, 19123
, 19122
, 19122
, 19121
, 19121
, 19120
, 19120
, 19119
, 19119
, 19118
, 19118
, 19117
, 19117
, 19116
, 19116
, 19115
, 19115
, 19114
, 19114
, 19113
, 19113
, 19112
, 19112
, 19111
, 19111
, 19110
, 19110
, 19109
, 19109
, 19108
, 19108
, 19107
, 19107
, 19106
, 19106
, 19105
, 19105
, 19104
, 19104
, 19103
, 19103
, 19102
, 19102
, 19101
, 19101
, 19100
, 19100
, 19099
, 19099
, 19098
, 19098
, 19097
, 19097
, 19096
, 19096
, 19095
, 19095
, 19094
, 19094
, 19093
, 19093
, 19092
, 19092
, 19091
, 19091
, 19090
, 19090
, 19089
, 19089
, 19088
, 19088
, 19087
, 19087
, 19086
, 19086
, 19085
, 19085
, 19084
, 19084
, 19083
, 19083
, 19082
, 19082
, 19081
, 19081
, 19080
, 19080
, 19079
, 19079
, 19078
, 19078
, 19077
, 19077
, 19076
, 19076
, 19075
, 19075
, 19074
, 19074
, 19073
, 19073
, 19072
, 19072
, 19071
, 19071
, 19070
, 19070
, 19069
, 19069
, 19068
, 19068
, 19067
, 19067
, 19066
, 19066
, 19065
, 19065
, 19064
, 19064
, 19063
, 19063
, 19062
, 19062
, 19061
, 19061
, 19060
, 19060
, 19059
, 19059
, 19058
, 19058
, 19057
, 19057
, 19056
, 19056
, 19055
, 19055
, 19054
, 19054
, 19053
, 19053
, 19052
, 19052
, 19051
, 19051
, 19050
, 19050
, 19049
, 19049
, 19048
, 19048
, 19047
, 19047
, 19046
, 19046
, 19045
, 19045
, 19044
, 19044
, 19043
, 19043
, 19042
, 19042
, 19041
, 19041
, 19040
, 19040
, 19039
, 19039
, 19038
, 19038
, 19037
, 19037
, 19036
, 19036
, 19035
, 19035
, 19034
, 19034
, 19033
, 19033
, 19032
, 19032
, 19031
, 19031
, 19030
, 19030
, 19029
, 19029
, 19028
, 19028
, 19027
, 19027
, 19026
, 19026
, 19025
, 19025
, 19024
, 19024
, 19023
, 19023
, 19022
, 19022
, 19021
, 19021
, 19020
, 19020
, 19019
, 19019
, 19018
, 19018
, 19017
, 19017
, 19016
, 19016
, 19015
, 19015
, 19014
, 19014
, 19013
, 19013
, 19012
, 19012
, 19011
, 19011
, 19010
, 19010
, 19009
, 19009
, 19008
, 19008
, 19007
, 19007
, 19006
, 19006
, 19005
, 19005
, 19004
, 19004
, 19003
, 19003
, 19002
, 19002
, 19001
, 19001
, 19000
, 19000
, 18999
, 18999
, 18998
, 18998
, 18997
, 18997
, 18996
, 18996
, 18995
, 18995
, 18994
, 18994
, 18993
, 18993
, 18992
, 18992
, 18991
, 18991
, 18990
, 18990
, 18989
, 18989
, 18988
, 18988
, 18987
, 18987
, 18986
, 18986
, 18985
, 18985
, 18984
, 18984
, 18983
, 18983
, 18982
, 18982
, 18981
, 18981
, 18980
, 18980
, 18979
, 18979
, 18978
, 18978
, 18977
, 18977
, 18976
, 18976
, 18975
, 18975
, 18974
, 18974
, 18973
, 18973
, 18972
, 18972
, 18971
, 18971
, 18970
, 18970
, 18969
, 18969
, 18968
, 18968
, 18967
, 18967
, 18966
, 18966
, 18965
, 18965
, 18964
, 18964
, 18963
, 18963
, 18962
, 18962
, 18961
, 18961
, 18960
, 18960
, 18959
, 18959
, 18958
, 18958
, 18957
, 18957
, 18956
, 18956
, 18955
, 18955
, 18954
, 18954
, 18953
, 18953
, 18952
, 18952
, 18951
, 18951
, 18950
, 18950
, 18949
, 18949
, 18948
, 18948
, 18947
, 18947
, 18946
, 18946
, 18945
, 18945
, 18944
, 18944
, 18943
, 18943
, 18942
, 18942
, 18941
, 18941
, 18940
, 18940
, 18939
, 18939
, 18938
, 18938
, 18937
, 18937
, 18936
, 18936
, 18935
, 18935
, 18934
, 18934
, 18933
, 18933
, 18932
, 18932
, 18931
, 18931
, 18930
, 18930
, 18929
, 18929
, 18928
, 18928
, 18927
, 18927
, 18926
, 18926
, 18925
, 18925
, 18924
, 18924
, 18923
, 18923
, 18922
, 18922
, 18921
, 18921
, 18920
, 18920
, 18919
, 18919
, 18918
, 18918
, 18917
, 18917
, 18916
, 18916
, 18915
, 18915
, 18914
, 18914
, 18913
, 18913
, 18912
, 18912
, 18911
, 18911
, 18910
, 18910
, 18909
, 18909
, 18908
, 18908
, 18907
, 18907
, 18906
, 18906
, 18905
, 18905
, 18904
, 18904
, 18903
, 18903
, 18902
, 18902
, 18901
, 18901
, 18900
, 18900
, 18899
, 18899
, 18898
, 18898
, 18897
, 18897
, 18896
, 18896
, 18895
, 18895
, 18894
, 18894
, 18893
, 18893
, 18892
, 18892
, 18891
, 18891
, 18890
, 18890
, 18889
, 18889
, 18888
, 18888
, 18887
, 18887
, 18886
, 18886
, 18885
, 18885
, 18884
, 18884
, 18883
, 18883
, 18882
, 18882
, 18881
, 18881
, 18880
, 18880
, 18879
, 18879
, 18878
, 18878
, 18877
, 18877
, 18876
, 18876
, 18875
, 18875
, 18874
, 18874
, 18873
, 18873
, 18872
, 18872
, 18871
, 18871
, 18870
, 18870
, 18869
, 18869
, 18868
, 18868
, 18867
, 18867
, 18866
, 18866
, 18865
, 18865
, 18864
, 18864
, 18863
, 18863
, 18862
, 18862
, 18861
, 18861
, 18860
, 18860
, 18859
, 18859
, 18858
, 18858
, 18857
, 18857
, 18856
, 18856
, 18855
, 18855
, 18854
, 18854
, 18853
, 18853
, 18852
, 18852
, 18851
, 18851
, 18850
, 18850
, 18849
, 18849
, 18848
, 18848
, 18847
, 18847
, 18846
, 18846
, 18845
, 18845
, 18844
, 18844
, 18843
, 18843
, 18842
, 18842
, 18841
, 18841
, 18840
, 18840
, 18839
, 18839
, 18838
, 18838
, 18837
, 18837
, 18836
, 18836
, 18835
, 18835
, 18834
, 18834
, 18833
, 18833
, 18832
, 18832
, 18831
, 18831
, 18830
, 18830
, 18829
, 18829
, 18828
, 18828
, 18827
, 18827
, 18826
, 18826
, 18825
, 18825
, 18824
, 18824
, 18823
, 18823
, 18822
, 18822
, 18821
, 18821
, 18820
, 18820
, 18819
, 18819
, 18818
, 18818
, 18817
, 18817
, 18816
, 18816
, 18815
, 18815
, 18814
, 18814
, 18813
, 18813
, 18812
, 18812
, 18811
, 18811
, 18810
, 18810
, 18809
, 18809
, 18808
, 18808
, 18807
, 18807
, 18806
, 18806
, 18805
, 18805
, 18804
, 18804
, 18803
, 18803
, 18802
, 18802
, 18801
, 18801
, 18800
, 18800
, 18799
, 18799
, 18798
, 18798
, 18797
, 18797
, 18796
, 18796
, 18795
, 18795
, 18794
, 18794
, 18793
, 18793
, 18792
, 18792
, 18791
, 18791
, 18790
, 18790
, 18789
, 18789
, 18788
, 18788
, 18787
, 18787
, 18786
, 18786
, 18785
, 18785
, 18784
, 18784
, 18783
, 18783
, 18782
, 18782
, 18781
, 18781
, 18780
, 18780
, 18779
, 18779
, 18778
, 18778
, 18777
, 18777
, 18776
, 18776
, 18775
, 18775
, 18774
, 18774
, 18773
, 18773
, 18772
, 18772
, 18771
, 18771
, 18770
, 18770
, 18769
, 18769
, 18768
, 18768
, 18767
, 18767
, 18766
, 18766
, 18765
, 18765
, 18764
, 18764
, 18763
, 18763
, 18762
, 18762
, 18761
, 18761
, 18760
, 18760
, 18759
, 18759
, 18758
, 18758
, 18757
, 18757
, 18756
, 18756
, 18755
, 18755
, 18754
, 18754
, 18753
, 18753
, 18752
, 18752
, 18751
, 18751
, 18750
, 18750
, 18749
, 18749
, 18748
, 18748
, 18747
, 18747
, 18746
, 18746
, 18745
, 18745
, 18744
, 18744
, 18743
, 18743
, 18742
, 18742
, 18741
, 18741
, 18740
, 18740
, 18739
, 18739
, 18738
, 18738
, 18737
, 18737
, 18736
, 18736
, 18735
, 18735
, 18734
, 18734
, 18733
, 18733
, 18732
, 18732
, 18731
, 18731
, 18730
, 18730
, 18729
, 18729
, 18728
, 18728
, 18727
, 18727
, 18726
, 18726
, 18725
, 18725
, 18724
, 18724
, 18723
, 18723
, 18722
, 18722
, 18721
, 18721
, 18720
, 18720
, 18719
, 18719
, 18718
, 18718
, 18717
, 18717
, 18716
, 18716
, 18715
, 18715
, 18714
, 18714
, 18713
, 18713
, 18712
, 18712
, 18711
, 18711
, 18710
, 18710
, 18709
, 18709
, 18708
, 18708
, 18707
, 18707
, 18706
, 18706
, 18705
, 18705
, 18704
, 18704
, 18703
, 18703
, 18702
, 18702
, 18701
, 18701
, 18700
, 18700
, 18699
, 18699
, 18698
, 18698
, 18697
, 18697
, 18696
, 18696
, 18695
, 18695
, 18694
, 18694
, 18693
, 18693
, 18692
, 18692
, 18691
, 18691
, 18690
, 18690
, 18689
, 18689
, 18688
, 18688
, 18687
, 18687
, 18686
, 18686
, 18685
, 18685
, 18684
, 18684
, 18683
, 18683
, 18682
, 18682
, 18681
, 18681
, 18680
, 18680
, 18679
, 18679
, 18678
, 18678
, 18677
, 18677
, 18676
, 18676
, 18675
, 18675
, 18674
, 18674
, 18673
, 18673
, 18672
, 18672
, 18671
, 18671
, 18670
, 18670
, 18669
, 18669
, 18668
, 18668
, 18667
, 18667
, 18666
, 18666
, 18665
, 18665
, 18664
, 18664
, 18663
, 18663
, 18662
, 18662
, 18661
, 18661
, 18660
, 18660
, 18659
, 18659
, 18658
, 18658
, 18657
, 18657
, 18656
, 18656
, 18655
, 18655
, 18654
, 18654
, 18653
, 18653
, 18652
, 18652
, 18651
, 18651
, 18650
, 18650
, 18649
, 18649
, 18648
, 18648
, 18647
, 18647
, 18646
, 18646
, 18645
, 18645
, 18644
, 18644
, 18643
, 18643
, 18642
, 18642
, 18641
, 18641
, 18640
, 18640
, 18639
, 18639
, 18638
, 18638
, 18637
, 18637
, 18636
, 18636
, 18635
, 18635
, 18634
, 18634
, 18633
, 18633
, 18632
, 18632
, 18631
, 18631
, 18630
, 18630
, 18629
, 18629
, 18628
, 18628
, 18627
, 18627
, 18626
, 18626
, 18625
, 18625
, 18624
, 18624
, 18623
, 18623
, 18622
, 18622
, 18621
, 18621
, 18620
, 18620
, 18619
, 18619
, 18618
, 18618
, 18617
, 18617
, 18616
, 18616
, 18615
, 18615
, 18614
, 18614
, 18613
, 18613
, 18612
, 18612
, 18611
, 18611
, 18610
, 18610
, 18609
, 18609
, 18608
, 18608
, 18607
, 18607
, 18606
, 18606
, 18605
, 18605
, 18604
, 18604
, 18603
, 18603
, 18602
, 18602
, 18601
, 18601
, 18600
, 18600
, 18599
, 18599
, 18598
, 18598
, 18597
, 18597
, 18596
, 18596
, 18595
, 18595
, 18594
, 18594
, 18593
, 18593
, 18592
, 18592
, 18591
, 18591
, 18590
, 18590
, 18589
, 18589
, 18588
, 18588
, 18587
, 18587
, 18586
, 18586
, 18585
, 18585
, 18584
, 18584
, 18583
, 18583
, 18582
, 18582
, 18581
, 18581
, 18580
, 18580
, 18579
, 18579
, 18578
, 18578
, 18577
, 18577
, 18576
, 18576
, 18575
, 18575
, 18574
, 18574
, 18573
, 18573
, 18572
, 18572
, 18571
, 18571
, 18570
, 18570
, 18569
, 18569
, 18568
, 18568
, 18567
, 18567
, 18566
, 18566
, 18565
, 18565
, 18564
, 18564
, 18563
, 18563
, 18562
, 18562
, 18561
, 18561
, 18560
, 18560
, 18559
, 18559
, 18558
, 18558
, 18557
, 18557
, 18556
, 18556
, 18555
, 18555
, 18554
, 18554
, 18553
, 18553
, 18552
, 18552
, 18551
, 18551
, 18550
, 18550
, 18549
, 18549
, 18548
, 18548
, 18547
, 18547
, 18546
, 18546
, 18545
, 18545
, 18544
, 18544
, 18543
, 18543
, 18542
, 18542
, 18541
, 18541
, 18540
, 18540
, 18539
, 18539
, 18538
, 18538
, 18537
, 18537
, 18536
, 18536
, 18535
, 18535
, 18534
, 18534
, 18533
, 18533
, 18532
, 18532
, 18531
, 18531
, 18530
, 18530
, 18529
, 18529
, 18528
, 18528
, 18527
, 18527
, 18526
, 18526
, 18525
, 18525
, 18524
, 18524
, 18523
, 18523
, 18522
, 18522
, 18521
, 18521
, 18520
, 18520
, 18519
, 18519
, 18518
, 18518
, 18517
, 18517
, 18516
, 18516
, 18515
, 18515
, 18514
, 18514
, 18513
, 18513
, 18512
, 18512
, 18511
, 18511
, 18510
, 18510
, 18509
, 18509
, 18508
, 18508
, 18507
, 18507
, 18506
, 18506
, 18505
, 18505
, 18504
, 18504
, 18503
, 18503
, 18502
, 18502
, 18501
, 18501
, 18500
, 18500
, 18499
, 18499
, 18498
, 18498
, 18497
, 18497
, 18496
, 18496
, 18495
, 18495
, 18494
, 18494
, 18493
, 18493
, 18492
, 18492
, 18491
, 18491
, 18490
, 18490
, 18489
, 18489
, 18488
, 18488
, 18487
, 18487
, 18486
, 18486
, 18485
, 18485
, 18484
, 18484
, 18483
, 18483
, 18482
, 18482
, 18481
, 18481
, 18480
, 18480
, 18479
, 18479
, 18478
, 18478
, 18477
, 18477
, 18476
, 18476
, 18475
, 18475
, 18474
, 18474
, 18473
, 18473
, 18472
, 18472
, 18471
, 18471
, 18470
, 18470
, 18469
, 18469
, 18468
, 18468
, 18467
, 18467
, 18466
, 18466
, 18465
, 18465
, 18464
, 18464
, 18463
, 18463
, 18462
, 18462
, 18461
, 18461
, 18460
, 18460
, 18459
, 18459
, 18458
, 18458
, 18457
, 18457
, 18456
, 18456
, 18455
, 18455
, 18454
, 18454
, 18453
, 18453
, 18452
, 18452
, 18451
, 18451
, 18450
, 18450
, 18449
, 18449
, 18448
, 18448
, 18447
, 18447
, 18446
, 18446
, 18445
, 18445
, 18444
, 18444
, 18443
, 18443
, 18442
, 18442
, 18441
, 18441
, 18440
, 18440
, 18439
, 18439
, 18438
, 18438
, 18437
, 18437
, 18436
, 18436
, 18435
, 18435
, 18434
, 18434
, 18433
, 18433
, 18432
, 18432
, 18431
, 18431
, 18430
, 18430
, 18429
, 18429
, 18428
, 18428
, 18427
, 18427
, 18426
, 18426
, 18425
, 18425
, 18424
, 18424
, 18423
, 18423
, 18422
, 18422
, 18421
, 18421
, 18420
, 18420
, 18419
, 18419
, 18418
, 18418
, 18417
, 18417
, 18416
, 18416
, 18415
, 18415
, 18414
, 18414
, 18413
, 18413
, 18412
, 18412
, 18411
, 18411
, 18410
, 18410
, 18409
, 18409
, 18408
, 18408
, 18407
, 18407
, 18406
, 18406
, 18405
, 18405
, 18404
, 18404
, 18403
, 18403
, 18402
, 18402
, 18401
, 18401
, 18400
, 18400
, 18399
, 18399
, 18398
, 18398
, 18397
, 18397
, 18396
, 18396
, 18395
, 18395
, 18394
, 18394
, 18393
, 18393
, 18392
, 18392
, 18391
, 18391
, 18390
, 18390
, 18389
, 18389
, 18388
, 18388
, 18387
, 18387
, 18386
, 18386
, 18385
, 18385
, 18384
, 18384
, 18383
, 18383
, 18382
, 18382
, 18381
, 18381
, 18380
, 18380
, 18379
, 18379
, 18378
, 18378
, 18377
, 18377
, 18376
, 18376
, 18375
, 18375
, 18374
, 18374
, 18373
, 18373
, 18372
, 18372
, 18371
, 18371
, 18370
, 18370
, 18369
, 18369
, 18368
, 18368
, 18367
, 18367
, 18366
, 18366
, 18365
, 18365
, 18364
, 18364
, 18363
, 18363
, 18362
, 18362
, 18361
, 18361
, 18360
, 18360
, 18359
, 18359
, 18358
, 18358
, 18357
, 18357
, 18356
, 18356
, 18355
, 18355
, 18354
, 18354
, 18353
, 18353
, 18352
, 18352
, 18351
, 18351
, 18350
, 18350
, 18349
, 18349
, 18348
, 18348
, 18347
, 18347
, 18346
, 18346
, 18345
, 18345
, 18344
, 18344
, 18343
, 18343
, 18342
, 18342
, 18341
, 18341
, 18340
, 18340
, 18339
, 18339
, 18338
, 18338
, 18337
, 18337
, 18336
, 18336
, 18335
, 18335
, 18334
, 18334
, 18333
, 18333
, 18332
, 18332
, 18331
, 18331
, 18330
, 18330
, 18329
, 18329
, 18328
, 18328
, 18327
, 18327
, 18326
, 18326
, 18325
, 18325
, 18324
, 18324
, 18323
, 18323
, 18322
, 18322
, 18321
, 18321
, 18320
, 18320
, 18319
, 18319
, 18318
, 18318
, 18317
, 18317
, 18316
, 18316
, 18315
, 18315
, 18314
, 18314
, 18313
, 18313
, 18312
, 18312
, 18311
, 18311
, 18310
, 18310
, 18309
, 18309
, 18308
, 18308
, 18307
, 18307
, 18306
, 18306
, 18305
, 18305
, 18304
, 18304
, 18303
, 18303
, 18302
, 18302
, 18301
, 18301
, 18300
, 18300
, 18299
, 18299
, 18298
, 18298
, 18297
, 18297
, 18296
, 18296
, 18295
, 18295
, 18294
, 18294
, 18293
, 18293
, 18292
, 18292
, 18291
, 18291
, 18290
, 18290
, 18289
, 18289
, 18288
, 18288
, 18287
, 18287
, 18286
, 18286
, 18285
, 18285
, 18284
, 18284
, 18283
, 18283
, 18282
, 18282
, 18281
, 18281
, 18280
, 18280
, 18279
, 18279
, 18278
, 18278
, 18277
, 18277
, 18276
, 18276
, 18275
, 18275
, 18274
, 18274
, 18273
, 18273
, 18272
, 18272
, 18271
, 18271
, 18270
, 18270
, 18269
, 18269
, 18268
, 18268
, 18267
, 18267
, 18266
, 18266
, 18265
, 18265
, 18264
, 18264
, 18263
, 18263
, 18262
, 18262
, 18261
, 18261
, 18260
, 18260
, 18259
, 18259
, 18258
, 18258
, 18257
, 18257
, 18256
, 18256
, 18255
, 18255
, 18254
, 18254
, 18253
, 18253
, 18252
, 18252
, 18251
, 18251
, 18250
, 18250
, 18249
, 18249
, 18248
, 18248
, 18247
, 18247
, 18246
, 18246
, 18245
, 18245
, 18244
, 18244
, 18243
, 18243
, 18242
, 18242
, 18241
, 18241
, 18240
, 18240
, 18239
, 18239
, 18238
, 18238
, 18237
, 18237
, 18236
, 18236
, 18235
, 18235
, 18234
, 18234
, 18233
, 18233
, 18232
, 18232
, 18231
, 18231
, 18230
, 18230
, 18229
, 18229
, 18228
, 18228
, 18227
, 18227
, 18226
, 18226
, 18225
, 18225
, 18224
, 18224
, 18223
, 18223
, 18222
, 18222
, 18221
, 18221
, 18220
, 18220
, 18219
, 18219
, 18218
, 18218
, 18217
, 18217
, 18216
, 18216
, 18215
, 18215
, 18214
, 18214
, 18213
, 18213
, 18212
, 18212
, 18211
, 18211
, 18210
, 18210
, 18209
, 18209
, 18208
, 18208
, 18207
, 18207
, 18206
, 18206
, 18205
, 18205
, 18204
, 18204
, 18203
, 18203
, 18202
, 18202
, 18201
, 18201
, 18200
, 18200
, 18199
, 18199
, 18198
, 18198
, 18197
, 18197
, 18196
, 18196
, 18195
, 18195
, 18194
, 18194
, 18193
, 18193
, 18192
, 18192
, 18191
, 18191
, 18190
, 18190
, 18189
, 18189
, 18188
, 18188
, 18187
, 18187
, 18186
, 18186
, 18185
, 18185
, 18184
, 18184
, 18183
, 18183
, 18182
, 18182
, 18181
, 18181
, 18180
, 18180
, 18179
, 18179
, 18178
, 18178
, 18177
, 18177
, 18176
, 18176
, 18175
, 18175
, 18174
, 18174
, 18173
, 18173
, 18172
, 18172
, 18171
, 18171
, 18170
, 18170
, 18169
, 18169
, 18168
, 18168
, 18167
, 18167
, 18166
, 18166
, 18165
, 18165
, 18164
, 18164
, 18163
, 18163
, 18162
, 18162
, 18161
, 18161
, 18160
, 18160
, 18159
, 18159
, 18158
, 18158
, 18157
, 18157
, 18156
, 18156
, 18155
, 18155
, 18154
, 18154
, 18153
, 18153
, 18152
, 18152
, 18151
, 18151
, 18150
, 18150
, 18149
, 18149
, 18148
, 18148
, 18147
, 18147
, 18146
, 18146
, 18145
, 18145
, 18144
, 18144
, 18143
, 18143
, 18142
, 18142
, 18141
, 18141
, 18140
, 18140
, 18139
, 18139
, 18138
, 18138
, 18137
, 18137
, 18136
, 18136
, 18135
, 18135
, 18134
, 18134
, 18133
, 18133
, 18132
, 18132
, 18131
, 18131
, 18130
, 18130
, 18129
, 18129
, 18128
, 18128
, 18127
, 18127
, 18126
, 18126
, 18125
, 18125
, 18124
, 18124
, 18123
, 18123
, 18122
, 18122
, 18121
, 18121
, 18120
, 18120
, 18119
, 18119
, 18118
, 18118
, 18117
, 18117
, 18116
, 18116
, 18115
, 18115
, 18114
, 18114
, 18113
, 18113
, 18112
, 18112
, 18111
, 18111
, 18110
, 18110
, 18109
, 18109
, 18108
, 18108
, 18107
, 18107
, 18106
, 18106
, 18105
, 18105
, 18104
, 18104
, 18103
, 18103
, 18102
, 18102
, 18101
, 18101
, 18100
, 18100
, 18099
, 18099
, 18098
, 18098
, 18097
, 18097
, 18096
, 18096
, 18095
, 18095
, 18094
, 18094
, 18093
, 18093
, 18092
, 18092
, 18091
, 18091
, 18090
, 18090
, 18089
, 18089
, 18088
, 18088
, 18087
, 18087
, 18086
, 18086
, 18085
, 18085
, 18084
, 18084
, 18083
, 18083
, 18082
, 18082
, 18081
, 18081
, 18080
, 18080
, 18079
, 18079
, 18078
, 18078
, 18077
, 18077
, 18076
, 18076
, 18075
, 18075
, 18074
, 18074
, 18073
, 18073
, 18072
, 18072
, 18071
, 18071
, 18070
, 18070
, 18069
, 18069
, 18068
, 18068
, 18067
, 18067
, 18066
, 18066
, 18065
, 18065
, 18064
, 18064
, 18063
, 18063
, 18062
, 18062
, 18061
, 18061
, 18060
, 18060
, 18059
, 18059
, 18058
, 18058
, 18057
, 18057
, 18056
, 18056
, 18055
, 18055
, 18054
, 18054
, 18053
, 18053
, 18052
, 18052
, 18051
, 18051
, 18050
, 18050
, 18049
, 18049
, 18048
, 18048
, 18047
, 18047
, 18046
, 18046
, 18045
, 18045
, 18044
, 18044
, 18043
, 18043
, 18042
, 18042
, 18041
, 18041
, 18040
, 18040
, 18039
, 18039
, 18038
, 18038
, 18037
, 18037
, 18036
, 18036
, 18035
, 18035
, 18034
, 18034
, 18033
, 18033
, 18032
, 18032
, 18031
, 18031
, 18030
, 18030
, 18029
, 18029
, 18028
, 18028
, 18027
, 18027
, 18026
, 18026
, 18025
, 18025
, 18024
, 18024
, 18023
, 18023
, 18022
, 18022
, 18021
, 18021
, 18020
, 18020
, 18019
, 18019
, 18018
, 18018
, 18017
, 18017
, 18016
, 18016
, 18015
, 18015
, 18014
, 18014
, 18013
, 18013
, 18012
, 18012
, 18011
, 18011
, 18010
, 18010
, 18009
, 18009
, 18008
, 18008
, 18007
, 18007
, 18006
, 18006
, 18005
, 18005
, 18004
, 18004
, 18003
, 18003
, 18002
, 18002
, 18001
, 18001
, 18000
, 18000
, 17999
, 17999
, 17998
, 17998
, 17997
, 17997
, 17996
, 17996
, 17995
, 17995
, 17994
, 17994
, 17993
, 17993
, 17992
, 17992
, 17991
, 17991
, 17990
, 17990
, 17989
, 17989
, 17988
, 17988
, 17987
, 17987
, 17986
, 17986
, 17985
, 17985
, 17984
, 17984
, 17983
, 17983
, 17982
, 17982
, 17981
, 17981
, 17980
, 17980
, 17979
, 17979
, 17978
, 17978
, 17977
, 17977
, 17976
, 17976
, 17975
, 17975
, 17974
, 17974
, 17973
, 17973
, 17972
, 17972
, 17971
, 17971
, 17970
, 17970
, 17969
, 17969
, 17968
, 17968
, 17967
, 17967
, 17966
, 17966
, 17965
, 17965
, 17964
, 17964
, 17963
, 17963
, 17962
, 17962
, 17961
, 17961
, 17960
, 17960
, 17959
, 17959
, 17958
, 17958
, 17957
, 17957
, 17956
, 17956
, 17955
, 17955
, 17954
, 17954
, 17953
, 17953
, 17952
, 17952
, 17951
, 17951
, 17950
, 17950
, 17949
, 17949
, 17948
, 17948
, 17947
, 17947
, 17946
, 17946
, 17945
, 17945
, 17944
, 17944
, 17943
, 17943
, 17942
, 17942
, 17941
, 17941
, 17940
, 17940
, 17939
, 17939
, 17938
, 17938
, 17937
, 17937
, 17936
, 17936
, 17935
, 17935
, 17934
, 17934
, 17933
, 17933
, 17932
, 17932
, 17931
, 17931
, 17930
, 17930
, 17929
, 17929
, 17928
, 17928
, 17927
, 17927
, 17926
, 17926
, 17925
, 17925
, 17924
, 17924
, 17923
, 17923
, 17922
, 17922
, 17921
, 17921
, 17920
, 17920
, 17919
, 17919
, 17918
, 17918
, 17917
, 17917
, 17916
, 17916
, 17915
, 17915
, 17914
, 17914
, 17913
, 17913
, 17912
, 17912
, 17911
, 17911
, 17910
, 17910
, 17909
, 17909
, 17908
, 17908
, 17907
, 17907
, 17906
, 17906
, 17905
, 17905
, 17904
, 17904
, 17903
, 17903
, 17902
, 17902
, 17901
, 17901
, 17900
, 17900
, 17899
, 17899
, 17898
, 17898
, 17897
, 17897
, 17896
, 17896
, 17895
, 17895
, 17894
, 17894
, 17893
, 17893
, 17892
, 17892
, 17891
, 17891
, 17890
, 17890
, 17889
, 17889
, 17888
, 17888
, 17887
, 17887
, 17886
, 17886
, 17885
, 17885
, 17884
, 17884
, 17883
, 17883
, 17882
, 17882
, 17881
, 17881
, 17880
, 17880
, 17879
, 17879
, 17878
, 17878
, 17877
, 17877
, 17876
, 17876
, 17875
, 17875
, 17874
, 17874
, 17873
, 17873
, 17872
, 17872
, 17871
, 17871
, 17870
, 17870
, 17869
, 17869
, 17868
, 17868
, 17867
, 17867
, 17866
, 17866
, 17865
, 17865
, 17864
, 17864
, 17863
, 17863
, 17862
, 17862
, 17861
, 17861
, 17860
, 17860
, 17859
, 17859
, 17858
, 17858
, 17857
, 17857
, 17856
, 17856
, 17855
, 17855
, 17854
, 17854
, 17853
, 17853
, 17852
, 17852
, 17851
, 17851
, 17850
, 17850
, 17849
, 17849
, 17848
, 17848
, 17847
, 17847
, 17846
, 17846
, 17845
, 17845
, 17844
, 17844
, 17843
, 17843
, 17842
, 17842
, 17841
, 17841
, 17840
, 17840
, 17839
, 17839
, 17838
, 17838
, 17837
, 17837
, 17836
, 17836
, 17835
, 17835
, 17834
, 17834
, 17833
, 17833
, 17832
, 17832
, 17831
, 17831
, 17830
, 17830
, 17829
, 17829
, 17828
, 17828
, 17827
, 17827
, 17826
, 17826
, 17825
, 17825
, 17824
, 17824
, 17823
, 17823
, 17822
, 17822
, 17821
, 17821
, 17820
, 17820
, 17819
, 17819
, 17818
, 17818
, 17817
, 17817
, 17816
, 17816
, 17815
, 17815
, 17814
, 17814
, 17813
, 17813
, 17812
, 17812
, 17811
, 17811
, 17810
, 17810
, 17809
, 17809
, 17808
, 17808
, 17807
, 17807
, 17806
, 17806
, 17805
, 17805
, 17804
, 17804
, 17803
, 17803
, 17802
, 17802
, 17801
, 17801
, 17800
, 17800
, 17799
, 17799
, 17798
, 17798
, 17797
, 17797
, 17796
, 17796
, 17795
, 17795
, 17794
, 17794
, 17793
, 17793
, 17792
, 17792
, 17791
, 17791
, 17790
, 17790
, 17789
, 17789
, 17788
, 17788
, 17787
, 17787
, 17786
, 17786
, 17785
, 17785
, 17784
, 17784
, 17783
, 17783
, 17782
, 17782
, 17781
, 17781
, 17780
, 17780
, 17779
, 17779
, 17778
, 17778
, 17777
, 17777
, 17776
, 17776
, 17775
, 17775
, 17774
, 17774
, 17773
, 17773
, 17772
, 17772
, 17771
, 17771
, 17770
, 17770
, 17769
, 17769
, 17768
, 17768
, 17767
, 17767
, 17766
, 17766
, 17765
, 17765
, 17764
, 17764
, 17763
, 17763
, 17762
, 17762
, 17761
, 17761
, 17760
, 17760
, 17759
, 17759
, 17758
, 17758
, 17757
, 17757
, 17756
, 17756
, 17755
, 17755
, 17754
, 17754
, 17753
, 17753
, 17752
, 17752
, 17751
, 17751
, 17750
, 17750
, 17749
, 17749
, 17748
, 17748
, 17747
, 17747
, 17746
, 17746
, 17745
, 17745
, 17744
, 17744
, 17743
, 17743
, 17742
, 17742
, 17741
, 17741
, 17740
, 17740
, 17739
, 17739
, 17738
, 17738
, 17737
, 17737
, 17736
, 17736
, 17735
, 17735
, 17734
, 17734
, 17733
, 17733
, 17732
, 17732
, 17731
, 17731
, 17730
, 17730
, 17729
, 17729
, 17728
, 17728
, 17727
, 17727
, 17726
, 17726
, 17725
, 17725
, 17724
, 17724
, 17723
, 17723
, 17722
, 17722
, 17721
, 17721
, 17720
, 17720
, 17719
, 17719
, 17718
, 17718
, 17717
, 17717
, 17716
, 17716
, 17715
, 17715
, 17714
, 17714
, 17713
, 17713
, 17712
, 17712
, 17711
, 17711
, 17710
, 17710
, 17709
, 17709
, 17708
, 17708
, 17707
, 17707
, 17706
, 17706
, 17705
, 17705
, 17704
, 17704
, 17703
, 17703
, 17702
, 17702
, 17701
, 17701
, 17700
, 17700
, 17699
, 17699
, 17698
, 17698
, 17697
, 17697
, 17696
, 17696
, 17695
, 17695
, 17694
, 17694
, 17693
, 17693
, 17692
, 17692
, 17691
, 17691
, 17690
, 17690
, 17689
, 17689
, 17688
, 17688
, 17687
, 17687
, 17686
, 17686
, 17685
, 17685
, 17684
, 17684
, 17683
, 17683
, 17682
, 17682
, 17681
, 17681
, 17680
, 17680
, 17679
, 17679
, 17678
, 17678
, 17677
, 17677
, 17676
, 17676
, 17675
, 17675
, 17674
, 17674
, 17673
, 17673
, 17672
, 17672
, 17671
, 17671
, 17670
, 17670
, 17669
, 17669
, 17668
, 17668
, 17667
, 17667
, 17666
, 17666
, 17665
, 17665
, 17664
, 17664
, 17663
, 17663
, 17662
, 17662
, 17661
, 17661
, 17660
, 17660
, 17659
, 17659
, 17658
, 17658
, 17657
, 17657
, 17656
, 17656
, 17655
, 17655
, 17654
, 17654
, 17653
, 17653
, 17652
, 17652
, 17651
, 17651
, 17650
, 17650
, 17649
, 17649
, 17648
, 17648
, 17647
, 17647
, 17646
, 17646
, 17645
, 17645
, 17644
, 17644
, 17643
, 17643
, 17642
, 17642
, 17641
, 17641
, 17640
, 17640
, 17639
, 17639
, 17638
, 17638
, 17637
, 17637
, 17636
, 17636
, 17635
, 17635
, 17634
, 17634
, 17633
, 17633
, 17632
, 17632
, 17631
, 17631
, 17630
, 17630
, 17629
, 17629
, 17628
, 17628
, 17627
, 17627
, 17626
, 17626
, 17625
, 17625
, 17624
, 17624
, 17623
, 17623
, 17622
, 17622
, 17621
, 17621
, 17620
, 17620
, 17619
, 17619
, 17618
, 17618
, 17617
, 17617
, 17616
, 17616
, 17615
, 17615
, 17614
, 17614
, 17613
, 17613
, 17612
, 17612
, 17611
, 17611
, 17610
, 17610
, 17609
, 17609
, 17608
, 17608
, 17607
, 17607
, 17606
, 17606
, 17605
, 17605
, 17604
, 17604
, 17603
, 17603
, 17602
, 17602
, 17601
, 17601
, 17600
, 17600
, 17599
, 17599
, 17598
, 17598
, 17597
, 17597
, 17596
, 17596
, 17595
, 17595
, 17594
, 17594
, 17593
, 17593
, 17592
, 17592
, 17591
, 17591
, 17590
, 17590
, 17589
, 17589
, 17588
, 17588
, 17587
, 17587
, 17586
, 17586
, 17585
, 17585
, 17584
, 17584
, 17583
, 17583
, 17582
, 17582
, 17581
, 17581
, 17580
, 17580
, 17579
, 17579
, 17578
, 17578
, 17577
, 17577
, 17576
, 17576
, 17575
, 17575
, 17574
, 17574
, 17573
, 17573
, 17572
, 17572
, 17571
, 17571
, 17570
, 17570
, 17569
, 17569
, 17568
, 17568
, 17567
, 17567
, 17566
, 17566
, 17565
, 17565
, 17564
, 17564
, 17563
, 17563
, 17562
, 17562
, 17561
, 17561
, 17560
, 17560
, 17559
, 17559
, 17558
, 17558
, 17557
, 17557
, 17556
, 17556
, 17555
, 17555
, 17554
, 17554
, 17553
, 17553
, 17552
, 17552
, 17551
, 17551
, 17550
, 17550
, 17549
, 17549
, 17548
, 17548
, 17547
, 17547
, 17546
, 17546
, 17545
, 17545
, 17544
, 17544
, 17543
, 17543
, 17542
, 17542
, 17541
, 17541
, 17540
, 17540
, 17539
, 17539
, 17538
, 17538
, 17537
, 17537
, 17536
, 17536
, 17535
, 17535
, 17534
, 17534
, 17533
, 17533
, 17532
, 17532
, 17531
, 17531
, 17530
, 17530
, 17529
, 17529
, 17528
, 17528
, 17527
, 17527
, 17526
, 17526
, 17525
, 17525
, 17524
, 17524
, 17523
, 17523
, 17522
, 17522
, 17521
, 17521
, 17520
, 17520
, 17519
, 17519
, 17518
, 17518
, 17517
, 17517
, 17516
, 17516
, 17515
, 17515
, 17514
, 17514
, 17513
, 17513
, 17512
, 17512
, 17511
, 17511
, 17510
, 17510
, 17509
, 17509
, 17508
, 17508
, 17507
, 17507
, 17506
, 17506
, 17505
, 17505
, 17504
, 17504
, 17503
, 17503
, 17502
, 17502
, 17501
, 17501
, 17500
, 17500
, 17499
, 17499
, 17498
, 17498
, 17497
, 17497
, 17496
, 17496
, 17495
, 17495
, 17494
, 17494
, 17493
, 17493
, 17492
, 17492
, 17491
, 17491
, 17490
, 17490
, 17489
, 17489
, 17488
, 17488
, 17487
, 17487
, 17486
, 17486
, 17485
, 17485
, 17484
, 17484
, 17483
, 17483
, 17482
, 17482
, 17481
, 17481
, 17480
, 17480
, 17479
, 17479
, 17478
, 17478
, 17477
, 17477
, 17476
, 17476
, 17475
, 17475
, 17474
, 17474
, 17473
, 17473
, 17472
, 17472
, 17471
, 17471
, 17470
, 17470
, 17469
, 17469
, 17468
, 17468
, 17467
, 17467
, 17466
, 17466
, 17465
, 17465
, 17464
, 17464
, 17463
, 17463
, 17462
, 17462
, 17461
, 17461
, 17460
, 17460
, 17459
, 17459
, 17458
, 17458
, 17457
, 17457
, 17456
, 17456
, 17455
, 17455
, 17454
, 17454
, 17453
, 17453
, 17452
, 17452
, 17451
, 17451
, 17450
, 17450
, 17449
, 17449
, 17448
, 17448
, 17447
, 17447
, 17446
, 17446
, 17445
, 17445
, 17444
, 17444
, 17443
, 17443
, 17442
, 17442
, 17441
, 17441
, 17440
, 17440
, 17439
, 17439
, 17438
, 17438
, 17437
, 17437
, 17436
, 17436
, 17435
, 17435
, 17434
, 17434
, 17433
, 17433
, 17432
, 17432
, 17431
, 17431
, 17430
, 17430
, 17429
, 17429
, 17428
, 17428
, 17427
, 17427
, 17426
, 17426
, 17425
, 17425
, 17424
, 17424
, 17423
, 17423
, 17422
, 17422
, 17421
, 17421
, 17420
, 17420
, 17419
, 17419
, 17418
, 17418
, 17417
, 17417
, 17416
, 17416
, 17415
, 17415
, 17414
, 17414
, 17413
, 17413
, 17412
, 17412
, 17411
, 17411
, 17410
, 17410
, 17409
, 17409
, 17408
, 17408
, 17407
, 17407
, 17406
, 17406
, 17405
, 17405
, 17404
, 17404
, 17403
, 17403
, 17402
, 17402
, 17401
, 17401
, 17400
, 17400
, 17399
, 17399
, 17398
, 17398
, 17397
, 17397
, 17396
, 17396
, 17395
, 17395
, 17394
, 17394
, 17393
, 17393
, 17392
, 17392
, 17391
, 17391
, 17390
, 17390
, 17389
, 17389
, 17388
, 17388
, 17387
, 17387
, 17386
, 17386
, 17385
, 17385
, 17384
, 17384
, 17383
, 17383
, 17382
, 17382
, 17381
, 17381
, 17380
, 17380
, 17379
, 17379
, 17378
, 17378
, 17377
, 17377
, 17376
, 17376
, 17375
, 17375
, 17374
, 17374
, 17373
, 17373
, 17372
, 17372
, 17371
, 17371
, 17370
, 17370
, 17369
, 17369
, 17368
, 17368
, 17367
, 17367
, 17366
, 17366
, 17365
, 17365
, 17364
, 17364
, 17363
, 17363
, 17362
, 17362
, 17361
, 17361
, 17360
, 17360
, 17359
, 17359
, 17358
, 17358
, 17357
, 17357
, 17356
, 17356
, 17355
, 17355
, 17354
, 17354
, 17353
, 17353
, 17352
, 17352
, 17351
, 17351
, 17350
, 17350
, 17349
, 17349
, 17348
, 17348
, 17347
, 17347
, 17346
, 17346
, 17345
, 17345
, 17344
, 17344
, 17343
, 17343
, 17342
, 17342
, 17341
, 17341
, 17340
, 17340
, 17339
, 17339
, 17338
, 17338
, 17337
, 17337
, 17336
, 17336
, 17335
, 17335
, 17334
, 17334
, 17333
, 17333
, 17332
, 17332
, 17331
, 17331
, 17330
, 17330
, 17329
, 17329
, 17328
, 17328
, 17327
, 17327
, 17326
, 17326
, 17325
, 17325
, 17324
, 17324
, 17323
, 17323
, 17322
, 17322
, 17321
, 17321
, 17320
, 17320
, 17319
, 17319
, 17318
, 17318
, 17317
, 17317
, 17316
, 17316
, 17315
, 17315
, 17314
, 17314
, 17313
, 17313
, 17312
, 17312
, 17311
, 17311
, 17310
, 17310
, 17309
, 17309
, 17308
, 17308
, 17307
, 17307
, 17306
, 17306
, 17305
, 17305
, 17304
, 17304
, 17303
, 17303
, 17302
, 17302
, 17301
, 17301
, 17300
, 17300
, 17299
, 17299
, 17298
, 17298
, 17297
, 17297
, 17296
, 17296
, 17295
, 17295
, 17294
, 17294
, 17293
, 17293
, 17292
, 17292
, 17291
, 17291
, 17290
, 17290
, 17289
, 17289
, 17288
, 17288
, 17287
, 17287
, 17286
, 17286
, 17285
, 17285
, 17284
, 17284
, 17283
, 17283
, 17282
, 17282
, 17281
, 17281
, 17280
, 17280
, 17279
, 17279
, 17278
, 17278
, 17277
, 17277
, 17276
, 17276
, 17275
, 17275
, 17274
, 17274
, 17273
, 17273
, 17272
, 17272
, 17271
, 17271
, 17270
, 17270
, 17269
, 17269
, 17268
, 17268
, 17267
, 17267
, 17266
, 17266
, 17265
, 17265
, 17264
, 17264
, 17263
, 17263
, 17262
, 17262
, 17261
, 17261
, 17260
, 17260
, 17259
, 17259
, 17258
, 17258
, 17257
, 17257
, 17256
, 17256
, 17255
, 17255
, 17254
, 17254
, 17253
, 17253
, 17252
, 17252
, 17251
, 17251
, 17250
, 17250
, 17249
, 17249
, 17248
, 17248
, 17247
, 17247
, 17246
, 17246
, 17245
, 17245
, 17244
, 17244
, 17243
, 17243
, 17242
, 17242
, 17241
, 17241
, 17240
, 17240
, 17239
, 17239
, 17238
, 17238
, 17237
, 17237
, 17236
, 17236
, 17235
, 17235
, 17234
, 17234
, 17233
, 17233
, 17232
, 17232
, 17231
, 17231
, 17230
, 17230
, 17229
, 17229
, 17228
, 17228
, 17227
, 17227
, 17226
, 17226
, 17225
, 17225
, 17224
, 17224
, 17223
, 17223
, 17222
, 17222
, 17221
, 17221
, 17220
, 17220
, 17219
, 17219
, 17218
, 17218
, 17217
, 17217
, 17216
, 17216
, 17215
, 17215
, 17214
, 17214
, 17213
, 17213
, 17212
, 17212
, 17211
, 17211
, 17210
, 17210
, 17209
, 17209
, 17208
, 17208
, 17207
, 17207
, 17206
, 17206
, 17205
, 17205
, 17204
, 17204
, 17203
, 17203
, 17202
, 17202
, 17201
, 17201
, 17200
, 17200
, 17199
, 17199
, 17198
, 17198
, 17197
, 17197
, 17196
, 17196
, 17195
, 17195
, 17194
, 17194
, 17193
, 17193
, 17192
, 17192
, 17191
, 17191
, 17190
, 17190
, 17189
, 17189
, 17188
, 17188
, 17187
, 17187
, 17186
, 17186
, 17185
, 17185
, 17184
, 17184
, 17183
, 17183
, 17182
, 17182
, 17181
, 17181
, 17180
, 17180
, 17179
, 17179
, 17178
, 17178
, 17177
, 17177
, 17176
, 17176
, 17175
, 17175
, 17174
, 17174
, 17173
, 17173
, 17172
, 17172
, 17171
, 17171
, 17170
, 17170
, 17169
, 17169
, 17168
, 17168
, 17167
, 17167
, 17166
, 17166
, 17165
, 17165
, 17164
, 17164
, 17163
, 17163
, 17162
, 17162
, 17161
, 17161
, 17160
, 17160
, 17159
, 17159
, 17158
, 17158
, 17157
, 17157
, 17156
, 17156
, 17155
, 17155
, 17154
, 17154
, 17153
, 17153
, 17152
, 17152
, 17151
, 17151
, 17150
, 17150
, 17149
, 17149
, 17148
, 17148
, 17147
, 17147
, 17146
, 17146
, 17145
, 17145
, 17144
, 17144
, 17143
, 17143
, 17142
, 17142
, 17141
, 17141
, 17140
, 17140
, 17139
, 17139
, 17138
, 17138
, 17137
, 17137
, 17136
, 17136
, 17135
, 17135
, 17134
, 17134
, 17133
, 17133
, 17132
, 17132
, 17131
, 17131
, 17130
, 17130
, 17129
, 17129
, 17128
, 17128
, 17127
, 17127
, 17126
, 17126
, 17125
, 17125
, 17124
, 17124
, 17123
, 17123
, 17122
, 17122
, 17121
, 17121
, 17120
, 17120
, 17119
, 17119
, 17118
, 17118
, 17117
, 17117
, 17116
, 17116
, 17115
, 17115
, 17114
, 17114
, 17113
, 17113
, 17112
, 17112
, 17111
, 17111
, 17110
, 17110
, 17109
, 17109
, 17108
, 17108
, 17107
, 17107
, 17106
, 17106
, 17105
, 17105
, 17104
, 17104
, 17103
, 17103
, 17102
, 17102
, 17101
, 17101
, 17100
, 17100
, 17099
, 17099
, 17098
, 17098
, 17097
, 17097
, 17096
, 17096
, 17095
, 17095
, 17094
, 17094
, 17093
, 17093
, 17092
, 17092
, 17091
, 17091
, 17090
, 17090
, 17089
, 17089
, 17088
, 17088
, 17087
, 17087
, 17086
, 17086
, 17085
, 17085
, 17084
, 17084
, 17083
, 17083
, 17082
, 17082
, 17081
, 17081
, 17080
, 17080
, 17079
, 17079
, 17078
, 17078
, 17077
, 17077
, 17076
, 17076
, 17075
, 17075
, 17074
, 17074
, 17073
, 17073
, 17072
, 17072
, 17071
, 17071
, 17070
, 17070
, 17069
, 17069
, 17068
, 17068
, 17067
, 17067
, 17066
, 17066
, 17065
, 17065
, 17064
, 17064
, 17063
, 17063
, 17062
, 17062
, 17061
, 17061
, 17060
, 17060
, 17059
, 17059
, 17058
, 17058
, 17057
, 17057
, 17056
, 17056
, 17055
, 17055
, 17054
, 17054
, 17053
, 17053
, 17052
, 17052
, 17051
, 17051
, 17050
, 17050
, 17049
, 17049
, 17048
, 17048
, 17047
, 17047
, 17046
, 17046
, 17045
, 17045
, 17044
, 17044
, 17043
, 17043
, 17042
, 17042
, 17041
, 17041
, 17040
, 17040
, 17039
, 17039
, 17038
, 17038
, 17037
, 17037
, 17036
, 17036
, 17035
, 17035
, 17034
, 17034
, 17033
, 17033
, 17032
, 17032
, 17031
, 17031
, 17030
, 17030
, 17029
, 17029
, 17028
, 17028
, 17027
, 17027
, 17026
, 17026
, 17025
, 17025
, 17024
, 17024
, 17023
, 17023
, 17022
, 17022
, 17021
, 17021
, 17020
, 17020
, 17019
, 17019
, 17018
, 17018
, 17017
, 17017
, 17016
, 17016
, 17015
, 17015
, 17014
, 17014
, 17013
, 17013
, 17012
, 17012
, 17011
, 17011
, 17010
, 17010
, 17009
, 17009
, 17008
, 17008
, 17007
, 17007
, 17006
, 17006
, 17005
, 17005
, 17004
, 17004
, 17003
, 17003
, 17002
, 17002
, 17001
, 17001
, 17000
, 17000
, 16999
, 16999
, 16998
, 16998
, 16997
, 16997
, 16996
, 16996
, 16995
, 16995
, 16994
, 16994
, 16993
, 16993
, 16992
, 16992
, 16991
, 16991
, 16990
, 16990
, 16989
, 16989
, 16988
, 16988
, 16987
, 16987
, 16986
, 16986
, 16985
, 16985
, 16984
, 16984
, 16983
, 16983
, 16982
, 16982
, 16981
, 16981
, 16980
, 16980
, 16979
, 16979
, 16978
, 16978
, 16977
, 16977
, 16976
, 16976
, 16975
, 16975
, 16974
, 16974
, 16973
, 16973
, 16972
, 16972
, 16971
, 16971
, 16970
, 16970
, 16969
, 16969
, 16968
, 16968
, 16967
, 16967
, 16966
, 16966
, 16965
, 16965
, 16964
, 16964
, 16963
, 16963
, 16962
, 16962
, 16961
, 16961
, 16960
, 16960
, 16959
, 16959
, 16958
, 16958
, 16957
, 16957
, 16956
, 16956
, 16955
, 16955
, 16954
, 16954
, 16953
, 16953
, 16952
, 16952
, 16951
, 16951
, 16950
, 16950
, 16949
, 16949
, 16948
, 16948
, 16947
, 16947
, 16946
, 16946
, 16945
, 16945
, 16944
, 16944
, 16943
, 16943
, 16942
, 16942
, 16941
, 16941
, 16940
, 16940
, 16939
, 16939
, 16938
, 16938
, 16937
, 16937
, 16936
, 16936
, 16935
, 16935
, 16934
, 16934
, 16933
, 16933
, 16932
, 16932
, 16931
, 16931
, 16930
, 16930
, 16929
, 16929
, 16928
, 16928
, 16927
, 16927
, 16926
, 16926
, 16925
, 16925
, 16924
, 16924
, 16923
, 16923
, 16922
, 16922
, 16921
, 16921
, 16920
, 16920
, 16919
, 16919
, 16918
, 16918
, 16917
, 16917
, 16916
, 16916
, 16915
, 16915
, 16914
, 16914
, 16913
, 16913
, 16912
, 16912
, 16911
, 16911
, 16910
, 16910
, 16909
, 16909
, 16908
, 16908
, 16907
, 16907
, 16906
, 16906
, 16905
, 16905
, 16904
, 16904
, 16903
, 16903
, 16902
, 16902
, 16901
, 16901
, 16900
, 16900
, 16899
, 16899
, 16898
, 16898
, 16897
, 16897
, 16896
, 16896
, 16895
, 16895
, 16894
, 16894
, 16893
, 16893
, 16892
, 16892
, 16891
, 16891
, 16890
, 16890
, 16889
, 16889
, 16888
, 16888
, 16887
, 16887
, 16886
, 16886
, 16885
, 16885
, 16884
, 16884
, 16883
, 16883
, 16882
, 16882
, 16881
, 16881
, 16880
, 16880
, 16879
, 16879
, 16878
, 16878
, 16877
, 16877
, 16876
, 16876
, 16875
, 16875
, 16874
, 16874
, 16873
, 16873
, 16872
, 16872
, 16871
, 16871
, 16870
, 16870
, 16869
, 16869
, 16868
, 16868
, 16867
, 16867
, 16866
, 16866
, 16865
, 16865
, 16864
, 16864
, 16863
, 16863
, 16862
, 16862
, 16861
, 16861
, 16860
, 16860
, 16859
, 16859
, 16858
, 16858
, 16857
, 16857
, 16856
, 16856
, 16855
, 16855
, 16854
, 16854
, 16853
, 16853
, 16852
, 16852
, 16851
, 16851
, 16850
, 16850
, 16849
, 16849
, 16848
, 16848
, 16847
, 16847
, 16846
, 16846
, 16845
, 16845
, 16844
, 16844
, 16843
, 16843
, 16842
, 16842
, 16841
, 16841
, 16840
, 16840
, 16839
, 16839
, 16838
, 16838
, 16837
, 16837
, 16836
, 16836
, 16835
, 16835
, 16834
, 16834
, 16833
, 16833
, 16832
, 16832
, 16831
, 16831
, 16830
, 16830
, 16829
, 16829
, 16828
, 16828
, 16827
, 16827
, 16826
, 16826
, 16825
, 16825
, 16824
, 16824
, 16823
, 16823
, 16822
, 16822
, 16821
, 16821
, 16820
, 16820
, 16819
, 16819
, 16818
, 16818
, 16817
, 16817
, 16816
, 16816
, 16815
, 16815
, 16814
, 16814
, 16813
, 16813
, 16812
, 16812
, 16811
, 16811
, 16810
, 16810
, 16809
, 16809
, 16808
, 16808
, 16807
, 16807
, 16806
, 16806
, 16805
, 16805
, 16804
, 16804
, 16803
, 16803
, 16802
, 16802
, 16801
, 16801
, 16800
, 16800
, 16799
, 16799
, 16798
, 16798
, 16797
, 16797
, 16796
, 16796
, 16795
, 16795
, 16794
, 16794
, 16793
, 16793
, 16792
, 16792
, 16791
, 16791
, 16790
, 16790
, 16789
, 16789
, 16788
, 16788
, 16787
, 16787
, 16786
, 16786
, 16785
, 16785
, 16784
, 16784
, 16783
, 16783
, 16782
, 16782
, 16781
, 16781
, 16780
, 16780
, 16779
, 16779
, 16778
, 16778
, 16777
, 16777
, 16776
, 16776
, 16775
, 16775
, 16774
, 16774
, 16773
, 16773
, 16772
, 16772
, 16771
, 16771
, 16770
, 16770
, 16769
, 16769
, 16768
, 16768
, 16767
, 16767
, 16766
, 16766
, 16765
, 16765
, 16764
, 16764
, 16763
, 16763
, 16762
, 16762
, 16761
, 16761
, 16760
, 16760
, 16759
, 16759
, 16758
, 16758
, 16757
, 16757
, 16756
, 16756
, 16755
, 16755
, 16754
, 16754
, 16753
, 16753
, 16752
, 16752
, 16751
, 16751
, 16750
, 16750
, 16749
, 16749
, 16748
, 16748
, 16747
, 16747
, 16746
, 16746
, 16745
, 16745
, 16744
, 16744
, 16743
, 16743
, 16742
, 16742
, 16741
, 16741
, 16740
, 16740
, 16739
, 16739
, 16738
, 16738
, 16737
, 16737
, 16736
, 16736
, 16735
, 16735
, 16734
, 16734
, 16733
, 16733
, 16732
, 16732
, 16731
, 16731
, 16730
, 16730
, 16729
, 16729
, 16728
, 16728
, 16727
, 16727
, 16726
, 16726
, 16725
, 16725
, 16724
, 16724
, 16723
, 16723
, 16722
, 16722
, 16721
, 16721
, 16720
, 16720
, 16719
, 16719
, 16718
, 16718
, 16717
, 16717
, 16716
, 16716
, 16715
, 16715
, 16714
, 16714
, 16713
, 16713
, 16712
, 16712
, 16711
, 16711
, 16710
, 16710
, 16709
, 16709
, 16708
, 16708
, 16707
, 16707
, 16706
, 16706
, 16705
, 16705
, 16704
, 16704
, 16703
, 16703
, 16702
, 16702
, 16701
, 16701
, 16700
, 16700
, 16699
, 16699
, 16698
, 16698
, 16697
, 16697
, 16696
, 16696
, 16695
, 16695
, 16694
, 16694
, 16693
, 16693
, 16692
, 16692
, 16691
, 16691
, 16690
, 16690
, 16689
, 16689
, 16688
, 16688
, 16687
, 16687
, 16686
, 16686
, 16685
, 16685
, 16684
, 16684
, 16683
, 16683
, 16682
, 16682
, 16681
, 16681
, 16680
, 16680
, 16679
, 16679
, 16678
, 16678
, 16677
, 16677
, 16676
, 16676
, 16675
, 16675
, 16674
, 16674
, 16673
, 16673
, 16672
, 16672
, 16671
, 16671
, 16670
, 16670
, 16669
, 16669
, 16668
, 16668
, 16667
, 16667
, 16666
, 16666
, 16665
, 16665
, 16664
, 16664
, 16663
, 16663
, 16662
, 16662
, 16661
, 16661
, 16660
, 16660
, 16659
, 16659
, 16658
, 16658
, 16657
, 16657
, 16656
, 16656
, 16655
, 16655
, 16654
, 16654
, 16653
, 16653
, 16652
, 16652
, 16651
, 16651
, 16650
, 16650
, 16649
, 16649
, 16648
, 16648
, 16647
, 16647
, 16646
, 16646
, 16645
, 16645
, 16644
, 16644
, 16643
, 16643
, 16642
, 16642
, 16641
, 16641
, 16640
, 16640
, 16639
, 16639
, 16638
, 16638
, 16637
, 16637
, 16636
, 16636
, 16635
, 16635
, 16634
, 16634
, 16633
, 16633
, 16632
, 16632
, 16631
, 16631
, 16630
, 16630
, 16629
, 16629
, 16628
, 16628
, 16627
, 16627
, 16626
, 16626
, 16625
, 16625
, 16624
, 16624
, 16623
, 16623
, 16622
, 16622
, 16621
, 16621
, 16620
, 16620
, 16619
, 16619
, 16618
, 16618
, 16617
, 16617
, 16616
, 16616
, 16615
, 16615
, 16614
, 16614
, 16613
, 16613
, 16612
, 16612
, 16611
, 16611
, 16610
, 16610
, 16609
, 16609
, 16608
, 16608
, 16607
, 16607
, 16606
, 16606
, 16605
, 16605
, 16604
, 16604
, 16603
, 16603
, 16602
, 16602
, 16601
, 16601
, 16600
, 16600
, 16599
, 16599
, 16598
, 16598
, 16597
, 16597
, 16596
, 16596
, 16595
, 16595
, 16594
, 16594
, 16593
, 16593
, 16592
, 16592
, 16591
, 16591
, 16590
, 16590
, 16589
, 16589
, 16588
, 16588
, 16587
, 16587
, 16586
, 16586
, 16585
, 16585
, 16584
, 16584
, 16583
, 16583
, 16582
, 16582
, 16581
, 16581
, 16580
, 16580
, 16579
, 16579
, 16578
, 16578
, 16577
, 16577
, 16576
, 16576
, 16575
, 16575
, 16574
, 16574
, 16573
, 16573
, 16572
, 16572
, 16571
, 16571
, 16570
, 16570
, 16569
, 16569
, 16568
, 16568
, 16567
, 16567
, 16566
, 16566
, 16565
, 16565
, 16564
, 16564
, 16563
, 16563
, 16562
, 16562
, 16561
, 16561
, 16560
, 16560
, 16559
, 16559
, 16558
, 16558
, 16557
, 16557
, 16556
, 16556
, 16555
, 16555
, 16554
, 16554
, 16553
, 16553
, 16552
, 16552
, 16551
, 16551
, 16550
, 16550
, 16549
, 16549
, 16548
, 16548
, 16547
, 16547
, 16546
, 16546
, 16545
, 16545
, 16544
, 16544
, 16543
, 16543
, 16542
, 16542
, 16541
, 16541
, 16540
, 16540
, 16539
, 16539
, 16538
, 16538
, 16537
, 16537
, 16536
, 16536
, 16535
, 16535
, 16534
, 16534
, 16533
, 16533
, 16532
, 16532
, 16531
, 16531
, 16530
, 16530
, 16529
, 16529
, 16528
, 16528
, 16527
, 16527
, 16526
, 16526
, 16525
, 16525
, 16524
, 16524
, 16523
, 16523
, 16522
, 16522
, 16521
, 16521
, 16520
, 16520
, 16519
, 16519
, 16518
, 16518
, 16517
, 16517
, 16516
, 16516
, 16515
, 16515
, 16514
, 16514
, 16513
, 16513
, 16512
, 16512
, 16511
, 16511
, 16510
, 16510
, 16509
, 16509
, 16508
, 16508
, 16507
, 16507
, 16506
, 16506
, 16505
, 16505
, 16504
, 16504
, 16503
, 16503
, 16502
, 16502
, 16501
, 16501
, 16500
, 16500
, 16499
, 16499
, 16498
, 16498
, 16497
, 16497
, 16496
, 16496
, 16495
, 16495
, 16494
, 16494
, 16493
, 16493
, 16492
, 16492
, 16491
, 16491
, 16490
, 16490
, 16489
, 16489
, 16488
, 16488
, 16487
, 16487
, 16486
, 16486
, 16485
, 16485
, 16484
, 16484
, 16483
, 16483
, 16482
, 16482
, 16481
, 16481
, 16480
, 16480
, 16479
, 16479
, 16478
, 16478
, 16477
, 16477
, 16476
, 16476
, 16475
, 16475
, 16474
, 16474
, 16473
, 16473
, 16472
, 16472
, 16471
, 16471
, 16470
, 16470
, 16469
, 16469
, 16468
, 16468
, 16467
, 16467
, 16466
, 16466
, 16465
, 16465
, 16464
, 16464
, 16463
, 16463
, 16462
, 16462
, 16461
, 16461
, 16460
, 16460
, 16459
, 16459
, 16458
, 16458
, 16457
, 16457
, 16456
, 16456
, 16455
, 16455
, 16454
, 16454
, 16453
, 16453
, 16452
, 16452
, 16451
, 16451
, 16450
, 16450
, 16449
, 16449
, 16448
, 16448
, 16447
, 16447
, 16446
, 16446
, 16445
, 16445
, 16444
, 16444
, 16443
, 16443
, 16442
, 16442
, 16441
, 16441
, 16440
, 16440
, 16439
, 16439
, 16438
, 16438
, 16437
, 16437
, 16436
, 16436
, 16435
, 16435
, 16434
, 16434
, 16433
, 16433
, 16432
, 16432
, 16431
, 16431
, 16430
, 16430
, 16429
, 16429
, 16428
, 16428
, 16427
, 16427
, 16426
, 16426
, 16425
, 16425
, 16424
, 16424
, 16423
, 16423
, 16422
, 16422
, 16421
, 16421
, 16420
, 16420
, 16419
, 16419
, 16418
, 16418
, 16417
, 16417
, 16416
, 16416
, 16415
, 16415
, 16414
, 16414
, 16413
, 16413
, 16412
, 16412
, 16411
, 16411
, 16410
, 16410
, 16409
, 16409
, 16408
, 16408
, 16407
, 16407
, 16406
, 16406
, 16405
, 16405
, 16404
, 16404
, 16403
, 16403
, 16402
, 16402
, 16401
, 16401
, 16400
, 16400
, 16399
, 16399
, 16398
, 16398
, 16397
, 16397
, 16396
, 16396
, 16395
, 16395
, 16394
, 16394
, 16393
, 16393
, 16392
, 16392
, 16391
, 16391
, 16390
, 16390
, 16389
, 16389
, 16388
, 16388
, 16387
, 16387
, 16386
, 16386
, 16385
, 16385
, 16384
, 16384
, 16383
, 16383
, 16382
, 16382
, 16381
, 16381
, 16380
, 16380
, 16379
, 16379
, 16378
, 16378
, 16377
, 16377
, 16376
, 16376
, 16375
, 16375
, 16374
, 16374
, 16373
, 16373
, 16372
, 16372
, 16371
, 16371
, 16370
, 16370
, 16369
, 16369
, 16368
, 16368
, 16367
, 16367
, 16366
, 16366
, 16365
, 16365
, 16364
, 16364
, 16363
, 16363
, 16362
, 16362
, 16361
, 16361
, 16360
, 16360
, 16359
, 16359
, 16358
, 16358
, 16357
, 16357
, 16356
, 16356
, 16355
, 16355
, 16354
, 16354
, 16353
, 16353
, 16352
, 16352
, 16351
, 16351
, 16350
, 16350
, 16349
, 16349
, 16348
, 16348
, 16347
, 16347
, 16346
, 16346
, 16345
, 16345
, 16344
, 16344
, 16343
, 16343
, 16342
, 16342
, 16341
, 16341
, 16340
, 16340
, 16339
, 16339
, 16338
, 16338
, 16337
, 16337
, 16336
, 16336
, 16335
, 16335
, 16334
, 16334
, 16333
, 16333
, 16332
, 16332
, 16331
, 16331
, 16330
, 16330
, 16329
, 16329
, 16328
, 16328
, 16327
, 16327
, 16326
, 16326
, 16325
, 16325
, 16324
, 16324
, 16323
, 16323
, 16322
, 16322
, 16321
, 16321
, 16320
, 16320
, 16319
, 16319
, 16318
, 16318
, 16317
, 16317
, 16316
, 16316
, 16315
, 16315
, 16314
, 16314
, 16313
, 16313
, 16312
, 16312
, 16311
, 16311
, 16310
, 16310
, 16309
, 16309
, 16308
, 16308
, 16307
, 16307
, 16306
, 16306
, 16305
, 16305
, 16304
, 16304
, 16303
, 16303
, 16302
, 16302
, 16301
, 16301
, 16300
, 16300
, 16299
, 16299
, 16298
, 16298
, 16297
, 16297
, 16296
, 16296
, 16295
, 16295
, 16294
, 16294
, 16293
, 16293
, 16292
, 16292
, 16291
, 16291
, 16290
, 16290
, 16289
, 16289
, 16288
, 16288
, 16287
, 16287
, 16286
, 16286
, 16285
, 16285
, 16284
, 16284
, 16283
, 16283
, 16282
, 16282
, 16281
, 16281
, 16280
, 16280
, 16279
, 16279
, 16278
, 16278
, 16277
, 16277
, 16276
, 16276
, 16275
, 16275
, 16274
, 16274
, 16273
, 16273
, 16272
, 16272
, 16271
, 16271
, 16270
, 16270
, 16269
, 16269
, 16268
, 16268
, 16267
, 16267
, 16266
, 16266
, 16265
, 16265
, 16264
, 16264
, 16263
, 16263
, 16262
, 16262
, 16261
, 16261
, 16260
, 16260
, 16259
, 16259
, 16258
, 16258
, 16257
, 16257
, 16256
, 16256
, 16255
, 16255
, 16254
, 16254
, 16253
, 16253
, 16252
, 16252
, 16251
, 16251
, 16250
, 16250
, 16249
, 16249
, 16248
, 16248
, 16247
, 16247
, 16246
, 16246
, 16245
, 16245
, 16244
, 16244
, 16243
, 16243
, 16242
, 16242
, 16241
, 16241
, 16240
, 16240
, 16239
, 16239
, 16238
, 16238
, 16237
, 16237
, 16236
, 16236
, 16235
, 16235
, 16234
, 16234
, 16233
, 16233
, 16232
, 16232
, 16231
, 16231
, 16230
, 16230
, 16229
, 16229
, 16228
, 16228
, 16227
, 16227
, 16226
, 16226
, 16225
, 16225
, 16224
, 16224
, 16223
, 16223
, 16222
, 16222
, 16221
, 16221
, 16220
, 16220
, 16219
, 16219
, 16218
, 16218
, 16217
, 16217
, 16216
, 16216
, 16215
, 16215
, 16214
, 16214
, 16213
, 16213
, 16212
, 16212
, 16211
, 16211
, 16210
, 16210
, 16209
, 16209
, 16208
, 16208
, 16207
, 16207
, 16206
, 16206
, 16205
, 16205
, 16204
, 16204
, 16203
, 16203
, 16202
, 16202
, 16201
, 16201
, 16200
, 16200
, 16199
, 16199
, 16198
, 16198
, 16197
, 16197
, 16196
, 16196
, 16195
, 16195
, 16194
, 16194
, 16193
, 16193
, 16192
, 16192
, 16191
, 16191
, 16190
, 16190
, 16189
, 16189
, 16188
, 16188
, 16187
, 16187
, 16186
, 16186
, 16185
, 16185
, 16184
, 16184
, 16183
, 16183
, 16182
, 16182
, 16181
, 16181
, 16180
, 16180
, 16179
, 16179
, 16178
, 16178
, 16177
, 16177
, 16176
, 16176
, 16175
, 16175
, 16174
, 16174
, 16173
, 16173
, 16172
, 16172
, 16171
, 16171
, 16170
, 16170
, 16169
, 16169
, 16168
, 16168
, 16167
, 16167
, 16166
, 16166
, 16165
, 16165
, 16164
, 16164
, 16163
, 16163
, 16162
, 16162
, 16161
, 16161
, 16160
, 16160
, 16159
, 16159
, 16158
, 16158
, 16157
, 16157
, 16156
, 16156
, 16155
, 16155
, 16154
, 16154
, 16153
, 16153
, 16152
, 16152
, 16151
, 16151
, 16150
, 16150
, 16149
, 16149
, 16148
, 16148
, 16147
, 16147
, 16146
, 16146
, 16145
, 16145
, 16144
, 16144
, 16143
, 16143
, 16142
, 16142
, 16141
, 16141
, 16140
, 16140
, 16139
, 16139
, 16138
, 16138
, 16137
, 16137
, 16136
, 16136
, 16135
, 16135
, 16134
, 16134
, 16133
, 16133
, 16132
, 16132
, 16131
, 16131
, 16130
, 16130
, 16129
, 16129
, 16128
, 16128
, 16127
, 16127
, 16126
, 16126
, 16125
, 16125
, 16124
, 16124
, 16123
, 16123
, 16122
, 16122
, 16121
, 16121
, 16120
, 16120
, 16119
, 16119
, 16118
, 16118
, 16117
, 16117
, 16116
, 16116
, 16115
, 16115
, 16114
, 16114
, 16113
, 16113
, 16112
, 16112
, 16111
, 16111
, 16110
, 16110
, 16109
, 16109
, 16108
, 16108
, 16107
, 16107
, 16106
, 16106
, 16105
, 16105
, 16104
, 16104
, 16103
, 16103
, 16102
, 16102
, 16101
, 16101
, 16100
, 16100
, 16099
, 16099
, 16098
, 16098
, 16097
, 16097
, 16096
, 16096
, 16095
, 16095
, 16094
, 16094
, 16093
, 16093
, 16092
, 16092
, 16091
, 16091
, 16090
, 16090
, 16089
, 16089
, 16088
, 16088
, 16087
, 16087
, 16086
, 16086
, 16085
, 16085
, 16084
, 16084
, 16083
, 16083
, 16082
, 16082
, 16081
, 16081
, 16080
, 16080
, 16079
, 16079
, 16078
, 16078
, 16077
, 16077
, 16076
, 16076
, 16075
, 16075
, 16074
, 16074
, 16073
, 16073
, 16072
, 16072
, 16071
, 16071
, 16070
, 16070
, 16069
, 16069
, 16068
, 16068
, 16067
, 16067
, 16066
, 16066
, 16065
, 16065
, 16064
, 16064
, 16063
, 16063
, 16062
, 16062
, 16061
, 16061
, 16060
, 16060
, 16059
, 16059
, 16058
, 16058
, 16057
, 16057
, 16056
, 16056
, 16055
, 16055
, 16054
, 16054
, 16053
, 16053
, 16052
, 16052
, 16051
, 16051
, 16050
, 16050
, 16049
, 16049
, 16048
, 16048
, 16047
, 16047
, 16046
, 16046
, 16045
, 16045
, 16044
, 16044
, 16043
, 16043
, 16042
, 16042
, 16041
, 16041
, 16040
, 16040
, 16039
, 16039
, 16038
, 16038
, 16037
, 16037
, 16036
, 16036
, 16035
, 16035
, 16034
, 16034
, 16033
, 16033
, 16032
, 16032
, 16031
, 16031
, 16030
, 16030
, 16029
, 16029
, 16028
, 16028
, 16027
, 16027
, 16026
, 16026
, 16025
, 16025
, 16024
, 16024
, 16023
, 16023
, 16022
, 16022
, 16021
, 16021
, 16020
, 16020
, 16019
, 16019
, 16018
, 16018
, 16017
, 16017
, 16016
, 16016
, 16015
, 16015
, 16014
, 16014
, 16013
, 16013
, 16012
, 16012
, 16011
, 16011
, 16010
, 16010
, 16009
, 16009
, 16008
, 16008
, 16007
, 16007
, 16006
, 16006
, 16005
, 16005
, 16004
, 16004
, 16003
, 16003
, 16002
, 16002
, 16001
, 16001
, 16000
, 16000
, 15999
, 15999
, 15998
, 15998
, 15997
, 15997
, 15996
, 15996
, 15995
, 15995
, 15994
, 15994
, 15993
, 15993
, 15992
, 15992
, 15991
, 15991
, 15990
, 15990
, 15989
, 15989
, 15988
, 15988
, 15987
, 15987
, 15986
, 15986
, 15985
, 15985
, 15984
, 15984
, 15983
, 15983
, 15982
, 15982
, 15981
, 15981
, 15980
, 15980
, 15979
, 15979
, 15978
, 15978
, 15977
, 15977
, 15976
, 15976
, 15975
, 15975
, 15974
, 15974
, 15973
, 15973
, 15972
, 15972
, 15971
, 15971
, 15970
, 15970
, 15969
, 15969
, 15968
, 15968
, 15967
, 15967
, 15966
, 15966
, 15965
, 15965
, 15964
, 15964
, 15963
, 15963
, 15962
, 15962
, 15961
, 15961
, 15960
, 15960
, 15959
, 15959
, 15958
, 15958
, 15957
, 15957
, 15956
, 15956
, 15955
, 15955
, 15954
, 15954
, 15953
, 15953
, 15952
, 15952
, 15951
, 15951
, 15950
, 15950
, 15949
, 15949
, 15948
, 15948
, 15947
, 15947
, 15946
, 15946
, 15945
, 15945
, 15944
, 15944
, 15943
, 15943
, 15942
, 15942
, 15941
, 15941
, 15940
, 15940
, 15939
, 15939
, 15938
, 15938
, 15937
, 15937
, 15936
, 15936
, 15935
, 15935
, 15934
, 15934
, 15933
, 15933
, 15932
, 15932
, 15931
, 15931
, 15930
, 15930
, 15929
, 15929
, 15928
, 15928
, 15927
, 15927
, 15926
, 15926
, 15925
, 15925
, 15924
, 15924
, 15923
, 15923
, 15922
, 15922
, 15921
, 15921
, 15920
, 15920
, 15919
, 15919
, 15918
, 15918
, 15917
, 15917
, 15916
, 15916
, 15915
, 15915
, 15914
, 15914
, 15913
, 15913
, 15912
, 15912
, 15911
, 15911
, 15910
, 15910
, 15909
, 15909
, 15908
, 15908
, 15907
, 15907
, 15906
, 15906
, 15905
, 15905
, 15904
, 15904
, 15903
, 15903
, 15902
, 15902
, 15901
, 15901
, 15900
, 15900
, 15899
, 15899
, 15898
, 15898
, 15897
, 15897
, 15896
, 15896
, 15895
, 15895
, 15894
, 15894
, 15893
, 15893
, 15892
, 15892
, 15891
, 15891
, 15890
, 15890
, 15889
, 15889
, 15888
, 15888
, 15887
, 15887
, 15886
, 15886
, 15885
, 15885
, 15884
, 15884
, 15883
, 15883
, 15882
, 15882
, 15881
, 15881
, 15880
, 15880
, 15879
, 15879
, 15878
, 15878
, 15877
, 15877
, 15876
, 15876
, 15875
, 15875
, 15874
, 15874
, 15873
, 15873
, 15872
, 15872
, 15871
, 15871
, 15870
, 15870
, 15869
, 15869
, 15868
, 15868
, 15867
, 15867
, 15866
, 15866
, 15865
, 15865
, 15864
, 15864
, 15863
, 15863
, 15862
, 15862
, 15861
, 15861
, 15860
, 15860
, 15859
, 15859
, 15858
, 15858
, 15857
, 15857
, 15856
, 15856
, 15855
, 15855
, 15854
, 15854
, 15853
, 15853
, 15852
, 15852
, 15851
, 15851
, 15850
, 15850
, 15849
, 15849
, 15848
, 15848
, 15847
, 15847
, 15846
, 15846
, 15845
, 15845
, 15844
, 15844
, 15843
, 15843
, 15842
, 15842
, 15841
, 15841
, 15840
, 15840
, 15839
, 15839
, 15838
, 15838
, 15837
, 15837
, 15836
, 15836
, 15835
, 15835
, 15834
, 15834
, 15833
, 15833
, 15832
, 15832
, 15831
, 15831
, 15830
, 15830
, 15829
, 15829
, 15828
, 15828
, 15827
, 15827
, 15826
, 15826
, 15825
, 15825
, 15824
, 15824
, 15823
, 15823
, 15822
, 15822
, 15821
, 15821
, 15820
, 15820
, 15819
, 15819
, 15818
, 15818
, 15817
, 15817
, 15816
, 15816
, 15815
, 15815
, 15814
, 15814
, 15813
, 15813
, 15812
, 15812
, 15811
, 15811
, 15810
, 15810
, 15809
, 15809
, 15808
, 15808
, 15807
, 15807
, 15806
, 15806
, 15805
, 15805
, 15804
, 15804
, 15803
, 15803
, 15802
, 15802
, 15801
, 15801
, 15800
, 15800
, 15799
, 15799
, 15798
, 15798
, 15797
, 15797
, 15796
, 15796
, 15795
, 15795
, 15794
, 15794
, 15793
, 15793
, 15792
, 15792
, 15791
, 15791
, 15790
, 15790
, 15789
, 15789
, 15788
, 15788
, 15787
, 15787
, 15786
, 15786
, 15785
, 15785
, 15784
, 15784
, 15783
, 15783
, 15782
, 15782
, 15781
, 15781
, 15780
, 15780
, 15779
, 15779
, 15778
, 15778
, 15777
, 15777
, 15776
, 15776
, 15775
, 15775
, 15774
, 15774
, 15773
, 15773
, 15772
, 15772
, 15771
, 15771
, 15770
, 15770
, 15769
, 15769
, 15768
, 15768
, 15767
, 15767
, 15766
, 15766
, 15765
, 15765
, 15764
, 15764
, 15763
, 15763
, 15762
, 15762
, 15761
, 15761
, 15760
, 15760
, 15759
, 15759
, 15758
, 15758
, 15757
, 15757
, 15756
, 15756
, 15755
, 15755
, 15754
, 15754
, 15753
, 15753
, 15752
, 15752
, 15751
, 15751
, 15750
, 15750
, 15749
, 15749
, 15748
, 15748
, 15747
, 15747
, 15746
, 15746
, 15745
, 15745
, 15744
, 15744
, 15743
, 15743
, 15742
, 15742
, 15741
, 15741
, 15740
, 15740
, 15739
, 15739
, 15738
, 15738
, 15737
, 15737
, 15736
, 15736
, 15735
, 15735
, 15734
, 15734
, 15733
, 15733
, 15732
, 15732
, 15731
, 15731
, 15730
, 15730
, 15729
, 15729
, 15728
, 15728
, 15727
, 15727
, 15726
, 15726
, 15725
, 15725
, 15724
, 15724
, 15723
, 15723
, 15722
, 15722
, 15721
, 15721
, 15720
, 15720
, 15719
, 15719
, 15718
, 15718
, 15717
, 15717
, 15716
, 15716
, 15715
, 15715
, 15714
, 15714
, 15713
, 15713
, 15712
, 15712
, 15711
, 15711
, 15710
, 15710
, 15709
, 15709
, 15708
, 15708
, 15707
, 15707
, 15706
, 15706
, 15705
, 15705
, 15704
, 15704
, 15703
, 15703
, 15702
, 15702
, 15701
, 15701
, 15700
, 15700
, 15699
, 15699
, 15698
, 15698
, 15697
, 15697
, 15696
, 15696
, 15695
, 15695
, 15694
, 15694
, 15693
, 15693
, 15692
, 15692
, 15691
, 15691
, 15690
, 15690
, 15689
, 15689
, 15688
, 15688
, 15687
, 15687
, 15686
, 15686
, 15685
, 15685
, 15684
, 15684
, 15683
, 15683
, 15682
, 15682
, 15681
, 15681
, 15680
, 15680
, 15679
, 15679
, 15678
, 15678
, 15677
, 15677
, 15676
, 15676
, 15675
, 15675
, 15674
, 15674
, 15673
, 15673
, 15672
, 15672
, 15671
, 15671
, 15670
, 15670
, 15669
, 15669
, 15668
, 15668
, 15667
, 15667
, 15666
, 15666
, 15665
, 15665
, 15664
, 15664
, 15663
, 15663
, 15662
, 15662
, 15661
, 15661
, 15660
, 15660
, 15659
, 15659
, 15658
, 15658
, 15657
, 15657
, 15656
, 15656
, 15655
, 15655
, 15654
, 15654
, 15653
, 15653
, 15652
, 15652
, 15651
, 15651
, 15650
, 15650
, 15649
, 15649
, 15648
, 15648
, 15647
, 15647
, 15646
, 15646
, 15645
, 15645
, 15644
, 15644
, 15643
, 15643
, 15642
, 15642
, 15641
, 15641
, 15640
, 15640
, 15639
, 15639
, 15638
, 15638
, 15637
, 15637
, 15636
, 15636
, 15635
, 15635
, 15634
, 15634
, 15633
, 15633
, 15632
, 15632
, 15631
, 15631
, 15630
, 15630
, 15629
, 15629
, 15628
, 15628
, 15627
, 15627
, 15626
, 15626
, 15625
, 15625
, 15624
, 15624
, 15623
, 15623
, 15622
, 15622
, 15621
, 15621
, 15620
, 15620
, 15619
, 15619
, 15618
, 15618
, 15617
, 15617
, 15616
, 15616
, 15615
, 15615
, 15614
, 15614
, 15613
, 15613
, 15612
, 15612
, 15611
, 15611
, 15610
, 15610
, 15609
, 15609
, 15608
, 15608
, 15607
, 15607
, 15606
, 15606
, 15605
, 15605
, 15604
, 15604
, 15603
, 15603
, 15602
, 15602
, 15601
, 15601
, 15600
, 15600
, 15599
, 15599
, 15598
, 15598
, 15597
, 15597
, 15596
, 15596
, 15595
, 15595
, 15594
, 15594
, 15593
, 15593
, 15592
, 15592
, 15591
, 15591
, 15590
, 15590
, 15589
, 15589
, 15588
, 15588
, 15587
, 15587
, 15586
, 15586
, 15585
, 15585
, 15584
, 15584
, 15583
, 15583
, 15582
, 15582
, 15581
, 15581
, 15580
, 15580
, 15579
, 15579
, 15578
, 15578
, 15577
, 15577
, 15576
, 15576
, 15575
, 15575
, 15574
, 15574
, 15573
, 15573
, 15572
, 15572
, 15571
, 15571
, 15570
, 15570
, 15569
, 15569
, 15568
, 15568
, 15567
, 15567
, 15566
, 15566
, 15565
, 15565
, 15564
, 15564
, 15563
, 15563
, 15562
, 15562
, 15561
, 15561
, 15560
, 15560
, 15559
, 15559
, 15558
, 15558
, 15557
, 15557
, 15556
, 15556
, 15555
, 15555
, 15554
, 15554
, 15553
, 15553
, 15552
, 15552
, 15551
, 15551
, 15550
, 15550
, 15549
, 15549
, 15548
, 15548
, 15547
, 15547
, 15546
, 15546
, 15545
, 15545
, 15544
, 15544
, 15543
, 15543
, 15542
, 15542
, 15541
, 15541
, 15540
, 15540
, 15539
, 15539
, 15538
, 15538
, 15537
, 15537
, 15536
, 15536
, 15535
, 15535
, 15534
, 15534
, 15533
, 15533
, 15532
, 15532
, 15531
, 15531
, 15530
, 15530
, 15529
, 15529
, 15528
, 15528
, 15527
, 15527
, 15526
, 15526
, 15525
, 15525
, 15524
, 15524
, 15523
, 15523
, 15522
, 15522
, 15521
, 15521
, 15520
, 15520
, 15519
, 15519
, 15518
, 15518
, 15517
, 15517
, 15516
, 15516
, 15515
, 15515
, 15514
, 15514
, 15513
, 15513
, 15512
, 15512
, 15511
, 15511
, 15510
, 15510
, 15509
, 15509
, 15508
, 15508
, 15507
, 15507
, 15506
, 15506
, 15505
, 15505
, 15504
, 15504
, 15503
, 15503
, 15502
, 15502
, 15501
, 15501
, 15500
, 15500
, 15499
, 15499
, 15498
, 15498
, 15497
, 15497
, 15496
, 15496
, 15495
, 15495
, 15494
, 15494
, 15493
, 15493
, 15492
, 15492
, 15491
, 15491
, 15490
, 15490
, 15489
, 15489
, 15488
, 15488
, 15487
, 15487
, 15486
, 15486
, 15485
, 15485
, 15484
, 15484
, 15483
, 15483
, 15482
, 15482
, 15481
, 15481
, 15480
, 15480
, 15479
, 15479
, 15478
, 15478
, 15477
, 15477
, 15476
, 15476
, 15475
, 15475
, 15474
, 15474
, 15473
, 15473
, 15472
, 15472
, 15471
, 15471
, 15470
, 15470
, 15469
, 15469
, 15468
, 15468
, 15467
, 15467
, 15466
, 15466
, 15465
, 15465
, 15464
, 15464
, 15463
, 15463
, 15462
, 15462
, 15461
, 15461
, 15460
, 15460
, 15459
, 15459
, 15458
, 15458
, 15457
, 15457
, 15456
, 15456
, 15455
, 15455
, 15454
, 15454
, 15453
, 15453
, 15452
, 15452
, 15451
, 15451
, 15450
, 15450
, 15449
, 15449
, 15448
, 15448
, 15447
, 15447
, 15446
, 15446
, 15445
, 15445
, 15444
, 15444
, 15443
, 15443
, 15442
, 15442
, 15441
, 15441
, 15440
, 15440
, 15439
, 15439
, 15438
, 15438
, 15437
, 15437
, 15436
, 15436
, 15435
, 15435
, 15434
, 15434
, 15433
, 15433
, 15432
, 15432
, 15431
, 15431
, 15430
, 15430
, 15429
, 15429
, 15428
, 15428
, 15427
, 15427
, 15426
, 15426
, 15425
, 15425
, 15424
, 15424
, 15423
, 15423
, 15422
, 15422
, 15421
, 15421
, 15420
, 15420
, 15419
, 15419
, 15418
, 15418
, 15417
, 15417
, 15416
, 15416
, 15415
, 15415
, 15414
, 15414
, 15413
, 15413
, 15412
, 15412
, 15411
, 15411
, 15410
, 15410
, 15409
, 15409
, 15408
, 15408
, 15407
, 15407
, 15406
, 15406
, 15405
, 15405
, 15404
, 15404
, 15403
, 15403
, 15402
, 15402
, 15401
, 15401
, 15400
, 15400
, 15399
, 15399
, 15398
, 15398
, 15397
, 15397
, 15396
, 15396
, 15395
, 15395
, 15394
, 15394
, 15393
, 15393
, 15392
, 15392
, 15391
, 15391
, 15390
, 15390
, 15389
, 15389
, 15388
, 15388
, 15387
, 15387
, 15386
, 15386
, 15385
, 15385
, 15384
, 15384
, 15383
, 15383
, 15382
, 15382
, 15381
, 15381
, 15380
, 15380
, 15379
, 15379
, 15378
, 15378
, 15377
, 15377
, 15376
, 15376
, 15375
, 15375
, 15374
, 15374
, 15373
, 15373
, 15372
, 15372
, 15371
, 15371
, 15370
, 15370
, 15369
, 15369
, 15368
, 15368
, 15367
, 15367
, 15366
, 15366
, 15365
, 15365
, 15364
, 15364
, 15363
, 15363
, 15362
, 15362
, 15361
, 15361
, 15360
, 15360
, 15359
, 15359
, 15358
, 15358
, 15357
, 15357
, 15356
, 15356
, 15355
, 15355
, 15354
, 15354
, 15353
, 15353
, 15352
, 15352
, 15351
, 15351
, 15350
, 15350
, 15349
, 15349
, 15348
, 15348
, 15347
, 15347
, 15346
, 15346
, 15345
, 15345
, 15344
, 15344
, 15343
, 15343
, 15342
, 15342
, 15341
, 15341
, 15340
, 15340
, 15339
, 15339
, 15338
, 15338
, 15337
, 15337
, 15336
, 15336
, 15335
, 15335
, 15334
, 15334
, 15333
, 15333
, 15332
, 15332
, 15331
, 15331
, 15330
, 15330
, 15329
, 15329
, 15328
, 15328
, 15327
, 15327
, 15326
, 15326
, 15325
, 15325
, 15324
, 15324
, 15323
, 15323
, 15322
, 15322
, 15321
, 15321
, 15320
, 15320
, 15319
, 15319
, 15318
, 15318
, 15317
, 15317
, 15316
, 15316
, 15315
, 15315
, 15314
, 15314
, 15313
, 15313
, 15312
, 15312
, 15311
, 15311
, 15310
, 15310
, 15309
, 15309
, 15308
, 15308
, 15307
, 15307
, 15306
, 15306
, 15305
, 15305
, 15304
, 15304
, 15303
, 15303
, 15302
, 15302
, 15301
, 15301
, 15300
, 15300
, 15299
, 15299
, 15298
, 15298
, 15297
, 15297
, 15296
, 15296
, 15295
, 15295
, 15294
, 15294
, 15293
, 15293
, 15292
, 15292
, 15291
, 15291
, 15290
, 15290
, 15289
, 15289
, 15288
, 15288
, 15287
, 15287
, 15286
, 15286
, 15285
, 15285
, 15284
, 15284
, 15283
, 15283
, 15282
, 15282
, 15281
, 15281
, 15280
, 15280
, 15279
, 15279
, 15278
, 15278
, 15277
, 15277
, 15276
, 15276
, 15275
, 15275
, 15274
, 15274
, 15273
, 15273
, 15272
, 15272
, 15271
, 15271
, 15270
, 15270
, 15269
, 15269
, 15268
, 15268
, 15267
, 15267
, 15266
, 15266
, 15265
, 15265
, 15264
, 15264
, 15263
, 15263
, 15262
, 15262
, 15261
, 15261
, 15260
, 15260
, 15259
, 15259
, 15258
, 15258
, 15257
, 15257
, 15256
, 15256
, 15255
, 15255
, 15254
, 15254
, 15253
, 15253
, 15252
, 15252
, 15251
, 15251
, 15250
, 15250
, 15249
, 15249
, 15248
, 15248
, 15247
, 15247
, 15246
, 15246
, 15245
, 15245
, 15244
, 15244
, 15243
, 15243
, 15242
, 15242
, 15241
, 15241
, 15240
, 15240
, 15239
, 15239
, 15238
, 15238
, 15237
, 15237
, 15236
, 15236
, 15235
, 15235
, 15234
, 15234
, 15233
, 15233
, 15232
, 15232
, 15231
, 15231
, 15230
, 15230
, 15229
, 15229
, 15228
, 15228
, 15227
, 15227
, 15226
, 15226
, 15225
, 15225
, 15224
, 15224
, 15223
, 15223
, 15222
, 15222
, 15221
, 15221
, 15220
, 15220
, 15219
, 15219
, 15218
, 15218
, 15217
, 15217
, 15216
, 15216
, 15215
, 15215
, 15214
, 15214
, 15213
, 15213
, 15212
, 15212
, 15211
, 15211
, 15210
, 15210
, 15209
, 15209
, 15208
, 15208
, 15207
, 15207
, 15206
, 15206
, 15205
, 15205
, 15204
, 15204
, 15203
, 15203
, 15202
, 15202
, 15201
, 15201
, 15200
, 15200
, 15199
, 15199
, 15198
, 15198
, 15197
, 15197
, 15196
, 15196
, 15195
, 15195
, 15194
, 15194
, 15193
, 15193
, 15192
, 15192
, 15191
, 15191
, 15190
, 15190
, 15189
, 15189
, 15188
, 15188
, 15187
, 15187
, 15186
, 15186
, 15185
, 15185
, 15184
, 15184
, 15183
, 15183
, 15182
, 15182
, 15181
, 15181
, 15180
, 15180
, 15179
, 15179
, 15178
, 15178
, 15177
, 15177
, 15176
, 15176
, 15175
, 15175
, 15174
, 15174
, 15173
, 15173
, 15172
, 15172
, 15171
, 15171
, 15170
, 15170
, 15169
, 15169
, 15168
, 15168
, 15167
, 15167
, 15166
, 15166
, 15165
, 15165
, 15164
, 15164
, 15163
, 15163
, 15162
, 15162
, 15161
, 15161
, 15160
, 15160
, 15159
, 15159
, 15158
, 15158
, 15157
, 15157
, 15156
, 15156
, 15155
, 15155
, 15154
, 15154
, 15153
, 15153
, 15152
, 15152
, 15151
, 15151
, 15150
, 15150
, 15149
, 15149
, 15148
, 15148
, 15147
, 15147
, 15146
, 15146
, 15145
, 15145
, 15144
, 15144
, 15143
, 15143
, 15142
, 15142
, 15141
, 15141
, 15140
, 15140
, 15139
, 15139
, 15138
, 15138
, 15137
, 15137
, 15136
, 15136
, 15135
, 15135
, 15134
, 15134
, 15133
, 15133
, 15132
, 15132
, 15131
, 15131
, 15130
, 15130
, 15129
, 15129
, 15128
, 15128
, 15127
, 15127
, 15126
, 15126
, 15125
, 15125
, 15124
, 15124
, 15123
, 15123
, 15122
, 15122
, 15121
, 15121
, 15120
, 15120
, 15119
, 15119
, 15118
, 15118
, 15117
, 15117
, 15116
, 15116
, 15115
, 15115
, 15114
, 15114
, 15113
, 15113
, 15112
, 15112
, 15111
, 15111
, 15110
, 15110
, 15109
, 15109
, 15108
, 15108
, 15107
, 15107
, 15106
, 15106
, 15105
, 15105
, 15104
, 15104
, 15103
, 15103
, 15102
, 15102
, 15101
, 15101
, 15100
, 15100
, 15099
, 15099
, 15098
, 15098
, 15097
, 15097
, 15096
, 15096
, 15095
, 15095
, 15094
, 15094
, 15093
, 15093
, 15092
, 15092
, 15091
, 15091
, 15090
, 15090
, 15089
, 15089
, 15088
, 15088
, 15087
, 15087
, 15086
, 15086
, 15085
, 15085
, 15084
, 15084
, 15083
, 15083
, 15082
, 15082
, 15081
, 15081
, 15080
, 15080
, 15079
, 15079
, 15078
, 15078
, 15077
, 15077
, 15076
, 15076
, 15075
, 15075
, 15074
, 15074
, 15073
, 15073
, 15072
, 15072
, 15071
, 15071
, 15070
, 15070
, 15069
, 15069
, 15068
, 15068
, 15067
, 15067
, 15066
, 15066
, 15065
, 15065
, 15064
, 15064
, 15063
, 15063
, 15062
, 15062
, 15061
, 15061
, 15060
, 15060
, 15059
, 15059
, 15058
, 15058
, 15057
, 15057
, 15056
, 15056
, 15055
, 15055
, 15054
, 15054
, 15053
, 15053
, 15052
, 15052
, 15051
, 15051
, 15050
, 15050
, 15049
, 15049
, 15048
, 15048
, 15047
, 15047
, 15046
, 15046
, 15045
, 15045
, 15044
, 15044
, 15043
, 15043
, 15042
, 15042
, 15041
, 15041
, 15040
, 15040
, 15039
, 15039
, 15038
, 15038
, 15037
, 15037
, 15036
, 15036
, 15035
, 15035
, 15034
, 15034
, 15033
, 15033
, 15032
, 15032
, 15031
, 15031
, 15030
, 15030
, 15029
, 15029
, 15028
, 15028
, 15027
, 15027
, 15026
, 15026
, 15025
, 15025
, 15024
, 15024
, 15023
, 15023
, 15022
, 15022
, 15021
, 15021
, 15020
, 15020
, 15019
, 15019
, 15018
, 15018
, 15017
, 15017
, 15016
, 15016
, 15015
, 15015
, 15014
, 15014
, 15013
, 15013
, 15012
, 15012
, 15011
, 15011
, 15010
, 15010
, 15009
, 15009
, 15008
, 15008
, 15007
, 15007
, 15006
, 15006
, 15005
, 15005
, 15004
, 15004
, 15003
, 15003
, 15002
, 15002
, 15001
, 15001
, 15000
, 15000
, 14999
, 14999
, 14998
, 14998
, 14997
, 14997
, 14996
, 14996
, 14995
, 14995
, 14994
, 14994
, 14993
, 14993
, 14992
, 14992
, 14991
, 14991
, 14990
, 14990
, 14989
, 14989
, 14988
, 14988
, 14987
, 14987
, 14986
, 14986
, 14985
, 14985
, 14984
, 14984
, 14983
, 14983
, 14982
, 14982
, 14981
, 14981
, 14980
, 14980
, 14979
, 14979
, 14978
, 14978
, 14977
, 14977
, 14976
, 14976
, 14975
, 14975
, 14974
, 14974
, 14973
, 14973
, 14972
, 14972
, 14971
, 14971
, 14970
, 14970
, 14969
, 14969
, 14968
, 14968
, 14967
, 14967
, 14966
, 14966
, 14965
, 14965
, 14964
, 14964
, 14963
, 14963
, 14962
, 14962
, 14961
, 14961
, 14960
, 14960
, 14959
, 14959
, 14958
, 14958
, 14957
, 14957
, 14956
, 14956
, 14955
, 14955
, 14954
, 14954
, 14953
, 14953
, 14952
, 14952
, 14951
, 14951
, 14950
, 14950
, 14949
, 14949
, 14948
, 14948
, 14947
, 14947
, 14946
, 14946
, 14945
, 14945
, 14944
, 14944
, 14943
, 14943
, 14942
, 14942
, 14941
, 14941
, 14940
, 14940
, 14939
, 14939
, 14938
, 14938
, 14937
, 14937
, 14936
, 14936
, 14935
, 14935
, 14934
, 14934
, 14933
, 14933
, 14932
, 14932
, 14931
, 14931
, 14930
, 14930
, 14929
, 14929
, 14928
, 14928
, 14927
, 14927
, 14926
, 14926
, 14925
, 14925
, 14924
, 14924
, 14923
, 14923
, 14922
, 14922
, 14921
, 14921
, 14920
, 14920
, 14919
, 14919
, 14918
, 14918
, 14917
, 14917
, 14916
, 14916
, 14915
, 14915
, 14914
, 14914
, 14913
, 14913
, 14912
, 14912
, 14911
, 14911
, 14910
, 14910
, 14909
, 14909
, 14908
, 14908
, 14907
, 14907
, 14906
, 14906
, 14905
, 14905
, 14904
, 14904
, 14903
, 14903
, 14902
, 14902
, 14901
, 14901
, 14900
, 14900
, 14899
, 14899
, 14898
, 14898
, 14897
, 14897
, 14896
, 14896
, 14895
, 14895
, 14894
, 14894
, 14893
, 14893
, 14892
, 14892
, 14891
, 14891
, 14890
, 14890
, 14889
, 14889
, 14888
, 14888
, 14887
, 14887
, 14886
, 14886
, 14885
, 14885
, 14884
, 14884
, 14883
, 14883
, 14882
, 14882
, 14881
, 14881
, 14880
, 14880
, 14879
, 14879
, 14878
, 14878
, 14877
, 14877
, 14876
, 14876
, 14875
, 14875
, 14874
, 14874
, 14873
, 14873
, 14872
, 14872
, 14871
, 14871
, 14870
, 14870
, 14869
, 14869
, 14868
, 14868
, 14867
, 14867
, 14866
, 14866
, 14865
, 14865
, 14864
, 14864
, 14863
, 14863
, 14862
, 14862
, 14861
, 14861
, 14860
, 14860
, 14859
, 14859
, 14858
, 14858
, 14857
, 14857
, 14856
, 14856
, 14855
, 14855
, 14854
, 14854
, 14853
, 14853
, 14852
, 14852
, 14851
, 14851
, 14850
, 14850
, 14849
, 14849
, 14848
, 14848
, 14847
, 14847
, 14846
, 14846
, 14845
, 14845
, 14844
, 14844
, 14843
, 14843
, 14842
, 14842
, 14841
, 14841
, 14840
, 14840
, 14839
, 14839
, 14838
, 14838
, 14837
, 14837
, 14836
, 14836
, 14835
, 14835
, 14834
, 14834
, 14833
, 14833
, 14832
, 14832
, 14831
, 14831
, 14830
, 14830
, 14829
, 14829
, 14828
, 14828
, 14827
, 14827
, 14826
, 14826
, 14825
, 14825
, 14824
, 14824
, 14823
, 14823
, 14822
, 14822
, 14821
, 14821
, 14820
, 14820
, 14819
, 14819
, 14818
, 14818
, 14817
, 14817
, 14816
, 14816
, 14815
, 14815
, 14814
, 14814
, 14813
, 14813
, 14812
, 14812
, 14811
, 14811
, 14810
, 14810
, 14809
, 14809
, 14808
, 14808
, 14807
, 14807
, 14806
, 14806
, 14805
, 14805
, 14804
, 14804
, 14803
, 14803
, 14802
, 14802
, 14801
, 14801
, 14800
, 14800
, 14799
, 14799
, 14798
, 14798
, 14797
, 14797
, 14796
, 14796
, 14795
, 14795
, 14794
, 14794
, 14793
, 14793
, 14792
, 14792
, 14791
, 14791
, 14790
, 14790
, 14789
, 14789
, 14788
, 14788
, 14787
, 14787
, 14786
, 14786
, 14785
, 14785
, 14784
, 14784
, 14783
, 14783
, 14782
, 14782
, 14781
, 14781
, 14780
, 14780
, 14779
, 14779
, 14778
, 14778
, 14777
, 14777
, 14776
, 14776
, 14775
, 14775
, 14774
, 14774
, 14773
, 14773
, 14772
, 14772
, 14771
, 14771
, 14770
, 14770
, 14769
, 14769
, 14768
, 14768
, 14767
, 14767
, 14766
, 14766
, 14765
, 14765
, 14764
, 14764
, 14763
, 14763
, 14762
, 14762
, 14761
, 14761
, 14760
, 14760
, 14759
, 14759
, 14758
, 14758
, 14757
, 14757
, 14756
, 14756
, 14755
, 14755
, 14754
, 14754
, 14753
, 14753
, 14752
, 14752
, 14751
, 14751
, 14750
, 14750
, 14749
, 14749
, 14748
, 14748
, 14747
, 14747
, 14746
, 14746
, 14745
, 14745
, 14744
, 14744
, 14743
, 14743
, 14742
, 14742
, 14741
, 14741
, 14740
, 14740
, 14739
, 14739
, 14738
, 14738
, 14737
, 14737
, 14736
, 14736
, 14735
, 14735
, 14734
, 14734
, 14733
, 14733
, 14732
, 14732
, 14731
, 14731
, 14730
, 14730
, 14729
, 14729
, 14728
, 14728
, 14727
, 14727
, 14726
, 14726
, 14725
, 14725
, 14724
, 14724
, 14723
, 14723
, 14722
, 14722
, 14721
, 14721
, 14720
, 14720
, 14719
, 14719
, 14718
, 14718
, 14717
, 14717
, 14716
, 14716
, 14715
, 14715
, 14714
, 14714
, 14713
, 14713
, 14712
, 14712
, 14711
, 14711
, 14710
, 14710
, 14709
, 14709
, 14708
, 14708
, 14707
, 14707
, 14706
, 14706
, 14705
, 14705
, 14704
, 14704
, 14703
, 14703
, 14702
, 14702
, 14701
, 14701
, 14700
, 14700
, 14699
, 14699
, 14698
, 14698
, 14697
, 14697
, 14696
, 14696
, 14695
, 14695
, 14694
, 14694
, 14693
, 14693
, 14692
, 14692
, 14691
, 14691
, 14690
, 14690
, 14689
, 14689
, 14688
, 14688
, 14687
, 14687
, 14686
, 14686
, 14685
, 14685
, 14684
, 14684
, 14683
, 14683
, 14682
, 14682
, 14681
, 14681
, 14680
, 14680
, 14679
, 14679
, 14678
, 14678
, 14677
, 14677
, 14676
, 14676
, 14675
, 14675
, 14674
, 14674
, 14673
, 14673
, 14672
, 14672
, 14671
, 14671
, 14670
, 14670
, 14669
, 14669
, 14668
, 14668
, 14667
, 14667
, 14666
, 14666
, 14665
, 14665
, 14664
, 14664
, 14663
, 14663
, 14662
, 14662
, 14661
, 14661
, 14660
, 14660
, 14659
, 14659
, 14658
, 14658
, 14657
, 14657
, 14656
, 14656
, 14655
, 14655
, 14654
, 14654
, 14653
, 14653
, 14652
, 14652
, 14651
, 14651
, 14650
, 14650
, 14649
, 14649
, 14648
, 14648
, 14647
, 14647
, 14646
, 14646
, 14645
, 14645
, 14644
, 14644
, 14643
, 14643
, 14642
, 14642
, 14641
, 14641
, 14640
, 14640
, 14639
, 14639
, 14638
, 14638
, 14637
, 14637
, 14636
, 14636
, 14635
, 14635
, 14634
, 14634
, 14633
, 14633
, 14632
, 14632
, 14631
, 14631
, 14630
, 14630
, 14629
, 14629
, 14628
, 14628
, 14627
, 14627
, 14626
, 14626
, 14625
, 14625
, 14624
, 14624
, 14623
, 14623
, 14622
, 14622
, 14621
, 14621
, 14620
, 14620
, 14619
, 14619
, 14618
, 14618
, 14617
, 14617
, 14616
, 14616
, 14615
, 14615
, 14614
, 14614
, 14613
, 14613
, 14612
, 14612
, 14611
, 14611
, 14610
, 14610
, 14609
, 14609
, 14608
, 14608
, 14607
, 14607
, 14606
, 14606
, 14605
, 14605
, 14604
, 14604
, 14603
, 14603
, 14602
, 14602
, 14601
, 14601
, 14600
, 14600
, 14599
, 14599
, 14598
, 14598
, 14597
, 14597
, 14596
, 14596
, 14595
, 14595
, 14594
, 14594
, 14593
, 14593
, 14592
, 14592
, 14591
, 14591
, 14590
, 14590
, 14589
, 14589
, 14588
, 14588
, 14587
, 14587
, 14586
, 14586
, 14585
, 14585
, 14584
, 14584
, 14583
, 14583
, 14582
, 14582
, 14581
, 14581
, 14580
, 14580
, 14579
, 14579
, 14578
, 14578
, 14577
, 14577
, 14576
, 14576
, 14575
, 14575
, 14574
, 14574
, 14573
, 14573
, 14572
, 14572
, 14571
, 14571
, 14570
, 14570
, 14569
, 14569
, 14568
, 14568
, 14567
, 14567
, 14566
, 14566
, 14565
, 14565
, 14564
, 14564
, 14563
, 14563
, 14562
, 14562
, 14561
, 14561
, 14560
, 14560
, 14559
, 14559
, 14558
, 14558
, 14557
, 14557
, 14556
, 14556
, 14555
, 14555
, 14554
, 14554
, 14553
, 14553
, 14552
, 14552
, 14551
, 14551
, 14550
, 14550
, 14549
, 14549
, 14548
, 14548
, 14547
, 14547
, 14546
, 14546
, 14545
, 14545
, 14544
, 14544
, 14543
, 14543
, 14542
, 14542
, 14541
, 14541
, 14540
, 14540
, 14539
, 14539
, 14538
, 14538
, 14537
, 14537
, 14536
, 14536
, 14535
, 14535
, 14534
, 14534
, 14533
, 14533
, 14532
, 14532
, 14531
, 14531
, 14530
, 14530
, 14529
, 14529
, 14528
, 14528
, 14527
, 14527
, 14526
, 14526
, 14525
, 14525
, 14524
, 14524
, 14523
, 14523
, 14522
, 14522
, 14521
, 14521
, 14520
, 14520
, 14519
, 14519
, 14518
, 14518
, 14517
, 14517
, 14516
, 14516
, 14515
, 14515
, 14514
, 14514
, 14513
, 14513
, 14512
, 14512
, 14511
, 14511
, 14510
, 14510
, 14509
, 14509
, 14508
, 14508
, 14507
, 14507
, 14506
, 14506
, 14505
, 14505
, 14504
, 14504
, 14503
, 14503
, 14502
, 14502
, 14501
, 14501
, 14500
, 14500
, 14499
, 14499
, 14498
, 14498
, 14497
, 14497
, 14496
, 14496
, 14495
, 14495
, 14494
, 14494
, 14493
, 14493
, 14492
, 14492
, 14491
, 14491
, 14490
, 14490
, 14489
, 14489
, 14488
, 14488
, 14487
, 14487
, 14486
, 14486
, 14485
, 14485
, 14484
, 14484
, 14483
, 14483
, 14482
, 14482
, 14481
, 14481
, 14480
, 14480
, 14479
, 14479
, 14478
, 14478
, 14477
, 14477
, 14476
, 14476
, 14475
, 14475
, 14474
, 14474
, 14473
, 14473
, 14472
, 14472
, 14471
, 14471
, 14470
, 14470
, 14469
, 14469
, 14468
, 14468
, 14467
, 14467
, 14466
, 14466
, 14465
, 14465
, 14464
, 14464
, 14463
, 14463
, 14462
, 14462
, 14461
, 14461
, 14460
, 14460
, 14459
, 14459
, 14458
, 14458
, 14457
, 14457
, 14456
, 14456
, 14455
, 14455
, 14454
, 14454
, 14453
, 14453
, 14452
, 14452
, 14451
, 14451
, 14450
, 14450
, 14449
, 14449
, 14448
, 14448
, 14447
, 14447
, 14446
, 14446
, 14445
, 14445
, 14444
, 14444
, 14443
, 14443
, 14442
, 14442
, 14441
, 14441
, 14440
, 14440
, 14439
, 14439
, 14438
, 14438
, 14437
, 14437
, 14436
, 14436
, 14435
, 14435
, 14434
, 14434
, 14433
, 14433
, 14432
, 14432
, 14431
, 14431
, 14430
, 14430
, 14429
, 14429
, 14428
, 14428
, 14427
, 14427
, 14426
, 14426
, 14425
, 14425
, 14424
, 14424
, 14423
, 14423
, 14422
, 14422
, 14421
, 14421
, 14420
, 14420
, 14419
, 14419
, 14418
, 14418
, 14417
, 14417
, 14416
, 14416
, 14415
, 14415
, 14414
, 14414
, 14413
, 14413
, 14412
, 14412
, 14411
, 14411
, 14410
, 14410
, 14409
, 14409
, 14408
, 14408
, 14407
, 14407
, 14406
, 14406
, 14405
, 14405
, 14404
, 14404
, 14403
, 14403
, 14402
, 14402
, 14401
, 14401
, 14400
, 14400
, 14399
, 14399
, 14398
, 14398
, 14397
, 14397
, 14396
, 14396
, 14395
, 14395
, 14394
, 14394
, 14393
, 14393
, 14392
, 14392
, 14391
, 14391
, 14390
, 14390
, 14389
, 14389
, 14388
, 14388
, 14387
, 14387
, 14386
, 14386
, 14385
, 14385
, 14384
, 14384
, 14383
, 14383
, 14382
, 14382
, 14381
, 14381
, 14380
, 14380
, 14379
, 14379
, 14378
, 14378
, 14377
, 14377
, 14376
, 14376
, 14375
, 14375
, 14374
, 14374
, 14373
, 14373
, 14372
, 14372
, 14371
, 14371
, 14370
, 14370
, 14369
, 14369
, 14368
, 14368
, 14367
, 14367
, 14366
, 14366
, 14365
, 14365
, 14364
, 14364
, 14363
, 14363
, 14362
, 14362
, 14361
, 14361
, 14360
, 14360
, 14359
, 14359
, 14358
, 14358
, 14357
, 14357
, 14356
, 14356
, 14355
, 14355
, 14354
, 14354
, 14353
, 14353
, 14352
, 14352
, 14351
, 14351
, 14350
, 14350
, 14349
, 14349
, 14348
, 14348
, 14347
, 14347
, 14346
, 14346
, 14345
, 14345
, 14344
, 14344
, 14343
, 14343
, 14342
, 14342
, 14341
, 14341
, 14340
, 14340
, 14339
, 14339
, 14338
, 14338
, 14337
, 14337
, 14336
, 14336
, 14335
, 14335
, 14334
, 14334
, 14333
, 14333
, 14332
, 14332
, 14331
, 14331
, 14330
, 14330
, 14329
, 14329
, 14328
, 14328
, 14327
, 14327
, 14326
, 14326
, 14325
, 14325
, 14324
, 14324
, 14323
, 14323
, 14322
, 14322
, 14321
, 14321
, 14320
, 14320
, 14319
, 14319
, 14318
, 14318
, 14317
, 14317
, 14316
, 14316
, 14315
, 14315
, 14314
, 14314
, 14313
, 14313
, 14312
, 14312
, 14311
, 14311
, 14310
, 14310
, 14309
, 14309
, 14308
, 14308
, 14307
, 14307
, 14306
, 14306
, 14305
, 14305
, 14304
, 14304
, 14303
, 14303
, 14302
, 14302
, 14301
, 14301
, 14300
, 14300
, 14299
, 14299
, 14298
, 14298
, 14297
, 14297
, 14296
, 14296
, 14295
, 14295
, 14294
, 14294
, 14293
, 14293
, 14292
, 14292
, 14291
, 14291
, 14290
, 14290
, 14289
, 14289
, 14288
, 14288
, 14287
, 14287
, 14286
, 14286
, 14285
, 14285
, 14284
, 14284
, 14283
, 14283
, 14282
, 14282
, 14281
, 14281
, 14280
, 14280
, 14279
, 14279
, 14278
, 14278
, 14277
, 14277
, 14276
, 14276
, 14275
, 14275
, 14274
, 14274
, 14273
, 14273
, 14272
, 14272
, 14271
, 14271
, 14270
, 14270
, 14269
, 14269
, 14268
, 14268
, 14267
, 14267
, 14266
, 14266
, 14265
, 14265
, 14264
, 14264
, 14263
, 14263
, 14262
, 14262
, 14261
, 14261
, 14260
, 14260
, 14259
, 14259
, 14258
, 14258
, 14257
, 14257
, 14256
, 14256
, 14255
, 14255
, 14254
, 14254
, 14253
, 14253
, 14252
, 14252
, 14251
, 14251
, 14250
, 14250
, 14249
, 14249
, 14248
, 14248
, 14247
, 14247
, 14246
, 14246
, 14245
, 14245
, 14244
, 14244
, 14243
, 14243
, 14242
, 14242
, 14241
, 14241
, 14240
, 14240
, 14239
, 14239
, 14238
, 14238
, 14237
, 14237
, 14236
, 14236
, 14235
, 14235
, 14234
, 14234
, 14233
, 14233
, 14232
, 14232
, 14231
, 14231
, 14230
, 14230
, 14229
, 14229
, 14228
, 14228
, 14227
, 14227
, 14226
, 14226
, 14225
, 14225
, 14224
, 14224
, 14223
, 14223
, 14222
, 14222
, 14221
, 14221
, 14220
, 14220
, 14219
, 14219
, 14218
, 14218
, 14217
, 14217
, 14216
, 14216
, 14215
, 14215
, 14214
, 14214
, 14213
, 14213
, 14212
, 14212
, 14211
, 14211
, 14210
, 14210
, 14209
, 14209
, 14208
, 14208
, 14207
, 14207
, 14206
, 14206
, 14205
, 14205
, 14204
, 14204
, 14203
, 14203
, 14202
, 14202
, 14201
, 14201
, 14200
, 14200
, 14199
, 14199
, 14198
, 14198
, 14197
, 14197
, 14196
, 14196
, 14195
, 14195
, 14194
, 14194
, 14193
, 14193
, 14192
, 14192
, 14191
, 14191
, 14190
, 14190
, 14189
, 14189
, 14188
, 14188
, 14187
, 14187
, 14186
, 14186
, 14185
, 14185
, 14184
, 14184
, 14183
, 14183
, 14182
, 14182
, 14181
, 14181
, 14180
, 14180
, 14179
, 14179
, 14178
, 14178
, 14177
, 14177
, 14176
, 14176
, 14175
, 14175
, 14174
, 14174
, 14173
, 14173
, 14172
, 14172
, 14171
, 14171
, 14170
, 14170
, 14169
, 14169
, 14168
, 14168
, 14167
, 14167
, 14166
, 14166
, 14165
, 14165
, 14164
, 14164
, 14163
, 14163
, 14162
, 14162
, 14161
, 14161
, 14160
, 14160
, 14159
, 14159
, 14158
, 14158
, 14157
, 14157
, 14156
, 14156
, 14155
, 14155
, 14154
, 14154
, 14153
, 14153
, 14152
, 14152
, 14151
, 14151
, 14150
, 14150
, 14149
, 14149
, 14148
, 14148
, 14147
, 14147
, 14146
, 14146
, 14145
, 14145
, 14144
, 14144
, 14143
, 14143
, 14142
, 14142
, 14141
, 14141
, 14140
, 14140
, 14139
, 14139
, 14138
, 14138
, 14137
, 14137
, 14136
, 14136
, 14135
, 14135
, 14134
, 14134
, 14133
, 14133
, 14132
, 14132
, 14131
, 14131
, 14130
, 14130
, 14129
, 14129
, 14128
, 14128
, 14127
, 14127
, 14126
, 14126
, 14125
, 14125
, 14124
, 14124
, 14123
, 14123
, 14122
, 14122
, 14121
, 14121
, 14120
, 14120
, 14119
, 14119
, 14118
, 14118
, 14117
, 14117
, 14116
, 14116
, 14115
, 14115
, 14114
, 14114
, 14113
, 14113
, 14112
, 14112
, 14111
, 14111
, 14110
, 14110
, 14109
, 14109
, 14108
, 14108
, 14107
, 14107
, 14106
, 14106
, 14105
, 14105
, 14104
, 14104
, 14103
, 14103
, 14102
, 14102
, 14101
, 14101
, 14100
, 14100
, 14099
, 14099
, 14098
, 14098
, 14097
, 14097
, 14096
, 14096
, 14095
, 14095
, 14094
, 14094
, 14093
, 14093
, 14092
, 14092
, 14091
, 14091
, 14090
, 14090
, 14089
, 14089
, 14088
, 14088
, 14087
, 14087
, 14086
, 14086
, 14085
, 14085
, 14084
, 14084
, 14083
, 14083
, 14082
, 14082
, 14081
, 14081
, 14080
, 14080
, 14079
, 14079
, 14078
, 14078
, 14077
, 14077
, 14076
, 14076
, 14075
, 14075
, 14074
, 14074
, 14073
, 14073
, 14072
, 14072
, 14071
, 14071
, 14070
, 14070
, 14069
, 14069
, 14068
, 14068
, 14067
, 14067
, 14066
, 14066
, 14065
, 14065
, 14064
, 14064
, 14063
, 14063
, 14062
, 14062
, 14061
, 14061
, 14060
, 14060
, 14059
, 14059
, 14058
, 14058
, 14057
, 14057
, 14056
, 14056
, 14055
, 14055
, 14054
, 14054
, 14053
, 14053
, 14052
, 14052
, 14051
, 14051
, 14050
, 14050
, 14049
, 14049
, 14048
, 14048
, 14047
, 14047
, 14046
, 14046
, 14045
, 14045
, 14044
, 14044
, 14043
, 14043
, 14042
, 14042
, 14041
, 14041
, 14040
, 14040
, 14039
, 14039
, 14038
, 14038
, 14037
, 14037
, 14036
, 14036
, 14035
, 14035
, 14034
, 14034
, 14033
, 14033
, 14032
, 14032
, 14031
, 14031
, 14030
, 14030
, 14029
, 14029
, 14028
, 14028
, 14027
, 14027
, 14026
, 14026
, 14025
, 14025
, 14024
, 14024
, 14023
, 14023
, 14022
, 14022
, 14021
, 14021
, 14020
, 14020
, 14019
, 14019
, 14018
, 14018
, 14017
, 14017
, 14016
, 14016
, 14015
, 14015
, 14014
, 14014
, 14013
, 14013
, 14012
, 14012
, 14011
, 14011
, 14010
, 14010
, 14009
, 14009
, 14008
, 14008
, 14007
, 14007
, 14006
, 14006
, 14005
, 14005
, 14004
, 14004
, 14003
, 14003
, 14002
, 14002
, 14001
, 14001
, 14000
, 14000
, 13999
, 13999
, 13998
, 13998
, 13997
, 13997
, 13996
, 13996
, 13995
, 13995
, 13994
, 13994
, 13993
, 13993
, 13992
, 13992
, 13991
, 13991
, 13990
, 13990
, 13989
, 13989
, 13988
, 13988
, 13987
, 13987
, 13986
, 13986
, 13985
, 13985
, 13984
, 13984
, 13983
, 13983
, 13982
, 13982
, 13981
, 13981
, 13980
, 13980
, 13979
, 13979
, 13978
, 13978
, 13977
, 13977
, 13976
, 13976
, 13975
, 13975
, 13974
, 13974
, 13973
, 13973
, 13972
, 13972
, 13971
, 13971
, 13970
, 13970
, 13969
, 13969
, 13968
, 13968
, 13967
, 13967
, 13966
, 13966
, 13965
, 13965
, 13964
, 13964
, 13963
, 13963
, 13962
, 13962
, 13961
, 13961
, 13960
, 13960
, 13959
, 13959
, 13958
, 13958
, 13957
, 13957
, 13956
, 13956
, 13955
, 13955
, 13954
, 13954
, 13953
, 13953
, 13952
, 13952
, 13951
, 13951
, 13950
, 13950
, 13949
, 13949
, 13948
, 13948
, 13947
, 13947
, 13946
, 13946
, 13945
, 13945
, 13944
, 13944
, 13943
, 13943
, 13942
, 13942
, 13941
, 13941
, 13940
, 13940
, 13939
, 13939
, 13938
, 13938
, 13937
, 13937
, 13936
, 13936
, 13935
, 13935
, 13934
, 13934
, 13933
, 13933
, 13932
, 13932
, 13931
, 13931
, 13930
, 13930
, 13929
, 13929
, 13928
, 13928
, 13927
, 13927
, 13926
, 13926
, 13925
, 13925
, 13924
, 13924
, 13923
, 13923
, 13922
, 13922
, 13921
, 13921
, 13920
, 13920
, 13919
, 13919
, 13918
, 13918
, 13917
, 13917
, 13916
, 13916
, 13915
, 13915
, 13914
, 13914
, 13913
, 13913
, 13912
, 13912
, 13911
, 13911
, 13910
, 13910
, 13909
, 13909
, 13908
, 13908
, 13907
, 13907
, 13906
, 13906
, 13905
, 13905
, 13904
, 13904
, 13903
, 13903
, 13902
, 13902
, 13901
, 13901
, 13900
, 13900
, 13899
, 13899
, 13898
, 13898
, 13897
, 13897
, 13896
, 13896
, 13895
, 13895
, 13894
, 13894
, 13893
, 13893
, 13892
, 13892
, 13891
, 13891
, 13890
, 13890
, 13889
, 13889
, 13888
, 13888
, 13887
, 13887
, 13886
, 13886
, 13885
, 13885
, 13884
, 13884
, 13883
, 13883
, 13882
, 13882
, 13881
, 13881
, 13880
, 13880
, 13879
, 13879
, 13878
, 13878
, 13877
, 13877
, 13876
, 13876
, 13875
, 13875
, 13874
, 13874
, 13873
, 13873
, 13872
, 13872
, 13871
, 13871
, 13870
, 13870
, 13869
, 13869
, 13868
, 13868
, 13867
, 13867
, 13866
, 13866
, 13865
, 13865
, 13864
, 13864
, 13863
, 13863
, 13862
, 13862
, 13861
, 13861
, 13860
, 13860
, 13859
, 13859
, 13858
, 13858
, 13857
, 13857
, 13856
, 13856
, 13855
, 13855
, 13854
, 13854
, 13853
, 13853
, 13852
, 13852
, 13851
, 13851
, 13850
, 13850
, 13849
, 13849
, 13848
, 13848
, 13847
, 13847
, 13846
, 13846
, 13845
, 13845
, 13844
, 13844
, 13843
, 13843
, 13842
, 13842
, 13841
, 13841
, 13840
, 13840
, 13839
, 13839
, 13838
, 13838
, 13837
, 13837
, 13836
, 13836
, 13835
, 13835
, 13834
, 13834
, 13833
, 13833
, 13832
, 13832
, 13831
, 13831
, 13830
, 13830
, 13829
, 13829
, 13828
, 13828
, 13827
, 13827
, 13826
, 13826
, 13825
, 13825
, 13824
, 13824
, 13823
, 13823
, 13822
, 13822
, 13821
, 13821
, 13820
, 13820
, 13819
, 13819
, 13818
, 13818
, 13817
, 13817
, 13816
, 13816
, 13815
, 13815
, 13814
, 13814
, 13813
, 13813
, 13812
, 13812
, 13811
, 13811
, 13810
, 13810
, 13809
, 13809
, 13808
, 13808
, 13807
, 13807
, 13806
, 13806
, 13805
, 13805
, 13804
, 13804
, 13803
, 13803
, 13802
, 13802
, 13801
, 13801
, 13800
, 13800
, 13799
, 13799
, 13798
, 13798
, 13797
, 13797
, 13796
, 13796
, 13795
, 13795
, 13794
, 13794
, 13793
, 13793
, 13792
, 13792
, 13791
, 13791
, 13790
, 13790
, 13789
, 13789
, 13788
, 13788
, 13787
, 13787
, 13786
, 13786
, 13785
, 13785
, 13784
, 13784
, 13783
, 13783
, 13782
, 13782
, 13781
, 13781
, 13780
, 13780
, 13779
, 13779
, 13778
, 13778
, 13777
, 13777
, 13776
, 13776
, 13775
, 13775
, 13774
, 13774
, 13773
, 13773
, 13772
, 13772
, 13771
, 13771
, 13770
, 13770
, 13769
, 13769
, 13768
, 13768
, 13767
, 13767
, 13766
, 13766
, 13765
, 13765
, 13764
, 13764
, 13763
, 13763
, 13762
, 13762
, 13761
, 13761
, 13760
, 13760
, 13759
, 13759
, 13758
, 13758
, 13757
, 13757
, 13756
, 13756
, 13755
, 13755
, 13754
, 13754
, 13753
, 13753
, 13752
, 13752
, 13751
, 13751
, 13750
, 13750
, 13749
, 13749
, 13748
, 13748
, 13747
, 13747
, 13746
, 13746
, 13745
, 13745
, 13744
, 13744
, 13743
, 13743
, 13742
, 13742
, 13741
, 13741
, 13740
, 13740
, 13739
, 13739
, 13738
, 13738
, 13737
, 13737
, 13736
, 13736
, 13735
, 13735
, 13734
, 13734
, 13733
, 13733
, 13732
, 13732
, 13731
, 13731
, 13730
, 13730
, 13729
, 13729
, 13728
, 13728
, 13727
, 13727
, 13726
, 13726
, 13725
, 13725
, 13724
, 13724
, 13723
, 13723
, 13722
, 13722
, 13721
, 13721
, 13720
, 13720
, 13719
, 13719
, 13718
, 13718
, 13717
, 13717
, 13716
, 13716
, 13715
, 13715
, 13714
, 13714
, 13713
, 13713
, 13712
, 13712
, 13711
, 13711
, 13710
, 13710
, 13709
, 13709
, 13708
, 13708
, 13707
, 13707
, 13706
, 13706
, 13705
, 13705
, 13704
, 13704
, 13703
, 13703
, 13702
, 13702
, 13701
, 13701
, 13700
, 13700
, 13699
, 13699
, 13698
, 13698
, 13697
, 13697
, 13696
, 13696
, 13695
, 13695
, 13694
, 13694
, 13693
, 13693
, 13692
, 13692
, 13691
, 13691
, 13690
, 13690
, 13689
, 13689
, 13688
, 13688
, 13687
, 13687
, 13686
, 13686
, 13685
, 13685
, 13684
, 13684
, 13683
, 13683
, 13682
, 13682
, 13681
, 13681
, 13680
, 13680
, 13679
, 13679
, 13678
, 13678
, 13677
, 13677
, 13676
, 13676
, 13675
, 13675
, 13674
, 13674
, 13673
, 13673
, 13672
, 13672
, 13671
, 13671
, 13670
, 13670
, 13669
, 13669
, 13668
, 13668
, 13667
, 13667
, 13666
, 13666
, 13665
, 13665
, 13664
, 13664
, 13663
, 13663
, 13662
, 13662
, 13661
, 13661
, 13660
, 13660
, 13659
, 13659
, 13658
, 13658
, 13657
, 13657
, 13656
, 13656
, 13655
, 13655
, 13654
, 13654
, 13653
, 13653
, 13652
, 13652
, 13651
, 13651
, 13650
, 13650
, 13649
, 13649
, 13648
, 13648
, 13647
, 13647
, 13646
, 13646
, 13645
, 13645
, 13644
, 13644
, 13643
, 13643
, 13642
, 13642
, 13641
, 13641
, 13640
, 13640
, 13639
, 13639
, 13638
, 13638
, 13637
, 13637
, 13636
, 13636
, 13635
, 13635
, 13634
, 13634
, 13633
, 13633
, 13632
, 13632
, 13631
, 13631
, 13630
, 13630
, 13629
, 13629
, 13628
, 13628
, 13627
, 13627
, 13626
, 13626
, 13625
, 13625
, 13624
, 13624
, 13623
, 13623
, 13622
, 13622
, 13621
, 13621
, 13620
, 13620
, 13619
, 13619
, 13618
, 13618
, 13617
, 13617
, 13616
, 13616
, 13615
, 13615
, 13614
, 13614
, 13613
, 13613
, 13612
, 13612
, 13611
, 13611
, 13610
, 13610
, 13609
, 13609
, 13608
, 13608
, 13607
, 13607
, 13606
, 13606
, 13605
, 13605
, 13604
, 13604
, 13603
, 13603
, 13602
, 13602
, 13601
, 13601
, 13600
, 13600
, 13599
, 13599
, 13598
, 13598
, 13597
, 13597
, 13596
, 13596
, 13595
, 13595
, 13594
, 13594
, 13593
, 13593
, 13592
, 13592
, 13591
, 13591
, 13590
, 13590
, 13589
, 13589
, 13588
, 13588
, 13587
, 13587
, 13586
, 13586
, 13585
, 13585
, 13584
, 13584
, 13583
, 13583
, 13582
, 13582
, 13581
, 13581
, 13580
, 13580
, 13579
, 13579
, 13578
, 13578
, 13577
, 13577
, 13576
, 13576
, 13575
, 13575
, 13574
, 13574
, 13573
, 13573
, 13572
, 13572
, 13571
, 13571
, 13570
, 13570
, 13569
, 13569
, 13568
, 13568
, 13567
, 13567
, 13566
, 13566
, 13565
, 13565
, 13564
, 13564
, 13563
, 13563
, 13562
, 13562
, 13561
, 13561
, 13560
, 13560
, 13559
, 13559
, 13558
, 13558
, 13557
, 13557
, 13556
, 13556
, 13555
, 13555
, 13554
, 13554
, 13553
, 13553
, 13552
, 13552
, 13551
, 13551
, 13550
, 13550
, 13549
, 13549
, 13548
, 13548
, 13547
, 13547
, 13546
, 13546
, 13545
, 13545
, 13544
, 13544
, 13543
, 13543
, 13542
, 13542
, 13541
, 13541
, 13540
, 13540
, 13539
, 13539
, 13538
, 13538
, 13537
, 13537
, 13536
, 13536
, 13535
, 13535
, 13534
, 13534
, 13533
, 13533
, 13532
, 13532
, 13531
, 13531
, 13530
, 13530
, 13529
, 13529
, 13528
, 13528
, 13527
, 13527
, 13526
, 13526
, 13525
, 13525
, 13524
, 13524
, 13523
, 13523
, 13522
, 13522
, 13521
, 13521
, 13520
, 13520
, 13519
, 13519
, 13518
, 13518
, 13517
, 13517
, 13516
, 13516
, 13515
, 13515
, 13514
, 13514
, 13513
, 13513
, 13512
, 13512
, 13511
, 13511
, 13510
, 13510
, 13509
, 13509
, 13508
, 13508
, 13507
, 13507
, 13506
, 13506
, 13505
, 13505
, 13504
, 13504
, 13503
, 13503
, 13502
, 13502
, 13501
, 13501
, 13500
, 13500
, 13499
, 13499
, 13498
, 13498
, 13497
, 13497
, 13496
, 13496
, 13495
, 13495
, 13494
, 13494
, 13493
, 13493
, 13492
, 13492
, 13491
, 13491
, 13490
, 13490
, 13489
, 13489
, 13488
, 13488
, 13487
, 13487
, 13486
, 13486
, 13485
, 13485
, 13484
, 13484
, 13483
, 13483
, 13482
, 13482
, 13481
, 13481
, 13480
, 13480
, 13479
, 13479
, 13478
, 13478
, 13477
, 13477
, 13476
, 13476
, 13475
, 13475
, 13474
, 13474
, 13473
, 13473
, 13472
, 13472
, 13471
, 13471
, 13470
, 13470
, 13469
, 13469
, 13468
, 13468
, 13467
, 13467
, 13466
, 13466
, 13465
, 13465
, 13464
, 13464
, 13463
, 13463
, 13462
, 13462
, 13461
, 13461
, 13460
, 13460
, 13459
, 13459
, 13458
, 13458
, 13457
, 13457
, 13456
, 13456
, 13455
, 13455
, 13454
, 13454
, 13453
, 13453
, 13452
, 13452
, 13451
, 13451
, 13450
, 13450
, 13449
, 13449
, 13448
, 13448
, 13447
, 13447
, 13446
, 13446
, 13445
, 13445
, 13444
, 13444
, 13443
, 13443
, 13442
, 13442
, 13441
, 13441
, 13440
, 13440
, 13439
, 13439
, 13438
, 13438
, 13437
, 13437
, 13436
, 13436
, 13435
, 13435
, 13434
, 13434
, 13433
, 13433
, 13432
, 13432
, 13431
, 13431
, 13430
, 13430
, 13429
, 13429
, 13428
, 13428
, 13427
, 13427
, 13426
, 13426
, 13425
, 13425
, 13424
, 13424
, 13423
, 13423
, 13422
, 13422
, 13421
, 13421
, 13420
, 13420
, 13419
, 13419
, 13418
, 13418
, 13417
, 13417
, 13416
, 13416
, 13415
, 13415
, 13414
, 13414
, 13413
, 13413
, 13412
, 13412
, 13411
, 13411
, 13410
, 13410
, 13409
, 13409
, 13408
, 13408
, 13407
, 13407
, 13406
, 13406
, 13405
, 13405
, 13404
, 13404
, 13403
, 13403
, 13402
, 13402
, 13401
, 13401
, 13400
, 13400
, 13399
, 13399
, 13398
, 13398
, 13397
, 13397
, 13396
, 13396
, 13395
, 13395
, 13394
, 13394
, 13393
, 13393
, 13392
, 13392
, 13391
, 13391
, 13390
, 13390
, 13389
, 13389
, 13388
, 13388
, 13387
, 13387
, 13386
, 13386
, 13385
, 13385
, 13384
, 13384
, 13383
, 13383
, 13382
, 13382
, 13381
, 13381
, 13380
, 13380
, 13379
, 13379
, 13378
, 13378
, 13377
, 13377
, 13376
, 13376
, 13375
, 13375
, 13374
, 13374
, 13373
, 13373
, 13372
, 13372
, 13371
, 13371
, 13370
, 13370
, 13369
, 13369
, 13368
, 13368
, 13367
, 13367
, 13366
, 13366
, 13365
, 13365
, 13364
, 13364
, 13363
, 13363
, 13362
, 13362
, 13361
, 13361
, 13360
, 13360
, 13359
, 13359
, 13358
, 13358
, 13357
, 13357
, 13356
, 13356
, 13355
, 13355
, 13354
, 13354
, 13353
, 13353
, 13352
, 13352
, 13351
, 13351
, 13350
, 13350
, 13349
, 13349
, 13348
, 13348
, 13347
, 13347
, 13346
, 13346
, 13345
, 13345
, 13344
, 13344
, 13343
, 13343
, 13342
, 13342
, 13341
, 13341
, 13340
, 13340
, 13339
, 13339
, 13338
, 13338
, 13337
, 13337
, 13336
, 13336
, 13335
, 13335
, 13334
, 13334
, 13333
, 13333
, 13332
, 13332
, 13331
, 13331
, 13330
, 13330
, 13329
, 13329
, 13328
, 13328
, 13327
, 13327
, 13326
, 13326
, 13325
, 13325
, 13324
, 13324
, 13323
, 13323
, 13322
, 13322
, 13321
, 13321
, 13320
, 13320
, 13319
, 13319
, 13318
, 13318
, 13317
, 13317
, 13316
, 13316
, 13315
, 13315
, 13314
, 13314
, 13313
, 13313
, 13312
, 13312
, 13311
, 13311
, 13310
, 13310
, 13309
, 13309
, 13308
, 13308
, 13307
, 13307
, 13306
, 13306
, 13305
, 13305
, 13304
, 13304
, 13303
, 13303
, 13302
, 13302
, 13301
, 13301
, 13300
, 13300
, 13299
, 13299
, 13298
, 13298
, 13297
, 13297
, 13296
, 13296
, 13295
, 13295
, 13294
, 13294
, 13293
, 13293
, 13292
, 13292
, 13291
, 13291
, 13290
, 13290
, 13289
, 13289
, 13288
, 13288
, 13287
, 13287
, 13286
, 13286
, 13285
, 13285
, 13284
, 13284
, 13283
, 13283
, 13282
, 13282
, 13281
, 13281
, 13280
, 13280
, 13279
, 13279
, 13278
, 13278
, 13277
, 13277
, 13276
, 13276
, 13275
, 13275
, 13274
, 13274
, 13273
, 13273
, 13272
, 13272
, 13271
, 13271
, 13270
, 13270
, 13269
, 13269
, 13268
, 13268
, 13267
, 13267
, 13266
, 13266
, 13265
, 13265
, 13264
, 13264
, 13263
, 13263
, 13262
, 13262
, 13261
, 13261
, 13260
, 13260
, 13259
, 13259
, 13258
, 13258
, 13257
, 13257
, 13256
, 13256
, 13255
, 13255
, 13254
, 13254
, 13253
, 13253
, 13252
, 13252
, 13251
, 13251
, 13250
, 13250
, 13249
, 13249
, 13248
, 13248
, 13247
, 13247
, 13246
, 13246
, 13245
, 13245
, 13244
, 13244
, 13243
, 13243
, 13242
, 13242
, 13241
, 13241
, 13240
, 13240
, 13239
, 13239
, 13238
, 13238
, 13237
, 13237
, 13236
, 13236
, 13235
, 13235
, 13234
, 13234
, 13233
, 13233
, 13232
, 13232
, 13231
, 13231
, 13230
, 13230
, 13229
, 13229
, 13228
, 13228
, 13227
, 13227
, 13226
, 13226
, 13225
, 13225
, 13224
, 13224
, 13223
, 13223
, 13222
, 13222
, 13221
, 13221
, 13220
, 13220
, 13219
, 13219
, 13218
, 13218
, 13217
, 13217
, 13216
, 13216
, 13215
, 13215
, 13214
, 13214
, 13213
, 13213
, 13212
, 13212
, 13211
, 13211
, 13210
, 13210
, 13209
, 13209
, 13208
, 13208
, 13207
, 13207
, 13206
, 13206
, 13205
, 13205
, 13204
, 13204
, 13203
, 13203
, 13202
, 13202
, 13201
, 13201
, 13200
, 13200
, 13199
, 13199
, 13198
, 13198
, 13197
, 13197
, 13196
, 13196
, 13195
, 13195
, 13194
, 13194
, 13193
, 13193
, 13192
, 13192
, 13191
, 13191
, 13190
, 13190
, 13189
, 13189
, 13188
, 13188
, 13187
, 13187
, 13186
, 13186
, 13185
, 13185
, 13184
, 13184
, 13183
, 13183
, 13182
, 13182
, 13181
, 13181
, 13180
, 13180
, 13179
, 13179
, 13178
, 13178
, 13177
, 13177
, 13176
, 13176
, 13175
, 13175
, 13174
, 13174
, 13173
, 13173
, 13172
, 13172
, 13171
, 13171
, 13170
, 13170
, 13169
, 13169
, 13168
, 13168
, 13167
, 13167
, 13166
, 13166
, 13165
, 13165
, 13164
, 13164
, 13163
, 13163
, 13162
, 13162
, 13161
, 13161
, 13160
, 13160
, 13159
, 13159
, 13158
, 13158
, 13157
, 13157
, 13156
, 13156
, 13155
, 13155
, 13154
, 13154
, 13153
, 13153
, 13152
, 13152
, 13151
, 13151
, 13150
, 13150
, 13149
, 13149
, 13148
, 13148
, 13147
, 13147
, 13146
, 13146
, 13145
, 13145
, 13144
, 13144
, 13143
, 13143
, 13142
, 13142
, 13141
, 13141
, 13140
, 13140
, 13139
, 13139
, 13138
, 13138
, 13137
, 13137
, 13136
, 13136
, 13135
, 13135
, 13134
, 13134
, 13133
, 13133
, 13132
, 13132
, 13131
, 13131
, 13130
, 13130
, 13129
, 13129
, 13128
, 13128
, 13127
, 13127
, 13126
, 13126
, 13125
, 13125
, 13124
, 13124
, 13123
, 13123
, 13122
, 13122
, 13121
, 13121
, 13120
, 13120
, 13119
, 13119
, 13118
, 13118
, 13117
, 13117
, 13116
, 13116
, 13115
, 13115
, 13114
, 13114
, 13113
, 13113
, 13112
, 13112
, 13111
, 13111
, 13110
, 13110
, 13109
, 13109
, 13108
, 13108
, 13107
, 13107
, 13106
, 13106
, 13105
, 13105
, 13104
, 13104
, 13103
, 13103
, 13102
, 13102
, 13101
, 13101
, 13100
, 13100
, 13099
, 13099
, 13098
, 13098
, 13097
, 13097
, 13096
, 13096
, 13095
, 13095
, 13094
, 13094
, 13093
, 13093
, 13092
, 13092
, 13091
, 13091
, 13090
, 13090
, 13089
, 13089
, 13088
, 13088
, 13087
, 13087
, 13086
, 13086
, 13085
, 13085
, 13084
, 13084
, 13083
, 13083
, 13082
, 13082
, 13081
, 13081
, 13080
, 13080
, 13079
, 13079
, 13078
, 13078
, 13077
, 13077
, 13076
, 13076
, 13075
, 13075
, 13074
, 13074
, 13073
, 13073
, 13072
, 13072
, 13071
, 13071
, 13070
, 13070
, 13069
, 13069
, 13068
, 13068
, 13067
, 13067
, 13066
, 13066
, 13065
, 13065
, 13064
, 13064
, 13063
, 13063
, 13062
, 13062
, 13061
, 13061
, 13060
, 13060
, 13059
, 13059
, 13058
, 13058
, 13057
, 13057
, 13056
, 13056
, 13055
, 13055
, 13054
, 13054
, 13053
, 13053
, 13052
, 13052
, 13051
, 13051
, 13050
, 13050
, 13049
, 13049
, 13048
, 13048
, 13047
, 13047
, 13046
, 13046
, 13045
, 13045
, 13044
, 13044
, 13043
, 13043
, 13042
, 13042
, 13041
, 13041
, 13040
, 13040
, 13039
, 13039
, 13038
, 13038
, 13037
, 13037
, 13036
, 13036
, 13035
, 13035
, 13034
, 13034
, 13033
, 13033
, 13032
, 13032
, 13031
, 13031
, 13030
, 13030
, 13029
, 13029
, 13028
, 13028
, 13027
, 13027
, 13026
, 13026
, 13025
, 13025
, 13024
, 13024
, 13023
, 13023
, 13022
, 13022
, 13021
, 13021
, 13020
, 13020
, 13019
, 13019
, 13018
, 13018
, 13017
, 13017
, 13016
, 13016
, 13015
, 13015
, 13014
, 13014
, 13013
, 13013
, 13012
, 13012
, 13011
, 13011
, 13010
, 13010
, 13009
, 13009
, 13008
, 13008
, 13007
, 13007
, 13006
, 13006
, 13005
, 13005
, 13004
, 13004
, 13003
, 13003
, 13002
, 13002
, 13001
, 13001
, 13000
, 13000
, 12999
, 12999
, 12998
, 12998
, 12997
, 12997
, 12996
, 12996
, 12995
, 12995
, 12994
, 12994
, 12993
, 12993
, 12992
, 12992
, 12991
, 12991
, 12990
, 12990
, 12989
, 12989
, 12988
, 12988
, 12987
, 12987
, 12986
, 12986
, 12985
, 12985
, 12984
, 12984
, 12983
, 12983
, 12982
, 12982
, 12981
, 12981
, 12980
, 12980
, 12979
, 12979
, 12978
, 12978
, 12977
, 12977
, 12976
, 12976
, 12975
, 12975
, 12974
, 12974
, 12973
, 12973
, 12972
, 12972
, 12971
, 12971
, 12970
, 12970
, 12969
, 12969
, 12968
, 12968
, 12967
, 12967
, 12966
, 12966
, 12965
, 12965
, 12964
, 12964
, 12963
, 12963
, 12962
, 12962
, 12961
, 12961
, 12960
, 12960
, 12959
, 12959
, 12958
, 12958
, 12957
, 12957
, 12956
, 12956
, 12955
, 12955
, 12954
, 12954
, 12953
, 12953
, 12952
, 12952
, 12951
, 12951
, 12950
, 12950
, 12949
, 12949
, 12948
, 12948
, 12947
, 12947
, 12946
, 12946
, 12945
, 12945
, 12944
, 12944
, 12943
, 12943
, 12942
, 12942
, 12941
, 12941
, 12940
, 12940
, 12939
, 12939
, 12938
, 12938
, 12937
, 12937
, 12936
, 12936
, 12935
, 12935
, 12934
, 12934
, 12933
, 12933
, 12932
, 12932
, 12931
, 12931
, 12930
, 12930
, 12929
, 12929
, 12928
, 12928
, 12927
, 12927
, 12926
, 12926
, 12925
, 12925
, 12924
, 12924
, 12923
, 12923
, 12922
, 12922
, 12921
, 12921
, 12920
, 12920
, 12919
, 12919
, 12918
, 12918
, 12917
, 12917
, 12916
, 12916
, 12915
, 12915
, 12914
, 12914
, 12913
, 12913
, 12912
, 12912
, 12911
, 12911
, 12910
, 12910
, 12909
, 12909
, 12908
, 12908
, 12907
, 12907
, 12906
, 12906
, 12905
, 12905
, 12904
, 12904
, 12903
, 12903
, 12902
, 12902
, 12901
, 12901
, 12900
, 12900
, 12899
, 12899
, 12898
, 12898
, 12897
, 12897
, 12896
, 12896
, 12895
, 12895
, 12894
, 12894
, 12893
, 12893
, 12892
, 12892
, 12891
, 12891
, 12890
, 12890
, 12889
, 12889
, 12888
, 12888
, 12887
, 12887
, 12886
, 12886
, 12885
, 12885
, 12884
, 12884
, 12883
, 12883
, 12882
, 12882
, 12881
, 12881
, 12880
, 12880
, 12879
, 12879
, 12878
, 12878
, 12877
, 12877
, 12876
, 12876
, 12875
, 12875
, 12874
, 12874
, 12873
, 12873
, 12872
, 12872
, 12871
, 12871
, 12870
, 12870
, 12869
, 12869
, 12868
, 12868
, 12867
, 12867
, 12866
, 12866
, 12865
, 12865
, 12864
, 12864
, 12863
, 12863
, 12862
, 12862
, 12861
, 12861
, 12860
, 12860
, 12859
, 12859
, 12858
, 12858
, 12857
, 12857
, 12856
, 12856
, 12855
, 12855
, 12854
, 12854
, 12853
, 12853
, 12852
, 12852
, 12851
, 12851
, 12850
, 12850
, 12849
, 12849
, 12848
, 12848
, 12847
, 12847
, 12846
, 12846
, 12845
, 12845
, 12844
, 12844
, 12843
, 12843
, 12842
, 12842
, 12841
, 12841
, 12840
, 12840
, 12839
, 12839
, 12838
, 12838
, 12837
, 12837
, 12836
, 12836
, 12835
, 12835
, 12834
, 12834
, 12833
, 12833
, 12832
, 12832
, 12831
, 12831
, 12830
, 12830
, 12829
, 12829
, 12828
, 12828
, 12827
, 12827
, 12826
, 12826
, 12825
, 12825
, 12824
, 12824
, 12823
, 12823
, 12822
, 12822
, 12821
, 12821
, 12820
, 12820
, 12819
, 12819
, 12818
, 12818
, 12817
, 12817
, 12816
, 12816
, 12815
, 12815
, 12814
, 12814
, 12813
, 12813
, 12812
, 12812
, 12811
, 12811
, 12810
, 12810
, 12809
, 12809
, 12808
, 12808
, 12807
, 12807
, 12806
, 12806
, 12805
, 12805
, 12804
, 12804
, 12803
, 12803
, 12802
, 12802
, 12801
, 12801
, 12800
, 12800
, 12799
, 12799
, 12798
, 12798
, 12797
, 12797
, 12796
, 12796
, 12795
, 12795
, 12794
, 12794
, 12793
, 12793
, 12792
, 12792
, 12791
, 12791
, 12790
, 12790
, 12789
, 12789
, 12788
, 12788
, 12787
, 12787
, 12786
, 12786
, 12785
, 12785
, 12784
, 12784
, 12783
, 12783
, 12782
, 12782
, 12781
, 12781
, 12780
, 12780
, 12779
, 12779
, 12778
, 12778
, 12777
, 12777
, 12776
, 12776
, 12775
, 12775
, 12774
, 12774
, 12773
, 12773
, 12772
, 12772
, 12771
, 12771
, 12770
, 12770
, 12769
, 12769
, 12768
, 12768
, 12767
, 12767
, 12766
, 12766
, 12765
, 12765
, 12764
, 12764
, 12763
, 12763
, 12762
, 12762
, 12761
, 12761
, 12760
, 12760
, 12759
, 12759
, 12758
, 12758
, 12757
, 12757
, 12756
, 12756
, 12755
, 12755
, 12754
, 12754
, 12753
, 12753
, 12752
, 12752
, 12751
, 12751
, 12750
, 12750
, 12749
, 12749
, 12748
, 12748
, 12747
, 12747
, 12746
, 12746
, 12745
, 12745
, 12744
, 12744
, 12743
, 12743
, 12742
, 12742
, 12741
, 12741
, 12740
, 12740
, 12739
, 12739
, 12738
, 12738
, 12737
, 12737
, 12736
, 12736
, 12735
, 12735
, 12734
, 12734
, 12733
, 12733
, 12732
, 12732
, 12731
, 12731
, 12730
, 12730
, 12729
, 12729
, 12728
, 12728
, 12727
, 12727
, 12726
, 12726
, 12725
, 12725
, 12724
, 12724
, 12723
, 12723
, 12722
, 12722
, 12721
, 12721
, 12720
, 12720
, 12719
, 12719
, 12718
, 12718
, 12717
, 12717
, 12716
, 12716
, 12715
, 12715
, 12714
, 12714
, 12713
, 12713
, 12712
, 12712
, 12711
, 12711
, 12710
, 12710
, 12709
, 12709
, 12708
, 12708
, 12707
, 12707
, 12706
, 12706
, 12705
, 12705
, 12704
, 12704
, 12703
, 12703
, 12702
, 12702
, 12701
, 12701
, 12700
, 12700
, 12699
, 12699
, 12698
, 12698
, 12697
, 12697
, 12696
, 12696
, 12695
, 12695
, 12694
, 12694
, 12693
, 12693
, 12692
, 12692
, 12691
, 12691
, 12690
, 12690
, 12689
, 12689
, 12688
, 12688
, 12687
, 12687
, 12686
, 12686
, 12685
, 12685
, 12684
, 12684
, 12683
, 12683
, 12682
, 12682
, 12681
, 12681
, 12680
, 12680
, 12679
, 12679
, 12678
, 12678
, 12677
, 12677
, 12676
, 12676
, 12675
, 12675
, 12674
, 12674
, 12673
, 12673
, 12672
, 12672
, 12671
, 12671
, 12670
, 12670
, 12669
, 12669
, 12668
, 12668
, 12667
, 12667
, 12666
, 12666
, 12665
, 12665
, 12664
, 12664
, 12663
, 12663
, 12662
, 12662
, 12661
, 12661
, 12660
, 12660
, 12659
, 12659
, 12658
, 12658
, 12657
, 12657
, 12656
, 12656
, 12655
, 12655
, 12654
, 12654
, 12653
, 12653
, 12652
, 12652
, 12651
, 12651
, 12650
, 12650
, 12649
, 12649
, 12648
, 12648
, 12647
, 12647
, 12646
, 12646
, 12645
, 12645
, 12644
, 12644
, 12643
, 12643
, 12642
, 12642
, 12641
, 12641
, 12640
, 12640
, 12639
, 12639
, 12638
, 12638
, 12637
, 12637
, 12636
, 12636
, 12635
, 12635
, 12634
, 12634
, 12633
, 12633
, 12632
, 12632
, 12631
, 12631
, 12630
, 12630
, 12629
, 12629
, 12628
, 12628
, 12627
, 12627
, 12626
, 12626
, 12625
, 12625
, 12624
, 12624
, 12623
, 12623
, 12622
, 12622
, 12621
, 12621
, 12620
, 12620
, 12619
, 12619
, 12618
, 12618
, 12617
, 12617
, 12616
, 12616
, 12615
, 12615
, 12614
, 12614
, 12613
, 12613
, 12612
, 12612
, 12611
, 12611
, 12610
, 12610
, 12609
, 12609
, 12608
, 12608
, 12607
, 12607
, 12606
, 12606
, 12605
, 12605
, 12604
, 12604
, 12603
, 12603
, 12602
, 12602
, 12601
, 12601
, 12600
, 12600
, 12599
, 12599
, 12598
, 12598
, 12597
, 12597
, 12596
, 12596
, 12595
, 12595
, 12594
, 12594
, 12593
, 12593
, 12592
, 12592
, 12591
, 12591
, 12590
, 12590
, 12589
, 12589
, 12588
, 12588
, 12587
, 12587
, 12586
, 12586
, 12585
, 12585
, 12584
, 12584
, 12583
, 12583
, 12582
, 12582
, 12581
, 12581
, 12580
, 12580
, 12579
, 12579
, 12578
, 12578
, 12577
, 12577
, 12576
, 12576
, 12575
, 12575
, 12574
, 12574
, 12573
, 12573
, 12572
, 12572
, 12571
, 12571
, 12570
, 12570
, 12569
, 12569
, 12568
, 12568
, 12567
, 12567
, 12566
, 12566
, 12565
, 12565
, 12564
, 12564
, 12563
, 12563
, 12562
, 12562
, 12561
, 12561
, 12560
, 12560
, 12559
, 12559
, 12558
, 12558
, 12557
, 12557
, 12556
, 12556
, 12555
, 12555
, 12554
, 12554
, 12553
, 12553
, 12552
, 12552
, 12551
, 12551
, 12550
, 12550
, 12549
, 12549
, 12548
, 12548
, 12547
, 12547
, 12546
, 12546
, 12545
, 12545
, 12544
, 12544
, 12543
, 12543
, 12542
, 12542
, 12541
, 12541
, 12540
, 12540
, 12539
, 12539
, 12538
, 12538
, 12537
, 12537
, 12536
, 12536
, 12535
, 12535
, 12534
, 12534
, 12533
, 12533
, 12532
, 12532
, 12531
, 12531
, 12530
, 12530
, 12529
, 12529
, 12528
, 12528
, 12527
, 12527
, 12526
, 12526
, 12525
, 12525
, 12524
, 12524
, 12523
, 12523
, 12522
, 12522
, 12521
, 12521
, 12520
, 12520
, 12519
, 12519
, 12518
, 12518
, 12517
, 12517
, 12516
, 12516
, 12515
, 12515
, 12514
, 12514
, 12513
, 12513
, 12512
, 12512
, 12511
, 12511
, 12510
, 12510
, 12509
, 12509
, 12508
, 12508
, 12507
, 12507
, 12506
, 12506
, 12505
, 12505
, 12504
, 12504
, 12503
, 12503
, 12502
, 12502
, 12501
, 12501
, 12500
, 12500
, 12499
, 12499
, 12498
, 12498
, 12497
, 12497
, 12496
, 12496
, 12495
, 12495
, 12494
, 12494
, 12493
, 12493
, 12492
, 12492
, 12491
, 12491
, 12490
, 12490
, 12489
, 12489
, 12488
, 12488
, 12487
, 12487
, 12486
, 12486
, 12485
, 12485
, 12484
, 12484
, 12483
, 12483
, 12482
, 12482
, 12481
, 12481
, 12480
, 12480
, 12479
, 12479
, 12478
, 12478
, 12477
, 12477
, 12476
, 12476
, 12475
, 12475
, 12474
, 12474
, 12473
, 12473
, 12472
, 12472
, 12471
, 12471
, 12470
, 12470
, 12469
, 12469
, 12468
, 12468
, 12467
, 12467
, 12466
, 12466
, 12465
, 12465
, 12464
, 12464
, 12463
, 12463
, 12462
, 12462
, 12461
, 12461
, 12460
, 12460
, 12459
, 12459
, 12458
, 12458
, 12457
, 12457
, 12456
, 12456
, 12455
, 12455
, 12454
, 12454
, 12453
, 12453
, 12452
, 12452
, 12451
, 12451
, 12450
, 12450
, 12449
, 12449
, 12448
, 12448
, 12447
, 12447
, 12446
, 12446
, 12445
, 12445
, 12444
, 12444
, 12443
, 12443
, 12442
, 12442
, 12441
, 12441
, 12440
, 12440
, 12439
, 12439
, 12438
, 12438
, 12437
, 12437
, 12436
, 12436
, 12435
, 12435
, 12434
, 12434
, 12433
, 12433
, 12432
, 12432
, 12431
, 12431
, 12430
, 12430
, 12429
, 12429
, 12428
, 12428
, 12427
, 12427
, 12426
, 12426
, 12425
, 12425
, 12424
, 12424
, 12423
, 12423
, 12422
, 12422
, 12421
, 12421
, 12420
, 12420
, 12419
, 12419
, 12418
, 12418
, 12417
, 12417
, 12416
, 12416
, 12415
, 12415
, 12414
, 12414
, 12413
, 12413
, 12412
, 12412
, 12411
, 12411
, 12410
, 12410
, 12409
, 12409
, 12408
, 12408
, 12407
, 12407
, 12406
, 12406
, 12405
, 12405
, 12404
, 12404
, 12403
, 12403
, 12402
, 12402
, 12401
, 12401
, 12400
, 12400
, 12399
, 12399
, 12398
, 12398
, 12397
, 12397
, 12396
, 12396
, 12395
, 12395
, 12394
, 12394
, 12393
, 12393
, 12392
, 12392
, 12391
, 12391
, 12390
, 12390
, 12389
, 12389
, 12388
, 12388
, 12387
, 12387
, 12386
, 12386
, 12385
, 12385
, 12384
, 12384
, 12383
, 12383
, 12382
, 12382
, 12381
, 12381
, 12380
, 12380
, 12379
, 12379
, 12378
, 12378
, 12377
, 12377
, 12376
, 12376
, 12375
, 12375
, 12374
, 12374
, 12373
, 12373
, 12372
, 12372
, 12371
, 12371
, 12370
, 12370
, 12369
, 12369
, 12368
, 12368
, 12367
, 12367
, 12366
, 12366
, 12365
, 12365
, 12364
, 12364
, 12363
, 12363
, 12362
, 12362
, 12361
, 12361
, 12360
, 12360
, 12359
, 12359
, 12358
, 12358
, 12357
, 12357
, 12356
, 12356
, 12355
, 12355
, 12354
, 12354
, 12353
, 12353
, 12352
, 12352
, 12351
, 12351
, 12350
, 12350
, 12349
, 12349
, 12348
, 12348
, 12347
, 12347
, 12346
, 12346
, 12345
, 12345
, 12344
, 12344
, 12343
, 12343
, 12342
, 12342
, 12341
, 12341
, 12340
, 12340
, 12339
, 12339
, 12338
, 12338
, 12337
, 12337
, 12336
, 12336
, 12335
, 12335
, 12334
, 12334
, 12333
, 12333
, 12332
, 12332
, 12331
, 12331
, 12330
, 12330
, 12329
, 12329
, 12328
, 12328
, 12327
, 12327
, 12326
, 12326
, 12325
, 12325
, 12324
, 12324
, 12323
, 12323
, 12322
, 12322
, 12321
, 12321
, 12320
, 12320
, 12319
, 12319
, 12318
, 12318
, 12317
, 12317
, 12316
, 12316
, 12315
, 12315
, 12314
, 12314
, 12313
, 12313
, 12312
, 12312
, 12311
, 12311
, 12310
, 12310
, 12309
, 12309
, 12308
, 12308
, 12307
, 12307
, 12306
, 12306
, 12305
, 12305
, 12304
, 12304
, 12303
, 12303
, 12302
, 12302
, 12301
, 12301
, 12300
, 12300
, 12299
, 12299
, 12298
, 12298
, 12297
, 12297
, 12296
, 12296
, 12295
, 12295
, 12294
, 12294
, 12293
, 12293
, 12292
, 12292
, 12291
, 12291
, 12290
, 12290
, 12289
, 12289
, 12288
, 12288
, 12287
, 12287
, 12286
, 12286
, 12285
, 12285
, 12284
, 12284
, 12283
, 12283
, 12282
, 12282
, 12281
, 12281
, 12280
, 12280
, 12279
, 12279
, 12278
, 12278
, 12277
, 12277
, 12276
, 12276
, 12275
, 12275
, 12274
, 12274
, 12273
, 12273
, 12272
, 12272
, 12271
, 12271
, 12270
, 12270
, 12269
, 12269
, 12268
, 12268
, 12267
, 12267
, 12266
, 12266
, 12265
, 12265
, 12264
, 12264
, 12263
, 12263
, 12262
, 12262
, 12261
, 12261
, 12260
, 12260
, 12259
, 12259
, 12258
, 12258
, 12257
, 12257
, 12256
, 12256
, 12255
, 12255
, 12254
, 12254
, 12253
, 12253
, 12252
, 12252
, 12251
, 12251
, 12250
, 12250
, 12249
, 12249
, 12248
, 12248
, 12247
, 12247
, 12246
, 12246
, 12245
, 12245
, 12244
, 12244
, 12243
, 12243
, 12242
, 12242
, 12241
, 12241
, 12240
, 12240
, 12239
, 12239
, 12238
, 12238
, 12237
, 12237
, 12236
, 12236
, 12235
, 12235
, 12234
, 12234
, 12233
, 12233
, 12232
, 12232
, 12231
, 12231
, 12230
, 12230
, 12229
, 12229
, 12228
, 12228
, 12227
, 12227
, 12226
, 12226
, 12225
, 12225
, 12224
, 12224
, 12223
, 12223
, 12222
, 12222
, 12221
, 12221
, 12220
, 12220
, 12219
, 12219
, 12218
, 12218
, 12217
, 12217
, 12216
, 12216
, 12215
, 12215
, 12214
, 12214
, 12213
, 12213
, 12212
, 12212
, 12211
, 12211
, 12210
, 12210
, 12209
, 12209
, 12208
, 12208
, 12207
, 12207
, 12206
, 12206
, 12205
, 12205
, 12204
, 12204
, 12203
, 12203
, 12202
, 12202
, 12201
, 12201
, 12200
, 12200
, 12199
, 12199
, 12198
, 12198
, 12197
, 12197
, 12196
, 12196
, 12195
, 12195
, 12194
, 12194
, 12193
, 12193
, 12192
, 12192
, 12191
, 12191
, 12190
, 12190
, 12189
, 12189
, 12188
, 12188
, 12187
, 12187
, 12186
, 12186
, 12185
, 12185
, 12184
, 12184
, 12183
, 12183
, 12182
, 12182
, 12181
, 12181
, 12180
, 12180
, 12179
, 12179
, 12178
, 12178
, 12177
, 12177
, 12176
, 12176
, 12175
, 12175
, 12174
, 12174
, 12173
, 12173
, 12172
, 12172
, 12171
, 12171
, 12170
, 12170
, 12169
, 12169
, 12168
, 12168
, 12167
, 12167
, 12166
, 12166
, 12165
, 12165
, 12164
, 12164
, 12163
, 12163
, 12162
, 12162
, 12161
, 12161
, 12160
, 12160
, 12159
, 12159
, 12158
, 12158
, 12157
, 12157
, 12156
, 12156
, 12155
, 12155
, 12154
, 12154
, 12153
, 12153
, 12152
, 12152
, 12151
, 12151
, 12150
, 12150
, 12149
, 12149
, 12148
, 12148
, 12147
, 12147
, 12146
, 12146
, 12145
, 12145
, 12144
, 12144
, 12143
, 12143
, 12142
, 12142
, 12141
, 12141
, 12140
, 12140
, 12139
, 12139
, 12138
, 12138
, 12137
, 12137
, 12136
, 12136
, 12135
, 12135
, 12134
, 12134
, 12133
, 12133
, 12132
, 12132
, 12131
, 12131
, 12130
, 12130
, 12129
, 12129
, 12128
, 12128
, 12127
, 12127
, 12126
, 12126
, 12125
, 12125
, 12124
, 12124
, 12123
, 12123
, 12122
, 12122
, 12121
, 12121
, 12120
, 12120
, 12119
, 12119
, 12118
, 12118
, 12117
, 12117
, 12116
, 12116
, 12115
, 12115
, 12114
, 12114
, 12113
, 12113
, 12112
, 12112
, 12111
, 12111
, 12110
, 12110
, 12109
, 12109
, 12108
, 12108
, 12107
, 12107
, 12106
, 12106
, 12105
, 12105
, 12104
, 12104
, 12103
, 12103
, 12102
, 12102
, 12101
, 12101
, 12100
, 12100
, 12099
, 12099
, 12098
, 12098
, 12097
, 12097
, 12096
, 12096
, 12095
, 12095
, 12094
, 12094
, 12093
, 12093
, 12092
, 12092
, 12091
, 12091
, 12090
, 12090
, 12089
, 12089
, 12088
, 12088
, 12087
, 12087
, 12086
, 12086
, 12085
, 12085
, 12084
, 12084
, 12083
, 12083
, 12082
, 12082
, 12081
, 12081
, 12080
, 12080
, 12079
, 12079
, 12078
, 12078
, 12077
, 12077
, 12076
, 12076
, 12075
, 12075
, 12074
, 12074
, 12073
, 12073
, 12072
, 12072
, 12071
, 12071
, 12070
, 12070
, 12069
, 12069
, 12068
, 12068
, 12067
, 12067
, 12066
, 12066
, 12065
, 12065
, 12064
, 12064
, 12063
, 12063
, 12062
, 12062
, 12061
, 12061
, 12060
, 12060
, 12059
, 12059
, 12058
, 12058
, 12057
, 12057
, 12056
, 12056
, 12055
, 12055
, 12054
, 12054
, 12053
, 12053
, 12052
, 12052
, 12051
, 12051
, 12050
, 12050
, 12049
, 12049
, 12048
, 12048
, 12047
, 12047
, 12046
, 12046
, 12045
, 12045
, 12044
, 12044
, 12043
, 12043
, 12042
, 12042
, 12041
, 12041
, 12040
, 12040
, 12039
, 12039
, 12038
, 12038
, 12037
, 12037
, 12036
, 12036
, 12035
, 12035
, 12034
, 12034
, 12033
, 12033
, 12032
, 12032
, 12031
, 12031
, 12030
, 12030
, 12029
, 12029
, 12028
, 12028
, 12027
, 12027
, 12026
, 12026
, 12025
, 12025
, 12024
, 12024
, 12023
, 12023
, 12022
, 12022
, 12021
, 12021
, 12020
, 12020
, 12019
, 12019
, 12018
, 12018
, 12017
, 12017
, 12016
, 12016
, 12015
, 12015
, 12014
, 12014
, 12013
, 12013
, 12012
, 12012
, 12011
, 12011
, 12010
, 12010
, 12009
, 12009
, 12008
, 12008
, 12007
, 12007
, 12006
, 12006
, 12005
, 12005
, 12004
, 12004
, 12003
, 12003
, 12002
, 12002
, 12001
, 12001
, 12000
, 12000
, 11999
, 11999
, 11998
, 11998
, 11997
, 11997
, 11996
, 11996
, 11995
, 11995
, 11994
, 11994
, 11993
, 11993
, 11992
, 11992
, 11991
, 11991
, 11990
, 11990
, 11989
, 11989
, 11988
, 11988
, 11987
, 11987
, 11986
, 11986
, 11985
, 11985
, 11984
, 11984
, 11983
, 11983
, 11982
, 11982
, 11981
, 11981
, 11980
, 11980
, 11979
, 11979
, 11978
, 11978
, 11977
, 11977
, 11976
, 11976
, 11975
, 11975
, 11974
, 11974
, 11973
, 11973
, 11972
, 11972
, 11971
, 11971
, 11970
, 11970
, 11969
, 11969
, 11968
, 11968
, 11967
, 11967
, 11966
, 11966
, 11965
, 11965
, 11964
, 11964
, 11963
, 11963
, 11962
, 11962
, 11961
, 11961
, 11960
, 11960
, 11959
, 11959
, 11958
, 11958
, 11957
, 11957
, 11956
, 11956
, 11955
, 11955
, 11954
, 11954
, 11953
, 11953
, 11952
, 11952
, 11951
, 11951
, 11950
, 11950
, 11949
, 11949
, 11948
, 11948
, 11947
, 11947
, 11946
, 11946
, 11945
, 11945
, 11944
, 11944
, 11943
, 11943
, 11942
, 11942
, 11941
, 11941
, 11940
, 11940
, 11939
, 11939
, 11938
, 11938
, 11937
, 11937
, 11936
, 11936
, 11935
, 11935
, 11934
, 11934
, 11933
, 11933
, 11932
, 11932
, 11931
, 11931
, 11930
, 11930
, 11929
, 11929
, 11928
, 11928
, 11927
, 11927
, 11926
, 11926
, 11925
, 11925
, 11924
, 11924
, 11923
, 11923
, 11922
, 11922
, 11921
, 11921
, 11920
, 11920
, 11919
, 11919
, 11918
, 11918
, 11917
, 11917
, 11916
, 11916
, 11915
, 11915
, 11914
, 11914
, 11913
, 11913
, 11912
, 11912
, 11911
, 11911
, 11910
, 11910
, 11909
, 11909
, 11908
, 11908
, 11907
, 11907
, 11906
, 11906
, 11905
, 11905
, 11904
, 11904
, 11903
, 11903
, 11902
, 11902
, 11901
, 11901
, 11900
, 11900
, 11899
, 11899
, 11898
, 11898
, 11897
, 11897
, 11896
, 11896
, 11895
, 11895
, 11894
, 11894
, 11893
, 11893
, 11892
, 11892
, 11891
, 11891
, 11890
, 11890
, 11889
, 11889
, 11888
, 11888
, 11887
, 11887
, 11886
, 11886
, 11885
, 11885
, 11884
, 11884
, 11883
, 11883
, 11882
, 11882
, 11881
, 11881
, 11880
, 11880
, 11879
, 11879
, 11878
, 11878
, 11877
, 11877
, 11876
, 11876
, 11875
, 11875
, 11874
, 11874
, 11873
, 11873
, 11872
, 11872
, 11871
, 11871
, 11870
, 11870
, 11869
, 11869
, 11868
, 11868
, 11867
, 11867
, 11866
, 11866
, 11865
, 11865
, 11864
, 11864
, 11863
, 11863
, 11862
, 11862
, 11861
, 11861
, 11860
, 11860
, 11859
, 11859
, 11858
, 11858
, 11857
, 11857
, 11856
, 11856
, 11855
, 11855
, 11854
, 11854
, 11853
, 11853
, 11852
, 11852
, 11851
, 11851
, 11850
, 11850
, 11849
, 11849
, 11848
, 11848
, 11847
, 11847
, 11846
, 11846
, 11845
, 11845
, 11844
, 11844
, 11843
, 11843
, 11842
, 11842
, 11841
, 11841
, 11840
, 11840
, 11839
, 11839
, 11838
, 11838
, 11837
, 11837
, 11836
, 11836
, 11835
, 11835
, 11834
, 11834
, 11833
, 11833
, 11832
, 11832
, 11831
, 11831
, 11830
, 11830
, 11829
, 11829
, 11828
, 11828
, 11827
, 11827
, 11826
, 11826
, 11825
, 11825
, 11824
, 11824
, 11823
, 11823
, 11822
, 11822
, 11821
, 11821
, 11820
, 11820
, 11819
, 11819
, 11818
, 11818
, 11817
, 11817
, 11816
, 11816
, 11815
, 11815
, 11814
, 11814
, 11813
, 11813
, 11812
, 11812
, 11811
, 11811
, 11810
, 11810
, 11809
, 11809
, 11808
, 11808
, 11807
, 11807
, 11806
, 11806
, 11805
, 11805
, 11804
, 11804
, 11803
, 11803
, 11802
, 11802
, 11801
, 11801
, 11800
, 11800
, 11799
, 11799
, 11798
, 11798
, 11797
, 11797
, 11796
, 11796
, 11795
, 11795
, 11794
, 11794
, 11793
, 11793
, 11792
, 11792
, 11791
, 11791
, 11790
, 11790
, 11789
, 11789
, 11788
, 11788
, 11787
, 11787
, 11786
, 11786
, 11785
, 11785
, 11784
, 11784
, 11783
, 11783
, 11782
, 11782
, 11781
, 11781
, 11780
, 11780
, 11779
, 11779
, 11778
, 11778
, 11777
, 11777
, 11776
, 11776
, 11775
, 11775
, 11774
, 11774
, 11773
, 11773
, 11772
, 11772
, 11771
, 11771
, 11770
, 11770
, 11769
, 11769
, 11768
, 11768
, 11767
, 11767
, 11766
, 11766
, 11765
, 11765
, 11764
, 11764
, 11763
, 11763
, 11762
, 11762
, 11761
, 11761
, 11760
, 11760
, 11759
, 11759
, 11758
, 11758
, 11757
, 11757
, 11756
, 11756
, 11755
, 11755
, 11754
, 11754
, 11753
, 11753
, 11752
, 11752
, 11751
, 11751
, 11750
, 11750
, 11749
, 11749
, 11748
, 11748
, 11747
, 11747
, 11746
, 11746
, 11745
, 11745
, 11744
, 11744
, 11743
, 11743
, 11742
, 11742
, 11741
, 11741
, 11740
, 11740
, 11739
, 11739
, 11738
, 11738
, 11737
, 11737
, 11736
, 11736
, 11735
, 11735
, 11734
, 11734
, 11733
, 11733
, 11732
, 11732
, 11731
, 11731
, 11730
, 11730
, 11729
, 11729
, 11728
, 11728
, 11727
, 11727
, 11726
, 11726
, 11725
, 11725
, 11724
, 11724
, 11723
, 11723
, 11722
, 11722
, 11721
, 11721
, 11720
, 11720
, 11719
, 11719
, 11718
, 11718
, 11717
, 11717
, 11716
, 11716
, 11715
, 11715
, 11714
, 11714
, 11713
, 11713
, 11712
, 11712
, 11711
, 11711
, 11710
, 11710
, 11709
, 11709
, 11708
, 11708
, 11707
, 11707
, 11706
, 11706
, 11705
, 11705
, 11704
, 11704
, 11703
, 11703
, 11702
, 11702
, 11701
, 11701
, 11700
, 11700
, 11699
, 11699
, 11698
, 11698
, 11697
, 11697
, 11696
, 11696
, 11695
, 11695
, 11694
, 11694
, 11693
, 11693
, 11692
, 11692
, 11691
, 11691
, 11690
, 11690
, 11689
, 11689
, 11688
, 11688
, 11687
, 11687
, 11686
, 11686
, 11685
, 11685
, 11684
, 11684
, 11683
, 11683
, 11682
, 11682
, 11681
, 11681
, 11680
, 11680
, 11679
, 11679
, 11678
, 11678
, 11677
, 11677
, 11676
, 11676
, 11675
, 11675
, 11674
, 11674
, 11673
, 11673
, 11672
, 11672
, 11671
, 11671
, 11670
, 11670
, 11669
, 11669
, 11668
, 11668
, 11667
, 11667
, 11666
, 11666
, 11665
, 11665
, 11664
, 11664
, 11663
, 11663
, 11662
, 11662
, 11661
, 11661
, 11660
, 11660
, 11659
, 11659
, 11658
, 11658
, 11657
, 11657
, 11656
, 11656
, 11655
, 11655
, 11654
, 11654
, 11653
, 11653
, 11652
, 11652
, 11651
, 11651
, 11650
, 11650
, 11649
, 11649
, 11648
, 11648
, 11647
, 11647
, 11646
, 11646
, 11645
, 11645
, 11644
, 11644
, 11643
, 11643
, 11642
, 11642
, 11641
, 11641
, 11640
, 11640
, 11639
, 11639
, 11638
, 11638
, 11637
, 11637
, 11636
, 11636
, 11635
, 11635
, 11634
, 11634
, 11633
, 11633
, 11632
, 11632
, 11631
, 11631
, 11630
, 11630
, 11629
, 11629
, 11628
, 11628
, 11627
, 11627
, 11626
, 11626
, 11625
, 11625
, 11624
, 11624
, 11623
, 11623
, 11622
, 11622
, 11621
, 11621
, 11620
, 11620
, 11619
, 11619
, 11618
, 11618
, 11617
, 11617
, 11616
, 11616
, 11615
, 11615
, 11614
, 11614
, 11613
, 11613
, 11612
, 11612
, 11611
, 11611
, 11610
, 11610
, 11609
, 11609
, 11608
, 11608
, 11607
, 11607
, 11606
, 11606
, 11605
, 11605
, 11604
, 11604
, 11603
, 11603
, 11602
, 11602
, 11601
, 11601
, 11600
, 11600
, 11599
, 11599
, 11598
, 11598
, 11597
, 11597
, 11596
, 11596
, 11595
, 11595
, 11594
, 11594
, 11593
, 11593
, 11592
, 11592
, 11591
, 11591
, 11590
, 11590
, 11589
, 11589
, 11588
, 11588
, 11587
, 11587
, 11586
, 11586
, 11585
, 11585
, 11584
, 11584
, 11583
, 11583
, 11582
, 11582
, 11581
, 11581
, 11580
, 11580
, 11579
, 11579
, 11578
, 11578
, 11577
, 11577
, 11576
, 11576
, 11575
, 11575
, 11574
, 11574
, 11573
, 11573
, 11572
, 11572
, 11571
, 11571
, 11570
, 11570
, 11569
, 11569
, 11568
, 11568
, 11567
, 11567
, 11566
, 11566
, 11565
, 11565
, 11564
, 11564
, 11563
, 11563
, 11562
, 11562
, 11561
, 11561
, 11560
, 11560
, 11559
, 11559
, 11558
, 11558
, 11557
, 11557
, 11556
, 11556
, 11555
, 11555
, 11554
, 11554
, 11553
, 11553
, 11552
, 11552
, 11551
, 11551
, 11550
, 11550
, 11549
, 11549
, 11548
, 11548
, 11547
, 11547
, 11546
, 11546
, 11545
, 11545
, 11544
, 11544
, 11543
, 11543
, 11542
, 11542
, 11541
, 11541
, 11540
, 11540
, 11539
, 11539
, 11538
, 11538
, 11537
, 11537
, 11536
, 11536
, 11535
, 11535
, 11534
, 11534
, 11533
, 11533
, 11532
, 11532
, 11531
, 11531
, 11530
, 11530
, 11529
, 11529
, 11528
, 11528
, 11527
, 11527
, 11526
, 11526
, 11525
, 11525
, 11524
, 11524
, 11523
, 11523
, 11522
, 11522
, 11521
, 11521
, 11520
, 11520
, 11519
, 11519
, 11518
, 11518
, 11517
, 11517
, 11516
, 11516
, 11515
, 11515
, 11514
, 11514
, 11513
, 11513
, 11512
, 11512
, 11511
, 11511
, 11510
, 11510
, 11509
, 11509
, 11508
, 11508
, 11507
, 11507
, 11506
, 11506
, 11505
, 11505
, 11504
, 11504
, 11503
, 11503
, 11502
, 11502
, 11501
, 11501
, 11500
, 11500
, 11499
, 11499
, 11498
, 11498
, 11497
, 11497
, 11496
, 11496
, 11495
, 11495
, 11494
, 11494
, 11493
, 11493
, 11492
, 11492
, 11491
, 11491
, 11490
, 11490
, 11489
, 11489
, 11488
, 11488
, 11487
, 11487
, 11486
, 11486
, 11485
, 11485
, 11484
, 11484
, 11483
, 11483
, 11482
, 11482
, 11481
, 11481
, 11480
, 11480
, 11479
, 11479
, 11478
, 11478
, 11477
, 11477
, 11476
, 11476
, 11475
, 11475
, 11474
, 11474
, 11473
, 11473
, 11472
, 11472
, 11471
, 11471
, 11470
, 11470
, 11469
, 11469
, 11468
, 11468
, 11467
, 11467
, 11466
, 11466
, 11465
, 11465
, 11464
, 11464
, 11463
, 11463
, 11462
, 11462
, 11461
, 11461
, 11460
, 11460
, 11459
, 11459
, 11458
, 11458
, 11457
, 11457
, 11456
, 11456
, 11455
, 11455
, 11454
, 11454
, 11453
, 11453
, 11452
, 11452
, 11451
, 11451
, 11450
, 11450
, 11449
, 11449
, 11448
, 11448
, 11447
, 11447
, 11446
, 11446
, 11445
, 11445
, 11444
, 11444
, 11443
, 11443
, 11442
, 11442
, 11441
, 11441
, 11440
, 11440
, 11439
, 11439
, 11438
, 11438
, 11437
, 11437
, 11436
, 11436
, 11435
, 11435
, 11434
, 11434
, 11433
, 11433
, 11432
, 11432
, 11431
, 11431
, 11430
, 11430
, 11429
, 11429
, 11428
, 11428
, 11427
, 11427
, 11426
, 11426
, 11425
, 11425
, 11424
, 11424
, 11423
, 11423
, 11422
, 11422
, 11421
, 11421
, 11420
, 11420
, 11419
, 11419
, 11418
, 11418
, 11417
, 11417
, 11416
, 11416
, 11415
, 11415
, 11414
, 11414
, 11413
, 11413
, 11412
, 11412
, 11411
, 11411
, 11410
, 11410
, 11409
, 11409
, 11408
, 11408
, 11407
, 11407
, 11406
, 11406
, 11405
, 11405
, 11404
, 11404
, 11403
, 11403
, 11402
, 11402
, 11401
, 11401
, 11400
, 11400
, 11399
, 11399
, 11398
, 11398
, 11397
, 11397
, 11396
, 11396
, 11395
, 11395
, 11394
, 11394
, 11393
, 11393
, 11392
, 11392
, 11391
, 11391
, 11390
, 11390
, 11389
, 11389
, 11388
, 11388
, 11387
, 11387
, 11386
, 11386
, 11385
, 11385
, 11384
, 11384
, 11383
, 11383
, 11382
, 11382
, 11381
, 11381
, 11380
, 11380
, 11379
, 11379
, 11378
, 11378
, 11377
, 11377
, 11376
, 11376
, 11375
, 11375
, 11374
, 11374
, 11373
, 11373
, 11372
, 11372
, 11371
, 11371
, 11370
, 11370
, 11369
, 11369
, 11368
, 11368
, 11367
, 11367
, 11366
, 11366
, 11365
, 11365
, 11364
, 11364
, 11363
, 11363
, 11362
, 11362
, 11361
, 11361
, 11360
, 11360
, 11359
, 11359
, 11358
, 11358
, 11357
, 11357
, 11356
, 11356
, 11355
, 11355
, 11354
, 11354
, 11353
, 11353
, 11352
, 11352
, 11351
, 11351
, 11350
, 11350
, 11349
, 11349
, 11348
, 11348
, 11347
, 11347
, 11346
, 11346
, 11345
, 11345
, 11344
, 11344
, 11343
, 11343
, 11342
, 11342
, 11341
, 11341
, 11340
, 11340
, 11339
, 11339
, 11338
, 11338
, 11337
, 11337
, 11336
, 11336
, 11335
, 11335
, 11334
, 11334
, 11333
, 11333
, 11332
, 11332
, 11331
, 11331
, 11330
, 11330
, 11329
, 11329
, 11328
, 11328
, 11327
, 11327
, 11326
, 11326
, 11325
, 11325
, 11324
, 11324
, 11323
, 11323
, 11322
, 11322
, 11321
, 11321
, 11320
, 11320
, 11319
, 11319
, 11318
, 11318
, 11317
, 11317
, 11316
, 11316
, 11315
, 11315
, 11314
, 11314
, 11313
, 11313
, 11312
, 11312
, 11311
, 11311
, 11310
, 11310
, 11309
, 11309
, 11308
, 11308
, 11307
, 11307
, 11306
, 11306
, 11305
, 11305
, 11304
, 11304
, 11303
, 11303
, 11302
, 11302
, 11301
, 11301
, 11300
, 11300
, 11299
, 11299
, 11298
, 11298
, 11297
, 11297
, 11296
, 11296
, 11295
, 11295
, 11294
, 11294
, 11293
, 11293
, 11292
, 11292
, 11291
, 11291
, 11290
, 11290
, 11289
, 11289
, 11288
, 11288
, 11287
, 11287
, 11286
, 11286
, 11285
, 11285
, 11284
, 11284
, 11283
, 11283
, 11282
, 11282
, 11281
, 11281
, 11280
, 11280
, 11279
, 11279
, 11278
, 11278
, 11277
, 11277
, 11276
, 11276
, 11275
, 11275
, 11274
, 11274
, 11273
, 11273
, 11272
, 11272
, 11271
, 11271
, 11270
, 11270
, 11269
, 11269
, 11268
, 11268
, 11267
, 11267
, 11266
, 11266
, 11265
, 11265
, 11264
, 11264
, 11263
, 11263
, 11262
, 11262
, 11261
, 11261
, 11260
, 11260
, 11259
, 11259
, 11258
, 11258
, 11257
, 11257
, 11256
, 11256
, 11255
, 11255
, 11254
, 11254
, 11253
, 11253
, 11252
, 11252
, 11251
, 11251
, 11250
, 11250
, 11249
, 11249
, 11248
, 11248
, 11247
, 11247
, 11246
, 11246
, 11245
, 11245
, 11244
, 11244
, 11243
, 11243
, 11242
, 11242
, 11241
, 11241
, 11240
, 11240
, 11239
, 11239
, 11238
, 11238
, 11237
, 11237
, 11236
, 11236
, 11235
, 11235
, 11234
, 11234
, 11233
, 11233
, 11232
, 11232
, 11231
, 11231
, 11230
, 11230
, 11229
, 11229
, 11228
, 11228
, 11227
, 11227
, 11226
, 11226
, 11225
, 11225
, 11224
, 11224
, 11223
, 11223
, 11222
, 11222
, 11221
, 11221
, 11220
, 11220
, 11219
, 11219
, 11218
, 11218
, 11217
, 11217
, 11216
, 11216
, 11215
, 11215
, 11214
, 11214
, 11213
, 11213
, 11212
, 11212
, 11211
, 11211
, 11210
, 11210
, 11209
, 11209
, 11208
, 11208
, 11207
, 11207
, 11206
, 11206
, 11205
, 11205
, 11204
, 11204
, 11203
, 11203
, 11202
, 11202
, 11201
, 11201
, 11200
, 11200
, 11199
, 11199
, 11198
, 11198
, 11197
, 11197
, 11196
, 11196
, 11195
, 11195
, 11194
, 11194
, 11193
, 11193
, 11192
, 11192
, 11191
, 11191
, 11190
, 11190
, 11189
, 11189
, 11188
, 11188
, 11187
, 11187
, 11186
, 11186
, 11185
, 11185
, 11184
, 11184
, 11183
, 11183
, 11182
, 11182
, 11181
, 11181
, 11180
, 11180
, 11179
, 11179
, 11178
, 11178
, 11177
, 11177
, 11176
, 11176
, 11175
, 11175
, 11174
, 11174
, 11173
, 11173
, 11172
, 11172
, 11171
, 11171
, 11170
, 11170
, 11169
, 11169
, 11168
, 11168
, 11167
, 11167
, 11166
, 11166
, 11165
, 11165
, 11164
, 11164
, 11163
, 11163
, 11162
, 11162
, 11161
, 11161
, 11160
, 11160
, 11159
, 11159
, 11158
, 11158
, 11157
, 11157
, 11156
, 11156
, 11155
, 11155
, 11154
, 11154
, 11153
, 11153
, 11152
, 11152
, 11151
, 11151
, 11150
, 11150
, 11149
, 11149
, 11148
, 11148
, 11147
, 11147
, 11146
, 11146
, 11145
, 11145
, 11144
, 11144
, 11143
, 11143
, 11142
, 11142
, 11141
, 11141
, 11140
, 11140
, 11139
, 11139
, 11138
, 11138
, 11137
, 11137
, 11136
, 11136
, 11135
, 11135
, 11134
, 11134
, 11133
, 11133
, 11132
, 11132
, 11131
, 11131
, 11130
, 11130
, 11129
, 11129
, 11128
, 11128
, 11127
, 11127
, 11126
, 11126
, 11125
, 11125
, 11124
, 11124
, 11123
, 11123
, 11122
, 11122
, 11121
, 11121
, 11120
, 11120
, 11119
, 11119
, 11118
, 11118
, 11117
, 11117
, 11116
, 11116
, 11115
, 11115
, 11114
, 11114
, 11113
, 11113
, 11112
, 11112
, 11111
, 11111
, 11110
, 11110
, 11109
, 11109
, 11108
, 11108
, 11107
, 11107
, 11106
, 11106
, 11105
, 11105
, 11104
, 11104
, 11103
, 11103
, 11102
, 11102
, 11101
, 11101
, 11100
, 11100
, 11099
, 11099
, 11098
, 11098
, 11097
, 11097
, 11096
, 11096
, 11095
, 11095
, 11094
, 11094
, 11093
, 11093
, 11092
, 11092
, 11091
, 11091
, 11090
, 11090
, 11089
, 11089
, 11088
, 11088
, 11087
, 11087
, 11086
, 11086
, 11085
, 11085
, 11084
, 11084
, 11083
, 11083
, 11082
, 11082
, 11081
, 11081
, 11080
, 11080
, 11079
, 11079
, 11078
, 11078
, 11077
, 11077
, 11076
, 11076
, 11075
, 11075
, 11074
, 11074
, 11073
, 11073
, 11072
, 11072
, 11071
, 11071
, 11070
, 11070
, 11069
, 11069
, 11068
, 11068
, 11067
, 11067
, 11066
, 11066
, 11065
, 11065
, 11064
, 11064
, 11063
, 11063
, 11062
, 11062
, 11061
, 11061
, 11060
, 11060
, 11059
, 11059
, 11058
, 11058
, 11057
, 11057
, 11056
, 11056
, 11055
, 11055
, 11054
, 11054
, 11053
, 11053
, 11052
, 11052
, 11051
, 11051
, 11050
, 11050
, 11049
, 11049
, 11048
, 11048
, 11047
, 11047
, 11046
, 11046
, 11045
, 11045
, 11044
, 11044
, 11043
, 11043
, 11042
, 11042
, 11041
, 11041
, 11040
, 11040
, 11039
, 11039
, 11038
, 11038
, 11037
, 11037
, 11036
, 11036
, 11035
, 11035
, 11034
, 11034
, 11033
, 11033
, 11032
, 11032
, 11031
, 11031
, 11030
, 11030
, 11029
, 11029
, 11028
, 11028
, 11027
, 11027
, 11026
, 11026
, 11025
, 11025
, 11024
, 11024
, 11023
, 11023
, 11022
, 11022
, 11021
, 11021
, 11020
, 11020
, 11019
, 11019
, 11018
, 11018
, 11017
, 11017
, 11016
, 11016
, 11015
, 11015
, 11014
, 11014
, 11013
, 11013
, 11012
, 11012
, 11011
, 11011
, 11010
, 11010
, 11009
, 11009
, 11008
, 11008
, 11007
, 11007
, 11006
, 11006
, 11005
, 11005
, 11004
, 11004
, 11003
, 11003
, 11002
, 11002
, 11001
, 11001
, 11000
, 11000
, 10999
, 10999
, 10998
, 10998
, 10997
, 10997
, 10996
, 10996
, 10995
, 10995
, 10994
, 10994
, 10993
, 10993
, 10992
, 10992
, 10991
, 10991
, 10990
, 10990
, 10989
, 10989
, 10988
, 10988
, 10987
, 10987
, 10986
, 10986
, 10985
, 10985
, 10984
, 10984
, 10983
, 10983
, 10982
, 10982
, 10981
, 10981
, 10980
, 10980
, 10979
, 10979
, 10978
, 10978
, 10977
, 10977
, 10976
, 10976
, 10975
, 10975
, 10974
, 10974
, 10973
, 10973
, 10972
, 10972
, 10971
, 10971
, 10970
, 10970
, 10969
, 10969
, 10968
, 10968
, 10967
, 10967
, 10966
, 10966
, 10965
, 10965
, 10964
, 10964
, 10963
, 10963
, 10962
, 10962
, 10961
, 10961
, 10960
, 10960
, 10959
, 10959
, 10958
, 10958
, 10957
, 10957
, 10956
, 10956
, 10955
, 10955
, 10954
, 10954
, 10953
, 10953
, 10952
, 10952
, 10951
, 10951
, 10950
, 10950
, 10949
, 10949
, 10948
, 10948
, 10947
, 10947
, 10946
, 10946
, 10945
, 10945
, 10944
, 10944
, 10943
, 10943
, 10942
, 10942
, 10941
, 10941
, 10940
, 10940
, 10939
, 10939
, 10938
, 10938
, 10937
, 10937
, 10936
, 10936
, 10935
, 10935
, 10934
, 10934
, 10933
, 10933
, 10932
, 10932
, 10931
, 10931
, 10930
, 10930
, 10929
, 10929
, 10928
, 10928
, 10927
, 10927
, 10926
, 10926
, 10925
, 10925
, 10924
, 10924
, 10923
, 10923
, 10922
, 10922
, 10921
, 10921
, 10920
, 10920
, 10919
, 10919
, 10918
, 10918
, 10917
, 10917
, 10916
, 10916
, 10915
, 10915
, 10914
, 10914
, 10913
, 10913
, 10912
, 10912
, 10911
, 10911
, 10910
, 10910
, 10909
, 10909
, 10908
, 10908
, 10907
, 10907
, 10906
, 10906
, 10905
, 10905
, 10904
, 10904
, 10903
, 10903
, 10902
, 10902
, 10901
, 10901
, 10900
, 10900
, 10899
, 10899
, 10898
, 10898
, 10897
, 10897
, 10896
, 10896
, 10895
, 10895
, 10894
, 10894
, 10893
, 10893
, 10892
, 10892
, 10891
, 10891
, 10890
, 10890
, 10889
, 10889
, 10888
, 10888
, 10887
, 10887
, 10886
, 10886
, 10885
, 10885
, 10884
, 10884
, 10883
, 10883
, 10882
, 10882
, 10881
, 10881
, 10880
, 10880
, 10879
, 10879
, 10878
, 10878
, 10877
, 10877
, 10876
, 10876
, 10875
, 10875
, 10874
, 10874
, 10873
, 10873
, 10872
, 10872
, 10871
, 10871
, 10870
, 10870
, 10869
, 10869
, 10868
, 10868
, 10867
, 10867
, 10866
, 10866
, 10865
, 10865
, 10864
, 10864
, 10863
, 10863
, 10862
, 10862
, 10861
, 10861
, 10860
, 10860
, 10859
, 10859
, 10858
, 10858
, 10857
, 10857
, 10856
, 10856
, 10855
, 10855
, 10854
, 10854
, 10853
, 10853
, 10852
, 10852
, 10851
, 10851
, 10850
, 10850
, 10849
, 10849
, 10848
, 10848
, 10847
, 10847
, 10846
, 10846
, 10845
, 10845
, 10844
, 10844
, 10843
, 10843
, 10842
, 10842
, 10841
, 10841
, 10840
, 10840
, 10839
, 10839
, 10838
, 10838
, 10837
, 10837
, 10836
, 10836
, 10835
, 10835
, 10834
, 10834
, 10833
, 10833
, 10832
, 10832
, 10831
, 10831
, 10830
, 10830
, 10829
, 10829
, 10828
, 10828
, 10827
, 10827
, 10826
, 10826
, 10825
, 10825
, 10824
, 10824
, 10823
, 10823
, 10822
, 10822
, 10821
, 10821
, 10820
, 10820
, 10819
, 10819
, 10818
, 10818
, 10817
, 10817
, 10816
, 10816
, 10815
, 10815
, 10814
, 10814
, 10813
, 10813
, 10812
, 10812
, 10811
, 10811
, 10810
, 10810
, 10809
, 10809
, 10808
, 10808
, 10807
, 10807
, 10806
, 10806
, 10805
, 10805
, 10804
, 10804
, 10803
, 10803
, 10802
, 10802
, 10801
, 10801
, 10800
, 10800
, 10799
, 10799
, 10798
, 10798
, 10797
, 10797
, 10796
, 10796
, 10795
, 10795
, 10794
, 10794
, 10793
, 10793
, 10792
, 10792
, 10791
, 10791
, 10790
, 10790
, 10789
, 10789
, 10788
, 10788
, 10787
, 10787
, 10786
, 10786
, 10785
, 10785
, 10784
, 10784
, 10783
, 10783
, 10782
, 10782
, 10781
, 10781
, 10780
, 10780
, 10779
, 10779
, 10778
, 10778
, 10777
, 10777
, 10776
, 10776
, 10775
, 10775
, 10774
, 10774
, 10773
, 10773
, 10772
, 10772
, 10771
, 10771
, 10770
, 10770
, 10769
, 10769
, 10768
, 10768
, 10767
, 10767
, 10766
, 10766
, 10765
, 10765
, 10764
, 10764
, 10763
, 10763
, 10762
, 10762
, 10761
, 10761
, 10760
, 10760
, 10759
, 10759
, 10758
, 10758
, 10757
, 10757
, 10756
, 10756
, 10755
, 10755
, 10754
, 10754
, 10753
, 10753
, 10752
, 10752
, 10751
, 10751
, 10750
, 10750
, 10749
, 10749
, 10748
, 10748
, 10747
, 10747
, 10746
, 10746
, 10745
, 10745
, 10744
, 10744
, 10743
, 10743
, 10742
, 10742
, 10741
, 10741
, 10740
, 10740
, 10739
, 10739
, 10738
, 10738
, 10737
, 10737
, 10736
, 10736
, 10735
, 10735
, 10734
, 10734
, 10733
, 10733
, 10732
, 10732
, 10731
, 10731
, 10730
, 10730
, 10729
, 10729
, 10728
, 10728
, 10727
, 10727
, 10726
, 10726
, 10725
, 10725
, 10724
, 10724
, 10723
, 10723
, 10722
, 10722
, 10721
, 10721
, 10720
, 10720
, 10719
, 10719
, 10718
, 10718
, 10717
, 10717
, 10716
, 10716
, 10715
, 10715
, 10714
, 10714
, 10713
, 10713
, 10712
, 10712
, 10711
, 10711
, 10710
, 10710
, 10709
, 10709
, 10708
, 10708
, 10707
, 10707
, 10706
, 10706
, 10705
, 10705
, 10704
, 10704
, 10703
, 10703
, 10702
, 10702
, 10701
, 10701
, 10700
, 10700
, 10699
, 10699
, 10698
, 10698
, 10697
, 10697
, 10696
, 10696
, 10695
, 10695
, 10694
, 10694
, 10693
, 10693
, 10692
, 10692
, 10691
, 10691
, 10690
, 10690
, 10689
, 10689
, 10688
, 10688
, 10687
, 10687
, 10686
, 10686
, 10685
, 10685
, 10684
, 10684
, 10683
, 10683
, 10682
, 10682
, 10681
, 10681
, 10680
, 10680
, 10679
, 10679
, 10678
, 10678
, 10677
, 10677
, 10676
, 10676
, 10675
, 10675
, 10674
, 10674
, 10673
, 10673
, 10672
, 10672
, 10671
, 10671
, 10670
, 10670
, 10669
, 10669
, 10668
, 10668
, 10667
, 10667
, 10666
, 10666
, 10665
, 10665
, 10664
, 10664
, 10663
, 10663
, 10662
, 10662
, 10661
, 10661
, 10660
, 10660
, 10659
, 10659
, 10658
, 10658
, 10657
, 10657
, 10656
, 10656
, 10655
, 10655
, 10654
, 10654
, 10653
, 10653
, 10652
, 10652
, 10651
, 10651
, 10650
, 10650
, 10649
, 10649
, 10648
, 10648
, 10647
, 10647
, 10646
, 10646
, 10645
, 10645
, 10644
, 10644
, 10643
, 10643
, 10642
, 10642
, 10641
, 10641
, 10640
, 10640
, 10639
, 10639
, 10638
, 10638
, 10637
, 10637
, 10636
, 10636
, 10635
, 10635
, 10634
, 10634
, 10633
, 10633
, 10632
, 10632
, 10631
, 10631
, 10630
, 10630
, 10629
, 10629
, 10628
, 10628
, 10627
, 10627
, 10626
, 10626
, 10625
, 10625
, 10624
, 10624
, 10623
, 10623
, 10622
, 10622
, 10621
, 10621
, 10620
, 10620
, 10619
, 10619
, 10618
, 10618
, 10617
, 10617
, 10616
, 10616
, 10615
, 10615
, 10614
, 10614
, 10613
, 10613
, 10612
, 10612
, 10611
, 10611
, 10610
, 10610
, 10609
, 10609
, 10608
, 10608
, 10607
, 10607
, 10606
, 10606
, 10605
, 10605
, 10604
, 10604
, 10603
, 10603
, 10602
, 10602
, 10601
, 10601
, 10600
, 10600
, 10599
, 10599
, 10598
, 10598
, 10597
, 10597
, 10596
, 10596
, 10595
, 10595
, 10594
, 10594
, 10593
, 10593
, 10592
, 10592
, 10591
, 10591
, 10590
, 10590
, 10589
, 10589
, 10588
, 10588
, 10587
, 10587
, 10586
, 10586
, 10585
, 10585
, 10584
, 10584
, 10583
, 10583
, 10582
, 10582
, 10581
, 10581
, 10580
, 10580
, 10579
, 10579
, 10578
, 10578
, 10577
, 10577
, 10576
, 10576
, 10575
, 10575
, 10574
, 10574
, 10573
, 10573
, 10572
, 10572
, 10571
, 10571
, 10570
, 10570
, 10569
, 10569
, 10568
, 10568
, 10567
, 10567
, 10566
, 10566
, 10565
, 10565
, 10564
, 10564
, 10563
, 10563
, 10562
, 10562
, 10561
, 10561
, 10560
, 10560
, 10559
, 10559
, 10558
, 10558
, 10557
, 10557
, 10556
, 10556
, 10555
, 10555
, 10554
, 10554
, 10553
, 10553
, 10552
, 10552
, 10551
, 10551
, 10550
, 10550
, 10549
, 10549
, 10548
, 10548
, 10547
, 10547
, 10546
, 10546
, 10545
, 10545
, 10544
, 10544
, 10543
, 10543
, 10542
, 10542
, 10541
, 10541
, 10540
, 10540
, 10539
, 10539
, 10538
, 10538
, 10537
, 10537
, 10536
, 10536
, 10535
, 10535
, 10534
, 10534
, 10533
, 10533
, 10532
, 10532
, 10531
, 10531
, 10530
, 10530
, 10529
, 10529
, 10528
, 10528
, 10527
, 10527
, 10526
, 10526
, 10525
, 10525
, 10524
, 10524
, 10523
, 10523
, 10522
, 10522
, 10521
, 10521
, 10520
, 10520
, 10519
, 10519
, 10518
, 10518
, 10517
, 10517
, 10516
, 10516
, 10515
, 10515
, 10514
, 10514
, 10513
, 10513
, 10512
, 10512
, 10511
, 10511
, 10510
, 10510
, 10509
, 10509
, 10508
, 10508
, 10507
, 10507
, 10506
, 10506
, 10505
, 10505
, 10504
, 10504
, 10503
, 10503
, 10502
, 10502
, 10501
, 10501
, 10500
, 10500
, 10499
, 10499
, 10498
, 10498
, 10497
, 10497
, 10496
, 10496
, 10495
, 10495
, 10494
, 10494
, 10493
, 10493
, 10492
, 10492
, 10491
, 10491
, 10490
, 10490
, 10489
, 10489
, 10488
, 10488
, 10487
, 10487
, 10486
, 10486
, 10485
, 10485
, 10484
, 10484
, 10483
, 10483
, 10482
, 10482
, 10481
, 10481
, 10480
, 10480
, 10479
, 10479
, 10478
, 10478
, 10477
, 10477
, 10476
, 10476
, 10475
, 10475
, 10474
, 10474
, 10473
, 10473
, 10472
, 10472
, 10471
, 10471
, 10470
, 10470
, 10469
, 10469
, 10468
, 10468
, 10467
, 10467
, 10466
, 10466
, 10465
, 10465
, 10464
, 10464
, 10463
, 10463
, 10462
, 10462
, 10461
, 10461
, 10460
, 10460
, 10459
, 10459
, 10458
, 10458
, 10457
, 10457
, 10456
, 10456
, 10455
, 10455
, 10454
, 10454
, 10453
, 10453
, 10452
, 10452
, 10451
, 10451
, 10450
, 10450
, 10449
, 10449
, 10448
, 10448
, 10447
, 10447
, 10446
, 10446
, 10445
, 10445
, 10444
, 10444
, 10443
, 10443
, 10442
, 10442
, 10441
, 10441
, 10440
, 10440
, 10439
, 10439
, 10438
, 10438
, 10437
, 10437
, 10436
, 10436
, 10435
, 10435
, 10434
, 10434
, 10433
, 10433
, 10432
, 10432
, 10431
, 10431
, 10430
, 10430
, 10429
, 10429
, 10428
, 10428
, 10427
, 10427
, 10426
, 10426
, 10425
, 10425
, 10424
, 10424
, 10423
, 10423
, 10422
, 10422
, 10421
, 10421
, 10420
, 10420
, 10419
, 10419
, 10418
, 10418
, 10417
, 10417
, 10416
, 10416
, 10415
, 10415
, 10414
, 10414
, 10413
, 10413
, 10412
, 10412
, 10411
, 10411
, 10410
, 10410
, 10409
, 10409
, 10408
, 10408
, 10407
, 10407
, 10406
, 10406
, 10405
, 10405
, 10404
, 10404
, 10403
, 10403
, 10402
, 10402
, 10401
, 10401
, 10400
, 10400
, 10399
, 10399
, 10398
, 10398
, 10397
, 10397
, 10396
, 10396
, 10395
, 10395
, 10394
, 10394
, 10393
, 10393
, 10392
, 10392
, 10391
, 10391
, 10390
, 10390
, 10389
, 10389
, 10388
, 10388
, 10387
, 10387
, 10386
, 10386
, 10385
, 10385
, 10384
, 10384
, 10383
, 10383
, 10382
, 10382
, 10381
, 10381
, 10380
, 10380
, 10379
, 10379
, 10378
, 10378
, 10377
, 10377
, 10376
, 10376
, 10375
, 10375
, 10374
, 10374
, 10373
, 10373
, 10372
, 10372
, 10371
, 10371
, 10370
, 10370
, 10369
, 10369
, 10368
, 10368
, 10367
, 10367
, 10366
, 10366
, 10365
, 10365
, 10364
, 10364
, 10363
, 10363
, 10362
, 10362
, 10361
, 10361
, 10360
, 10360
, 10359
, 10359
, 10358
, 10358
, 10357
, 10357
, 10356
, 10356
, 10355
, 10355
, 10354
, 10354
, 10353
, 10353
, 10352
, 10352
, 10351
, 10351
, 10350
, 10350
, 10349
, 10349
, 10348
, 10348
, 10347
, 10347
, 10346
, 10346
, 10345
, 10345
, 10344
, 10344
, 10343
, 10343
, 10342
, 10342
, 10341
, 10341
, 10340
, 10340
, 10339
, 10339
, 10338
, 10338
, 10337
, 10337
, 10336
, 10336
, 10335
, 10335
, 10334
, 10334
, 10333
, 10333
, 10332
, 10332
, 10331
, 10331
, 10330
, 10330
, 10329
, 10329
, 10328
, 10328
, 10327
, 10327
, 10326
, 10326
, 10325
, 10325
, 10324
, 10324
, 10323
, 10323
, 10322
, 10322
, 10321
, 10321
, 10320
, 10320
, 10319
, 10319
, 10318
, 10318
, 10317
, 10317
, 10316
, 10316
, 10315
, 10315
, 10314
, 10314
, 10313
, 10313
, 10312
, 10312
, 10311
, 10311
, 10310
, 10310
, 10309
, 10309
, 10308
, 10308
, 10307
, 10307
, 10306
, 10306
, 10305
, 10305
, 10304
, 10304
, 10303
, 10303
, 10302
, 10302
, 10301
, 10301
, 10300
, 10300
, 10299
, 10299
, 10298
, 10298
, 10297
, 10297
, 10296
, 10296
, 10295
, 10295
, 10294
, 10294
, 10293
, 10293
, 10292
, 10292
, 10291
, 10291
, 10290
, 10290
, 10289
, 10289
, 10288
, 10288
, 10287
, 10287
, 10286
, 10286
, 10285
, 10285
, 10284
, 10284
, 10283
, 10283
, 10282
, 10282
, 10281
, 10281
, 10280
, 10280
, 10279
, 10279
, 10278
, 10278
, 10277
, 10277
, 10276
, 10276
, 10275
, 10275
, 10274
, 10274
, 10273
, 10273
, 10272
, 10272
, 10271
, 10271
, 10270
, 10270
, 10269
, 10269
, 10268
, 10268
, 10267
, 10267
, 10266
, 10266
, 10265
, 10265
, 10264
, 10264
, 10263
, 10263
, 10262
, 10262
, 10261
, 10261
, 10260
, 10260
, 10259
, 10259
, 10258
, 10258
, 10257
, 10257
, 10256
, 10256
, 10255
, 10255
, 10254
, 10254
, 10253
, 10253
, 10252
, 10252
, 10251
, 10251
, 10250
, 10250
, 10249
, 10249
, 10248
, 10248
, 10247
, 10247
, 10246
, 10246
, 10245
, 10245
, 10244
, 10244
, 10243
, 10243
, 10242
, 10242
, 10241
, 10241
, 10240
, 10240
, 10239
, 10239
, 10238
, 10238
, 10237
, 10237
, 10236
, 10236
, 10235
, 10235
, 10234
, 10234
, 10233
, 10233
, 10232
, 10232
, 10231
, 10231
, 10230
, 10230
, 10229
, 10229
, 10228
, 10228
, 10227
, 10227
, 10226
, 10226
, 10225
, 10225
, 10224
, 10224
, 10223
, 10223
, 10222
, 10222
, 10221
, 10221
, 10220
, 10220
, 10219
, 10219
, 10218
, 10218
, 10217
, 10217
, 10216
, 10216
, 10215
, 10215
, 10214
, 10214
, 10213
, 10213
, 10212
, 10212
, 10211
, 10211
, 10210
, 10210
, 10209
, 10209
, 10208
, 10208
, 10207
, 10207
, 10206
, 10206
, 10205
, 10205
, 10204
, 10204
, 10203
, 10203
, 10202
, 10202
, 10201
, 10201
, 10200
, 10200
, 10199
, 10199
, 10198
, 10198
, 10197
, 10197
, 10196
, 10196
, 10195
, 10195
, 10194
, 10194
, 10193
, 10193
, 10192
, 10192
, 10191
, 10191
, 10190
, 10190
, 10189
, 10189
, 10188
, 10188
, 10187
, 10187
, 10186
, 10186
, 10185
, 10185
, 10184
, 10184
, 10183
, 10183
, 10182
, 10182
, 10181
, 10181
, 10180
, 10180
, 10179
, 10179
, 10178
, 10178
, 10177
, 10177
, 10176
, 10176
, 10175
, 10175
, 10174
, 10174
, 10173
, 10173
, 10172
, 10172
, 10171
, 10171
, 10170
, 10170
, 10169
, 10169
, 10168
, 10168
, 10167
, 10167
, 10166
, 10166
, 10165
, 10165
, 10164
, 10164
, 10163
, 10163
, 10162
, 10162
, 10161
, 10161
, 10160
, 10160
, 10159
, 10159
, 10158
, 10158
, 10157
, 10157
, 10156
, 10156
, 10155
, 10155
, 10154
, 10154
, 10153
, 10153
, 10152
, 10152
, 10151
, 10151
, 10150
, 10150
, 10149
, 10149
, 10148
, 10148
, 10147
, 10147
, 10146
, 10146
, 10145
, 10145
, 10144
, 10144
, 10143
, 10143
, 10142
, 10142
, 10141
, 10141
, 10140
, 10140
, 10139
, 10139
, 10138
, 10138
, 10137
, 10137
, 10136
, 10136
, 10135
, 10135
, 10134
, 10134
, 10133
, 10133
, 10132
, 10132
, 10131
, 10131
, 10130
, 10130
, 10129
, 10129
, 10128
, 10128
, 10127
, 10127
, 10126
, 10126
, 10125
, 10125
, 10124
, 10124
, 10123
, 10123
, 10122
, 10122
, 10121
, 10121
, 10120
, 10120
, 10119
, 10119
, 10118
, 10118
, 10117
, 10117
, 10116
, 10116
, 10115
, 10115
, 10114
, 10114
, 10113
, 10113
, 10112
, 10112
, 10111
, 10111
, 10110
, 10110
, 10109
, 10109
, 10108
, 10108
, 10107
, 10107
, 10106
, 10106
, 10105
, 10105
, 10104
, 10104
, 10103
, 10103
, 10102
, 10102
, 10101
, 10101
, 10100
, 10100
, 10100
