
13600
, 27199
, 27199
, 27198
, 27198
, 27197
, 27197
, 27196
, 27196
, 27195
, 27195
, 27194
, 27194
, 27193
, 27193
, 27192
, 27192
, 27191
, 27191
, 27190
, 27190
, 27189
, 27189
, 27188
, 27188
, 27187
, 27187
, 27186
, 27186
, 27185
, 27185
, 27184
, 27184
, 27183
, 27183
, 27182
, 27182
, 27181
, 27181
, 27180
, 27180
, 27179
, 27179
, 27178
, 27178
, 27177
, 27177
, 27176
, 27176
, 27175
, 27175
, 27174
, 27174
, 27173
, 27173
, 27172
, 27172
, 27171
, 27171
, 27170
, 27170
, 27169
, 27169
, 27168
, 27168
, 27167
, 27167
, 27166
, 27166
, 27165
, 27165
, 27164
, 27164
, 27163
, 27163
, 27162
, 27162
, 27161
, 27161
, 27160
, 27160
, 27159
, 27159
, 27158
, 27158
, 27157
, 27157
, 27156
, 27156
, 27155
, 27155
, 27154
, 27154
, 27153
, 27153
, 27152
, 27152
, 27151
, 27151
, 27150
, 27150
, 27149
, 27149
, 27148
, 27148
, 27147
, 27147
, 27146
, 27146
, 27145
, 27145
, 27144
, 27144
, 27143
, 27143
, 27142
, 27142
, 27141
, 27141
, 27140
, 27140
, 27139
, 27139
, 27138
, 27138
, 27137
, 27137
, 27136
, 27136
, 27135
, 27135
, 27134
, 27134
, 27133
, 27133
, 27132
, 27132
, 27131
, 27131
, 27130
, 27130
, 27129
, 27129
, 27128
, 27128
, 27127
, 27127
, 27126
, 27126
, 27125
, 27125
, 27124
, 27124
, 27123
, 27123
, 27122
, 27122
, 27121
, 27121
, 27120
, 27120
, 27119
, 27119
, 27118
, 27118
, 27117
, 27117
, 27116
, 27116
, 27115
, 27115
, 27114
, 27114
, 27113
, 27113
, 27112
, 27112
, 27111
, 27111
, 27110
, 27110
, 27109
, 27109
, 27108
, 27108
, 27107
, 27107
, 27106
, 27106
, 27105
, 27105
, 27104
, 27104
, 27103
, 27103
, 27102
, 27102
, 27101
, 27101
, 27100
, 27100
, 27099
, 27099
, 27098
, 27098
, 27097
, 27097
, 27096
, 27096
, 27095
, 27095
, 27094
, 27094
, 27093
, 27093
, 27092
, 27092
, 27091
, 27091
, 27090
, 27090
, 27089
, 27089
, 27088
, 27088
, 27087
, 27087
, 27086
, 27086
, 27085
, 27085
, 27084
, 27084
, 27083
, 27083
, 27082
, 27082
, 27081
, 27081
, 27080
, 27080
, 27079
, 27079
, 27078
, 27078
, 27077
, 27077
, 27076
, 27076
, 27075
, 27075
, 27074
, 27074
, 27073
, 27073
, 27072
, 27072
, 27071
, 27071
, 27070
, 27070
, 27069
, 27069
, 27068
, 27068
, 27067
, 27067
, 27066
, 27066
, 27065
, 27065
, 27064
, 27064
, 27063
, 27063
, 27062
, 27062
, 27061
, 27061
, 27060
, 27060
, 27059
, 27059
, 27058
, 27058
, 27057
, 27057
, 27056
, 27056
, 27055
, 27055
, 27054
, 27054
, 27053
, 27053
, 27052
, 27052
, 27051
, 27051
, 27050
, 27050
, 27049
, 27049
, 27048
, 27048
, 27047
, 27047
, 27046
, 27046
, 27045
, 27045
, 27044
, 27044
, 27043
, 27043
, 27042
, 27042
, 27041
, 27041
, 27040
, 27040
, 27039
, 27039
, 27038
, 27038
, 27037
, 27037
, 27036
, 27036
, 27035
, 27035
, 27034
, 27034
, 27033
, 27033
, 27032
, 27032
, 27031
, 27031
, 27030
, 27030
, 27029
, 27029
, 27028
, 27028
, 27027
, 27027
, 27026
, 27026
, 27025
, 27025
, 27024
, 27024
, 27023
, 27023
, 27022
, 27022
, 27021
, 27021
, 27020
, 27020
, 27019
, 27019
, 27018
, 27018
, 27017
, 27017
, 27016
, 27016
, 27015
, 27015
, 27014
, 27014
, 27013
, 27013
, 27012
, 27012
, 27011
, 27011
, 27010
, 27010
, 27009
, 27009
, 27008
, 27008
, 27007
, 27007
, 27006
, 27006
, 27005
, 27005
, 27004
, 27004
, 27003
, 27003
, 27002
, 27002
, 27001
, 27001
, 27000
, 27000
, 26999
, 26999
, 26998
, 26998
, 26997
, 26997
, 26996
, 26996
, 26995
, 26995
, 26994
, 26994
, 26993
, 26993
, 26992
, 26992
, 26991
, 26991
, 26990
, 26990
, 26989
, 26989
, 26988
, 26988
, 26987
, 26987
, 26986
, 26986
, 26985
, 26985
, 26984
, 26984
, 26983
, 26983
, 26982
, 26982
, 26981
, 26981
, 26980
, 26980
, 26979
, 26979
, 26978
, 26978
, 26977
, 26977
, 26976
, 26976
, 26975
, 26975
, 26974
, 26974
, 26973
, 26973
, 26972
, 26972
, 26971
, 26971
, 26970
, 26970
, 26969
, 26969
, 26968
, 26968
, 26967
, 26967
, 26966
, 26966
, 26965
, 26965
, 26964
, 26964
, 26963
, 26963
, 26962
, 26962
, 26961
, 26961
, 26960
, 26960
, 26959
, 26959
, 26958
, 26958
, 26957
, 26957
, 26956
, 26956
, 26955
, 26955
, 26954
, 26954
, 26953
, 26953
, 26952
, 26952
, 26951
, 26951
, 26950
, 26950
, 26949
, 26949
, 26948
, 26948
, 26947
, 26947
, 26946
, 26946
, 26945
, 26945
, 26944
, 26944
, 26943
, 26943
, 26942
, 26942
, 26941
, 26941
, 26940
, 26940
, 26939
, 26939
, 26938
, 26938
, 26937
, 26937
, 26936
, 26936
, 26935
, 26935
, 26934
, 26934
, 26933
, 26933
, 26932
, 26932
, 26931
, 26931
, 26930
, 26930
, 26929
, 26929
, 26928
, 26928
, 26927
, 26927
, 26926
, 26926
, 26925
, 26925
, 26924
, 26924
, 26923
, 26923
, 26922
, 26922
, 26921
, 26921
, 26920
, 26920
, 26919
, 26919
, 26918
, 26918
, 26917
, 26917
, 26916
, 26916
, 26915
, 26915
, 26914
, 26914
, 26913
, 26913
, 26912
, 26912
, 26911
, 26911
, 26910
, 26910
, 26909
, 26909
, 26908
, 26908
, 26907
, 26907
, 26906
, 26906
, 26905
, 26905
, 26904
, 26904
, 26903
, 26903
, 26902
, 26902
, 26901
, 26901
, 26900
, 26900
, 26899
, 26899
, 26898
, 26898
, 26897
, 26897
, 26896
, 26896
, 26895
, 26895
, 26894
, 26894
, 26893
, 26893
, 26892
, 26892
, 26891
, 26891
, 26890
, 26890
, 26889
, 26889
, 26888
, 26888
, 26887
, 26887
, 26886
, 26886
, 26885
, 26885
, 26884
, 26884
, 26883
, 26883
, 26882
, 26882
, 26881
, 26881
, 26880
, 26880
, 26879
, 26879
, 26878
, 26878
, 26877
, 26877
, 26876
, 26876
, 26875
, 26875
, 26874
, 26874
, 26873
, 26873
, 26872
, 26872
, 26871
, 26871
, 26870
, 26870
, 26869
, 26869
, 26868
, 26868
, 26867
, 26867
, 26866
, 26866
, 26865
, 26865
, 26864
, 26864
, 26863
, 26863
, 26862
, 26862
, 26861
, 26861
, 26860
, 26860
, 26859
, 26859
, 26858
, 26858
, 26857
, 26857
, 26856
, 26856
, 26855
, 26855
, 26854
, 26854
, 26853
, 26853
, 26852
, 26852
, 26851
, 26851
, 26850
, 26850
, 26849
, 26849
, 26848
, 26848
, 26847
, 26847
, 26846
, 26846
, 26845
, 26845
, 26844
, 26844
, 26843
, 26843
, 26842
, 26842
, 26841
, 26841
, 26840
, 26840
, 26839
, 26839
, 26838
, 26838
, 26837
, 26837
, 26836
, 26836
, 26835
, 26835
, 26834
, 26834
, 26833
, 26833
, 26832
, 26832
, 26831
, 26831
, 26830
, 26830
, 26829
, 26829
, 26828
, 26828
, 26827
, 26827
, 26826
, 26826
, 26825
, 26825
, 26824
, 26824
, 26823
, 26823
, 26822
, 26822
, 26821
, 26821
, 26820
, 26820
, 26819
, 26819
, 26818
, 26818
, 26817
, 26817
, 26816
, 26816
, 26815
, 26815
, 26814
, 26814
, 26813
, 26813
, 26812
, 26812
, 26811
, 26811
, 26810
, 26810
, 26809
, 26809
, 26808
, 26808
, 26807
, 26807
, 26806
, 26806
, 26805
, 26805
, 26804
, 26804
, 26803
, 26803
, 26802
, 26802
, 26801
, 26801
, 26800
, 26800
, 26799
, 26799
, 26798
, 26798
, 26797
, 26797
, 26796
, 26796
, 26795
, 26795
, 26794
, 26794
, 26793
, 26793
, 26792
, 26792
, 26791
, 26791
, 26790
, 26790
, 26789
, 26789
, 26788
, 26788
, 26787
, 26787
, 26786
, 26786
, 26785
, 26785
, 26784
, 26784
, 26783
, 26783
, 26782
, 26782
, 26781
, 26781
, 26780
, 26780
, 26779
, 26779
, 26778
, 26778
, 26777
, 26777
, 26776
, 26776
, 26775
, 26775
, 26774
, 26774
, 26773
, 26773
, 26772
, 26772
, 26771
, 26771
, 26770
, 26770
, 26769
, 26769
, 26768
, 26768
, 26767
, 26767
, 26766
, 26766
, 26765
, 26765
, 26764
, 26764
, 26763
, 26763
, 26762
, 26762
, 26761
, 26761
, 26760
, 26760
, 26759
, 26759
, 26758
, 26758
, 26757
, 26757
, 26756
, 26756
, 26755
, 26755
, 26754
, 26754
, 26753
, 26753
, 26752
, 26752
, 26751
, 26751
, 26750
, 26750
, 26749
, 26749
, 26748
, 26748
, 26747
, 26747
, 26746
, 26746
, 26745
, 26745
, 26744
, 26744
, 26743
, 26743
, 26742
, 26742
, 26741
, 26741
, 26740
, 26740
, 26739
, 26739
, 26738
, 26738
, 26737
, 26737
, 26736
, 26736
, 26735
, 26735
, 26734
, 26734
, 26733
, 26733
, 26732
, 26732
, 26731
, 26731
, 26730
, 26730
, 26729
, 26729
, 26728
, 26728
, 26727
, 26727
, 26726
, 26726
, 26725
, 26725
, 26724
, 26724
, 26723
, 26723
, 26722
, 26722
, 26721
, 26721
, 26720
, 26720
, 26719
, 26719
, 26718
, 26718
, 26717
, 26717
, 26716
, 26716
, 26715
, 26715
, 26714
, 26714
, 26713
, 26713
, 26712
, 26712
, 26711
, 26711
, 26710
, 26710
, 26709
, 26709
, 26708
, 26708
, 26707
, 26707
, 26706
, 26706
, 26705
, 26705
, 26704
, 26704
, 26703
, 26703
, 26702
, 26702
, 26701
, 26701
, 26700
, 26700
, 26699
, 26699
, 26698
, 26698
, 26697
, 26697
, 26696
, 26696
, 26695
, 26695
, 26694
, 26694
, 26693
, 26693
, 26692
, 26692
, 26691
, 26691
, 26690
, 26690
, 26689
, 26689
, 26688
, 26688
, 26687
, 26687
, 26686
, 26686
, 26685
, 26685
, 26684
, 26684
, 26683
, 26683
, 26682
, 26682
, 26681
, 26681
, 26680
, 26680
, 26679
, 26679
, 26678
, 26678
, 26677
, 26677
, 26676
, 26676
, 26675
, 26675
, 26674
, 26674
, 26673
, 26673
, 26672
, 26672
, 26671
, 26671
, 26670
, 26670
, 26669
, 26669
, 26668
, 26668
, 26667
, 26667
, 26666
, 26666
, 26665
, 26665
, 26664
, 26664
, 26663
, 26663
, 26662
, 26662
, 26661
, 26661
, 26660
, 26660
, 26659
, 26659
, 26658
, 26658
, 26657
, 26657
, 26656
, 26656
, 26655
, 26655
, 26654
, 26654
, 26653
, 26653
, 26652
, 26652
, 26651
, 26651
, 26650
, 26650
, 26649
, 26649
, 26648
, 26648
, 26647
, 26647
, 26646
, 26646
, 26645
, 26645
, 26644
, 26644
, 26643
, 26643
, 26642
, 26642
, 26641
, 26641
, 26640
, 26640
, 26639
, 26639
, 26638
, 26638
, 26637
, 26637
, 26636
, 26636
, 26635
, 26635
, 26634
, 26634
, 26633
, 26633
, 26632
, 26632
, 26631
, 26631
, 26630
, 26630
, 26629
, 26629
, 26628
, 26628
, 26627
, 26627
, 26626
, 26626
, 26625
, 26625
, 26624
, 26624
, 26623
, 26623
, 26622
, 26622
, 26621
, 26621
, 26620
, 26620
, 26619
, 26619
, 26618
, 26618
, 26617
, 26617
, 26616
, 26616
, 26615
, 26615
, 26614
, 26614
, 26613
, 26613
, 26612
, 26612
, 26611
, 26611
, 26610
, 26610
, 26609
, 26609
, 26608
, 26608
, 26607
, 26607
, 26606
, 26606
, 26605
, 26605
, 26604
, 26604
, 26603
, 26603
, 26602
, 26602
, 26601
, 26601
, 26600
, 26600
, 26599
, 26599
, 26598
, 26598
, 26597
, 26597
, 26596
, 26596
, 26595
, 26595
, 26594
, 26594
, 26593
, 26593
, 26592
, 26592
, 26591
, 26591
, 26590
, 26590
, 26589
, 26589
, 26588
, 26588
, 26587
, 26587
, 26586
, 26586
, 26585
, 26585
, 26584
, 26584
, 26583
, 26583
, 26582
, 26582
, 26581
, 26581
, 26580
, 26580
, 26579
, 26579
, 26578
, 26578
, 26577
, 26577
, 26576
, 26576
, 26575
, 26575
, 26574
, 26574
, 26573
, 26573
, 26572
, 26572
, 26571
, 26571
, 26570
, 26570
, 26569
, 26569
, 26568
, 26568
, 26567
, 26567
, 26566
, 26566
, 26565
, 26565
, 26564
, 26564
, 26563
, 26563
, 26562
, 26562
, 26561
, 26561
, 26560
, 26560
, 26559
, 26559
, 26558
, 26558
, 26557
, 26557
, 26556
, 26556
, 26555
, 26555
, 26554
, 26554
, 26553
, 26553
, 26552
, 26552
, 26551
, 26551
, 26550
, 26550
, 26549
, 26549
, 26548
, 26548
, 26547
, 26547
, 26546
, 26546
, 26545
, 26545
, 26544
, 26544
, 26543
, 26543
, 26542
, 26542
, 26541
, 26541
, 26540
, 26540
, 26539
, 26539
, 26538
, 26538
, 26537
, 26537
, 26536
, 26536
, 26535
, 26535
, 26534
, 26534
, 26533
, 26533
, 26532
, 26532
, 26531
, 26531
, 26530
, 26530
, 26529
, 26529
, 26528
, 26528
, 26527
, 26527
, 26526
, 26526
, 26525
, 26525
, 26524
, 26524
, 26523
, 26523
, 26522
, 26522
, 26521
, 26521
, 26520
, 26520
, 26519
, 26519
, 26518
, 26518
, 26517
, 26517
, 26516
, 26516
, 26515
, 26515
, 26514
, 26514
, 26513
, 26513
, 26512
, 26512
, 26511
, 26511
, 26510
, 26510
, 26509
, 26509
, 26508
, 26508
, 26507
, 26507
, 26506
, 26506
, 26505
, 26505
, 26504
, 26504
, 26503
, 26503
, 26502
, 26502
, 26501
, 26501
, 26500
, 26500
, 26499
, 26499
, 26498
, 26498
, 26497
, 26497
, 26496
, 26496
, 26495
, 26495
, 26494
, 26494
, 26493
, 26493
, 26492
, 26492
, 26491
, 26491
, 26490
, 26490
, 26489
, 26489
, 26488
, 26488
, 26487
, 26487
, 26486
, 26486
, 26485
, 26485
, 26484
, 26484
, 26483
, 26483
, 26482
, 26482
, 26481
, 26481
, 26480
, 26480
, 26479
, 26479
, 26478
, 26478
, 26477
, 26477
, 26476
, 26476
, 26475
, 26475
, 26474
, 26474
, 26473
, 26473
, 26472
, 26472
, 26471
, 26471
, 26470
, 26470
, 26469
, 26469
, 26468
, 26468
, 26467
, 26467
, 26466
, 26466
, 26465
, 26465
, 26464
, 26464
, 26463
, 26463
, 26462
, 26462
, 26461
, 26461
, 26460
, 26460
, 26459
, 26459
, 26458
, 26458
, 26457
, 26457
, 26456
, 26456
, 26455
, 26455
, 26454
, 26454
, 26453
, 26453
, 26452
, 26452
, 26451
, 26451
, 26450
, 26450
, 26449
, 26449
, 26448
, 26448
, 26447
, 26447
, 26446
, 26446
, 26445
, 26445
, 26444
, 26444
, 26443
, 26443
, 26442
, 26442
, 26441
, 26441
, 26440
, 26440
, 26439
, 26439
, 26438
, 26438
, 26437
, 26437
, 26436
, 26436
, 26435
, 26435
, 26434
, 26434
, 26433
, 26433
, 26432
, 26432
, 26431
, 26431
, 26430
, 26430
, 26429
, 26429
, 26428
, 26428
, 26427
, 26427
, 26426
, 26426
, 26425
, 26425
, 26424
, 26424
, 26423
, 26423
, 26422
, 26422
, 26421
, 26421
, 26420
, 26420
, 26419
, 26419
, 26418
, 26418
, 26417
, 26417
, 26416
, 26416
, 26415
, 26415
, 26414
, 26414
, 26413
, 26413
, 26412
, 26412
, 26411
, 26411
, 26410
, 26410
, 26409
, 26409
, 26408
, 26408
, 26407
, 26407
, 26406
, 26406
, 26405
, 26405
, 26404
, 26404
, 26403
, 26403
, 26402
, 26402
, 26401
, 26401
, 26400
, 26400
, 26399
, 26399
, 26398
, 26398
, 26397
, 26397
, 26396
, 26396
, 26395
, 26395
, 26394
, 26394
, 26393
, 26393
, 26392
, 26392
, 26391
, 26391
, 26390
, 26390
, 26389
, 26389
, 26388
, 26388
, 26387
, 26387
, 26386
, 26386
, 26385
, 26385
, 26384
, 26384
, 26383
, 26383
, 26382
, 26382
, 26381
, 26381
, 26380
, 26380
, 26379
, 26379
, 26378
, 26378
, 26377
, 26377
, 26376
, 26376
, 26375
, 26375
, 26374
, 26374
, 26373
, 26373
, 26372
, 26372
, 26371
, 26371
, 26370
, 26370
, 26369
, 26369
, 26368
, 26368
, 26367
, 26367
, 26366
, 26366
, 26365
, 26365
, 26364
, 26364
, 26363
, 26363
, 26362
, 26362
, 26361
, 26361
, 26360
, 26360
, 26359
, 26359
, 26358
, 26358
, 26357
, 26357
, 26356
, 26356
, 26355
, 26355
, 26354
, 26354
, 26353
, 26353
, 26352
, 26352
, 26351
, 26351
, 26350
, 26350
, 26349
, 26349
, 26348
, 26348
, 26347
, 26347
, 26346
, 26346
, 26345
, 26345
, 26344
, 26344
, 26343
, 26343
, 26342
, 26342
, 26341
, 26341
, 26340
, 26340
, 26339
, 26339
, 26338
, 26338
, 26337
, 26337
, 26336
, 26336
, 26335
, 26335
, 26334
, 26334
, 26333
, 26333
, 26332
, 26332
, 26331
, 26331
, 26330
, 26330
, 26329
, 26329
, 26328
, 26328
, 26327
, 26327
, 26326
, 26326
, 26325
, 26325
, 26324
, 26324
, 26323
, 26323
, 26322
, 26322
, 26321
, 26321
, 26320
, 26320
, 26319
, 26319
, 26318
, 26318
, 26317
, 26317
, 26316
, 26316
, 26315
, 26315
, 26314
, 26314
, 26313
, 26313
, 26312
, 26312
, 26311
, 26311
, 26310
, 26310
, 26309
, 26309
, 26308
, 26308
, 26307
, 26307
, 26306
, 26306
, 26305
, 26305
, 26304
, 26304
, 26303
, 26303
, 26302
, 26302
, 26301
, 26301
, 26300
, 26300
, 26299
, 26299
, 26298
, 26298
, 26297
, 26297
, 26296
, 26296
, 26295
, 26295
, 26294
, 26294
, 26293
, 26293
, 26292
, 26292
, 26291
, 26291
, 26290
, 26290
, 26289
, 26289
, 26288
, 26288
, 26287
, 26287
, 26286
, 26286
, 26285
, 26285
, 26284
, 26284
, 26283
, 26283
, 26282
, 26282
, 26281
, 26281
, 26280
, 26280
, 26279
, 26279
, 26278
, 26278
, 26277
, 26277
, 26276
, 26276
, 26275
, 26275
, 26274
, 26274
, 26273
, 26273
, 26272
, 26272
, 26271
, 26271
, 26270
, 26270
, 26269
, 26269
, 26268
, 26268
, 26267
, 26267
, 26266
, 26266
, 26265
, 26265
, 26264
, 26264
, 26263
, 26263
, 26262
, 26262
, 26261
, 26261
, 26260
, 26260
, 26259
, 26259
, 26258
, 26258
, 26257
, 26257
, 26256
, 26256
, 26255
, 26255
, 26254
, 26254
, 26253
, 26253
, 26252
, 26252
, 26251
, 26251
, 26250
, 26250
, 26249
, 26249
, 26248
, 26248
, 26247
, 26247
, 26246
, 26246
, 26245
, 26245
, 26244
, 26244
, 26243
, 26243
, 26242
, 26242
, 26241
, 26241
, 26240
, 26240
, 26239
, 26239
, 26238
, 26238
, 26237
, 26237
, 26236
, 26236
, 26235
, 26235
, 26234
, 26234
, 26233
, 26233
, 26232
, 26232
, 26231
, 26231
, 26230
, 26230
, 26229
, 26229
, 26228
, 26228
, 26227
, 26227
, 26226
, 26226
, 26225
, 26225
, 26224
, 26224
, 26223
, 26223
, 26222
, 26222
, 26221
, 26221
, 26220
, 26220
, 26219
, 26219
, 26218
, 26218
, 26217
, 26217
, 26216
, 26216
, 26215
, 26215
, 26214
, 26214
, 26213
, 26213
, 26212
, 26212
, 26211
, 26211
, 26210
, 26210
, 26209
, 26209
, 26208
, 26208
, 26207
, 26207
, 26206
, 26206
, 26205
, 26205
, 26204
, 26204
, 26203
, 26203
, 26202
, 26202
, 26201
, 26201
, 26200
, 26200
, 26199
, 26199
, 26198
, 26198
, 26197
, 26197
, 26196
, 26196
, 26195
, 26195
, 26194
, 26194
, 26193
, 26193
, 26192
, 26192
, 26191
, 26191
, 26190
, 26190
, 26189
, 26189
, 26188
, 26188
, 26187
, 26187
, 26186
, 26186
, 26185
, 26185
, 26184
, 26184
, 26183
, 26183
, 26182
, 26182
, 26181
, 26181
, 26180
, 26180
, 26179
, 26179
, 26178
, 26178
, 26177
, 26177
, 26176
, 26176
, 26175
, 26175
, 26174
, 26174
, 26173
, 26173
, 26172
, 26172
, 26171
, 26171
, 26170
, 26170
, 26169
, 26169
, 26168
, 26168
, 26167
, 26167
, 26166
, 26166
, 26165
, 26165
, 26164
, 26164
, 26163
, 26163
, 26162
, 26162
, 26161
, 26161
, 26160
, 26160
, 26159
, 26159
, 26158
, 26158
, 26157
, 26157
, 26156
, 26156
, 26155
, 26155
, 26154
, 26154
, 26153
, 26153
, 26152
, 26152
, 26151
, 26151
, 26150
, 26150
, 26149
, 26149
, 26148
, 26148
, 26147
, 26147
, 26146
, 26146
, 26145
, 26145
, 26144
, 26144
, 26143
, 26143
, 26142
, 26142
, 26141
, 26141
, 26140
, 26140
, 26139
, 26139
, 26138
, 26138
, 26137
, 26137
, 26136
, 26136
, 26135
, 26135
, 26134
, 26134
, 26133
, 26133
, 26132
, 26132
, 26131
, 26131
, 26130
, 26130
, 26129
, 26129
, 26128
, 26128
, 26127
, 26127
, 26126
, 26126
, 26125
, 26125
, 26124
, 26124
, 26123
, 26123
, 26122
, 26122
, 26121
, 26121
, 26120
, 26120
, 26119
, 26119
, 26118
, 26118
, 26117
, 26117
, 26116
, 26116
, 26115
, 26115
, 26114
, 26114
, 26113
, 26113
, 26112
, 26112
, 26111
, 26111
, 26110
, 26110
, 26109
, 26109
, 26108
, 26108
, 26107
, 26107
, 26106
, 26106
, 26105
, 26105
, 26104
, 26104
, 26103
, 26103
, 26102
, 26102
, 26101
, 26101
, 26100
, 26100
, 26099
, 26099
, 26098
, 26098
, 26097
, 26097
, 26096
, 26096
, 26095
, 26095
, 26094
, 26094
, 26093
, 26093
, 26092
, 26092
, 26091
, 26091
, 26090
, 26090
, 26089
, 26089
, 26088
, 26088
, 26087
, 26087
, 26086
, 26086
, 26085
, 26085
, 26084
, 26084
, 26083
, 26083
, 26082
, 26082
, 26081
, 26081
, 26080
, 26080
, 26079
, 26079
, 26078
, 26078
, 26077
, 26077
, 26076
, 26076
, 26075
, 26075
, 26074
, 26074
, 26073
, 26073
, 26072
, 26072
, 26071
, 26071
, 26070
, 26070
, 26069
, 26069
, 26068
, 26068
, 26067
, 26067
, 26066
, 26066
, 26065
, 26065
, 26064
, 26064
, 26063
, 26063
, 26062
, 26062
, 26061
, 26061
, 26060
, 26060
, 26059
, 26059
, 26058
, 26058
, 26057
, 26057
, 26056
, 26056
, 26055
, 26055
, 26054
, 26054
, 26053
, 26053
, 26052
, 26052
, 26051
, 26051
, 26050
, 26050
, 26049
, 26049
, 26048
, 26048
, 26047
, 26047
, 26046
, 26046
, 26045
, 26045
, 26044
, 26044
, 26043
, 26043
, 26042
, 26042
, 26041
, 26041
, 26040
, 26040
, 26039
, 26039
, 26038
, 26038
, 26037
, 26037
, 26036
, 26036
, 26035
, 26035
, 26034
, 26034
, 26033
, 26033
, 26032
, 26032
, 26031
, 26031
, 26030
, 26030
, 26029
, 26029
, 26028
, 26028
, 26027
, 26027
, 26026
, 26026
, 26025
, 26025
, 26024
, 26024
, 26023
, 26023
, 26022
, 26022
, 26021
, 26021
, 26020
, 26020
, 26019
, 26019
, 26018
, 26018
, 26017
, 26017
, 26016
, 26016
, 26015
, 26015
, 26014
, 26014
, 26013
, 26013
, 26012
, 26012
, 26011
, 26011
, 26010
, 26010
, 26009
, 26009
, 26008
, 26008
, 26007
, 26007
, 26006
, 26006
, 26005
, 26005
, 26004
, 26004
, 26003
, 26003
, 26002
, 26002
, 26001
, 26001
, 26000
, 26000
, 25999
, 25999
, 25998
, 25998
, 25997
, 25997
, 25996
, 25996
, 25995
, 25995
, 25994
, 25994
, 25993
, 25993
, 25992
, 25992
, 25991
, 25991
, 25990
, 25990
, 25989
, 25989
, 25988
, 25988
, 25987
, 25987
, 25986
, 25986
, 25985
, 25985
, 25984
, 25984
, 25983
, 25983
, 25982
, 25982
, 25981
, 25981
, 25980
, 25980
, 25979
, 25979
, 25978
, 25978
, 25977
, 25977
, 25976
, 25976
, 25975
, 25975
, 25974
, 25974
, 25973
, 25973
, 25972
, 25972
, 25971
, 25971
, 25970
, 25970
, 25969
, 25969
, 25968
, 25968
, 25967
, 25967
, 25966
, 25966
, 25965
, 25965
, 25964
, 25964
, 25963
, 25963
, 25962
, 25962
, 25961
, 25961
, 25960
, 25960
, 25959
, 25959
, 25958
, 25958
, 25957
, 25957
, 25956
, 25956
, 25955
, 25955
, 25954
, 25954
, 25953
, 25953
, 25952
, 25952
, 25951
, 25951
, 25950
, 25950
, 25949
, 25949
, 25948
, 25948
, 25947
, 25947
, 25946
, 25946
, 25945
, 25945
, 25944
, 25944
, 25943
, 25943
, 25942
, 25942
, 25941
, 25941
, 25940
, 25940
, 25939
, 25939
, 25938
, 25938
, 25937
, 25937
, 25936
, 25936
, 25935
, 25935
, 25934
, 25934
, 25933
, 25933
, 25932
, 25932
, 25931
, 25931
, 25930
, 25930
, 25929
, 25929
, 25928
, 25928
, 25927
, 25927
, 25926
, 25926
, 25925
, 25925
, 25924
, 25924
, 25923
, 25923
, 25922
, 25922
, 25921
, 25921
, 25920
, 25920
, 25919
, 25919
, 25918
, 25918
, 25917
, 25917
, 25916
, 25916
, 25915
, 25915
, 25914
, 25914
, 25913
, 25913
, 25912
, 25912
, 25911
, 25911
, 25910
, 25910
, 25909
, 25909
, 25908
, 25908
, 25907
, 25907
, 25906
, 25906
, 25905
, 25905
, 25904
, 25904
, 25903
, 25903
, 25902
, 25902
, 25901
, 25901
, 25900
, 25900
, 25899
, 25899
, 25898
, 25898
, 25897
, 25897
, 25896
, 25896
, 25895
, 25895
, 25894
, 25894
, 25893
, 25893
, 25892
, 25892
, 25891
, 25891
, 25890
, 25890
, 25889
, 25889
, 25888
, 25888
, 25887
, 25887
, 25886
, 25886
, 25885
, 25885
, 25884
, 25884
, 25883
, 25883
, 25882
, 25882
, 25881
, 25881
, 25880
, 25880
, 25879
, 25879
, 25878
, 25878
, 25877
, 25877
, 25876
, 25876
, 25875
, 25875
, 25874
, 25874
, 25873
, 25873
, 25872
, 25872
, 25871
, 25871
, 25870
, 25870
, 25869
, 25869
, 25868
, 25868
, 25867
, 25867
, 25866
, 25866
, 25865
, 25865
, 25864
, 25864
, 25863
, 25863
, 25862
, 25862
, 25861
, 25861
, 25860
, 25860
, 25859
, 25859
, 25858
, 25858
, 25857
, 25857
, 25856
, 25856
, 25855
, 25855
, 25854
, 25854
, 25853
, 25853
, 25852
, 25852
, 25851
, 25851
, 25850
, 25850
, 25849
, 25849
, 25848
, 25848
, 25847
, 25847
, 25846
, 25846
, 25845
, 25845
, 25844
, 25844
, 25843
, 25843
, 25842
, 25842
, 25841
, 25841
, 25840
, 25840
, 25839
, 25839
, 25838
, 25838
, 25837
, 25837
, 25836
, 25836
, 25835
, 25835
, 25834
, 25834
, 25833
, 25833
, 25832
, 25832
, 25831
, 25831
, 25830
, 25830
, 25829
, 25829
, 25828
, 25828
, 25827
, 25827
, 25826
, 25826
, 25825
, 25825
, 25824
, 25824
, 25823
, 25823
, 25822
, 25822
, 25821
, 25821
, 25820
, 25820
, 25819
, 25819
, 25818
, 25818
, 25817
, 25817
, 25816
, 25816
, 25815
, 25815
, 25814
, 25814
, 25813
, 25813
, 25812
, 25812
, 25811
, 25811
, 25810
, 25810
, 25809
, 25809
, 25808
, 25808
, 25807
, 25807
, 25806
, 25806
, 25805
, 25805
, 25804
, 25804
, 25803
, 25803
, 25802
, 25802
, 25801
, 25801
, 25800
, 25800
, 25799
, 25799
, 25798
, 25798
, 25797
, 25797
, 25796
, 25796
, 25795
, 25795
, 25794
, 25794
, 25793
, 25793
, 25792
, 25792
, 25791
, 25791
, 25790
, 25790
, 25789
, 25789
, 25788
, 25788
, 25787
, 25787
, 25786
, 25786
, 25785
, 25785
, 25784
, 25784
, 25783
, 25783
, 25782
, 25782
, 25781
, 25781
, 25780
, 25780
, 25779
, 25779
, 25778
, 25778
, 25777
, 25777
, 25776
, 25776
, 25775
, 25775
, 25774
, 25774
, 25773
, 25773
, 25772
, 25772
, 25771
, 25771
, 25770
, 25770
, 25769
, 25769
, 25768
, 25768
, 25767
, 25767
, 25766
, 25766
, 25765
, 25765
, 25764
, 25764
, 25763
, 25763
, 25762
, 25762
, 25761
, 25761
, 25760
, 25760
, 25759
, 25759
, 25758
, 25758
, 25757
, 25757
, 25756
, 25756
, 25755
, 25755
, 25754
, 25754
, 25753
, 25753
, 25752
, 25752
, 25751
, 25751
, 25750
, 25750
, 25749
, 25749
, 25748
, 25748
, 25747
, 25747
, 25746
, 25746
, 25745
, 25745
, 25744
, 25744
, 25743
, 25743
, 25742
, 25742
, 25741
, 25741
, 25740
, 25740
, 25739
, 25739
, 25738
, 25738
, 25737
, 25737
, 25736
, 25736
, 25735
, 25735
, 25734
, 25734
, 25733
, 25733
, 25732
, 25732
, 25731
, 25731
, 25730
, 25730
, 25729
, 25729
, 25728
, 25728
, 25727
, 25727
, 25726
, 25726
, 25725
, 25725
, 25724
, 25724
, 25723
, 25723
, 25722
, 25722
, 25721
, 25721
, 25720
, 25720
, 25719
, 25719
, 25718
, 25718
, 25717
, 25717
, 25716
, 25716
, 25715
, 25715
, 25714
, 25714
, 25713
, 25713
, 25712
, 25712
, 25711
, 25711
, 25710
, 25710
, 25709
, 25709
, 25708
, 25708
, 25707
, 25707
, 25706
, 25706
, 25705
, 25705
, 25704
, 25704
, 25703
, 25703
, 25702
, 25702
, 25701
, 25701
, 25700
, 25700
, 25699
, 25699
, 25698
, 25698
, 25697
, 25697
, 25696
, 25696
, 25695
, 25695
, 25694
, 25694
, 25693
, 25693
, 25692
, 25692
, 25691
, 25691
, 25690
, 25690
, 25689
, 25689
, 25688
, 25688
, 25687
, 25687
, 25686
, 25686
, 25685
, 25685
, 25684
, 25684
, 25683
, 25683
, 25682
, 25682
, 25681
, 25681
, 25680
, 25680
, 25679
, 25679
, 25678
, 25678
, 25677
, 25677
, 25676
, 25676
, 25675
, 25675
, 25674
, 25674
, 25673
, 25673
, 25672
, 25672
, 25671
, 25671
, 25670
, 25670
, 25669
, 25669
, 25668
, 25668
, 25667
, 25667
, 25666
, 25666
, 25665
, 25665
, 25664
, 25664
, 25663
, 25663
, 25662
, 25662
, 25661
, 25661
, 25660
, 25660
, 25659
, 25659
, 25658
, 25658
, 25657
, 25657
, 25656
, 25656
, 25655
, 25655
, 25654
, 25654
, 25653
, 25653
, 25652
, 25652
, 25651
, 25651
, 25650
, 25650
, 25649
, 25649
, 25648
, 25648
, 25647
, 25647
, 25646
, 25646
, 25645
, 25645
, 25644
, 25644
, 25643
, 25643
, 25642
, 25642
, 25641
, 25641
, 25640
, 25640
, 25639
, 25639
, 25638
, 25638
, 25637
, 25637
, 25636
, 25636
, 25635
, 25635
, 25634
, 25634
, 25633
, 25633
, 25632
, 25632
, 25631
, 25631
, 25630
, 25630
, 25629
, 25629
, 25628
, 25628
, 25627
, 25627
, 25626
, 25626
, 25625
, 25625
, 25624
, 25624
, 25623
, 25623
, 25622
, 25622
, 25621
, 25621
, 25620
, 25620
, 25619
, 25619
, 25618
, 25618
, 25617
, 25617
, 25616
, 25616
, 25615
, 25615
, 25614
, 25614
, 25613
, 25613
, 25612
, 25612
, 25611
, 25611
, 25610
, 25610
, 25609
, 25609
, 25608
, 25608
, 25607
, 25607
, 25606
, 25606
, 25605
, 25605
, 25604
, 25604
, 25603
, 25603
, 25602
, 25602
, 25601
, 25601
, 25600
, 25600
, 25599
, 25599
, 25598
, 25598
, 25597
, 25597
, 25596
, 25596
, 25595
, 25595
, 25594
, 25594
, 25593
, 25593
, 25592
, 25592
, 25591
, 25591
, 25590
, 25590
, 25589
, 25589
, 25588
, 25588
, 25587
, 25587
, 25586
, 25586
, 25585
, 25585
, 25584
, 25584
, 25583
, 25583
, 25582
, 25582
, 25581
, 25581
, 25580
, 25580
, 25579
, 25579
, 25578
, 25578
, 25577
, 25577
, 25576
, 25576
, 25575
, 25575
, 25574
, 25574
, 25573
, 25573
, 25572
, 25572
, 25571
, 25571
, 25570
, 25570
, 25569
, 25569
, 25568
, 25568
, 25567
, 25567
, 25566
, 25566
, 25565
, 25565
, 25564
, 25564
, 25563
, 25563
, 25562
, 25562
, 25561
, 25561
, 25560
, 25560
, 25559
, 25559
, 25558
, 25558
, 25557
, 25557
, 25556
, 25556
, 25555
, 25555
, 25554
, 25554
, 25553
, 25553
, 25552
, 25552
, 25551
, 25551
, 25550
, 25550
, 25549
, 25549
, 25548
, 25548
, 25547
, 25547
, 25546
, 25546
, 25545
, 25545
, 25544
, 25544
, 25543
, 25543
, 25542
, 25542
, 25541
, 25541
, 25540
, 25540
, 25539
, 25539
, 25538
, 25538
, 25537
, 25537
, 25536
, 25536
, 25535
, 25535
, 25534
, 25534
, 25533
, 25533
, 25532
, 25532
, 25531
, 25531
, 25530
, 25530
, 25529
, 25529
, 25528
, 25528
, 25527
, 25527
, 25526
, 25526
, 25525
, 25525
, 25524
, 25524
, 25523
, 25523
, 25522
, 25522
, 25521
, 25521
, 25520
, 25520
, 25519
, 25519
, 25518
, 25518
, 25517
, 25517
, 25516
, 25516
, 25515
, 25515
, 25514
, 25514
, 25513
, 25513
, 25512
, 25512
, 25511
, 25511
, 25510
, 25510
, 25509
, 25509
, 25508
, 25508
, 25507
, 25507
, 25506
, 25506
, 25505
, 25505
, 25504
, 25504
, 25503
, 25503
, 25502
, 25502
, 25501
, 25501
, 25500
, 25500
, 25499
, 25499
, 25498
, 25498
, 25497
, 25497
, 25496
, 25496
, 25495
, 25495
, 25494
, 25494
, 25493
, 25493
, 25492
, 25492
, 25491
, 25491
, 25490
, 25490
, 25489
, 25489
, 25488
, 25488
, 25487
, 25487
, 25486
, 25486
, 25485
, 25485
, 25484
, 25484
, 25483
, 25483
, 25482
, 25482
, 25481
, 25481
, 25480
, 25480
, 25479
, 25479
, 25478
, 25478
, 25477
, 25477
, 25476
, 25476
, 25475
, 25475
, 25474
, 25474
, 25473
, 25473
, 25472
, 25472
, 25471
, 25471
, 25470
, 25470
, 25469
, 25469
, 25468
, 25468
, 25467
, 25467
, 25466
, 25466
, 25465
, 25465
, 25464
, 25464
, 25463
, 25463
, 25462
, 25462
, 25461
, 25461
, 25460
, 25460
, 25459
, 25459
, 25458
, 25458
, 25457
, 25457
, 25456
, 25456
, 25455
, 25455
, 25454
, 25454
, 25453
, 25453
, 25452
, 25452
, 25451
, 25451
, 25450
, 25450
, 25449
, 25449
, 25448
, 25448
, 25447
, 25447
, 25446
, 25446
, 25445
, 25445
, 25444
, 25444
, 25443
, 25443
, 25442
, 25442
, 25441
, 25441
, 25440
, 25440
, 25439
, 25439
, 25438
, 25438
, 25437
, 25437
, 25436
, 25436
, 25435
, 25435
, 25434
, 25434
, 25433
, 25433
, 25432
, 25432
, 25431
, 25431
, 25430
, 25430
, 25429
, 25429
, 25428
, 25428
, 25427
, 25427
, 25426
, 25426
, 25425
, 25425
, 25424
, 25424
, 25423
, 25423
, 25422
, 25422
, 25421
, 25421
, 25420
, 25420
, 25419
, 25419
, 25418
, 25418
, 25417
, 25417
, 25416
, 25416
, 25415
, 25415
, 25414
, 25414
, 25413
, 25413
, 25412
, 25412
, 25411
, 25411
, 25410
, 25410
, 25409
, 25409
, 25408
, 25408
, 25407
, 25407
, 25406
, 25406
, 25405
, 25405
, 25404
, 25404
, 25403
, 25403
, 25402
, 25402
, 25401
, 25401
, 25400
, 25400
, 25399
, 25399
, 25398
, 25398
, 25397
, 25397
, 25396
, 25396
, 25395
, 25395
, 25394
, 25394
, 25393
, 25393
, 25392
, 25392
, 25391
, 25391
, 25390
, 25390
, 25389
, 25389
, 25388
, 25388
, 25387
, 25387
, 25386
, 25386
, 25385
, 25385
, 25384
, 25384
, 25383
, 25383
, 25382
, 25382
, 25381
, 25381
, 25380
, 25380
, 25379
, 25379
, 25378
, 25378
, 25377
, 25377
, 25376
, 25376
, 25375
, 25375
, 25374
, 25374
, 25373
, 25373
, 25372
, 25372
, 25371
, 25371
, 25370
, 25370
, 25369
, 25369
, 25368
, 25368
, 25367
, 25367
, 25366
, 25366
, 25365
, 25365
, 25364
, 25364
, 25363
, 25363
, 25362
, 25362
, 25361
, 25361
, 25360
, 25360
, 25359
, 25359
, 25358
, 25358
, 25357
, 25357
, 25356
, 25356
, 25355
, 25355
, 25354
, 25354
, 25353
, 25353
, 25352
, 25352
, 25351
, 25351
, 25350
, 25350
, 25349
, 25349
, 25348
, 25348
, 25347
, 25347
, 25346
, 25346
, 25345
, 25345
, 25344
, 25344
, 25343
, 25343
, 25342
, 25342
, 25341
, 25341
, 25340
, 25340
, 25339
, 25339
, 25338
, 25338
, 25337
, 25337
, 25336
, 25336
, 25335
, 25335
, 25334
, 25334
, 25333
, 25333
, 25332
, 25332
, 25331
, 25331
, 25330
, 25330
, 25329
, 25329
, 25328
, 25328
, 25327
, 25327
, 25326
, 25326
, 25325
, 25325
, 25324
, 25324
, 25323
, 25323
, 25322
, 25322
, 25321
, 25321
, 25320
, 25320
, 25319
, 25319
, 25318
, 25318
, 25317
, 25317
, 25316
, 25316
, 25315
, 25315
, 25314
, 25314
, 25313
, 25313
, 25312
, 25312
, 25311
, 25311
, 25310
, 25310
, 25309
, 25309
, 25308
, 25308
, 25307
, 25307
, 25306
, 25306
, 25305
, 25305
, 25304
, 25304
, 25303
, 25303
, 25302
, 25302
, 25301
, 25301
, 25300
, 25300
, 25299
, 25299
, 25298
, 25298
, 25297
, 25297
, 25296
, 25296
, 25295
, 25295
, 25294
, 25294
, 25293
, 25293
, 25292
, 25292
, 25291
, 25291
, 25290
, 25290
, 25289
, 25289
, 25288
, 25288
, 25287
, 25287
, 25286
, 25286
, 25285
, 25285
, 25284
, 25284
, 25283
, 25283
, 25282
, 25282
, 25281
, 25281
, 25280
, 25280
, 25279
, 25279
, 25278
, 25278
, 25277
, 25277
, 25276
, 25276
, 25275
, 25275
, 25274
, 25274
, 25273
, 25273
, 25272
, 25272
, 25271
, 25271
, 25270
, 25270
, 25269
, 25269
, 25268
, 25268
, 25267
, 25267
, 25266
, 25266
, 25265
, 25265
, 25264
, 25264
, 25263
, 25263
, 25262
, 25262
, 25261
, 25261
, 25260
, 25260
, 25259
, 25259
, 25258
, 25258
, 25257
, 25257
, 25256
, 25256
, 25255
, 25255
, 25254
, 25254
, 25253
, 25253
, 25252
, 25252
, 25251
, 25251
, 25250
, 25250
, 25249
, 25249
, 25248
, 25248
, 25247
, 25247
, 25246
, 25246
, 25245
, 25245
, 25244
, 25244
, 25243
, 25243
, 25242
, 25242
, 25241
, 25241
, 25240
, 25240
, 25239
, 25239
, 25238
, 25238
, 25237
, 25237
, 25236
, 25236
, 25235
, 25235
, 25234
, 25234
, 25233
, 25233
, 25232
, 25232
, 25231
, 25231
, 25230
, 25230
, 25229
, 25229
, 25228
, 25228
, 25227
, 25227
, 25226
, 25226
, 25225
, 25225
, 25224
, 25224
, 25223
, 25223
, 25222
, 25222
, 25221
, 25221
, 25220
, 25220
, 25219
, 25219
, 25218
, 25218
, 25217
, 25217
, 25216
, 25216
, 25215
, 25215
, 25214
, 25214
, 25213
, 25213
, 25212
, 25212
, 25211
, 25211
, 25210
, 25210
, 25209
, 25209
, 25208
, 25208
, 25207
, 25207
, 25206
, 25206
, 25205
, 25205
, 25204
, 25204
, 25203
, 25203
, 25202
, 25202
, 25201
, 25201
, 25200
, 25200
, 25199
, 25199
, 25198
, 25198
, 25197
, 25197
, 25196
, 25196
, 25195
, 25195
, 25194
, 25194
, 25193
, 25193
, 25192
, 25192
, 25191
, 25191
, 25190
, 25190
, 25189
, 25189
, 25188
, 25188
, 25187
, 25187
, 25186
, 25186
, 25185
, 25185
, 25184
, 25184
, 25183
, 25183
, 25182
, 25182
, 25181
, 25181
, 25180
, 25180
, 25179
, 25179
, 25178
, 25178
, 25177
, 25177
, 25176
, 25176
, 25175
, 25175
, 25174
, 25174
, 25173
, 25173
, 25172
, 25172
, 25171
, 25171
, 25170
, 25170
, 25169
, 25169
, 25168
, 25168
, 25167
, 25167
, 25166
, 25166
, 25165
, 25165
, 25164
, 25164
, 25163
, 25163
, 25162
, 25162
, 25161
, 25161
, 25160
, 25160
, 25159
, 25159
, 25158
, 25158
, 25157
, 25157
, 25156
, 25156
, 25155
, 25155
, 25154
, 25154
, 25153
, 25153
, 25152
, 25152
, 25151
, 25151
, 25150
, 25150
, 25149
, 25149
, 25148
, 25148
, 25147
, 25147
, 25146
, 25146
, 25145
, 25145
, 25144
, 25144
, 25143
, 25143
, 25142
, 25142
, 25141
, 25141
, 25140
, 25140
, 25139
, 25139
, 25138
, 25138
, 25137
, 25137
, 25136
, 25136
, 25135
, 25135
, 25134
, 25134
, 25133
, 25133
, 25132
, 25132
, 25131
, 25131
, 25130
, 25130
, 25129
, 25129
, 25128
, 25128
, 25127
, 25127
, 25126
, 25126
, 25125
, 25125
, 25124
, 25124
, 25123
, 25123
, 25122
, 25122
, 25121
, 25121
, 25120
, 25120
, 25119
, 25119
, 25118
, 25118
, 25117
, 25117
, 25116
, 25116
, 25115
, 25115
, 25114
, 25114
, 25113
, 25113
, 25112
, 25112
, 25111
, 25111
, 25110
, 25110
, 25109
, 25109
, 25108
, 25108
, 25107
, 25107
, 25106
, 25106
, 25105
, 25105
, 25104
, 25104
, 25103
, 25103
, 25102
, 25102
, 25101
, 25101
, 25100
, 25100
, 25099
, 25099
, 25098
, 25098
, 25097
, 25097
, 25096
, 25096
, 25095
, 25095
, 25094
, 25094
, 25093
, 25093
, 25092
, 25092
, 25091
, 25091
, 25090
, 25090
, 25089
, 25089
, 25088
, 25088
, 25087
, 25087
, 25086
, 25086
, 25085
, 25085
, 25084
, 25084
, 25083
, 25083
, 25082
, 25082
, 25081
, 25081
, 25080
, 25080
, 25079
, 25079
, 25078
, 25078
, 25077
, 25077
, 25076
, 25076
, 25075
, 25075
, 25074
, 25074
, 25073
, 25073
, 25072
, 25072
, 25071
, 25071
, 25070
, 25070
, 25069
, 25069
, 25068
, 25068
, 25067
, 25067
, 25066
, 25066
, 25065
, 25065
, 25064
, 25064
, 25063
, 25063
, 25062
, 25062
, 25061
, 25061
, 25060
, 25060
, 25059
, 25059
, 25058
, 25058
, 25057
, 25057
, 25056
, 25056
, 25055
, 25055
, 25054
, 25054
, 25053
, 25053
, 25052
, 25052
, 25051
, 25051
, 25050
, 25050
, 25049
, 25049
, 25048
, 25048
, 25047
, 25047
, 25046
, 25046
, 25045
, 25045
, 25044
, 25044
, 25043
, 25043
, 25042
, 25042
, 25041
, 25041
, 25040
, 25040
, 25039
, 25039
, 25038
, 25038
, 25037
, 25037
, 25036
, 25036
, 25035
, 25035
, 25034
, 25034
, 25033
, 25033
, 25032
, 25032
, 25031
, 25031
, 25030
, 25030
, 25029
, 25029
, 25028
, 25028
, 25027
, 25027
, 25026
, 25026
, 25025
, 25025
, 25024
, 25024
, 25023
, 25023
, 25022
, 25022
, 25021
, 25021
, 25020
, 25020
, 25019
, 25019
, 25018
, 25018
, 25017
, 25017
, 25016
, 25016
, 25015
, 25015
, 25014
, 25014
, 25013
, 25013
, 25012
, 25012
, 25011
, 25011
, 25010
, 25010
, 25009
, 25009
, 25008
, 25008
, 25007
, 25007
, 25006
, 25006
, 25005
, 25005
, 25004
, 25004
, 25003
, 25003
, 25002
, 25002
, 25001
, 25001
, 25000
, 25000
, 24999
, 24999
, 24998
, 24998
, 24997
, 24997
, 24996
, 24996
, 24995
, 24995
, 24994
, 24994
, 24993
, 24993
, 24992
, 24992
, 24991
, 24991
, 24990
, 24990
, 24989
, 24989
, 24988
, 24988
, 24987
, 24987
, 24986
, 24986
, 24985
, 24985
, 24984
, 24984
, 24983
, 24983
, 24982
, 24982
, 24981
, 24981
, 24980
, 24980
, 24979
, 24979
, 24978
, 24978
, 24977
, 24977
, 24976
, 24976
, 24975
, 24975
, 24974
, 24974
, 24973
, 24973
, 24972
, 24972
, 24971
, 24971
, 24970
, 24970
, 24969
, 24969
, 24968
, 24968
, 24967
, 24967
, 24966
, 24966
, 24965
, 24965
, 24964
, 24964
, 24963
, 24963
, 24962
, 24962
, 24961
, 24961
, 24960
, 24960
, 24959
, 24959
, 24958
, 24958
, 24957
, 24957
, 24956
, 24956
, 24955
, 24955
, 24954
, 24954
, 24953
, 24953
, 24952
, 24952
, 24951
, 24951
, 24950
, 24950
, 24949
, 24949
, 24948
, 24948
, 24947
, 24947
, 24946
, 24946
, 24945
, 24945
, 24944
, 24944
, 24943
, 24943
, 24942
, 24942
, 24941
, 24941
, 24940
, 24940
, 24939
, 24939
, 24938
, 24938
, 24937
, 24937
, 24936
, 24936
, 24935
, 24935
, 24934
, 24934
, 24933
, 24933
, 24932
, 24932
, 24931
, 24931
, 24930
, 24930
, 24929
, 24929
, 24928
, 24928
, 24927
, 24927
, 24926
, 24926
, 24925
, 24925
, 24924
, 24924
, 24923
, 24923
, 24922
, 24922
, 24921
, 24921
, 24920
, 24920
, 24919
, 24919
, 24918
, 24918
, 24917
, 24917
, 24916
, 24916
, 24915
, 24915
, 24914
, 24914
, 24913
, 24913
, 24912
, 24912
, 24911
, 24911
, 24910
, 24910
, 24909
, 24909
, 24908
, 24908
, 24907
, 24907
, 24906
, 24906
, 24905
, 24905
, 24904
, 24904
, 24903
, 24903
, 24902
, 24902
, 24901
, 24901
, 24900
, 24900
, 24899
, 24899
, 24898
, 24898
, 24897
, 24897
, 24896
, 24896
, 24895
, 24895
, 24894
, 24894
, 24893
, 24893
, 24892
, 24892
, 24891
, 24891
, 24890
, 24890
, 24889
, 24889
, 24888
, 24888
, 24887
, 24887
, 24886
, 24886
, 24885
, 24885
, 24884
, 24884
, 24883
, 24883
, 24882
, 24882
, 24881
, 24881
, 24880
, 24880
, 24879
, 24879
, 24878
, 24878
, 24877
, 24877
, 24876
, 24876
, 24875
, 24875
, 24874
, 24874
, 24873
, 24873
, 24872
, 24872
, 24871
, 24871
, 24870
, 24870
, 24869
, 24869
, 24868
, 24868
, 24867
, 24867
, 24866
, 24866
, 24865
, 24865
, 24864
, 24864
, 24863
, 24863
, 24862
, 24862
, 24861
, 24861
, 24860
, 24860
, 24859
, 24859
, 24858
, 24858
, 24857
, 24857
, 24856
, 24856
, 24855
, 24855
, 24854
, 24854
, 24853
, 24853
, 24852
, 24852
, 24851
, 24851
, 24850
, 24850
, 24849
, 24849
, 24848
, 24848
, 24847
, 24847
, 24846
, 24846
, 24845
, 24845
, 24844
, 24844
, 24843
, 24843
, 24842
, 24842
, 24841
, 24841
, 24840
, 24840
, 24839
, 24839
, 24838
, 24838
, 24837
, 24837
, 24836
, 24836
, 24835
, 24835
, 24834
, 24834
, 24833
, 24833
, 24832
, 24832
, 24831
, 24831
, 24830
, 24830
, 24829
, 24829
, 24828
, 24828
, 24827
, 24827
, 24826
, 24826
, 24825
, 24825
, 24824
, 24824
, 24823
, 24823
, 24822
, 24822
, 24821
, 24821
, 24820
, 24820
, 24819
, 24819
, 24818
, 24818
, 24817
, 24817
, 24816
, 24816
, 24815
, 24815
, 24814
, 24814
, 24813
, 24813
, 24812
, 24812
, 24811
, 24811
, 24810
, 24810
, 24809
, 24809
, 24808
, 24808
, 24807
, 24807
, 24806
, 24806
, 24805
, 24805
, 24804
, 24804
, 24803
, 24803
, 24802
, 24802
, 24801
, 24801
, 24800
, 24800
, 24799
, 24799
, 24798
, 24798
, 24797
, 24797
, 24796
, 24796
, 24795
, 24795
, 24794
, 24794
, 24793
, 24793
, 24792
, 24792
, 24791
, 24791
, 24790
, 24790
, 24789
, 24789
, 24788
, 24788
, 24787
, 24787
, 24786
, 24786
, 24785
, 24785
, 24784
, 24784
, 24783
, 24783
, 24782
, 24782
, 24781
, 24781
, 24780
, 24780
, 24779
, 24779
, 24778
, 24778
, 24777
, 24777
, 24776
, 24776
, 24775
, 24775
, 24774
, 24774
, 24773
, 24773
, 24772
, 24772
, 24771
, 24771
, 24770
, 24770
, 24769
, 24769
, 24768
, 24768
, 24767
, 24767
, 24766
, 24766
, 24765
, 24765
, 24764
, 24764
, 24763
, 24763
, 24762
, 24762
, 24761
, 24761
, 24760
, 24760
, 24759
, 24759
, 24758
, 24758
, 24757
, 24757
, 24756
, 24756
, 24755
, 24755
, 24754
, 24754
, 24753
, 24753
, 24752
, 24752
, 24751
, 24751
, 24750
, 24750
, 24749
, 24749
, 24748
, 24748
, 24747
, 24747
, 24746
, 24746
, 24745
, 24745
, 24744
, 24744
, 24743
, 24743
, 24742
, 24742
, 24741
, 24741
, 24740
, 24740
, 24739
, 24739
, 24738
, 24738
, 24737
, 24737
, 24736
, 24736
, 24735
, 24735
, 24734
, 24734
, 24733
, 24733
, 24732
, 24732
, 24731
, 24731
, 24730
, 24730
, 24729
, 24729
, 24728
, 24728
, 24727
, 24727
, 24726
, 24726
, 24725
, 24725
, 24724
, 24724
, 24723
, 24723
, 24722
, 24722
, 24721
, 24721
, 24720
, 24720
, 24719
, 24719
, 24718
, 24718
, 24717
, 24717
, 24716
, 24716
, 24715
, 24715
, 24714
, 24714
, 24713
, 24713
, 24712
, 24712
, 24711
, 24711
, 24710
, 24710
, 24709
, 24709
, 24708
, 24708
, 24707
, 24707
, 24706
, 24706
, 24705
, 24705
, 24704
, 24704
, 24703
, 24703
, 24702
, 24702
, 24701
, 24701
, 24700
, 24700
, 24699
, 24699
, 24698
, 24698
, 24697
, 24697
, 24696
, 24696
, 24695
, 24695
, 24694
, 24694
, 24693
, 24693
, 24692
, 24692
, 24691
, 24691
, 24690
, 24690
, 24689
, 24689
, 24688
, 24688
, 24687
, 24687
, 24686
, 24686
, 24685
, 24685
, 24684
, 24684
, 24683
, 24683
, 24682
, 24682
, 24681
, 24681
, 24680
, 24680
, 24679
, 24679
, 24678
, 24678
, 24677
, 24677
, 24676
, 24676
, 24675
, 24675
, 24674
, 24674
, 24673
, 24673
, 24672
, 24672
, 24671
, 24671
, 24670
, 24670
, 24669
, 24669
, 24668
, 24668
, 24667
, 24667
, 24666
, 24666
, 24665
, 24665
, 24664
, 24664
, 24663
, 24663
, 24662
, 24662
, 24661
, 24661
, 24660
, 24660
, 24659
, 24659
, 24658
, 24658
, 24657
, 24657
, 24656
, 24656
, 24655
, 24655
, 24654
, 24654
, 24653
, 24653
, 24652
, 24652
, 24651
, 24651
, 24650
, 24650
, 24649
, 24649
, 24648
, 24648
, 24647
, 24647
, 24646
, 24646
, 24645
, 24645
, 24644
, 24644
, 24643
, 24643
, 24642
, 24642
, 24641
, 24641
, 24640
, 24640
, 24639
, 24639
, 24638
, 24638
, 24637
, 24637
, 24636
, 24636
, 24635
, 24635
, 24634
, 24634
, 24633
, 24633
, 24632
, 24632
, 24631
, 24631
, 24630
, 24630
, 24629
, 24629
, 24628
, 24628
, 24627
, 24627
, 24626
, 24626
, 24625
, 24625
, 24624
, 24624
, 24623
, 24623
, 24622
, 24622
, 24621
, 24621
, 24620
, 24620
, 24619
, 24619
, 24618
, 24618
, 24617
, 24617
, 24616
, 24616
, 24615
, 24615
, 24614
, 24614
, 24613
, 24613
, 24612
, 24612
, 24611
, 24611
, 24610
, 24610
, 24609
, 24609
, 24608
, 24608
, 24607
, 24607
, 24606
, 24606
, 24605
, 24605
, 24604
, 24604
, 24603
, 24603
, 24602
, 24602
, 24601
, 24601
, 24600
, 24600
, 24599
, 24599
, 24598
, 24598
, 24597
, 24597
, 24596
, 24596
, 24595
, 24595
, 24594
, 24594
, 24593
, 24593
, 24592
, 24592
, 24591
, 24591
, 24590
, 24590
, 24589
, 24589
, 24588
, 24588
, 24587
, 24587
, 24586
, 24586
, 24585
, 24585
, 24584
, 24584
, 24583
, 24583
, 24582
, 24582
, 24581
, 24581
, 24580
, 24580
, 24579
, 24579
, 24578
, 24578
, 24577
, 24577
, 24576
, 24576
, 24575
, 24575
, 24574
, 24574
, 24573
, 24573
, 24572
, 24572
, 24571
, 24571
, 24570
, 24570
, 24569
, 24569
, 24568
, 24568
, 24567
, 24567
, 24566
, 24566
, 24565
, 24565
, 24564
, 24564
, 24563
, 24563
, 24562
, 24562
, 24561
, 24561
, 24560
, 24560
, 24559
, 24559
, 24558
, 24558
, 24557
, 24557
, 24556
, 24556
, 24555
, 24555
, 24554
, 24554
, 24553
, 24553
, 24552
, 24552
, 24551
, 24551
, 24550
, 24550
, 24549
, 24549
, 24548
, 24548
, 24547
, 24547
, 24546
, 24546
, 24545
, 24545
, 24544
, 24544
, 24543
, 24543
, 24542
, 24542
, 24541
, 24541
, 24540
, 24540
, 24539
, 24539
, 24538
, 24538
, 24537
, 24537
, 24536
, 24536
, 24535
, 24535
, 24534
, 24534
, 24533
, 24533
, 24532
, 24532
, 24531
, 24531
, 24530
, 24530
, 24529
, 24529
, 24528
, 24528
, 24527
, 24527
, 24526
, 24526
, 24525
, 24525
, 24524
, 24524
, 24523
, 24523
, 24522
, 24522
, 24521
, 24521
, 24520
, 24520
, 24519
, 24519
, 24518
, 24518
, 24517
, 24517
, 24516
, 24516
, 24515
, 24515
, 24514
, 24514
, 24513
, 24513
, 24512
, 24512
, 24511
, 24511
, 24510
, 24510
, 24509
, 24509
, 24508
, 24508
, 24507
, 24507
, 24506
, 24506
, 24505
, 24505
, 24504
, 24504
, 24503
, 24503
, 24502
, 24502
, 24501
, 24501
, 24500
, 24500
, 24499
, 24499
, 24498
, 24498
, 24497
, 24497
, 24496
, 24496
, 24495
, 24495
, 24494
, 24494
, 24493
, 24493
, 24492
, 24492
, 24491
, 24491
, 24490
, 24490
, 24489
, 24489
, 24488
, 24488
, 24487
, 24487
, 24486
, 24486
, 24485
, 24485
, 24484
, 24484
, 24483
, 24483
, 24482
, 24482
, 24481
, 24481
, 24480
, 24480
, 24479
, 24479
, 24478
, 24478
, 24477
, 24477
, 24476
, 24476
, 24475
, 24475
, 24474
, 24474
, 24473
, 24473
, 24472
, 24472
, 24471
, 24471
, 24470
, 24470
, 24469
, 24469
, 24468
, 24468
, 24467
, 24467
, 24466
, 24466
, 24465
, 24465
, 24464
, 24464
, 24463
, 24463
, 24462
, 24462
, 24461
, 24461
, 24460
, 24460
, 24459
, 24459
, 24458
, 24458
, 24457
, 24457
, 24456
, 24456
, 24455
, 24455
, 24454
, 24454
, 24453
, 24453
, 24452
, 24452
, 24451
, 24451
, 24450
, 24450
, 24449
, 24449
, 24448
, 24448
, 24447
, 24447
, 24446
, 24446
, 24445
, 24445
, 24444
, 24444
, 24443
, 24443
, 24442
, 24442
, 24441
, 24441
, 24440
, 24440
, 24439
, 24439
, 24438
, 24438
, 24437
, 24437
, 24436
, 24436
, 24435
, 24435
, 24434
, 24434
, 24433
, 24433
, 24432
, 24432
, 24431
, 24431
, 24430
, 24430
, 24429
, 24429
, 24428
, 24428
, 24427
, 24427
, 24426
, 24426
, 24425
, 24425
, 24424
, 24424
, 24423
, 24423
, 24422
, 24422
, 24421
, 24421
, 24420
, 24420
, 24419
, 24419
, 24418
, 24418
, 24417
, 24417
, 24416
, 24416
, 24415
, 24415
, 24414
, 24414
, 24413
, 24413
, 24412
, 24412
, 24411
, 24411
, 24410
, 24410
, 24409
, 24409
, 24408
, 24408
, 24407
, 24407
, 24406
, 24406
, 24405
, 24405
, 24404
, 24404
, 24403
, 24403
, 24402
, 24402
, 24401
, 24401
, 24400
, 24400
, 24399
, 24399
, 24398
, 24398
, 24397
, 24397
, 24396
, 24396
, 24395
, 24395
, 24394
, 24394
, 24393
, 24393
, 24392
, 24392
, 24391
, 24391
, 24390
, 24390
, 24389
, 24389
, 24388
, 24388
, 24387
, 24387
, 24386
, 24386
, 24385
, 24385
, 24384
, 24384
, 24383
, 24383
, 24382
, 24382
, 24381
, 24381
, 24380
, 24380
, 24379
, 24379
, 24378
, 24378
, 24377
, 24377
, 24376
, 24376
, 24375
, 24375
, 24374
, 24374
, 24373
, 24373
, 24372
, 24372
, 24371
, 24371
, 24370
, 24370
, 24369
, 24369
, 24368
, 24368
, 24367
, 24367
, 24366
, 24366
, 24365
, 24365
, 24364
, 24364
, 24363
, 24363
, 24362
, 24362
, 24361
, 24361
, 24360
, 24360
, 24359
, 24359
, 24358
, 24358
, 24357
, 24357
, 24356
, 24356
, 24355
, 24355
, 24354
, 24354
, 24353
, 24353
, 24352
, 24352
, 24351
, 24351
, 24350
, 24350
, 24349
, 24349
, 24348
, 24348
, 24347
, 24347
, 24346
, 24346
, 24345
, 24345
, 24344
, 24344
, 24343
, 24343
, 24342
, 24342
, 24341
, 24341
, 24340
, 24340
, 24339
, 24339
, 24338
, 24338
, 24337
, 24337
, 24336
, 24336
, 24335
, 24335
, 24334
, 24334
, 24333
, 24333
, 24332
, 24332
, 24331
, 24331
, 24330
, 24330
, 24329
, 24329
, 24328
, 24328
, 24327
, 24327
, 24326
, 24326
, 24325
, 24325
, 24324
, 24324
, 24323
, 24323
, 24322
, 24322
, 24321
, 24321
, 24320
, 24320
, 24319
, 24319
, 24318
, 24318
, 24317
, 24317
, 24316
, 24316
, 24315
, 24315
, 24314
, 24314
, 24313
, 24313
, 24312
, 24312
, 24311
, 24311
, 24310
, 24310
, 24309
, 24309
, 24308
, 24308
, 24307
, 24307
, 24306
, 24306
, 24305
, 24305
, 24304
, 24304
, 24303
, 24303
, 24302
, 24302
, 24301
, 24301
, 24300
, 24300
, 24299
, 24299
, 24298
, 24298
, 24297
, 24297
, 24296
, 24296
, 24295
, 24295
, 24294
, 24294
, 24293
, 24293
, 24292
, 24292
, 24291
, 24291
, 24290
, 24290
, 24289
, 24289
, 24288
, 24288
, 24287
, 24287
, 24286
, 24286
, 24285
, 24285
, 24284
, 24284
, 24283
, 24283
, 24282
, 24282
, 24281
, 24281
, 24280
, 24280
, 24279
, 24279
, 24278
, 24278
, 24277
, 24277
, 24276
, 24276
, 24275
, 24275
, 24274
, 24274
, 24273
, 24273
, 24272
, 24272
, 24271
, 24271
, 24270
, 24270
, 24269
, 24269
, 24268
, 24268
, 24267
, 24267
, 24266
, 24266
, 24265
, 24265
, 24264
, 24264
, 24263
, 24263
, 24262
, 24262
, 24261
, 24261
, 24260
, 24260
, 24259
, 24259
, 24258
, 24258
, 24257
, 24257
, 24256
, 24256
, 24255
, 24255
, 24254
, 24254
, 24253
, 24253
, 24252
, 24252
, 24251
, 24251
, 24250
, 24250
, 24249
, 24249
, 24248
, 24248
, 24247
, 24247
, 24246
, 24246
, 24245
, 24245
, 24244
, 24244
, 24243
, 24243
, 24242
, 24242
, 24241
, 24241
, 24240
, 24240
, 24239
, 24239
, 24238
, 24238
, 24237
, 24237
, 24236
, 24236
, 24235
, 24235
, 24234
, 24234
, 24233
, 24233
, 24232
, 24232
, 24231
, 24231
, 24230
, 24230
, 24229
, 24229
, 24228
, 24228
, 24227
, 24227
, 24226
, 24226
, 24225
, 24225
, 24224
, 24224
, 24223
, 24223
, 24222
, 24222
, 24221
, 24221
, 24220
, 24220
, 24219
, 24219
, 24218
, 24218
, 24217
, 24217
, 24216
, 24216
, 24215
, 24215
, 24214
, 24214
, 24213
, 24213
, 24212
, 24212
, 24211
, 24211
, 24210
, 24210
, 24209
, 24209
, 24208
, 24208
, 24207
, 24207
, 24206
, 24206
, 24205
, 24205
, 24204
, 24204
, 24203
, 24203
, 24202
, 24202
, 24201
, 24201
, 24200
, 24200
, 24199
, 24199
, 24198
, 24198
, 24197
, 24197
, 24196
, 24196
, 24195
, 24195
, 24194
, 24194
, 24193
, 24193
, 24192
, 24192
, 24191
, 24191
, 24190
, 24190
, 24189
, 24189
, 24188
, 24188
, 24187
, 24187
, 24186
, 24186
, 24185
, 24185
, 24184
, 24184
, 24183
, 24183
, 24182
, 24182
, 24181
, 24181
, 24180
, 24180
, 24179
, 24179
, 24178
, 24178
, 24177
, 24177
, 24176
, 24176
, 24175
, 24175
, 24174
, 24174
, 24173
, 24173
, 24172
, 24172
, 24171
, 24171
, 24170
, 24170
, 24169
, 24169
, 24168
, 24168
, 24167
, 24167
, 24166
, 24166
, 24165
, 24165
, 24164
, 24164
, 24163
, 24163
, 24162
, 24162
, 24161
, 24161
, 24160
, 24160
, 24159
, 24159
, 24158
, 24158
, 24157
, 24157
, 24156
, 24156
, 24155
, 24155
, 24154
, 24154
, 24153
, 24153
, 24152
, 24152
, 24151
, 24151
, 24150
, 24150
, 24149
, 24149
, 24148
, 24148
, 24147
, 24147
, 24146
, 24146
, 24145
, 24145
, 24144
, 24144
, 24143
, 24143
, 24142
, 24142
, 24141
, 24141
, 24140
, 24140
, 24139
, 24139
, 24138
, 24138
, 24137
, 24137
, 24136
, 24136
, 24135
, 24135
, 24134
, 24134
, 24133
, 24133
, 24132
, 24132
, 24131
, 24131
, 24130
, 24130
, 24129
, 24129
, 24128
, 24128
, 24127
, 24127
, 24126
, 24126
, 24125
, 24125
, 24124
, 24124
, 24123
, 24123
, 24122
, 24122
, 24121
, 24121
, 24120
, 24120
, 24119
, 24119
, 24118
, 24118
, 24117
, 24117
, 24116
, 24116
, 24115
, 24115
, 24114
, 24114
, 24113
, 24113
, 24112
, 24112
, 24111
, 24111
, 24110
, 24110
, 24109
, 24109
, 24108
, 24108
, 24107
, 24107
, 24106
, 24106
, 24105
, 24105
, 24104
, 24104
, 24103
, 24103
, 24102
, 24102
, 24101
, 24101
, 24100
, 24100
, 24099
, 24099
, 24098
, 24098
, 24097
, 24097
, 24096
, 24096
, 24095
, 24095
, 24094
, 24094
, 24093
, 24093
, 24092
, 24092
, 24091
, 24091
, 24090
, 24090
, 24089
, 24089
, 24088
, 24088
, 24087
, 24087
, 24086
, 24086
, 24085
, 24085
, 24084
, 24084
, 24083
, 24083
, 24082
, 24082
, 24081
, 24081
, 24080
, 24080
, 24079
, 24079
, 24078
, 24078
, 24077
, 24077
, 24076
, 24076
, 24075
, 24075
, 24074
, 24074
, 24073
, 24073
, 24072
, 24072
, 24071
, 24071
, 24070
, 24070
, 24069
, 24069
, 24068
, 24068
, 24067
, 24067
, 24066
, 24066
, 24065
, 24065
, 24064
, 24064
, 24063
, 24063
, 24062
, 24062
, 24061
, 24061
, 24060
, 24060
, 24059
, 24059
, 24058
, 24058
, 24057
, 24057
, 24056
, 24056
, 24055
, 24055
, 24054
, 24054
, 24053
, 24053
, 24052
, 24052
, 24051
, 24051
, 24050
, 24050
, 24049
, 24049
, 24048
, 24048
, 24047
, 24047
, 24046
, 24046
, 24045
, 24045
, 24044
, 24044
, 24043
, 24043
, 24042
, 24042
, 24041
, 24041
, 24040
, 24040
, 24039
, 24039
, 24038
, 24038
, 24037
, 24037
, 24036
, 24036
, 24035
, 24035
, 24034
, 24034
, 24033
, 24033
, 24032
, 24032
, 24031
, 24031
, 24030
, 24030
, 24029
, 24029
, 24028
, 24028
, 24027
, 24027
, 24026
, 24026
, 24025
, 24025
, 24024
, 24024
, 24023
, 24023
, 24022
, 24022
, 24021
, 24021
, 24020
, 24020
, 24019
, 24019
, 24018
, 24018
, 24017
, 24017
, 24016
, 24016
, 24015
, 24015
, 24014
, 24014
, 24013
, 24013
, 24012
, 24012
, 24011
, 24011
, 24010
, 24010
, 24009
, 24009
, 24008
, 24008
, 24007
, 24007
, 24006
, 24006
, 24005
, 24005
, 24004
, 24004
, 24003
, 24003
, 24002
, 24002
, 24001
, 24001
, 24000
, 24000
, 23999
, 23999
, 23998
, 23998
, 23997
, 23997
, 23996
, 23996
, 23995
, 23995
, 23994
, 23994
, 23993
, 23993
, 23992
, 23992
, 23991
, 23991
, 23990
, 23990
, 23989
, 23989
, 23988
, 23988
, 23987
, 23987
, 23986
, 23986
, 23985
, 23985
, 23984
, 23984
, 23983
, 23983
, 23982
, 23982
, 23981
, 23981
, 23980
, 23980
, 23979
, 23979
, 23978
, 23978
, 23977
, 23977
, 23976
, 23976
, 23975
, 23975
, 23974
, 23974
, 23973
, 23973
, 23972
, 23972
, 23971
, 23971
, 23970
, 23970
, 23969
, 23969
, 23968
, 23968
, 23967
, 23967
, 23966
, 23966
, 23965
, 23965
, 23964
, 23964
, 23963
, 23963
, 23962
, 23962
, 23961
, 23961
, 23960
, 23960
, 23959
, 23959
, 23958
, 23958
, 23957
, 23957
, 23956
, 23956
, 23955
, 23955
, 23954
, 23954
, 23953
, 23953
, 23952
, 23952
, 23951
, 23951
, 23950
, 23950
, 23949
, 23949
, 23948
, 23948
, 23947
, 23947
, 23946
, 23946
, 23945
, 23945
, 23944
, 23944
, 23943
, 23943
, 23942
, 23942
, 23941
, 23941
, 23940
, 23940
, 23939
, 23939
, 23938
, 23938
, 23937
, 23937
, 23936
, 23936
, 23935
, 23935
, 23934
, 23934
, 23933
, 23933
, 23932
, 23932
, 23931
, 23931
, 23930
, 23930
, 23929
, 23929
, 23928
, 23928
, 23927
, 23927
, 23926
, 23926
, 23925
, 23925
, 23924
, 23924
, 23923
, 23923
, 23922
, 23922
, 23921
, 23921
, 23920
, 23920
, 23919
, 23919
, 23918
, 23918
, 23917
, 23917
, 23916
, 23916
, 23915
, 23915
, 23914
, 23914
, 23913
, 23913
, 23912
, 23912
, 23911
, 23911
, 23910
, 23910
, 23909
, 23909
, 23908
, 23908
, 23907
, 23907
, 23906
, 23906
, 23905
, 23905
, 23904
, 23904
, 23903
, 23903
, 23902
, 23902
, 23901
, 23901
, 23900
, 23900
, 23899
, 23899
, 23898
, 23898
, 23897
, 23897
, 23896
, 23896
, 23895
, 23895
, 23894
, 23894
, 23893
, 23893
, 23892
, 23892
, 23891
, 23891
, 23890
, 23890
, 23889
, 23889
, 23888
, 23888
, 23887
, 23887
, 23886
, 23886
, 23885
, 23885
, 23884
, 23884
, 23883
, 23883
, 23882
, 23882
, 23881
, 23881
, 23880
, 23880
, 23879
, 23879
, 23878
, 23878
, 23877
, 23877
, 23876
, 23876
, 23875
, 23875
, 23874
, 23874
, 23873
, 23873
, 23872
, 23872
, 23871
, 23871
, 23870
, 23870
, 23869
, 23869
, 23868
, 23868
, 23867
, 23867
, 23866
, 23866
, 23865
, 23865
, 23864
, 23864
, 23863
, 23863
, 23862
, 23862
, 23861
, 23861
, 23860
, 23860
, 23859
, 23859
, 23858
, 23858
, 23857
, 23857
, 23856
, 23856
, 23855
, 23855
, 23854
, 23854
, 23853
, 23853
, 23852
, 23852
, 23851
, 23851
, 23850
, 23850
, 23849
, 23849
, 23848
, 23848
, 23847
, 23847
, 23846
, 23846
, 23845
, 23845
, 23844
, 23844
, 23843
, 23843
, 23842
, 23842
, 23841
, 23841
, 23840
, 23840
, 23839
, 23839
, 23838
, 23838
, 23837
, 23837
, 23836
, 23836
, 23835
, 23835
, 23834
, 23834
, 23833
, 23833
, 23832
, 23832
, 23831
, 23831
, 23830
, 23830
, 23829
, 23829
, 23828
, 23828
, 23827
, 23827
, 23826
, 23826
, 23825
, 23825
, 23824
, 23824
, 23823
, 23823
, 23822
, 23822
, 23821
, 23821
, 23820
, 23820
, 23819
, 23819
, 23818
, 23818
, 23817
, 23817
, 23816
, 23816
, 23815
, 23815
, 23814
, 23814
, 23813
, 23813
, 23812
, 23812
, 23811
, 23811
, 23810
, 23810
, 23809
, 23809
, 23808
, 23808
, 23807
, 23807
, 23806
, 23806
, 23805
, 23805
, 23804
, 23804
, 23803
, 23803
, 23802
, 23802
, 23801
, 23801
, 23800
, 23800
, 23799
, 23799
, 23798
, 23798
, 23797
, 23797
, 23796
, 23796
, 23795
, 23795
, 23794
, 23794
, 23793
, 23793
, 23792
, 23792
, 23791
, 23791
, 23790
, 23790
, 23789
, 23789
, 23788
, 23788
, 23787
, 23787
, 23786
, 23786
, 23785
, 23785
, 23784
, 23784
, 23783
, 23783
, 23782
, 23782
, 23781
, 23781
, 23780
, 23780
, 23779
, 23779
, 23778
, 23778
, 23777
, 23777
, 23776
, 23776
, 23775
, 23775
, 23774
, 23774
, 23773
, 23773
, 23772
, 23772
, 23771
, 23771
, 23770
, 23770
, 23769
, 23769
, 23768
, 23768
, 23767
, 23767
, 23766
, 23766
, 23765
, 23765
, 23764
, 23764
, 23763
, 23763
, 23762
, 23762
, 23761
, 23761
, 23760
, 23760
, 23759
, 23759
, 23758
, 23758
, 23757
, 23757
, 23756
, 23756
, 23755
, 23755
, 23754
, 23754
, 23753
, 23753
, 23752
, 23752
, 23751
, 23751
, 23750
, 23750
, 23749
, 23749
, 23748
, 23748
, 23747
, 23747
, 23746
, 23746
, 23745
, 23745
, 23744
, 23744
, 23743
, 23743
, 23742
, 23742
, 23741
, 23741
, 23740
, 23740
, 23739
, 23739
, 23738
, 23738
, 23737
, 23737
, 23736
, 23736
, 23735
, 23735
, 23734
, 23734
, 23733
, 23733
, 23732
, 23732
, 23731
, 23731
, 23730
, 23730
, 23729
, 23729
, 23728
, 23728
, 23727
, 23727
, 23726
, 23726
, 23725
, 23725
, 23724
, 23724
, 23723
, 23723
, 23722
, 23722
, 23721
, 23721
, 23720
, 23720
, 23719
, 23719
, 23718
, 23718
, 23717
, 23717
, 23716
, 23716
, 23715
, 23715
, 23714
, 23714
, 23713
, 23713
, 23712
, 23712
, 23711
, 23711
, 23710
, 23710
, 23709
, 23709
, 23708
, 23708
, 23707
, 23707
, 23706
, 23706
, 23705
, 23705
, 23704
, 23704
, 23703
, 23703
, 23702
, 23702
, 23701
, 23701
, 23700
, 23700
, 23699
, 23699
, 23698
, 23698
, 23697
, 23697
, 23696
, 23696
, 23695
, 23695
, 23694
, 23694
, 23693
, 23693
, 23692
, 23692
, 23691
, 23691
, 23690
, 23690
, 23689
, 23689
, 23688
, 23688
, 23687
, 23687
, 23686
, 23686
, 23685
, 23685
, 23684
, 23684
, 23683
, 23683
, 23682
, 23682
, 23681
, 23681
, 23680
, 23680
, 23679
, 23679
, 23678
, 23678
, 23677
, 23677
, 23676
, 23676
, 23675
, 23675
, 23674
, 23674
, 23673
, 23673
, 23672
, 23672
, 23671
, 23671
, 23670
, 23670
, 23669
, 23669
, 23668
, 23668
, 23667
, 23667
, 23666
, 23666
, 23665
, 23665
, 23664
, 23664
, 23663
, 23663
, 23662
, 23662
, 23661
, 23661
, 23660
, 23660
, 23659
, 23659
, 23658
, 23658
, 23657
, 23657
, 23656
, 23656
, 23655
, 23655
, 23654
, 23654
, 23653
, 23653
, 23652
, 23652
, 23651
, 23651
, 23650
, 23650
, 23649
, 23649
, 23648
, 23648
, 23647
, 23647
, 23646
, 23646
, 23645
, 23645
, 23644
, 23644
, 23643
, 23643
, 23642
, 23642
, 23641
, 23641
, 23640
, 23640
, 23639
, 23639
, 23638
, 23638
, 23637
, 23637
, 23636
, 23636
, 23635
, 23635
, 23634
, 23634
, 23633
, 23633
, 23632
, 23632
, 23631
, 23631
, 23630
, 23630
, 23629
, 23629
, 23628
, 23628
, 23627
, 23627
, 23626
, 23626
, 23625
, 23625
, 23624
, 23624
, 23623
, 23623
, 23622
, 23622
, 23621
, 23621
, 23620
, 23620
, 23619
, 23619
, 23618
, 23618
, 23617
, 23617
, 23616
, 23616
, 23615
, 23615
, 23614
, 23614
, 23613
, 23613
, 23612
, 23612
, 23611
, 23611
, 23610
, 23610
, 23609
, 23609
, 23608
, 23608
, 23607
, 23607
, 23606
, 23606
, 23605
, 23605
, 23604
, 23604
, 23603
, 23603
, 23602
, 23602
, 23601
, 23601
, 23600
, 23600
, 23599
, 23599
, 23598
, 23598
, 23597
, 23597
, 23596
, 23596
, 23595
, 23595
, 23594
, 23594
, 23593
, 23593
, 23592
, 23592
, 23591
, 23591
, 23590
, 23590
, 23589
, 23589
, 23588
, 23588
, 23587
, 23587
, 23586
, 23586
, 23585
, 23585
, 23584
, 23584
, 23583
, 23583
, 23582
, 23582
, 23581
, 23581
, 23580
, 23580
, 23579
, 23579
, 23578
, 23578
, 23577
, 23577
, 23576
, 23576
, 23575
, 23575
, 23574
, 23574
, 23573
, 23573
, 23572
, 23572
, 23571
, 23571
, 23570
, 23570
, 23569
, 23569
, 23568
, 23568
, 23567
, 23567
, 23566
, 23566
, 23565
, 23565
, 23564
, 23564
, 23563
, 23563
, 23562
, 23562
, 23561
, 23561
, 23560
, 23560
, 23559
, 23559
, 23558
, 23558
, 23557
, 23557
, 23556
, 23556
, 23555
, 23555
, 23554
, 23554
, 23553
, 23553
, 23552
, 23552
, 23551
, 23551
, 23550
, 23550
, 23549
, 23549
, 23548
, 23548
, 23547
, 23547
, 23546
, 23546
, 23545
, 23545
, 23544
, 23544
, 23543
, 23543
, 23542
, 23542
, 23541
, 23541
, 23540
, 23540
, 23539
, 23539
, 23538
, 23538
, 23537
, 23537
, 23536
, 23536
, 23535
, 23535
, 23534
, 23534
, 23533
, 23533
, 23532
, 23532
, 23531
, 23531
, 23530
, 23530
, 23529
, 23529
, 23528
, 23528
, 23527
, 23527
, 23526
, 23526
, 23525
, 23525
, 23524
, 23524
, 23523
, 23523
, 23522
, 23522
, 23521
, 23521
, 23520
, 23520
, 23519
, 23519
, 23518
, 23518
, 23517
, 23517
, 23516
, 23516
, 23515
, 23515
, 23514
, 23514
, 23513
, 23513
, 23512
, 23512
, 23511
, 23511
, 23510
, 23510
, 23509
, 23509
, 23508
, 23508
, 23507
, 23507
, 23506
, 23506
, 23505
, 23505
, 23504
, 23504
, 23503
, 23503
, 23502
, 23502
, 23501
, 23501
, 23500
, 23500
, 23499
, 23499
, 23498
, 23498
, 23497
, 23497
, 23496
, 23496
, 23495
, 23495
, 23494
, 23494
, 23493
, 23493
, 23492
, 23492
, 23491
, 23491
, 23490
, 23490
, 23489
, 23489
, 23488
, 23488
, 23487
, 23487
, 23486
, 23486
, 23485
, 23485
, 23484
, 23484
, 23483
, 23483
, 23482
, 23482
, 23481
, 23481
, 23480
, 23480
, 23479
, 23479
, 23478
, 23478
, 23477
, 23477
, 23476
, 23476
, 23475
, 23475
, 23474
, 23474
, 23473
, 23473
, 23472
, 23472
, 23471
, 23471
, 23470
, 23470
, 23469
, 23469
, 23468
, 23468
, 23467
, 23467
, 23466
, 23466
, 23465
, 23465
, 23464
, 23464
, 23463
, 23463
, 23462
, 23462
, 23461
, 23461
, 23460
, 23460
, 23459
, 23459
, 23458
, 23458
, 23457
, 23457
, 23456
, 23456
, 23455
, 23455
, 23454
, 23454
, 23453
, 23453
, 23452
, 23452
, 23451
, 23451
, 23450
, 23450
, 23449
, 23449
, 23448
, 23448
, 23447
, 23447
, 23446
, 23446
, 23445
, 23445
, 23444
, 23444
, 23443
, 23443
, 23442
, 23442
, 23441
, 23441
, 23440
, 23440
, 23439
, 23439
, 23438
, 23438
, 23437
, 23437
, 23436
, 23436
, 23435
, 23435
, 23434
, 23434
, 23433
, 23433
, 23432
, 23432
, 23431
, 23431
, 23430
, 23430
, 23429
, 23429
, 23428
, 23428
, 23427
, 23427
, 23426
, 23426
, 23425
, 23425
, 23424
, 23424
, 23423
, 23423
, 23422
, 23422
, 23421
, 23421
, 23420
, 23420
, 23419
, 23419
, 23418
, 23418
, 23417
, 23417
, 23416
, 23416
, 23415
, 23415
, 23414
, 23414
, 23413
, 23413
, 23412
, 23412
, 23411
, 23411
, 23410
, 23410
, 23409
, 23409
, 23408
, 23408
, 23407
, 23407
, 23406
, 23406
, 23405
, 23405
, 23404
, 23404
, 23403
, 23403
, 23402
, 23402
, 23401
, 23401
, 23400
, 23400
, 23399
, 23399
, 23398
, 23398
, 23397
, 23397
, 23396
, 23396
, 23395
, 23395
, 23394
, 23394
, 23393
, 23393
, 23392
, 23392
, 23391
, 23391
, 23390
, 23390
, 23389
, 23389
, 23388
, 23388
, 23387
, 23387
, 23386
, 23386
, 23385
, 23385
, 23384
, 23384
, 23383
, 23383
, 23382
, 23382
, 23381
, 23381
, 23380
, 23380
, 23379
, 23379
, 23378
, 23378
, 23377
, 23377
, 23376
, 23376
, 23375
, 23375
, 23374
, 23374
, 23373
, 23373
, 23372
, 23372
, 23371
, 23371
, 23370
, 23370
, 23369
, 23369
, 23368
, 23368
, 23367
, 23367
, 23366
, 23366
, 23365
, 23365
, 23364
, 23364
, 23363
, 23363
, 23362
, 23362
, 23361
, 23361
, 23360
, 23360
, 23359
, 23359
, 23358
, 23358
, 23357
, 23357
, 23356
, 23356
, 23355
, 23355
, 23354
, 23354
, 23353
, 23353
, 23352
, 23352
, 23351
, 23351
, 23350
, 23350
, 23349
, 23349
, 23348
, 23348
, 23347
, 23347
, 23346
, 23346
, 23345
, 23345
, 23344
, 23344
, 23343
, 23343
, 23342
, 23342
, 23341
, 23341
, 23340
, 23340
, 23339
, 23339
, 23338
, 23338
, 23337
, 23337
, 23336
, 23336
, 23335
, 23335
, 23334
, 23334
, 23333
, 23333
, 23332
, 23332
, 23331
, 23331
, 23330
, 23330
, 23329
, 23329
, 23328
, 23328
, 23327
, 23327
, 23326
, 23326
, 23325
, 23325
, 23324
, 23324
, 23323
, 23323
, 23322
, 23322
, 23321
, 23321
, 23320
, 23320
, 23319
, 23319
, 23318
, 23318
, 23317
, 23317
, 23316
, 23316
, 23315
, 23315
, 23314
, 23314
, 23313
, 23313
, 23312
, 23312
, 23311
, 23311
, 23310
, 23310
, 23309
, 23309
, 23308
, 23308
, 23307
, 23307
, 23306
, 23306
, 23305
, 23305
, 23304
, 23304
, 23303
, 23303
, 23302
, 23302
, 23301
, 23301
, 23300
, 23300
, 23299
, 23299
, 23298
, 23298
, 23297
, 23297
, 23296
, 23296
, 23295
, 23295
, 23294
, 23294
, 23293
, 23293
, 23292
, 23292
, 23291
, 23291
, 23290
, 23290
, 23289
, 23289
, 23288
, 23288
, 23287
, 23287
, 23286
, 23286
, 23285
, 23285
, 23284
, 23284
, 23283
, 23283
, 23282
, 23282
, 23281
, 23281
, 23280
, 23280
, 23279
, 23279
, 23278
, 23278
, 23277
, 23277
, 23276
, 23276
, 23275
, 23275
, 23274
, 23274
, 23273
, 23273
, 23272
, 23272
, 23271
, 23271
, 23270
, 23270
, 23269
, 23269
, 23268
, 23268
, 23267
, 23267
, 23266
, 23266
, 23265
, 23265
, 23264
, 23264
, 23263
, 23263
, 23262
, 23262
, 23261
, 23261
, 23260
, 23260
, 23259
, 23259
, 23258
, 23258
, 23257
, 23257
, 23256
, 23256
, 23255
, 23255
, 23254
, 23254
, 23253
, 23253
, 23252
, 23252
, 23251
, 23251
, 23250
, 23250
, 23249
, 23249
, 23248
, 23248
, 23247
, 23247
, 23246
, 23246
, 23245
, 23245
, 23244
, 23244
, 23243
, 23243
, 23242
, 23242
, 23241
, 23241
, 23240
, 23240
, 23239
, 23239
, 23238
, 23238
, 23237
, 23237
, 23236
, 23236
, 23235
, 23235
, 23234
, 23234
, 23233
, 23233
, 23232
, 23232
, 23231
, 23231
, 23230
, 23230
, 23229
, 23229
, 23228
, 23228
, 23227
, 23227
, 23226
, 23226
, 23225
, 23225
, 23224
, 23224
, 23223
, 23223
, 23222
, 23222
, 23221
, 23221
, 23220
, 23220
, 23219
, 23219
, 23218
, 23218
, 23217
, 23217
, 23216
, 23216
, 23215
, 23215
, 23214
, 23214
, 23213
, 23213
, 23212
, 23212
, 23211
, 23211
, 23210
, 23210
, 23209
, 23209
, 23208
, 23208
, 23207
, 23207
, 23206
, 23206
, 23205
, 23205
, 23204
, 23204
, 23203
, 23203
, 23202
, 23202
, 23201
, 23201
, 23200
, 23200
, 23199
, 23199
, 23198
, 23198
, 23197
, 23197
, 23196
, 23196
, 23195
, 23195
, 23194
, 23194
, 23193
, 23193
, 23192
, 23192
, 23191
, 23191
, 23190
, 23190
, 23189
, 23189
, 23188
, 23188
, 23187
, 23187
, 23186
, 23186
, 23185
, 23185
, 23184
, 23184
, 23183
, 23183
, 23182
, 23182
, 23181
, 23181
, 23180
, 23180
, 23179
, 23179
, 23178
, 23178
, 23177
, 23177
, 23176
, 23176
, 23175
, 23175
, 23174
, 23174
, 23173
, 23173
, 23172
, 23172
, 23171
, 23171
, 23170
, 23170
, 23169
, 23169
, 23168
, 23168
, 23167
, 23167
, 23166
, 23166
, 23165
, 23165
, 23164
, 23164
, 23163
, 23163
, 23162
, 23162
, 23161
, 23161
, 23160
, 23160
, 23159
, 23159
, 23158
, 23158
, 23157
, 23157
, 23156
, 23156
, 23155
, 23155
, 23154
, 23154
, 23153
, 23153
, 23152
, 23152
, 23151
, 23151
, 23150
, 23150
, 23149
, 23149
, 23148
, 23148
, 23147
, 23147
, 23146
, 23146
, 23145
, 23145
, 23144
, 23144
, 23143
, 23143
, 23142
, 23142
, 23141
, 23141
, 23140
, 23140
, 23139
, 23139
, 23138
, 23138
, 23137
, 23137
, 23136
, 23136
, 23135
, 23135
, 23134
, 23134
, 23133
, 23133
, 23132
, 23132
, 23131
, 23131
, 23130
, 23130
, 23129
, 23129
, 23128
, 23128
, 23127
, 23127
, 23126
, 23126
, 23125
, 23125
, 23124
, 23124
, 23123
, 23123
, 23122
, 23122
, 23121
, 23121
, 23120
, 23120
, 23119
, 23119
, 23118
, 23118
, 23117
, 23117
, 23116
, 23116
, 23115
, 23115
, 23114
, 23114
, 23113
, 23113
, 23112
, 23112
, 23111
, 23111
, 23110
, 23110
, 23109
, 23109
, 23108
, 23108
, 23107
, 23107
, 23106
, 23106
, 23105
, 23105
, 23104
, 23104
, 23103
, 23103
, 23102
, 23102
, 23101
, 23101
, 23100
, 23100
, 23099
, 23099
, 23098
, 23098
, 23097
, 23097
, 23096
, 23096
, 23095
, 23095
, 23094
, 23094
, 23093
, 23093
, 23092
, 23092
, 23091
, 23091
, 23090
, 23090
, 23089
, 23089
, 23088
, 23088
, 23087
, 23087
, 23086
, 23086
, 23085
, 23085
, 23084
, 23084
, 23083
, 23083
, 23082
, 23082
, 23081
, 23081
, 23080
, 23080
, 23079
, 23079
, 23078
, 23078
, 23077
, 23077
, 23076
, 23076
, 23075
, 23075
, 23074
, 23074
, 23073
, 23073
, 23072
, 23072
, 23071
, 23071
, 23070
, 23070
, 23069
, 23069
, 23068
, 23068
, 23067
, 23067
, 23066
, 23066
, 23065
, 23065
, 23064
, 23064
, 23063
, 23063
, 23062
, 23062
, 23061
, 23061
, 23060
, 23060
, 23059
, 23059
, 23058
, 23058
, 23057
, 23057
, 23056
, 23056
, 23055
, 23055
, 23054
, 23054
, 23053
, 23053
, 23052
, 23052
, 23051
, 23051
, 23050
, 23050
, 23049
, 23049
, 23048
, 23048
, 23047
, 23047
, 23046
, 23046
, 23045
, 23045
, 23044
, 23044
, 23043
, 23043
, 23042
, 23042
, 23041
, 23041
, 23040
, 23040
, 23039
, 23039
, 23038
, 23038
, 23037
, 23037
, 23036
, 23036
, 23035
, 23035
, 23034
, 23034
, 23033
, 23033
, 23032
, 23032
, 23031
, 23031
, 23030
, 23030
, 23029
, 23029
, 23028
, 23028
, 23027
, 23027
, 23026
, 23026
, 23025
, 23025
, 23024
, 23024
, 23023
, 23023
, 23022
, 23022
, 23021
, 23021
, 23020
, 23020
, 23019
, 23019
, 23018
, 23018
, 23017
, 23017
, 23016
, 23016
, 23015
, 23015
, 23014
, 23014
, 23013
, 23013
, 23012
, 23012
, 23011
, 23011
, 23010
, 23010
, 23009
, 23009
, 23008
, 23008
, 23007
, 23007
, 23006
, 23006
, 23005
, 23005
, 23004
, 23004
, 23003
, 23003
, 23002
, 23002
, 23001
, 23001
, 23000
, 23000
, 22999
, 22999
, 22998
, 22998
, 22997
, 22997
, 22996
, 22996
, 22995
, 22995
, 22994
, 22994
, 22993
, 22993
, 22992
, 22992
, 22991
, 22991
, 22990
, 22990
, 22989
, 22989
, 22988
, 22988
, 22987
, 22987
, 22986
, 22986
, 22985
, 22985
, 22984
, 22984
, 22983
, 22983
, 22982
, 22982
, 22981
, 22981
, 22980
, 22980
, 22979
, 22979
, 22978
, 22978
, 22977
, 22977
, 22976
, 22976
, 22975
, 22975
, 22974
, 22974
, 22973
, 22973
, 22972
, 22972
, 22971
, 22971
, 22970
, 22970
, 22969
, 22969
, 22968
, 22968
, 22967
, 22967
, 22966
, 22966
, 22965
, 22965
, 22964
, 22964
, 22963
, 22963
, 22962
, 22962
, 22961
, 22961
, 22960
, 22960
, 22959
, 22959
, 22958
, 22958
, 22957
, 22957
, 22956
, 22956
, 22955
, 22955
, 22954
, 22954
, 22953
, 22953
, 22952
, 22952
, 22951
, 22951
, 22950
, 22950
, 22949
, 22949
, 22948
, 22948
, 22947
, 22947
, 22946
, 22946
, 22945
, 22945
, 22944
, 22944
, 22943
, 22943
, 22942
, 22942
, 22941
, 22941
, 22940
, 22940
, 22939
, 22939
, 22938
, 22938
, 22937
, 22937
, 22936
, 22936
, 22935
, 22935
, 22934
, 22934
, 22933
, 22933
, 22932
, 22932
, 22931
, 22931
, 22930
, 22930
, 22929
, 22929
, 22928
, 22928
, 22927
, 22927
, 22926
, 22926
, 22925
, 22925
, 22924
, 22924
, 22923
, 22923
, 22922
, 22922
, 22921
, 22921
, 22920
, 22920
, 22919
, 22919
, 22918
, 22918
, 22917
, 22917
, 22916
, 22916
, 22915
, 22915
, 22914
, 22914
, 22913
, 22913
, 22912
, 22912
, 22911
, 22911
, 22910
, 22910
, 22909
, 22909
, 22908
, 22908
, 22907
, 22907
, 22906
, 22906
, 22905
, 22905
, 22904
, 22904
, 22903
, 22903
, 22902
, 22902
, 22901
, 22901
, 22900
, 22900
, 22899
, 22899
, 22898
, 22898
, 22897
, 22897
, 22896
, 22896
, 22895
, 22895
, 22894
, 22894
, 22893
, 22893
, 22892
, 22892
, 22891
, 22891
, 22890
, 22890
, 22889
, 22889
, 22888
, 22888
, 22887
, 22887
, 22886
, 22886
, 22885
, 22885
, 22884
, 22884
, 22883
, 22883
, 22882
, 22882
, 22881
, 22881
, 22880
, 22880
, 22879
, 22879
, 22878
, 22878
, 22877
, 22877
, 22876
, 22876
, 22875
, 22875
, 22874
, 22874
, 22873
, 22873
, 22872
, 22872
, 22871
, 22871
, 22870
, 22870
, 22869
, 22869
, 22868
, 22868
, 22867
, 22867
, 22866
, 22866
, 22865
, 22865
, 22864
, 22864
, 22863
, 22863
, 22862
, 22862
, 22861
, 22861
, 22860
, 22860
, 22859
, 22859
, 22858
, 22858
, 22857
, 22857
, 22856
, 22856
, 22855
, 22855
, 22854
, 22854
, 22853
, 22853
, 22852
, 22852
, 22851
, 22851
, 22850
, 22850
, 22849
, 22849
, 22848
, 22848
, 22847
, 22847
, 22846
, 22846
, 22845
, 22845
, 22844
, 22844
, 22843
, 22843
, 22842
, 22842
, 22841
, 22841
, 22840
, 22840
, 22839
, 22839
, 22838
, 22838
, 22837
, 22837
, 22836
, 22836
, 22835
, 22835
, 22834
, 22834
, 22833
, 22833
, 22832
, 22832
, 22831
, 22831
, 22830
, 22830
, 22829
, 22829
, 22828
, 22828
, 22827
, 22827
, 22826
, 22826
, 22825
, 22825
, 22824
, 22824
, 22823
, 22823
, 22822
, 22822
, 22821
, 22821
, 22820
, 22820
, 22819
, 22819
, 22818
, 22818
, 22817
, 22817
, 22816
, 22816
, 22815
, 22815
, 22814
, 22814
, 22813
, 22813
, 22812
, 22812
, 22811
, 22811
, 22810
, 22810
, 22809
, 22809
, 22808
, 22808
, 22807
, 22807
, 22806
, 22806
, 22805
, 22805
, 22804
, 22804
, 22803
, 22803
, 22802
, 22802
, 22801
, 22801
, 22800
, 22800
, 22799
, 22799
, 22798
, 22798
, 22797
, 22797
, 22796
, 22796
, 22795
, 22795
, 22794
, 22794
, 22793
, 22793
, 22792
, 22792
, 22791
, 22791
, 22790
, 22790
, 22789
, 22789
, 22788
, 22788
, 22787
, 22787
, 22786
, 22786
, 22785
, 22785
, 22784
, 22784
, 22783
, 22783
, 22782
, 22782
, 22781
, 22781
, 22780
, 22780
, 22779
, 22779
, 22778
, 22778
, 22777
, 22777
, 22776
, 22776
, 22775
, 22775
, 22774
, 22774
, 22773
, 22773
, 22772
, 22772
, 22771
, 22771
, 22770
, 22770
, 22769
, 22769
, 22768
, 22768
, 22767
, 22767
, 22766
, 22766
, 22765
, 22765
, 22764
, 22764
, 22763
, 22763
, 22762
, 22762
, 22761
, 22761
, 22760
, 22760
, 22759
, 22759
, 22758
, 22758
, 22757
, 22757
, 22756
, 22756
, 22755
, 22755
, 22754
, 22754
, 22753
, 22753
, 22752
, 22752
, 22751
, 22751
, 22750
, 22750
, 22749
, 22749
, 22748
, 22748
, 22747
, 22747
, 22746
, 22746
, 22745
, 22745
, 22744
, 22744
, 22743
, 22743
, 22742
, 22742
, 22741
, 22741
, 22740
, 22740
, 22739
, 22739
, 22738
, 22738
, 22737
, 22737
, 22736
, 22736
, 22735
, 22735
, 22734
, 22734
, 22733
, 22733
, 22732
, 22732
, 22731
, 22731
, 22730
, 22730
, 22729
, 22729
, 22728
, 22728
, 22727
, 22727
, 22726
, 22726
, 22725
, 22725
, 22724
, 22724
, 22723
, 22723
, 22722
, 22722
, 22721
, 22721
, 22720
, 22720
, 22719
, 22719
, 22718
, 22718
, 22717
, 22717
, 22716
, 22716
, 22715
, 22715
, 22714
, 22714
, 22713
, 22713
, 22712
, 22712
, 22711
, 22711
, 22710
, 22710
, 22709
, 22709
, 22708
, 22708
, 22707
, 22707
, 22706
, 22706
, 22705
, 22705
, 22704
, 22704
, 22703
, 22703
, 22702
, 22702
, 22701
, 22701
, 22700
, 22700
, 22699
, 22699
, 22698
, 22698
, 22697
, 22697
, 22696
, 22696
, 22695
, 22695
, 22694
, 22694
, 22693
, 22693
, 22692
, 22692
, 22691
, 22691
, 22690
, 22690
, 22689
, 22689
, 22688
, 22688
, 22687
, 22687
, 22686
, 22686
, 22685
, 22685
, 22684
, 22684
, 22683
, 22683
, 22682
, 22682
, 22681
, 22681
, 22680
, 22680
, 22679
, 22679
, 22678
, 22678
, 22677
, 22677
, 22676
, 22676
, 22675
, 22675
, 22674
, 22674
, 22673
, 22673
, 22672
, 22672
, 22671
, 22671
, 22670
, 22670
, 22669
, 22669
, 22668
, 22668
, 22667
, 22667
, 22666
, 22666
, 22665
, 22665
, 22664
, 22664
, 22663
, 22663
, 22662
, 22662
, 22661
, 22661
, 22660
, 22660
, 22659
, 22659
, 22658
, 22658
, 22657
, 22657
, 22656
, 22656
, 22655
, 22655
, 22654
, 22654
, 22653
, 22653
, 22652
, 22652
, 22651
, 22651
, 22650
, 22650
, 22649
, 22649
, 22648
, 22648
, 22647
, 22647
, 22646
, 22646
, 22645
, 22645
, 22644
, 22644
, 22643
, 22643
, 22642
, 22642
, 22641
, 22641
, 22640
, 22640
, 22639
, 22639
, 22638
, 22638
, 22637
, 22637
, 22636
, 22636
, 22635
, 22635
, 22634
, 22634
, 22633
, 22633
, 22632
, 22632
, 22631
, 22631
, 22630
, 22630
, 22629
, 22629
, 22628
, 22628
, 22627
, 22627
, 22626
, 22626
, 22625
, 22625
, 22624
, 22624
, 22623
, 22623
, 22622
, 22622
, 22621
, 22621
, 22620
, 22620
, 22619
, 22619
, 22618
, 22618
, 22617
, 22617
, 22616
, 22616
, 22615
, 22615
, 22614
, 22614
, 22613
, 22613
, 22612
, 22612
, 22611
, 22611
, 22610
, 22610
, 22609
, 22609
, 22608
, 22608
, 22607
, 22607
, 22606
, 22606
, 22605
, 22605
, 22604
, 22604
, 22603
, 22603
, 22602
, 22602
, 22601
, 22601
, 22600
, 22600
, 22599
, 22599
, 22598
, 22598
, 22597
, 22597
, 22596
, 22596
, 22595
, 22595
, 22594
, 22594
, 22593
, 22593
, 22592
, 22592
, 22591
, 22591
, 22590
, 22590
, 22589
, 22589
, 22588
, 22588
, 22587
, 22587
, 22586
, 22586
, 22585
, 22585
, 22584
, 22584
, 22583
, 22583
, 22582
, 22582
, 22581
, 22581
, 22580
, 22580
, 22579
, 22579
, 22578
, 22578
, 22577
, 22577
, 22576
, 22576
, 22575
, 22575
, 22574
, 22574
, 22573
, 22573
, 22572
, 22572
, 22571
, 22571
, 22570
, 22570
, 22569
, 22569
, 22568
, 22568
, 22567
, 22567
, 22566
, 22566
, 22565
, 22565
, 22564
, 22564
, 22563
, 22563
, 22562
, 22562
, 22561
, 22561
, 22560
, 22560
, 22559
, 22559
, 22558
, 22558
, 22557
, 22557
, 22556
, 22556
, 22555
, 22555
, 22554
, 22554
, 22553
, 22553
, 22552
, 22552
, 22551
, 22551
, 22550
, 22550
, 22549
, 22549
, 22548
, 22548
, 22547
, 22547
, 22546
, 22546
, 22545
, 22545
, 22544
, 22544
, 22543
, 22543
, 22542
, 22542
, 22541
, 22541
, 22540
, 22540
, 22539
, 22539
, 22538
, 22538
, 22537
, 22537
, 22536
, 22536
, 22535
, 22535
, 22534
, 22534
, 22533
, 22533
, 22532
, 22532
, 22531
, 22531
, 22530
, 22530
, 22529
, 22529
, 22528
, 22528
, 22527
, 22527
, 22526
, 22526
, 22525
, 22525
, 22524
, 22524
, 22523
, 22523
, 22522
, 22522
, 22521
, 22521
, 22520
, 22520
, 22519
, 22519
, 22518
, 22518
, 22517
, 22517
, 22516
, 22516
, 22515
, 22515
, 22514
, 22514
, 22513
, 22513
, 22512
, 22512
, 22511
, 22511
, 22510
, 22510
, 22509
, 22509
, 22508
, 22508
, 22507
, 22507
, 22506
, 22506
, 22505
, 22505
, 22504
, 22504
, 22503
, 22503
, 22502
, 22502
, 22501
, 22501
, 22500
, 22500
, 22499
, 22499
, 22498
, 22498
, 22497
, 22497
, 22496
, 22496
, 22495
, 22495
, 22494
, 22494
, 22493
, 22493
, 22492
, 22492
, 22491
, 22491
, 22490
, 22490
, 22489
, 22489
, 22488
, 22488
, 22487
, 22487
, 22486
, 22486
, 22485
, 22485
, 22484
, 22484
, 22483
, 22483
, 22482
, 22482
, 22481
, 22481
, 22480
, 22480
, 22479
, 22479
, 22478
, 22478
, 22477
, 22477
, 22476
, 22476
, 22475
, 22475
, 22474
, 22474
, 22473
, 22473
, 22472
, 22472
, 22471
, 22471
, 22470
, 22470
, 22469
, 22469
, 22468
, 22468
, 22467
, 22467
, 22466
, 22466
, 22465
, 22465
, 22464
, 22464
, 22463
, 22463
, 22462
, 22462
, 22461
, 22461
, 22460
, 22460
, 22459
, 22459
, 22458
, 22458
, 22457
, 22457
, 22456
, 22456
, 22455
, 22455
, 22454
, 22454
, 22453
, 22453
, 22452
, 22452
, 22451
, 22451
, 22450
, 22450
, 22449
, 22449
, 22448
, 22448
, 22447
, 22447
, 22446
, 22446
, 22445
, 22445
, 22444
, 22444
, 22443
, 22443
, 22442
, 22442
, 22441
, 22441
, 22440
, 22440
, 22439
, 22439
, 22438
, 22438
, 22437
, 22437
, 22436
, 22436
, 22435
, 22435
, 22434
, 22434
, 22433
, 22433
, 22432
, 22432
, 22431
, 22431
, 22430
, 22430
, 22429
, 22429
, 22428
, 22428
, 22427
, 22427
, 22426
, 22426
, 22425
, 22425
, 22424
, 22424
, 22423
, 22423
, 22422
, 22422
, 22421
, 22421
, 22420
, 22420
, 22419
, 22419
, 22418
, 22418
, 22417
, 22417
, 22416
, 22416
, 22415
, 22415
, 22414
, 22414
, 22413
, 22413
, 22412
, 22412
, 22411
, 22411
, 22410
, 22410
, 22409
, 22409
, 22408
, 22408
, 22407
, 22407
, 22406
, 22406
, 22405
, 22405
, 22404
, 22404
, 22403
, 22403
, 22402
, 22402
, 22401
, 22401
, 22400
, 22400
, 22399
, 22399
, 22398
, 22398
, 22397
, 22397
, 22396
, 22396
, 22395
, 22395
, 22394
, 22394
, 22393
, 22393
, 22392
, 22392
, 22391
, 22391
, 22390
, 22390
, 22389
, 22389
, 22388
, 22388
, 22387
, 22387
, 22386
, 22386
, 22385
, 22385
, 22384
, 22384
, 22383
, 22383
, 22382
, 22382
, 22381
, 22381
, 22380
, 22380
, 22379
, 22379
, 22378
, 22378
, 22377
, 22377
, 22376
, 22376
, 22375
, 22375
, 22374
, 22374
, 22373
, 22373
, 22372
, 22372
, 22371
, 22371
, 22370
, 22370
, 22369
, 22369
, 22368
, 22368
, 22367
, 22367
, 22366
, 22366
, 22365
, 22365
, 22364
, 22364
, 22363
, 22363
, 22362
, 22362
, 22361
, 22361
, 22360
, 22360
, 22359
, 22359
, 22358
, 22358
, 22357
, 22357
, 22356
, 22356
, 22355
, 22355
, 22354
, 22354
, 22353
, 22353
, 22352
, 22352
, 22351
, 22351
, 22350
, 22350
, 22349
, 22349
, 22348
, 22348
, 22347
, 22347
, 22346
, 22346
, 22345
, 22345
, 22344
, 22344
, 22343
, 22343
, 22342
, 22342
, 22341
, 22341
, 22340
, 22340
, 22339
, 22339
, 22338
, 22338
, 22337
, 22337
, 22336
, 22336
, 22335
, 22335
, 22334
, 22334
, 22333
, 22333
, 22332
, 22332
, 22331
, 22331
, 22330
, 22330
, 22329
, 22329
, 22328
, 22328
, 22327
, 22327
, 22326
, 22326
, 22325
, 22325
, 22324
, 22324
, 22323
, 22323
, 22322
, 22322
, 22321
, 22321
, 22320
, 22320
, 22319
, 22319
, 22318
, 22318
, 22317
, 22317
, 22316
, 22316
, 22315
, 22315
, 22314
, 22314
, 22313
, 22313
, 22312
, 22312
, 22311
, 22311
, 22310
, 22310
, 22309
, 22309
, 22308
, 22308
, 22307
, 22307
, 22306
, 22306
, 22305
, 22305
, 22304
, 22304
, 22303
, 22303
, 22302
, 22302
, 22301
, 22301
, 22300
, 22300
, 22299
, 22299
, 22298
, 22298
, 22297
, 22297
, 22296
, 22296
, 22295
, 22295
, 22294
, 22294
, 22293
, 22293
, 22292
, 22292
, 22291
, 22291
, 22290
, 22290
, 22289
, 22289
, 22288
, 22288
, 22287
, 22287
, 22286
, 22286
, 22285
, 22285
, 22284
, 22284
, 22283
, 22283
, 22282
, 22282
, 22281
, 22281
, 22280
, 22280
, 22279
, 22279
, 22278
, 22278
, 22277
, 22277
, 22276
, 22276
, 22275
, 22275
, 22274
, 22274
, 22273
, 22273
, 22272
, 22272
, 22271
, 22271
, 22270
, 22270
, 22269
, 22269
, 22268
, 22268
, 22267
, 22267
, 22266
, 22266
, 22265
, 22265
, 22264
, 22264
, 22263
, 22263
, 22262
, 22262
, 22261
, 22261
, 22260
, 22260
, 22259
, 22259
, 22258
, 22258
, 22257
, 22257
, 22256
, 22256
, 22255
, 22255
, 22254
, 22254
, 22253
, 22253
, 22252
, 22252
, 22251
, 22251
, 22250
, 22250
, 22249
, 22249
, 22248
, 22248
, 22247
, 22247
, 22246
, 22246
, 22245
, 22245
, 22244
, 22244
, 22243
, 22243
, 22242
, 22242
, 22241
, 22241
, 22240
, 22240
, 22239
, 22239
, 22238
, 22238
, 22237
, 22237
, 22236
, 22236
, 22235
, 22235
, 22234
, 22234
, 22233
, 22233
, 22232
, 22232
, 22231
, 22231
, 22230
, 22230
, 22229
, 22229
, 22228
, 22228
, 22227
, 22227
, 22226
, 22226
, 22225
, 22225
, 22224
, 22224
, 22223
, 22223
, 22222
, 22222
, 22221
, 22221
, 22220
, 22220
, 22219
, 22219
, 22218
, 22218
, 22217
, 22217
, 22216
, 22216
, 22215
, 22215
, 22214
, 22214
, 22213
, 22213
, 22212
, 22212
, 22211
, 22211
, 22210
, 22210
, 22209
, 22209
, 22208
, 22208
, 22207
, 22207
, 22206
, 22206
, 22205
, 22205
, 22204
, 22204
, 22203
, 22203
, 22202
, 22202
, 22201
, 22201
, 22200
, 22200
, 22199
, 22199
, 22198
, 22198
, 22197
, 22197
, 22196
, 22196
, 22195
, 22195
, 22194
, 22194
, 22193
, 22193
, 22192
, 22192
, 22191
, 22191
, 22190
, 22190
, 22189
, 22189
, 22188
, 22188
, 22187
, 22187
, 22186
, 22186
, 22185
, 22185
, 22184
, 22184
, 22183
, 22183
, 22182
, 22182
, 22181
, 22181
, 22180
, 22180
, 22179
, 22179
, 22178
, 22178
, 22177
, 22177
, 22176
, 22176
, 22175
, 22175
, 22174
, 22174
, 22173
, 22173
, 22172
, 22172
, 22171
, 22171
, 22170
, 22170
, 22169
, 22169
, 22168
, 22168
, 22167
, 22167
, 22166
, 22166
, 22165
, 22165
, 22164
, 22164
, 22163
, 22163
, 22162
, 22162
, 22161
, 22161
, 22160
, 22160
, 22159
, 22159
, 22158
, 22158
, 22157
, 22157
, 22156
, 22156
, 22155
, 22155
, 22154
, 22154
, 22153
, 22153
, 22152
, 22152
, 22151
, 22151
, 22150
, 22150
, 22149
, 22149
, 22148
, 22148
, 22147
, 22147
, 22146
, 22146
, 22145
, 22145
, 22144
, 22144
, 22143
, 22143
, 22142
, 22142
, 22141
, 22141
, 22140
, 22140
, 22139
, 22139
, 22138
, 22138
, 22137
, 22137
, 22136
, 22136
, 22135
, 22135
, 22134
, 22134
, 22133
, 22133
, 22132
, 22132
, 22131
, 22131
, 22130
, 22130
, 22129
, 22129
, 22128
, 22128
, 22127
, 22127
, 22126
, 22126
, 22125
, 22125
, 22124
, 22124
, 22123
, 22123
, 22122
, 22122
, 22121
, 22121
, 22120
, 22120
, 22119
, 22119
, 22118
, 22118
, 22117
, 22117
, 22116
, 22116
, 22115
, 22115
, 22114
, 22114
, 22113
, 22113
, 22112
, 22112
, 22111
, 22111
, 22110
, 22110
, 22109
, 22109
, 22108
, 22108
, 22107
, 22107
, 22106
, 22106
, 22105
, 22105
, 22104
, 22104
, 22103
, 22103
, 22102
, 22102
, 22101
, 22101
, 22100
, 22100
, 22099
, 22099
, 22098
, 22098
, 22097
, 22097
, 22096
, 22096
, 22095
, 22095
, 22094
, 22094
, 22093
, 22093
, 22092
, 22092
, 22091
, 22091
, 22090
, 22090
, 22089
, 22089
, 22088
, 22088
, 22087
, 22087
, 22086
, 22086
, 22085
, 22085
, 22084
, 22084
, 22083
, 22083
, 22082
, 22082
, 22081
, 22081
, 22080
, 22080
, 22079
, 22079
, 22078
, 22078
, 22077
, 22077
, 22076
, 22076
, 22075
, 22075
, 22074
, 22074
, 22073
, 22073
, 22072
, 22072
, 22071
, 22071
, 22070
, 22070
, 22069
, 22069
, 22068
, 22068
, 22067
, 22067
, 22066
, 22066
, 22065
, 22065
, 22064
, 22064
, 22063
, 22063
, 22062
, 22062
, 22061
, 22061
, 22060
, 22060
, 22059
, 22059
, 22058
, 22058
, 22057
, 22057
, 22056
, 22056
, 22055
, 22055
, 22054
, 22054
, 22053
, 22053
, 22052
, 22052
, 22051
, 22051
, 22050
, 22050
, 22049
, 22049
, 22048
, 22048
, 22047
, 22047
, 22046
, 22046
, 22045
, 22045
, 22044
, 22044
, 22043
, 22043
, 22042
, 22042
, 22041
, 22041
, 22040
, 22040
, 22039
, 22039
, 22038
, 22038
, 22037
, 22037
, 22036
, 22036
, 22035
, 22035
, 22034
, 22034
, 22033
, 22033
, 22032
, 22032
, 22031
, 22031
, 22030
, 22030
, 22029
, 22029
, 22028
, 22028
, 22027
, 22027
, 22026
, 22026
, 22025
, 22025
, 22024
, 22024
, 22023
, 22023
, 22022
, 22022
, 22021
, 22021
, 22020
, 22020
, 22019
, 22019
, 22018
, 22018
, 22017
, 22017
, 22016
, 22016
, 22015
, 22015
, 22014
, 22014
, 22013
, 22013
, 22012
, 22012
, 22011
, 22011
, 22010
, 22010
, 22009
, 22009
, 22008
, 22008
, 22007
, 22007
, 22006
, 22006
, 22005
, 22005
, 22004
, 22004
, 22003
, 22003
, 22002
, 22002
, 22001
, 22001
, 22000
, 22000
, 21999
, 21999
, 21998
, 21998
, 21997
, 21997
, 21996
, 21996
, 21995
, 21995
, 21994
, 21994
, 21993
, 21993
, 21992
, 21992
, 21991
, 21991
, 21990
, 21990
, 21989
, 21989
, 21988
, 21988
, 21987
, 21987
, 21986
, 21986
, 21985
, 21985
, 21984
, 21984
, 21983
, 21983
, 21982
, 21982
, 21981
, 21981
, 21980
, 21980
, 21979
, 21979
, 21978
, 21978
, 21977
, 21977
, 21976
, 21976
, 21975
, 21975
, 21974
, 21974
, 21973
, 21973
, 21972
, 21972
, 21971
, 21971
, 21970
, 21970
, 21969
, 21969
, 21968
, 21968
, 21967
, 21967
, 21966
, 21966
, 21965
, 21965
, 21964
, 21964
, 21963
, 21963
, 21962
, 21962
, 21961
, 21961
, 21960
, 21960
, 21959
, 21959
, 21958
, 21958
, 21957
, 21957
, 21956
, 21956
, 21955
, 21955
, 21954
, 21954
, 21953
, 21953
, 21952
, 21952
, 21951
, 21951
, 21950
, 21950
, 21949
, 21949
, 21948
, 21948
, 21947
, 21947
, 21946
, 21946
, 21945
, 21945
, 21944
, 21944
, 21943
, 21943
, 21942
, 21942
, 21941
, 21941
, 21940
, 21940
, 21939
, 21939
, 21938
, 21938
, 21937
, 21937
, 21936
, 21936
, 21935
, 21935
, 21934
, 21934
, 21933
, 21933
, 21932
, 21932
, 21931
, 21931
, 21930
, 21930
, 21929
, 21929
, 21928
, 21928
, 21927
, 21927
, 21926
, 21926
, 21925
, 21925
, 21924
, 21924
, 21923
, 21923
, 21922
, 21922
, 21921
, 21921
, 21920
, 21920
, 21919
, 21919
, 21918
, 21918
, 21917
, 21917
, 21916
, 21916
, 21915
, 21915
, 21914
, 21914
, 21913
, 21913
, 21912
, 21912
, 21911
, 21911
, 21910
, 21910
, 21909
, 21909
, 21908
, 21908
, 21907
, 21907
, 21906
, 21906
, 21905
, 21905
, 21904
, 21904
, 21903
, 21903
, 21902
, 21902
, 21901
, 21901
, 21900
, 21900
, 21899
, 21899
, 21898
, 21898
, 21897
, 21897
, 21896
, 21896
, 21895
, 21895
, 21894
, 21894
, 21893
, 21893
, 21892
, 21892
, 21891
, 21891
, 21890
, 21890
, 21889
, 21889
, 21888
, 21888
, 21887
, 21887
, 21886
, 21886
, 21885
, 21885
, 21884
, 21884
, 21883
, 21883
, 21882
, 21882
, 21881
, 21881
, 21880
, 21880
, 21879
, 21879
, 21878
, 21878
, 21877
, 21877
, 21876
, 21876
, 21875
, 21875
, 21874
, 21874
, 21873
, 21873
, 21872
, 21872
, 21871
, 21871
, 21870
, 21870
, 21869
, 21869
, 21868
, 21868
, 21867
, 21867
, 21866
, 21866
, 21865
, 21865
, 21864
, 21864
, 21863
, 21863
, 21862
, 21862
, 21861
, 21861
, 21860
, 21860
, 21859
, 21859
, 21858
, 21858
, 21857
, 21857
, 21856
, 21856
, 21855
, 21855
, 21854
, 21854
, 21853
, 21853
, 21852
, 21852
, 21851
, 21851
, 21850
, 21850
, 21849
, 21849
, 21848
, 21848
, 21847
, 21847
, 21846
, 21846
, 21845
, 21845
, 21844
, 21844
, 21843
, 21843
, 21842
, 21842
, 21841
, 21841
, 21840
, 21840
, 21839
, 21839
, 21838
, 21838
, 21837
, 21837
, 21836
, 21836
, 21835
, 21835
, 21834
, 21834
, 21833
, 21833
, 21832
, 21832
, 21831
, 21831
, 21830
, 21830
, 21829
, 21829
, 21828
, 21828
, 21827
, 21827
, 21826
, 21826
, 21825
, 21825
, 21824
, 21824
, 21823
, 21823
, 21822
, 21822
, 21821
, 21821
, 21820
, 21820
, 21819
, 21819
, 21818
, 21818
, 21817
, 21817
, 21816
, 21816
, 21815
, 21815
, 21814
, 21814
, 21813
, 21813
, 21812
, 21812
, 21811
, 21811
, 21810
, 21810
, 21809
, 21809
, 21808
, 21808
, 21807
, 21807
, 21806
, 21806
, 21805
, 21805
, 21804
, 21804
, 21803
, 21803
, 21802
, 21802
, 21801
, 21801
, 21800
, 21800
, 21799
, 21799
, 21798
, 21798
, 21797
, 21797
, 21796
, 21796
, 21795
, 21795
, 21794
, 21794
, 21793
, 21793
, 21792
, 21792
, 21791
, 21791
, 21790
, 21790
, 21789
, 21789
, 21788
, 21788
, 21787
, 21787
, 21786
, 21786
, 21785
, 21785
, 21784
, 21784
, 21783
, 21783
, 21782
, 21782
, 21781
, 21781
, 21780
, 21780
, 21779
, 21779
, 21778
, 21778
, 21777
, 21777
, 21776
, 21776
, 21775
, 21775
, 21774
, 21774
, 21773
, 21773
, 21772
, 21772
, 21771
, 21771
, 21770
, 21770
, 21769
, 21769
, 21768
, 21768
, 21767
, 21767
, 21766
, 21766
, 21765
, 21765
, 21764
, 21764
, 21763
, 21763
, 21762
, 21762
, 21761
, 21761
, 21760
, 21760
, 21759
, 21759
, 21758
, 21758
, 21757
, 21757
, 21756
, 21756
, 21755
, 21755
, 21754
, 21754
, 21753
, 21753
, 21752
, 21752
, 21751
, 21751
, 21750
, 21750
, 21749
, 21749
, 21748
, 21748
, 21747
, 21747
, 21746
, 21746
, 21745
, 21745
, 21744
, 21744
, 21743
, 21743
, 21742
, 21742
, 21741
, 21741
, 21740
, 21740
, 21739
, 21739
, 21738
, 21738
, 21737
, 21737
, 21736
, 21736
, 21735
, 21735
, 21734
, 21734
, 21733
, 21733
, 21732
, 21732
, 21731
, 21731
, 21730
, 21730
, 21729
, 21729
, 21728
, 21728
, 21727
, 21727
, 21726
, 21726
, 21725
, 21725
, 21724
, 21724
, 21723
, 21723
, 21722
, 21722
, 21721
, 21721
, 21720
, 21720
, 21719
, 21719
, 21718
, 21718
, 21717
, 21717
, 21716
, 21716
, 21715
, 21715
, 21714
, 21714
, 21713
, 21713
, 21712
, 21712
, 21711
, 21711
, 21710
, 21710
, 21709
, 21709
, 21708
, 21708
, 21707
, 21707
, 21706
, 21706
, 21705
, 21705
, 21704
, 21704
, 21703
, 21703
, 21702
, 21702
, 21701
, 21701
, 21700
, 21700
, 21699
, 21699
, 21698
, 21698
, 21697
, 21697
, 21696
, 21696
, 21695
, 21695
, 21694
, 21694
, 21693
, 21693
, 21692
, 21692
, 21691
, 21691
, 21690
, 21690
, 21689
, 21689
, 21688
, 21688
, 21687
, 21687
, 21686
, 21686
, 21685
, 21685
, 21684
, 21684
, 21683
, 21683
, 21682
, 21682
, 21681
, 21681
, 21680
, 21680
, 21679
, 21679
, 21678
, 21678
, 21677
, 21677
, 21676
, 21676
, 21675
, 21675
, 21674
, 21674
, 21673
, 21673
, 21672
, 21672
, 21671
, 21671
, 21670
, 21670
, 21669
, 21669
, 21668
, 21668
, 21667
, 21667
, 21666
, 21666
, 21665
, 21665
, 21664
, 21664
, 21663
, 21663
, 21662
, 21662
, 21661
, 21661
, 21660
, 21660
, 21659
, 21659
, 21658
, 21658
, 21657
, 21657
, 21656
, 21656
, 21655
, 21655
, 21654
, 21654
, 21653
, 21653
, 21652
, 21652
, 21651
, 21651
, 21650
, 21650
, 21649
, 21649
, 21648
, 21648
, 21647
, 21647
, 21646
, 21646
, 21645
, 21645
, 21644
, 21644
, 21643
, 21643
, 21642
, 21642
, 21641
, 21641
, 21640
, 21640
, 21639
, 21639
, 21638
, 21638
, 21637
, 21637
, 21636
, 21636
, 21635
, 21635
, 21634
, 21634
, 21633
, 21633
, 21632
, 21632
, 21631
, 21631
, 21630
, 21630
, 21629
, 21629
, 21628
, 21628
, 21627
, 21627
, 21626
, 21626
, 21625
, 21625
, 21624
, 21624
, 21623
, 21623
, 21622
, 21622
, 21621
, 21621
, 21620
, 21620
, 21619
, 21619
, 21618
, 21618
, 21617
, 21617
, 21616
, 21616
, 21615
, 21615
, 21614
, 21614
, 21613
, 21613
, 21612
, 21612
, 21611
, 21611
, 21610
, 21610
, 21609
, 21609
, 21608
, 21608
, 21607
, 21607
, 21606
, 21606
, 21605
, 21605
, 21604
, 21604
, 21603
, 21603
, 21602
, 21602
, 21601
, 21601
, 21600
, 21600
, 21599
, 21599
, 21598
, 21598
, 21597
, 21597
, 21596
, 21596
, 21595
, 21595
, 21594
, 21594
, 21593
, 21593
, 21592
, 21592
, 21591
, 21591
, 21590
, 21590
, 21589
, 21589
, 21588
, 21588
, 21587
, 21587
, 21586
, 21586
, 21585
, 21585
, 21584
, 21584
, 21583
, 21583
, 21582
, 21582
, 21581
, 21581
, 21580
, 21580
, 21579
, 21579
, 21578
, 21578
, 21577
, 21577
, 21576
, 21576
, 21575
, 21575
, 21574
, 21574
, 21573
, 21573
, 21572
, 21572
, 21571
, 21571
, 21570
, 21570
, 21569
, 21569
, 21568
, 21568
, 21567
, 21567
, 21566
, 21566
, 21565
, 21565
, 21564
, 21564
, 21563
, 21563
, 21562
, 21562
, 21561
, 21561
, 21560
, 21560
, 21559
, 21559
, 21558
, 21558
, 21557
, 21557
, 21556
, 21556
, 21555
, 21555
, 21554
, 21554
, 21553
, 21553
, 21552
, 21552
, 21551
, 21551
, 21550
, 21550
, 21549
, 21549
, 21548
, 21548
, 21547
, 21547
, 21546
, 21546
, 21545
, 21545
, 21544
, 21544
, 21543
, 21543
, 21542
, 21542
, 21541
, 21541
, 21540
, 21540
, 21539
, 21539
, 21538
, 21538
, 21537
, 21537
, 21536
, 21536
, 21535
, 21535
, 21534
, 21534
, 21533
, 21533
, 21532
, 21532
, 21531
, 21531
, 21530
, 21530
, 21529
, 21529
, 21528
, 21528
, 21527
, 21527
, 21526
, 21526
, 21525
, 21525
, 21524
, 21524
, 21523
, 21523
, 21522
, 21522
, 21521
, 21521
, 21520
, 21520
, 21519
, 21519
, 21518
, 21518
, 21517
, 21517
, 21516
, 21516
, 21515
, 21515
, 21514
, 21514
, 21513
, 21513
, 21512
, 21512
, 21511
, 21511
, 21510
, 21510
, 21509
, 21509
, 21508
, 21508
, 21507
, 21507
, 21506
, 21506
, 21505
, 21505
, 21504
, 21504
, 21503
, 21503
, 21502
, 21502
, 21501
, 21501
, 21500
, 21500
, 21499
, 21499
, 21498
, 21498
, 21497
, 21497
, 21496
, 21496
, 21495
, 21495
, 21494
, 21494
, 21493
, 21493
, 21492
, 21492
, 21491
, 21491
, 21490
, 21490
, 21489
, 21489
, 21488
, 21488
, 21487
, 21487
, 21486
, 21486
, 21485
, 21485
, 21484
, 21484
, 21483
, 21483
, 21482
, 21482
, 21481
, 21481
, 21480
, 21480
, 21479
, 21479
, 21478
, 21478
, 21477
, 21477
, 21476
, 21476
, 21475
, 21475
, 21474
, 21474
, 21473
, 21473
, 21472
, 21472
, 21471
, 21471
, 21470
, 21470
, 21469
, 21469
, 21468
, 21468
, 21467
, 21467
, 21466
, 21466
, 21465
, 21465
, 21464
, 21464
, 21463
, 21463
, 21462
, 21462
, 21461
, 21461
, 21460
, 21460
, 21459
, 21459
, 21458
, 21458
, 21457
, 21457
, 21456
, 21456
, 21455
, 21455
, 21454
, 21454
, 21453
, 21453
, 21452
, 21452
, 21451
, 21451
, 21450
, 21450
, 21449
, 21449
, 21448
, 21448
, 21447
, 21447
, 21446
, 21446
, 21445
, 21445
, 21444
, 21444
, 21443
, 21443
, 21442
, 21442
, 21441
, 21441
, 21440
, 21440
, 21439
, 21439
, 21438
, 21438
, 21437
, 21437
, 21436
, 21436
, 21435
, 21435
, 21434
, 21434
, 21433
, 21433
, 21432
, 21432
, 21431
, 21431
, 21430
, 21430
, 21429
, 21429
, 21428
, 21428
, 21427
, 21427
, 21426
, 21426
, 21425
, 21425
, 21424
, 21424
, 21423
, 21423
, 21422
, 21422
, 21421
, 21421
, 21420
, 21420
, 21419
, 21419
, 21418
, 21418
, 21417
, 21417
, 21416
, 21416
, 21415
, 21415
, 21414
, 21414
, 21413
, 21413
, 21412
, 21412
, 21411
, 21411
, 21410
, 21410
, 21409
, 21409
, 21408
, 21408
, 21407
, 21407
, 21406
, 21406
, 21405
, 21405
, 21404
, 21404
, 21403
, 21403
, 21402
, 21402
, 21401
, 21401
, 21400
, 21400
, 21399
, 21399
, 21398
, 21398
, 21397
, 21397
, 21396
, 21396
, 21395
, 21395
, 21394
, 21394
, 21393
, 21393
, 21392
, 21392
, 21391
, 21391
, 21390
, 21390
, 21389
, 21389
, 21388
, 21388
, 21387
, 21387
, 21386
, 21386
, 21385
, 21385
, 21384
, 21384
, 21383
, 21383
, 21382
, 21382
, 21381
, 21381
, 21380
, 21380
, 21379
, 21379
, 21378
, 21378
, 21377
, 21377
, 21376
, 21376
, 21375
, 21375
, 21374
, 21374
, 21373
, 21373
, 21372
, 21372
, 21371
, 21371
, 21370
, 21370
, 21369
, 21369
, 21368
, 21368
, 21367
, 21367
, 21366
, 21366
, 21365
, 21365
, 21364
, 21364
, 21363
, 21363
, 21362
, 21362
, 21361
, 21361
, 21360
, 21360
, 21359
, 21359
, 21358
, 21358
, 21357
, 21357
, 21356
, 21356
, 21355
, 21355
, 21354
, 21354
, 21353
, 21353
, 21352
, 21352
, 21351
, 21351
, 21350
, 21350
, 21349
, 21349
, 21348
, 21348
, 21347
, 21347
, 21346
, 21346
, 21345
, 21345
, 21344
, 21344
, 21343
, 21343
, 21342
, 21342
, 21341
, 21341
, 21340
, 21340
, 21339
, 21339
, 21338
, 21338
, 21337
, 21337
, 21336
, 21336
, 21335
, 21335
, 21334
, 21334
, 21333
, 21333
, 21332
, 21332
, 21331
, 21331
, 21330
, 21330
, 21329
, 21329
, 21328
, 21328
, 21327
, 21327
, 21326
, 21326
, 21325
, 21325
, 21324
, 21324
, 21323
, 21323
, 21322
, 21322
, 21321
, 21321
, 21320
, 21320
, 21319
, 21319
, 21318
, 21318
, 21317
, 21317
, 21316
, 21316
, 21315
, 21315
, 21314
, 21314
, 21313
, 21313
, 21312
, 21312
, 21311
, 21311
, 21310
, 21310
, 21309
, 21309
, 21308
, 21308
, 21307
, 21307
, 21306
, 21306
, 21305
, 21305
, 21304
, 21304
, 21303
, 21303
, 21302
, 21302
, 21301
, 21301
, 21300
, 21300
, 21299
, 21299
, 21298
, 21298
, 21297
, 21297
, 21296
, 21296
, 21295
, 21295
, 21294
, 21294
, 21293
, 21293
, 21292
, 21292
, 21291
, 21291
, 21290
, 21290
, 21289
, 21289
, 21288
, 21288
, 21287
, 21287
, 21286
, 21286
, 21285
, 21285
, 21284
, 21284
, 21283
, 21283
, 21282
, 21282
, 21281
, 21281
, 21280
, 21280
, 21279
, 21279
, 21278
, 21278
, 21277
, 21277
, 21276
, 21276
, 21275
, 21275
, 21274
, 21274
, 21273
, 21273
, 21272
, 21272
, 21271
, 21271
, 21270
, 21270
, 21269
, 21269
, 21268
, 21268
, 21267
, 21267
, 21266
, 21266
, 21265
, 21265
, 21264
, 21264
, 21263
, 21263
, 21262
, 21262
, 21261
, 21261
, 21260
, 21260
, 21259
, 21259
, 21258
, 21258
, 21257
, 21257
, 21256
, 21256
, 21255
, 21255
, 21254
, 21254
, 21253
, 21253
, 21252
, 21252
, 21251
, 21251
, 21250
, 21250
, 21249
, 21249
, 21248
, 21248
, 21247
, 21247
, 21246
, 21246
, 21245
, 21245
, 21244
, 21244
, 21243
, 21243
, 21242
, 21242
, 21241
, 21241
, 21240
, 21240
, 21239
, 21239
, 21238
, 21238
, 21237
, 21237
, 21236
, 21236
, 21235
, 21235
, 21234
, 21234
, 21233
, 21233
, 21232
, 21232
, 21231
, 21231
, 21230
, 21230
, 21229
, 21229
, 21228
, 21228
, 21227
, 21227
, 21226
, 21226
, 21225
, 21225
, 21224
, 21224
, 21223
, 21223
, 21222
, 21222
, 21221
, 21221
, 21220
, 21220
, 21219
, 21219
, 21218
, 21218
, 21217
, 21217
, 21216
, 21216
, 21215
, 21215
, 21214
, 21214
, 21213
, 21213
, 21212
, 21212
, 21211
, 21211
, 21210
, 21210
, 21209
, 21209
, 21208
, 21208
, 21207
, 21207
, 21206
, 21206
, 21205
, 21205
, 21204
, 21204
, 21203
, 21203
, 21202
, 21202
, 21201
, 21201
, 21200
, 21200
, 21199
, 21199
, 21198
, 21198
, 21197
, 21197
, 21196
, 21196
, 21195
, 21195
, 21194
, 21194
, 21193
, 21193
, 21192
, 21192
, 21191
, 21191
, 21190
, 21190
, 21189
, 21189
, 21188
, 21188
, 21187
, 21187
, 21186
, 21186
, 21185
, 21185
, 21184
, 21184
, 21183
, 21183
, 21182
, 21182
, 21181
, 21181
, 21180
, 21180
, 21179
, 21179
, 21178
, 21178
, 21177
, 21177
, 21176
, 21176
, 21175
, 21175
, 21174
, 21174
, 21173
, 21173
, 21172
, 21172
, 21171
, 21171
, 21170
, 21170
, 21169
, 21169
, 21168
, 21168
, 21167
, 21167
, 21166
, 21166
, 21165
, 21165
, 21164
, 21164
, 21163
, 21163
, 21162
, 21162
, 21161
, 21161
, 21160
, 21160
, 21159
, 21159
, 21158
, 21158
, 21157
, 21157
, 21156
, 21156
, 21155
, 21155
, 21154
, 21154
, 21153
, 21153
, 21152
, 21152
, 21151
, 21151
, 21150
, 21150
, 21149
, 21149
, 21148
, 21148
, 21147
, 21147
, 21146
, 21146
, 21145
, 21145
, 21144
, 21144
, 21143
, 21143
, 21142
, 21142
, 21141
, 21141
, 21140
, 21140
, 21139
, 21139
, 21138
, 21138
, 21137
, 21137
, 21136
, 21136
, 21135
, 21135
, 21134
, 21134
, 21133
, 21133
, 21132
, 21132
, 21131
, 21131
, 21130
, 21130
, 21129
, 21129
, 21128
, 21128
, 21127
, 21127
, 21126
, 21126
, 21125
, 21125
, 21124
, 21124
, 21123
, 21123
, 21122
, 21122
, 21121
, 21121
, 21120
, 21120
, 21119
, 21119
, 21118
, 21118
, 21117
, 21117
, 21116
, 21116
, 21115
, 21115
, 21114
, 21114
, 21113
, 21113
, 21112
, 21112
, 21111
, 21111
, 21110
, 21110
, 21109
, 21109
, 21108
, 21108
, 21107
, 21107
, 21106
, 21106
, 21105
, 21105
, 21104
, 21104
, 21103
, 21103
, 21102
, 21102
, 21101
, 21101
, 21100
, 21100
, 21099
, 21099
, 21098
, 21098
, 21097
, 21097
, 21096
, 21096
, 21095
, 21095
, 21094
, 21094
, 21093
, 21093
, 21092
, 21092
, 21091
, 21091
, 21090
, 21090
, 21089
, 21089
, 21088
, 21088
, 21087
, 21087
, 21086
, 21086
, 21085
, 21085
, 21084
, 21084
, 21083
, 21083
, 21082
, 21082
, 21081
, 21081
, 21080
, 21080
, 21079
, 21079
, 21078
, 21078
, 21077
, 21077
, 21076
, 21076
, 21075
, 21075
, 21074
, 21074
, 21073
, 21073
, 21072
, 21072
, 21071
, 21071
, 21070
, 21070
, 21069
, 21069
, 21068
, 21068
, 21067
, 21067
, 21066
, 21066
, 21065
, 21065
, 21064
, 21064
, 21063
, 21063
, 21062
, 21062
, 21061
, 21061
, 21060
, 21060
, 21059
, 21059
, 21058
, 21058
, 21057
, 21057
, 21056
, 21056
, 21055
, 21055
, 21054
, 21054
, 21053
, 21053
, 21052
, 21052
, 21051
, 21051
, 21050
, 21050
, 21049
, 21049
, 21048
, 21048
, 21047
, 21047
, 21046
, 21046
, 21045
, 21045
, 21044
, 21044
, 21043
, 21043
, 21042
, 21042
, 21041
, 21041
, 21040
, 21040
, 21039
, 21039
, 21038
, 21038
, 21037
, 21037
, 21036
, 21036
, 21035
, 21035
, 21034
, 21034
, 21033
, 21033
, 21032
, 21032
, 21031
, 21031
, 21030
, 21030
, 21029
, 21029
, 21028
, 21028
, 21027
, 21027
, 21026
, 21026
, 21025
, 21025
, 21024
, 21024
, 21023
, 21023
, 21022
, 21022
, 21021
, 21021
, 21020
, 21020
, 21019
, 21019
, 21018
, 21018
, 21017
, 21017
, 21016
, 21016
, 21015
, 21015
, 21014
, 21014
, 21013
, 21013
, 21012
, 21012
, 21011
, 21011
, 21010
, 21010
, 21009
, 21009
, 21008
, 21008
, 21007
, 21007
, 21006
, 21006
, 21005
, 21005
, 21004
, 21004
, 21003
, 21003
, 21002
, 21002
, 21001
, 21001
, 21000
, 21000
, 20999
, 20999
, 20998
, 20998
, 20997
, 20997
, 20996
, 20996
, 20995
, 20995
, 20994
, 20994
, 20993
, 20993
, 20992
, 20992
, 20991
, 20991
, 20990
, 20990
, 20989
, 20989
, 20988
, 20988
, 20987
, 20987
, 20986
, 20986
, 20985
, 20985
, 20984
, 20984
, 20983
, 20983
, 20982
, 20982
, 20981
, 20981
, 20980
, 20980
, 20979
, 20979
, 20978
, 20978
, 20977
, 20977
, 20976
, 20976
, 20975
, 20975
, 20974
, 20974
, 20973
, 20973
, 20972
, 20972
, 20971
, 20971
, 20970
, 20970
, 20969
, 20969
, 20968
, 20968
, 20967
, 20967
, 20966
, 20966
, 20965
, 20965
, 20964
, 20964
, 20963
, 20963
, 20962
, 20962
, 20961
, 20961
, 20960
, 20960
, 20959
, 20959
, 20958
, 20958
, 20957
, 20957
, 20956
, 20956
, 20955
, 20955
, 20954
, 20954
, 20953
, 20953
, 20952
, 20952
, 20951
, 20951
, 20950
, 20950
, 20949
, 20949
, 20948
, 20948
, 20947
, 20947
, 20946
, 20946
, 20945
, 20945
, 20944
, 20944
, 20943
, 20943
, 20942
, 20942
, 20941
, 20941
, 20940
, 20940
, 20939
, 20939
, 20938
, 20938
, 20937
, 20937
, 20936
, 20936
, 20935
, 20935
, 20934
, 20934
, 20933
, 20933
, 20932
, 20932
, 20931
, 20931
, 20930
, 20930
, 20929
, 20929
, 20928
, 20928
, 20927
, 20927
, 20926
, 20926
, 20925
, 20925
, 20924
, 20924
, 20923
, 20923
, 20922
, 20922
, 20921
, 20921
, 20920
, 20920
, 20919
, 20919
, 20918
, 20918
, 20917
, 20917
, 20916
, 20916
, 20915
, 20915
, 20914
, 20914
, 20913
, 20913
, 20912
, 20912
, 20911
, 20911
, 20910
, 20910
, 20909
, 20909
, 20908
, 20908
, 20907
, 20907
, 20906
, 20906
, 20905
, 20905
, 20904
, 20904
, 20903
, 20903
, 20902
, 20902
, 20901
, 20901
, 20900
, 20900
, 20899
, 20899
, 20898
, 20898
, 20897
, 20897
, 20896
, 20896
, 20895
, 20895
, 20894
, 20894
, 20893
, 20893
, 20892
, 20892
, 20891
, 20891
, 20890
, 20890
, 20889
, 20889
, 20888
, 20888
, 20887
, 20887
, 20886
, 20886
, 20885
, 20885
, 20884
, 20884
, 20883
, 20883
, 20882
, 20882
, 20881
, 20881
, 20880
, 20880
, 20879
, 20879
, 20878
, 20878
, 20877
, 20877
, 20876
, 20876
, 20875
, 20875
, 20874
, 20874
, 20873
, 20873
, 20872
, 20872
, 20871
, 20871
, 20870
, 20870
, 20869
, 20869
, 20868
, 20868
, 20867
, 20867
, 20866
, 20866
, 20865
, 20865
, 20864
, 20864
, 20863
, 20863
, 20862
, 20862
, 20861
, 20861
, 20860
, 20860
, 20859
, 20859
, 20858
, 20858
, 20857
, 20857
, 20856
, 20856
, 20855
, 20855
, 20854
, 20854
, 20853
, 20853
, 20852
, 20852
, 20851
, 20851
, 20850
, 20850
, 20849
, 20849
, 20848
, 20848
, 20847
, 20847
, 20846
, 20846
, 20845
, 20845
, 20844
, 20844
, 20843
, 20843
, 20842
, 20842
, 20841
, 20841
, 20840
, 20840
, 20839
, 20839
, 20838
, 20838
, 20837
, 20837
, 20836
, 20836
, 20835
, 20835
, 20834
, 20834
, 20833
, 20833
, 20832
, 20832
, 20831
, 20831
, 20830
, 20830
, 20829
, 20829
, 20828
, 20828
, 20827
, 20827
, 20826
, 20826
, 20825
, 20825
, 20824
, 20824
, 20823
, 20823
, 20822
, 20822
, 20821
, 20821
, 20820
, 20820
, 20819
, 20819
, 20818
, 20818
, 20817
, 20817
, 20816
, 20816
, 20815
, 20815
, 20814
, 20814
, 20813
, 20813
, 20812
, 20812
, 20811
, 20811
, 20810
, 20810
, 20809
, 20809
, 20808
, 20808
, 20807
, 20807
, 20806
, 20806
, 20805
, 20805
, 20804
, 20804
, 20803
, 20803
, 20802
, 20802
, 20801
, 20801
, 20800
, 20800
, 20799
, 20799
, 20798
, 20798
, 20797
, 20797
, 20796
, 20796
, 20795
, 20795
, 20794
, 20794
, 20793
, 20793
, 20792
, 20792
, 20791
, 20791
, 20790
, 20790
, 20789
, 20789
, 20788
, 20788
, 20787
, 20787
, 20786
, 20786
, 20785
, 20785
, 20784
, 20784
, 20783
, 20783
, 20782
, 20782
, 20781
, 20781
, 20780
, 20780
, 20779
, 20779
, 20778
, 20778
, 20777
, 20777
, 20776
, 20776
, 20775
, 20775
, 20774
, 20774
, 20773
, 20773
, 20772
, 20772
, 20771
, 20771
, 20770
, 20770
, 20769
, 20769
, 20768
, 20768
, 20767
, 20767
, 20766
, 20766
, 20765
, 20765
, 20764
, 20764
, 20763
, 20763
, 20762
, 20762
, 20761
, 20761
, 20760
, 20760
, 20759
, 20759
, 20758
, 20758
, 20757
, 20757
, 20756
, 20756
, 20755
, 20755
, 20754
, 20754
, 20753
, 20753
, 20752
, 20752
, 20751
, 20751
, 20750
, 20750
, 20749
, 20749
, 20748
, 20748
, 20747
, 20747
, 20746
, 20746
, 20745
, 20745
, 20744
, 20744
, 20743
, 20743
, 20742
, 20742
, 20741
, 20741
, 20740
, 20740
, 20739
, 20739
, 20738
, 20738
, 20737
, 20737
, 20736
, 20736
, 20735
, 20735
, 20734
, 20734
, 20733
, 20733
, 20732
, 20732
, 20731
, 20731
, 20730
, 20730
, 20729
, 20729
, 20728
, 20728
, 20727
, 20727
, 20726
, 20726
, 20725
, 20725
, 20724
, 20724
, 20723
, 20723
, 20722
, 20722
, 20721
, 20721
, 20720
, 20720
, 20719
, 20719
, 20718
, 20718
, 20717
, 20717
, 20716
, 20716
, 20715
, 20715
, 20714
, 20714
, 20713
, 20713
, 20712
, 20712
, 20711
, 20711
, 20710
, 20710
, 20709
, 20709
, 20708
, 20708
, 20707
, 20707
, 20706
, 20706
, 20705
, 20705
, 20704
, 20704
, 20703
, 20703
, 20702
, 20702
, 20701
, 20701
, 20700
, 20700
, 20699
, 20699
, 20698
, 20698
, 20697
, 20697
, 20696
, 20696
, 20695
, 20695
, 20694
, 20694
, 20693
, 20693
, 20692
, 20692
, 20691
, 20691
, 20690
, 20690
, 20689
, 20689
, 20688
, 20688
, 20687
, 20687
, 20686
, 20686
, 20685
, 20685
, 20684
, 20684
, 20683
, 20683
, 20682
, 20682
, 20681
, 20681
, 20680
, 20680
, 20679
, 20679
, 20678
, 20678
, 20677
, 20677
, 20676
, 20676
, 20675
, 20675
, 20674
, 20674
, 20673
, 20673
, 20672
, 20672
, 20671
, 20671
, 20670
, 20670
, 20669
, 20669
, 20668
, 20668
, 20667
, 20667
, 20666
, 20666
, 20665
, 20665
, 20664
, 20664
, 20663
, 20663
, 20662
, 20662
, 20661
, 20661
, 20660
, 20660
, 20659
, 20659
, 20658
, 20658
, 20657
, 20657
, 20656
, 20656
, 20655
, 20655
, 20654
, 20654
, 20653
, 20653
, 20652
, 20652
, 20651
, 20651
, 20650
, 20650
, 20649
, 20649
, 20648
, 20648
, 20647
, 20647
, 20646
, 20646
, 20645
, 20645
, 20644
, 20644
, 20643
, 20643
, 20642
, 20642
, 20641
, 20641
, 20640
, 20640
, 20639
, 20639
, 20638
, 20638
, 20637
, 20637
, 20636
, 20636
, 20635
, 20635
, 20634
, 20634
, 20633
, 20633
, 20632
, 20632
, 20631
, 20631
, 20630
, 20630
, 20629
, 20629
, 20628
, 20628
, 20627
, 20627
, 20626
, 20626
, 20625
, 20625
, 20624
, 20624
, 20623
, 20623
, 20622
, 20622
, 20621
, 20621
, 20620
, 20620
, 20619
, 20619
, 20618
, 20618
, 20617
, 20617
, 20616
, 20616
, 20615
, 20615
, 20614
, 20614
, 20613
, 20613
, 20612
, 20612
, 20611
, 20611
, 20610
, 20610
, 20609
, 20609
, 20608
, 20608
, 20607
, 20607
, 20606
, 20606
, 20605
, 20605
, 20604
, 20604
, 20603
, 20603
, 20602
, 20602
, 20601
, 20601
, 20600
, 20600
, 20599
, 20599
, 20598
, 20598
, 20597
, 20597
, 20596
, 20596
, 20595
, 20595
, 20594
, 20594
, 20593
, 20593
, 20592
, 20592
, 20591
, 20591
, 20590
, 20590
, 20589
, 20589
, 20588
, 20588
, 20587
, 20587
, 20586
, 20586
, 20585
, 20585
, 20584
, 20584
, 20583
, 20583
, 20582
, 20582
, 20581
, 20581
, 20580
, 20580
, 20579
, 20579
, 20578
, 20578
, 20577
, 20577
, 20576
, 20576
, 20575
, 20575
, 20574
, 20574
, 20573
, 20573
, 20572
, 20572
, 20571
, 20571
, 20570
, 20570
, 20569
, 20569
, 20568
, 20568
, 20567
, 20567
, 20566
, 20566
, 20565
, 20565
, 20564
, 20564
, 20563
, 20563
, 20562
, 20562
, 20561
, 20561
, 20560
, 20560
, 20559
, 20559
, 20558
, 20558
, 20557
, 20557
, 20556
, 20556
, 20555
, 20555
, 20554
, 20554
, 20553
, 20553
, 20552
, 20552
, 20551
, 20551
, 20550
, 20550
, 20549
, 20549
, 20548
, 20548
, 20547
, 20547
, 20546
, 20546
, 20545
, 20545
, 20544
, 20544
, 20543
, 20543
, 20542
, 20542
, 20541
, 20541
, 20540
, 20540
, 20539
, 20539
, 20538
, 20538
, 20537
, 20537
, 20536
, 20536
, 20535
, 20535
, 20534
, 20534
, 20533
, 20533
, 20532
, 20532
, 20531
, 20531
, 20530
, 20530
, 20529
, 20529
, 20528
, 20528
, 20527
, 20527
, 20526
, 20526
, 20525
, 20525
, 20524
, 20524
, 20523
, 20523
, 20522
, 20522
, 20521
, 20521
, 20520
, 20520
, 20519
, 20519
, 20518
, 20518
, 20517
, 20517
, 20516
, 20516
, 20515
, 20515
, 20514
, 20514
, 20513
, 20513
, 20512
, 20512
, 20511
, 20511
, 20510
, 20510
, 20509
, 20509
, 20508
, 20508
, 20507
, 20507
, 20506
, 20506
, 20505
, 20505
, 20504
, 20504
, 20503
, 20503
, 20502
, 20502
, 20501
, 20501
, 20500
, 20500
, 20499
, 20499
, 20498
, 20498
, 20497
, 20497
, 20496
, 20496
, 20495
, 20495
, 20494
, 20494
, 20493
, 20493
, 20492
, 20492
, 20491
, 20491
, 20490
, 20490
, 20489
, 20489
, 20488
, 20488
, 20487
, 20487
, 20486
, 20486
, 20485
, 20485
, 20484
, 20484
, 20483
, 20483
, 20482
, 20482
, 20481
, 20481
, 20480
, 20480
, 20479
, 20479
, 20478
, 20478
, 20477
, 20477
, 20476
, 20476
, 20475
, 20475
, 20474
, 20474
, 20473
, 20473
, 20472
, 20472
, 20471
, 20471
, 20470
, 20470
, 20469
, 20469
, 20468
, 20468
, 20467
, 20467
, 20466
, 20466
, 20465
, 20465
, 20464
, 20464
, 20463
, 20463
, 20462
, 20462
, 20461
, 20461
, 20460
, 20460
, 20459
, 20459
, 20458
, 20458
, 20457
, 20457
, 20456
, 20456
, 20455
, 20455
, 20454
, 20454
, 20453
, 20453
, 20452
, 20452
, 20451
, 20451
, 20450
, 20450
, 20449
, 20449
, 20448
, 20448
, 20447
, 20447
, 20446
, 20446
, 20445
, 20445
, 20444
, 20444
, 20443
, 20443
, 20442
, 20442
, 20441
, 20441
, 20440
, 20440
, 20439
, 20439
, 20438
, 20438
, 20437
, 20437
, 20436
, 20436
, 20435
, 20435
, 20434
, 20434
, 20433
, 20433
, 20432
, 20432
, 20431
, 20431
, 20430
, 20430
, 20429
, 20429
, 20428
, 20428
, 20427
, 20427
, 20426
, 20426
, 20425
, 20425
, 20424
, 20424
, 20423
, 20423
, 20422
, 20422
, 20421
, 20421
, 20420
, 20420
, 20419
, 20419
, 20418
, 20418
, 20417
, 20417
, 20416
, 20416
, 20415
, 20415
, 20414
, 20414
, 20413
, 20413
, 20412
, 20412
, 20411
, 20411
, 20410
, 20410
, 20409
, 20409
, 20408
, 20408
, 20407
, 20407
, 20406
, 20406
, 20405
, 20405
, 20404
, 20404
, 20403
, 20403
, 20402
, 20402
, 20401
, 20401
, 20400
, 20400
, 20399
, 20399
, 20398
, 20398
, 20397
, 20397
, 20396
, 20396
, 20395
, 20395
, 20394
, 20394
, 20393
, 20393
, 20392
, 20392
, 20391
, 20391
, 20390
, 20390
, 20389
, 20389
, 20388
, 20388
, 20387
, 20387
, 20386
, 20386
, 20385
, 20385
, 20384
, 20384
, 20383
, 20383
, 20382
, 20382
, 20381
, 20381
, 20380
, 20380
, 20379
, 20379
, 20378
, 20378
, 20377
, 20377
, 20376
, 20376
, 20375
, 20375
, 20374
, 20374
, 20373
, 20373
, 20372
, 20372
, 20371
, 20371
, 20370
, 20370
, 20369
, 20369
, 20368
, 20368
, 20367
, 20367
, 20366
, 20366
, 20365
, 20365
, 20364
, 20364
, 20363
, 20363
, 20362
, 20362
, 20361
, 20361
, 20360
, 20360
, 20359
, 20359
, 20358
, 20358
, 20357
, 20357
, 20356
, 20356
, 20355
, 20355
, 20354
, 20354
, 20353
, 20353
, 20352
, 20352
, 20351
, 20351
, 20350
, 20350
, 20349
, 20349
, 20348
, 20348
, 20347
, 20347
, 20346
, 20346
, 20345
, 20345
, 20344
, 20344
, 20343
, 20343
, 20342
, 20342
, 20341
, 20341
, 20340
, 20340
, 20339
, 20339
, 20338
, 20338
, 20337
, 20337
, 20336
, 20336
, 20335
, 20335
, 20334
, 20334
, 20333
, 20333
, 20332
, 20332
, 20331
, 20331
, 20330
, 20330
, 20329
, 20329
, 20328
, 20328
, 20327
, 20327
, 20326
, 20326
, 20325
, 20325
, 20324
, 20324
, 20323
, 20323
, 20322
, 20322
, 20321
, 20321
, 20320
, 20320
, 20319
, 20319
, 20318
, 20318
, 20317
, 20317
, 20316
, 20316
, 20315
, 20315
, 20314
, 20314
, 20313
, 20313
, 20312
, 20312
, 20311
, 20311
, 20310
, 20310
, 20309
, 20309
, 20308
, 20308
, 20307
, 20307
, 20306
, 20306
, 20305
, 20305
, 20304
, 20304
, 20303
, 20303
, 20302
, 20302
, 20301
, 20301
, 20300
, 20300
, 20299
, 20299
, 20298
, 20298
, 20297
, 20297
, 20296
, 20296
, 20295
, 20295
, 20294
, 20294
, 20293
, 20293
, 20292
, 20292
, 20291
, 20291
, 20290
, 20290
, 20289
, 20289
, 20288
, 20288
, 20287
, 20287
, 20286
, 20286
, 20285
, 20285
, 20284
, 20284
, 20283
, 20283
, 20282
, 20282
, 20281
, 20281
, 20280
, 20280
, 20279
, 20279
, 20278
, 20278
, 20277
, 20277
, 20276
, 20276
, 20275
, 20275
, 20274
, 20274
, 20273
, 20273
, 20272
, 20272
, 20271
, 20271
, 20270
, 20270
, 20269
, 20269
, 20268
, 20268
, 20267
, 20267
, 20266
, 20266
, 20265
, 20265
, 20264
, 20264
, 20263
, 20263
, 20262
, 20262
, 20261
, 20261
, 20260
, 20260
, 20259
, 20259
, 20258
, 20258
, 20257
, 20257
, 20256
, 20256
, 20255
, 20255
, 20254
, 20254
, 20253
, 20253
, 20252
, 20252
, 20251
, 20251
, 20250
, 20250
, 20249
, 20249
, 20248
, 20248
, 20247
, 20247
, 20246
, 20246
, 20245
, 20245
, 20244
, 20244
, 20243
, 20243
, 20242
, 20242
, 20241
, 20241
, 20240
, 20240
, 20239
, 20239
, 20238
, 20238
, 20237
, 20237
, 20236
, 20236
, 20235
, 20235
, 20234
, 20234
, 20233
, 20233
, 20232
, 20232
, 20231
, 20231
, 20230
, 20230
, 20229
, 20229
, 20228
, 20228
, 20227
, 20227
, 20226
, 20226
, 20225
, 20225
, 20224
, 20224
, 20223
, 20223
, 20222
, 20222
, 20221
, 20221
, 20220
, 20220
, 20219
, 20219
, 20218
, 20218
, 20217
, 20217
, 20216
, 20216
, 20215
, 20215
, 20214
, 20214
, 20213
, 20213
, 20212
, 20212
, 20211
, 20211
, 20210
, 20210
, 20209
, 20209
, 20208
, 20208
, 20207
, 20207
, 20206
, 20206
, 20205
, 20205
, 20204
, 20204
, 20203
, 20203
, 20202
, 20202
, 20201
, 20201
, 20200
, 20200
, 20199
, 20199
, 20198
, 20198
, 20197
, 20197
, 20196
, 20196
, 20195
, 20195
, 20194
, 20194
, 20193
, 20193
, 20192
, 20192
, 20191
, 20191
, 20190
, 20190
, 20189
, 20189
, 20188
, 20188
, 20187
, 20187
, 20186
, 20186
, 20185
, 20185
, 20184
, 20184
, 20183
, 20183
, 20182
, 20182
, 20181
, 20181
, 20180
, 20180
, 20179
, 20179
, 20178
, 20178
, 20177
, 20177
, 20176
, 20176
, 20175
, 20175
, 20174
, 20174
, 20173
, 20173
, 20172
, 20172
, 20171
, 20171
, 20170
, 20170
, 20169
, 20169
, 20168
, 20168
, 20167
, 20167
, 20166
, 20166
, 20165
, 20165
, 20164
, 20164
, 20163
, 20163
, 20162
, 20162
, 20161
, 20161
, 20160
, 20160
, 20159
, 20159
, 20158
, 20158
, 20157
, 20157
, 20156
, 20156
, 20155
, 20155
, 20154
, 20154
, 20153
, 20153
, 20152
, 20152
, 20151
, 20151
, 20150
, 20150
, 20149
, 20149
, 20148
, 20148
, 20147
, 20147
, 20146
, 20146
, 20145
, 20145
, 20144
, 20144
, 20143
, 20143
, 20142
, 20142
, 20141
, 20141
, 20140
, 20140
, 20139
, 20139
, 20138
, 20138
, 20137
, 20137
, 20136
, 20136
, 20135
, 20135
, 20134
, 20134
, 20133
, 20133
, 20132
, 20132
, 20131
, 20131
, 20130
, 20130
, 20129
, 20129
, 20128
, 20128
, 20127
, 20127
, 20126
, 20126
, 20125
, 20125
, 20124
, 20124
, 20123
, 20123
, 20122
, 20122
, 20121
, 20121
, 20120
, 20120
, 20119
, 20119
, 20118
, 20118
, 20117
, 20117
, 20116
, 20116
, 20115
, 20115
, 20114
, 20114
, 20113
, 20113
, 20112
, 20112
, 20111
, 20111
, 20110
, 20110
, 20109
, 20109
, 20108
, 20108
, 20107
, 20107
, 20106
, 20106
, 20105
, 20105
, 20104
, 20104
, 20103
, 20103
, 20102
, 20102
, 20101
, 20101
, 20100
, 20100
, 20099
, 20099
, 20098
, 20098
, 20097
, 20097
, 20096
, 20096
, 20095
, 20095
, 20094
, 20094
, 20093
, 20093
, 20092
, 20092
, 20091
, 20091
, 20090
, 20090
, 20089
, 20089
, 20088
, 20088
, 20087
, 20087
, 20086
, 20086
, 20085
, 20085
, 20084
, 20084
, 20083
, 20083
, 20082
, 20082
, 20081
, 20081
, 20080
, 20080
, 20079
, 20079
, 20078
, 20078
, 20077
, 20077
, 20076
, 20076
, 20075
, 20075
, 20074
, 20074
, 20073
, 20073
, 20072
, 20072
, 20071
, 20071
, 20070
, 20070
, 20069
, 20069
, 20068
, 20068
, 20067
, 20067
, 20066
, 20066
, 20065
, 20065
, 20064
, 20064
, 20063
, 20063
, 20062
, 20062
, 20061
, 20061
, 20060
, 20060
, 20059
, 20059
, 20058
, 20058
, 20057
, 20057
, 20056
, 20056
, 20055
, 20055
, 20054
, 20054
, 20053
, 20053
, 20052
, 20052
, 20051
, 20051
, 20050
, 20050
, 20049
, 20049
, 20048
, 20048
, 20047
, 20047
, 20046
, 20046
, 20045
, 20045
, 20044
, 20044
, 20043
, 20043
, 20042
, 20042
, 20041
, 20041
, 20040
, 20040
, 20039
, 20039
, 20038
, 20038
, 20037
, 20037
, 20036
, 20036
, 20035
, 20035
, 20034
, 20034
, 20033
, 20033
, 20032
, 20032
, 20031
, 20031
, 20030
, 20030
, 20029
, 20029
, 20028
, 20028
, 20027
, 20027
, 20026
, 20026
, 20025
, 20025
, 20024
, 20024
, 20023
, 20023
, 20022
, 20022
, 20021
, 20021
, 20020
, 20020
, 20019
, 20019
, 20018
, 20018
, 20017
, 20017
, 20016
, 20016
, 20015
, 20015
, 20014
, 20014
, 20013
, 20013
, 20012
, 20012
, 20011
, 20011
, 20010
, 20010
, 20009
, 20009
, 20008
, 20008
, 20007
, 20007
, 20006
, 20006
, 20005
, 20005
, 20004
, 20004
, 20003
, 20003
, 20002
, 20002
, 20001
, 20001
, 20000
, 20000
, 19999
, 19999
, 19998
, 19998
, 19997
, 19997
, 19996
, 19996
, 19995
, 19995
, 19994
, 19994
, 19993
, 19993
, 19992
, 19992
, 19991
, 19991
, 19990
, 19990
, 19989
, 19989
, 19988
, 19988
, 19987
, 19987
, 19986
, 19986
, 19985
, 19985
, 19984
, 19984
, 19983
, 19983
, 19982
, 19982
, 19981
, 19981
, 19980
, 19980
, 19979
, 19979
, 19978
, 19978
, 19977
, 19977
, 19976
, 19976
, 19975
, 19975
, 19974
, 19974
, 19973
, 19973
, 19972
, 19972
, 19971
, 19971
, 19970
, 19970
, 19969
, 19969
, 19968
, 19968
, 19967
, 19967
, 19966
, 19966
, 19965
, 19965
, 19964
, 19964
, 19963
, 19963
, 19962
, 19962
, 19961
, 19961
, 19960
, 19960
, 19959
, 19959
, 19958
, 19958
, 19957
, 19957
, 19956
, 19956
, 19955
, 19955
, 19954
, 19954
, 19953
, 19953
, 19952
, 19952
, 19951
, 19951
, 19950
, 19950
, 19949
, 19949
, 19948
, 19948
, 19947
, 19947
, 19946
, 19946
, 19945
, 19945
, 19944
, 19944
, 19943
, 19943
, 19942
, 19942
, 19941
, 19941
, 19940
, 19940
, 19939
, 19939
, 19938
, 19938
, 19937
, 19937
, 19936
, 19936
, 19935
, 19935
, 19934
, 19934
, 19933
, 19933
, 19932
, 19932
, 19931
, 19931
, 19930
, 19930
, 19929
, 19929
, 19928
, 19928
, 19927
, 19927
, 19926
, 19926
, 19925
, 19925
, 19924
, 19924
, 19923
, 19923
, 19922
, 19922
, 19921
, 19921
, 19920
, 19920
, 19919
, 19919
, 19918
, 19918
, 19917
, 19917
, 19916
, 19916
, 19915
, 19915
, 19914
, 19914
, 19913
, 19913
, 19912
, 19912
, 19911
, 19911
, 19910
, 19910
, 19909
, 19909
, 19908
, 19908
, 19907
, 19907
, 19906
, 19906
, 19905
, 19905
, 19904
, 19904
, 19903
, 19903
, 19902
, 19902
, 19901
, 19901
, 19900
, 19900
, 19899
, 19899
, 19898
, 19898
, 19897
, 19897
, 19896
, 19896
, 19895
, 19895
, 19894
, 19894
, 19893
, 19893
, 19892
, 19892
, 19891
, 19891
, 19890
, 19890
, 19889
, 19889
, 19888
, 19888
, 19887
, 19887
, 19886
, 19886
, 19885
, 19885
, 19884
, 19884
, 19883
, 19883
, 19882
, 19882
, 19881
, 19881
, 19880
, 19880
, 19879
, 19879
, 19878
, 19878
, 19877
, 19877
, 19876
, 19876
, 19875
, 19875
, 19874
, 19874
, 19873
, 19873
, 19872
, 19872
, 19871
, 19871
, 19870
, 19870
, 19869
, 19869
, 19868
, 19868
, 19867
, 19867
, 19866
, 19866
, 19865
, 19865
, 19864
, 19864
, 19863
, 19863
, 19862
, 19862
, 19861
, 19861
, 19860
, 19860
, 19859
, 19859
, 19858
, 19858
, 19857
, 19857
, 19856
, 19856
, 19855
, 19855
, 19854
, 19854
, 19853
, 19853
, 19852
, 19852
, 19851
, 19851
, 19850
, 19850
, 19849
, 19849
, 19848
, 19848
, 19847
, 19847
, 19846
, 19846
, 19845
, 19845
, 19844
, 19844
, 19843
, 19843
, 19842
, 19842
, 19841
, 19841
, 19840
, 19840
, 19839
, 19839
, 19838
, 19838
, 19837
, 19837
, 19836
, 19836
, 19835
, 19835
, 19834
, 19834
, 19833
, 19833
, 19832
, 19832
, 19831
, 19831
, 19830
, 19830
, 19829
, 19829
, 19828
, 19828
, 19827
, 19827
, 19826
, 19826
, 19825
, 19825
, 19824
, 19824
, 19823
, 19823
, 19822
, 19822
, 19821
, 19821
, 19820
, 19820
, 19819
, 19819
, 19818
, 19818
, 19817
, 19817
, 19816
, 19816
, 19815
, 19815
, 19814
, 19814
, 19813
, 19813
, 19812
, 19812
, 19811
, 19811
, 19810
, 19810
, 19809
, 19809
, 19808
, 19808
, 19807
, 19807
, 19806
, 19806
, 19805
, 19805
, 19804
, 19804
, 19803
, 19803
, 19802
, 19802
, 19801
, 19801
, 19800
, 19800
, 19799
, 19799
, 19798
, 19798
, 19797
, 19797
, 19796
, 19796
, 19795
, 19795
, 19794
, 19794
, 19793
, 19793
, 19792
, 19792
, 19791
, 19791
, 19790
, 19790
, 19789
, 19789
, 19788
, 19788
, 19787
, 19787
, 19786
, 19786
, 19785
, 19785
, 19784
, 19784
, 19783
, 19783
, 19782
, 19782
, 19781
, 19781
, 19780
, 19780
, 19779
, 19779
, 19778
, 19778
, 19777
, 19777
, 19776
, 19776
, 19775
, 19775
, 19774
, 19774
, 19773
, 19773
, 19772
, 19772
, 19771
, 19771
, 19770
, 19770
, 19769
, 19769
, 19768
, 19768
, 19767
, 19767
, 19766
, 19766
, 19765
, 19765
, 19764
, 19764
, 19763
, 19763
, 19762
, 19762
, 19761
, 19761
, 19760
, 19760
, 19759
, 19759
, 19758
, 19758
, 19757
, 19757
, 19756
, 19756
, 19755
, 19755
, 19754
, 19754
, 19753
, 19753
, 19752
, 19752
, 19751
, 19751
, 19750
, 19750
, 19749
, 19749
, 19748
, 19748
, 19747
, 19747
, 19746
, 19746
, 19745
, 19745
, 19744
, 19744
, 19743
, 19743
, 19742
, 19742
, 19741
, 19741
, 19740
, 19740
, 19739
, 19739
, 19738
, 19738
, 19737
, 19737
, 19736
, 19736
, 19735
, 19735
, 19734
, 19734
, 19733
, 19733
, 19732
, 19732
, 19731
, 19731
, 19730
, 19730
, 19729
, 19729
, 19728
, 19728
, 19727
, 19727
, 19726
, 19726
, 19725
, 19725
, 19724
, 19724
, 19723
, 19723
, 19722
, 19722
, 19721
, 19721
, 19720
, 19720
, 19719
, 19719
, 19718
, 19718
, 19717
, 19717
, 19716
, 19716
, 19715
, 19715
, 19714
, 19714
, 19713
, 19713
, 19712
, 19712
, 19711
, 19711
, 19710
, 19710
, 19709
, 19709
, 19708
, 19708
, 19707
, 19707
, 19706
, 19706
, 19705
, 19705
, 19704
, 19704
, 19703
, 19703
, 19702
, 19702
, 19701
, 19701
, 19700
, 19700
, 19699
, 19699
, 19698
, 19698
, 19697
, 19697
, 19696
, 19696
, 19695
, 19695
, 19694
, 19694
, 19693
, 19693
, 19692
, 19692
, 19691
, 19691
, 19690
, 19690
, 19689
, 19689
, 19688
, 19688
, 19687
, 19687
, 19686
, 19686
, 19685
, 19685
, 19684
, 19684
, 19683
, 19683
, 19682
, 19682
, 19681
, 19681
, 19680
, 19680
, 19679
, 19679
, 19678
, 19678
, 19677
, 19677
, 19676
, 19676
, 19675
, 19675
, 19674
, 19674
, 19673
, 19673
, 19672
, 19672
, 19671
, 19671
, 19670
, 19670
, 19669
, 19669
, 19668
, 19668
, 19667
, 19667
, 19666
, 19666
, 19665
, 19665
, 19664
, 19664
, 19663
, 19663
, 19662
, 19662
, 19661
, 19661
, 19660
, 19660
, 19659
, 19659
, 19658
, 19658
, 19657
, 19657
, 19656
, 19656
, 19655
, 19655
, 19654
, 19654
, 19653
, 19653
, 19652
, 19652
, 19651
, 19651
, 19650
, 19650
, 19649
, 19649
, 19648
, 19648
, 19647
, 19647
, 19646
, 19646
, 19645
, 19645
, 19644
, 19644
, 19643
, 19643
, 19642
, 19642
, 19641
, 19641
, 19640
, 19640
, 19639
, 19639
, 19638
, 19638
, 19637
, 19637
, 19636
, 19636
, 19635
, 19635
, 19634
, 19634
, 19633
, 19633
, 19632
, 19632
, 19631
, 19631
, 19630
, 19630
, 19629
, 19629
, 19628
, 19628
, 19627
, 19627
, 19626
, 19626
, 19625
, 19625
, 19624
, 19624
, 19623
, 19623
, 19622
, 19622
, 19621
, 19621
, 19620
, 19620
, 19619
, 19619
, 19618
, 19618
, 19617
, 19617
, 19616
, 19616
, 19615
, 19615
, 19614
, 19614
, 19613
, 19613
, 19612
, 19612
, 19611
, 19611
, 19610
, 19610
, 19609
, 19609
, 19608
, 19608
, 19607
, 19607
, 19606
, 19606
, 19605
, 19605
, 19604
, 19604
, 19603
, 19603
, 19602
, 19602
, 19601
, 19601
, 19600
, 19600
, 19599
, 19599
, 19598
, 19598
, 19597
, 19597
, 19596
, 19596
, 19595
, 19595
, 19594
, 19594
, 19593
, 19593
, 19592
, 19592
, 19591
, 19591
, 19590
, 19590
, 19589
, 19589
, 19588
, 19588
, 19587
, 19587
, 19586
, 19586
, 19585
, 19585
, 19584
, 19584
, 19583
, 19583
, 19582
, 19582
, 19581
, 19581
, 19580
, 19580
, 19579
, 19579
, 19578
, 19578
, 19577
, 19577
, 19576
, 19576
, 19575
, 19575
, 19574
, 19574
, 19573
, 19573
, 19572
, 19572
, 19571
, 19571
, 19570
, 19570
, 19569
, 19569
, 19568
, 19568
, 19567
, 19567
, 19566
, 19566
, 19565
, 19565
, 19564
, 19564
, 19563
, 19563
, 19562
, 19562
, 19561
, 19561
, 19560
, 19560
, 19559
, 19559
, 19558
, 19558
, 19557
, 19557
, 19556
, 19556
, 19555
, 19555
, 19554
, 19554
, 19553
, 19553
, 19552
, 19552
, 19551
, 19551
, 19550
, 19550
, 19549
, 19549
, 19548
, 19548
, 19547
, 19547
, 19546
, 19546
, 19545
, 19545
, 19544
, 19544
, 19543
, 19543
, 19542
, 19542
, 19541
, 19541
, 19540
, 19540
, 19539
, 19539
, 19538
, 19538
, 19537
, 19537
, 19536
, 19536
, 19535
, 19535
, 19534
, 19534
, 19533
, 19533
, 19532
, 19532
, 19531
, 19531
, 19530
, 19530
, 19529
, 19529
, 19528
, 19528
, 19527
, 19527
, 19526
, 19526
, 19525
, 19525
, 19524
, 19524
, 19523
, 19523
, 19522
, 19522
, 19521
, 19521
, 19520
, 19520
, 19519
, 19519
, 19518
, 19518
, 19517
, 19517
, 19516
, 19516
, 19515
, 19515
, 19514
, 19514
, 19513
, 19513
, 19512
, 19512
, 19511
, 19511
, 19510
, 19510
, 19509
, 19509
, 19508
, 19508
, 19507
, 19507
, 19506
, 19506
, 19505
, 19505
, 19504
, 19504
, 19503
, 19503
, 19502
, 19502
, 19501
, 19501
, 19500
, 19500
, 19499
, 19499
, 19498
, 19498
, 19497
, 19497
, 19496
, 19496
, 19495
, 19495
, 19494
, 19494
, 19493
, 19493
, 19492
, 19492
, 19491
, 19491
, 19490
, 19490
, 19489
, 19489
, 19488
, 19488
, 19487
, 19487
, 19486
, 19486
, 19485
, 19485
, 19484
, 19484
, 19483
, 19483
, 19482
, 19482
, 19481
, 19481
, 19480
, 19480
, 19479
, 19479
, 19478
, 19478
, 19477
, 19477
, 19476
, 19476
, 19475
, 19475
, 19474
, 19474
, 19473
, 19473
, 19472
, 19472
, 19471
, 19471
, 19470
, 19470
, 19469
, 19469
, 19468
, 19468
, 19467
, 19467
, 19466
, 19466
, 19465
, 19465
, 19464
, 19464
, 19463
, 19463
, 19462
, 19462
, 19461
, 19461
, 19460
, 19460
, 19459
, 19459
, 19458
, 19458
, 19457
, 19457
, 19456
, 19456
, 19455
, 19455
, 19454
, 19454
, 19453
, 19453
, 19452
, 19452
, 19451
, 19451
, 19450
, 19450
, 19449
, 19449
, 19448
, 19448
, 19447
, 19447
, 19446
, 19446
, 19445
, 19445
, 19444
, 19444
, 19443
, 19443
, 19442
, 19442
, 19441
, 19441
, 19440
, 19440
, 19439
, 19439
, 19438
, 19438
, 19437
, 19437
, 19436
, 19436
, 19435
, 19435
, 19434
, 19434
, 19433
, 19433
, 19432
, 19432
, 19431
, 19431
, 19430
, 19430
, 19429
, 19429
, 19428
, 19428
, 19427
, 19427
, 19426
, 19426
, 19425
, 19425
, 19424
, 19424
, 19423
, 19423
, 19422
, 19422
, 19421
, 19421
, 19420
, 19420
, 19419
, 19419
, 19418
, 19418
, 19417
, 19417
, 19416
, 19416
, 19415
, 19415
, 19414
, 19414
, 19413
, 19413
, 19412
, 19412
, 19411
, 19411
, 19410
, 19410
, 19409
, 19409
, 19408
, 19408
, 19407
, 19407
, 19406
, 19406
, 19405
, 19405
, 19404
, 19404
, 19403
, 19403
, 19402
, 19402
, 19401
, 19401
, 19400
, 19400
, 19399
, 19399
, 19398
, 19398
, 19397
, 19397
, 19396
, 19396
, 19395
, 19395
, 19394
, 19394
, 19393
, 19393
, 19392
, 19392
, 19391
, 19391
, 19390
, 19390
, 19389
, 19389
, 19388
, 19388
, 19387
, 19387
, 19386
, 19386
, 19385
, 19385
, 19384
, 19384
, 19383
, 19383
, 19382
, 19382
, 19381
, 19381
, 19380
, 19380
, 19379
, 19379
, 19378
, 19378
, 19377
, 19377
, 19376
, 19376
, 19375
, 19375
, 19374
, 19374
, 19373
, 19373
, 19372
, 19372
, 19371
, 19371
, 19370
, 19370
, 19369
, 19369
, 19368
, 19368
, 19367
, 19367
, 19366
, 19366
, 19365
, 19365
, 19364
, 19364
, 19363
, 19363
, 19362
, 19362
, 19361
, 19361
, 19360
, 19360
, 19359
, 19359
, 19358
, 19358
, 19357
, 19357
, 19356
, 19356
, 19355
, 19355
, 19354
, 19354
, 19353
, 19353
, 19352
, 19352
, 19351
, 19351
, 19350
, 19350
, 19349
, 19349
, 19348
, 19348
, 19347
, 19347
, 19346
, 19346
, 19345
, 19345
, 19344
, 19344
, 19343
, 19343
, 19342
, 19342
, 19341
, 19341
, 19340
, 19340
, 19339
, 19339
, 19338
, 19338
, 19337
, 19337
, 19336
, 19336
, 19335
, 19335
, 19334
, 19334
, 19333
, 19333
, 19332
, 19332
, 19331
, 19331
, 19330
, 19330
, 19329
, 19329
, 19328
, 19328
, 19327
, 19327
, 19326
, 19326
, 19325
, 19325
, 19324
, 19324
, 19323
, 19323
, 19322
, 19322
, 19321
, 19321
, 19320
, 19320
, 19319
, 19319
, 19318
, 19318
, 19317
, 19317
, 19316
, 19316
, 19315
, 19315
, 19314
, 19314
, 19313
, 19313
, 19312
, 19312
, 19311
, 19311
, 19310
, 19310
, 19309
, 19309
, 19308
, 19308
, 19307
, 19307
, 19306
, 19306
, 19305
, 19305
, 19304
, 19304
, 19303
, 19303
, 19302
, 19302
, 19301
, 19301
, 19300
, 19300
, 19299
, 19299
, 19298
, 19298
, 19297
, 19297
, 19296
, 19296
, 19295
, 19295
, 19294
, 19294
, 19293
, 19293
, 19292
, 19292
, 19291
, 19291
, 19290
, 19290
, 19289
, 19289
, 19288
, 19288
, 19287
, 19287
, 19286
, 19286
, 19285
, 19285
, 19284
, 19284
, 19283
, 19283
, 19282
, 19282
, 19281
, 19281
, 19280
, 19280
, 19279
, 19279
, 19278
, 19278
, 19277
, 19277
, 19276
, 19276
, 19275
, 19275
, 19274
, 19274
, 19273
, 19273
, 19272
, 19272
, 19271
, 19271
, 19270
, 19270
, 19269
, 19269
, 19268
, 19268
, 19267
, 19267
, 19266
, 19266
, 19265
, 19265
, 19264
, 19264
, 19263
, 19263
, 19262
, 19262
, 19261
, 19261
, 19260
, 19260
, 19259
, 19259
, 19258
, 19258
, 19257
, 19257
, 19256
, 19256
, 19255
, 19255
, 19254
, 19254
, 19253
, 19253
, 19252
, 19252
, 19251
, 19251
, 19250
, 19250
, 19249
, 19249
, 19248
, 19248
, 19247
, 19247
, 19246
, 19246
, 19245
, 19245
, 19244
, 19244
, 19243
, 19243
, 19242
, 19242
, 19241
, 19241
, 19240
, 19240
, 19239
, 19239
, 19238
, 19238
, 19237
, 19237
, 19236
, 19236
, 19235
, 19235
, 19234
, 19234
, 19233
, 19233
, 19232
, 19232
, 19231
, 19231
, 19230
, 19230
, 19229
, 19229
, 19228
, 19228
, 19227
, 19227
, 19226
, 19226
, 19225
, 19225
, 19224
, 19224
, 19223
, 19223
, 19222
, 19222
, 19221
, 19221
, 19220
, 19220
, 19219
, 19219
, 19218
, 19218
, 19217
, 19217
, 19216
, 19216
, 19215
, 19215
, 19214
, 19214
, 19213
, 19213
, 19212
, 19212
, 19211
, 19211
, 19210
, 19210
, 19209
, 19209
, 19208
, 19208
, 19207
, 19207
, 19206
, 19206
, 19205
, 19205
, 19204
, 19204
, 19203
, 19203
, 19202
, 19202
, 19201
, 19201
, 19200
, 19200
, 19199
, 19199
, 19198
, 19198
, 19197
, 19197
, 19196
, 19196
, 19195
, 19195
, 19194
, 19194
, 19193
, 19193
, 19192
, 19192
, 19191
, 19191
, 19190
, 19190
, 19189
, 19189
, 19188
, 19188
, 19187
, 19187
, 19186
, 19186
, 19185
, 19185
, 19184
, 19184
, 19183
, 19183
, 19182
, 19182
, 19181
, 19181
, 19180
, 19180
, 19179
, 19179
, 19178
, 19178
, 19177
, 19177
, 19176
, 19176
, 19175
, 19175
, 19174
, 19174
, 19173
, 19173
, 19172
, 19172
, 19171
, 19171
, 19170
, 19170
, 19169
, 19169
, 19168
, 19168
, 19167
, 19167
, 19166
, 19166
, 19165
, 19165
, 19164
, 19164
, 19163
, 19163
, 19162
, 19162
, 19161
, 19161
, 19160
, 19160
, 19159
, 19159
, 19158
, 19158
, 19157
, 19157
, 19156
, 19156
, 19155
, 19155
, 19154
, 19154
, 19153
, 19153
, 19152
, 19152
, 19151
, 19151
, 19150
, 19150
, 19149
, 19149
, 19148
, 19148
, 19147
, 19147
, 19146
, 19146
, 19145
, 19145
, 19144
, 19144
, 19143
, 19143
, 19142
, 19142
, 19141
, 19141
, 19140
, 19140
, 19139
, 19139
, 19138
, 19138
, 19137
, 19137
, 19136
, 19136
, 19135
, 19135
, 19134
, 19134
, 19133
, 19133
, 19132
, 19132
, 19131
, 19131
, 19130
, 19130
, 19129
, 19129
, 19128
, 19128
, 19127
, 19127
, 19126
, 19126
, 19125
, 19125
, 19124
, 19124
, 19123
, 19123
, 19122
, 19122
, 19121
, 19121
, 19120
, 19120
, 19119
, 19119
, 19118
, 19118
, 19117
, 19117
, 19116
, 19116
, 19115
, 19115
, 19114
, 19114
, 19113
, 19113
, 19112
, 19112
, 19111
, 19111
, 19110
, 19110
, 19109
, 19109
, 19108
, 19108
, 19107
, 19107
, 19106
, 19106
, 19105
, 19105
, 19104
, 19104
, 19103
, 19103
, 19102
, 19102
, 19101
, 19101
, 19100
, 19100
, 19099
, 19099
, 19098
, 19098
, 19097
, 19097
, 19096
, 19096
, 19095
, 19095
, 19094
, 19094
, 19093
, 19093
, 19092
, 19092
, 19091
, 19091
, 19090
, 19090
, 19089
, 19089
, 19088
, 19088
, 19087
, 19087
, 19086
, 19086
, 19085
, 19085
, 19084
, 19084
, 19083
, 19083
, 19082
, 19082
, 19081
, 19081
, 19080
, 19080
, 19079
, 19079
, 19078
, 19078
, 19077
, 19077
, 19076
, 19076
, 19075
, 19075
, 19074
, 19074
, 19073
, 19073
, 19072
, 19072
, 19071
, 19071
, 19070
, 19070
, 19069
, 19069
, 19068
, 19068
, 19067
, 19067
, 19066
, 19066
, 19065
, 19065
, 19064
, 19064
, 19063
, 19063
, 19062
, 19062
, 19061
, 19061
, 19060
, 19060
, 19059
, 19059
, 19058
, 19058
, 19057
, 19057
, 19056
, 19056
, 19055
, 19055
, 19054
, 19054
, 19053
, 19053
, 19052
, 19052
, 19051
, 19051
, 19050
, 19050
, 19049
, 19049
, 19048
, 19048
, 19047
, 19047
, 19046
, 19046
, 19045
, 19045
, 19044
, 19044
, 19043
, 19043
, 19042
, 19042
, 19041
, 19041
, 19040
, 19040
, 19039
, 19039
, 19038
, 19038
, 19037
, 19037
, 19036
, 19036
, 19035
, 19035
, 19034
, 19034
, 19033
, 19033
, 19032
, 19032
, 19031
, 19031
, 19030
, 19030
, 19029
, 19029
, 19028
, 19028
, 19027
, 19027
, 19026
, 19026
, 19025
, 19025
, 19024
, 19024
, 19023
, 19023
, 19022
, 19022
, 19021
, 19021
, 19020
, 19020
, 19019
, 19019
, 19018
, 19018
, 19017
, 19017
, 19016
, 19016
, 19015
, 19015
, 19014
, 19014
, 19013
, 19013
, 19012
, 19012
, 19011
, 19011
, 19010
, 19010
, 19009
, 19009
, 19008
, 19008
, 19007
, 19007
, 19006
, 19006
, 19005
, 19005
, 19004
, 19004
, 19003
, 19003
, 19002
, 19002
, 19001
, 19001
, 19000
, 19000
, 18999
, 18999
, 18998
, 18998
, 18997
, 18997
, 18996
, 18996
, 18995
, 18995
, 18994
, 18994
, 18993
, 18993
, 18992
, 18992
, 18991
, 18991
, 18990
, 18990
, 18989
, 18989
, 18988
, 18988
, 18987
, 18987
, 18986
, 18986
, 18985
, 18985
, 18984
, 18984
, 18983
, 18983
, 18982
, 18982
, 18981
, 18981
, 18980
, 18980
, 18979
, 18979
, 18978
, 18978
, 18977
, 18977
, 18976
, 18976
, 18975
, 18975
, 18974
, 18974
, 18973
, 18973
, 18972
, 18972
, 18971
, 18971
, 18970
, 18970
, 18969
, 18969
, 18968
, 18968
, 18967
, 18967
, 18966
, 18966
, 18965
, 18965
, 18964
, 18964
, 18963
, 18963
, 18962
, 18962
, 18961
, 18961
, 18960
, 18960
, 18959
, 18959
, 18958
, 18958
, 18957
, 18957
, 18956
, 18956
, 18955
, 18955
, 18954
, 18954
, 18953
, 18953
, 18952
, 18952
, 18951
, 18951
, 18950
, 18950
, 18949
, 18949
, 18948
, 18948
, 18947
, 18947
, 18946
, 18946
, 18945
, 18945
, 18944
, 18944
, 18943
, 18943
, 18942
, 18942
, 18941
, 18941
, 18940
, 18940
, 18939
, 18939
, 18938
, 18938
, 18937
, 18937
, 18936
, 18936
, 18935
, 18935
, 18934
, 18934
, 18933
, 18933
, 18932
, 18932
, 18931
, 18931
, 18930
, 18930
, 18929
, 18929
, 18928
, 18928
, 18927
, 18927
, 18926
, 18926
, 18925
, 18925
, 18924
, 18924
, 18923
, 18923
, 18922
, 18922
, 18921
, 18921
, 18920
, 18920
, 18919
, 18919
, 18918
, 18918
, 18917
, 18917
, 18916
, 18916
, 18915
, 18915
, 18914
, 18914
, 18913
, 18913
, 18912
, 18912
, 18911
, 18911
, 18910
, 18910
, 18909
, 18909
, 18908
, 18908
, 18907
, 18907
, 18906
, 18906
, 18905
, 18905
, 18904
, 18904
, 18903
, 18903
, 18902
, 18902
, 18901
, 18901
, 18900
, 18900
, 18899
, 18899
, 18898
, 18898
, 18897
, 18897
, 18896
, 18896
, 18895
, 18895
, 18894
, 18894
, 18893
, 18893
, 18892
, 18892
, 18891
, 18891
, 18890
, 18890
, 18889
, 18889
, 18888
, 18888
, 18887
, 18887
, 18886
, 18886
, 18885
, 18885
, 18884
, 18884
, 18883
, 18883
, 18882
, 18882
, 18881
, 18881
, 18880
, 18880
, 18879
, 18879
, 18878
, 18878
, 18877
, 18877
, 18876
, 18876
, 18875
, 18875
, 18874
, 18874
, 18873
, 18873
, 18872
, 18872
, 18871
, 18871
, 18870
, 18870
, 18869
, 18869
, 18868
, 18868
, 18867
, 18867
, 18866
, 18866
, 18865
, 18865
, 18864
, 18864
, 18863
, 18863
, 18862
, 18862
, 18861
, 18861
, 18860
, 18860
, 18859
, 18859
, 18858
, 18858
, 18857
, 18857
, 18856
, 18856
, 18855
, 18855
, 18854
, 18854
, 18853
, 18853
, 18852
, 18852
, 18851
, 18851
, 18850
, 18850
, 18849
, 18849
, 18848
, 18848
, 18847
, 18847
, 18846
, 18846
, 18845
, 18845
, 18844
, 18844
, 18843
, 18843
, 18842
, 18842
, 18841
, 18841
, 18840
, 18840
, 18839
, 18839
, 18838
, 18838
, 18837
, 18837
, 18836
, 18836
, 18835
, 18835
, 18834
, 18834
, 18833
, 18833
, 18832
, 18832
, 18831
, 18831
, 18830
, 18830
, 18829
, 18829
, 18828
, 18828
, 18827
, 18827
, 18826
, 18826
, 18825
, 18825
, 18824
, 18824
, 18823
, 18823
, 18822
, 18822
, 18821
, 18821
, 18820
, 18820
, 18819
, 18819
, 18818
, 18818
, 18817
, 18817
, 18816
, 18816
, 18815
, 18815
, 18814
, 18814
, 18813
, 18813
, 18812
, 18812
, 18811
, 18811
, 18810
, 18810
, 18809
, 18809
, 18808
, 18808
, 18807
, 18807
, 18806
, 18806
, 18805
, 18805
, 18804
, 18804
, 18803
, 18803
, 18802
, 18802
, 18801
, 18801
, 18800
, 18800
, 18799
, 18799
, 18798
, 18798
, 18797
, 18797
, 18796
, 18796
, 18795
, 18795
, 18794
, 18794
, 18793
, 18793
, 18792
, 18792
, 18791
, 18791
, 18790
, 18790
, 18789
, 18789
, 18788
, 18788
, 18787
, 18787
, 18786
, 18786
, 18785
, 18785
, 18784
, 18784
, 18783
, 18783
, 18782
, 18782
, 18781
, 18781
, 18780
, 18780
, 18779
, 18779
, 18778
, 18778
, 18777
, 18777
, 18776
, 18776
, 18775
, 18775
, 18774
, 18774
, 18773
, 18773
, 18772
, 18772
, 18771
, 18771
, 18770
, 18770
, 18769
, 18769
, 18768
, 18768
, 18767
, 18767
, 18766
, 18766
, 18765
, 18765
, 18764
, 18764
, 18763
, 18763
, 18762
, 18762
, 18761
, 18761
, 18760
, 18760
, 18759
, 18759
, 18758
, 18758
, 18757
, 18757
, 18756
, 18756
, 18755
, 18755
, 18754
, 18754
, 18753
, 18753
, 18752
, 18752
, 18751
, 18751
, 18750
, 18750
, 18749
, 18749
, 18748
, 18748
, 18747
, 18747
, 18746
, 18746
, 18745
, 18745
, 18744
, 18744
, 18743
, 18743
, 18742
, 18742
, 18741
, 18741
, 18740
, 18740
, 18739
, 18739
, 18738
, 18738
, 18737
, 18737
, 18736
, 18736
, 18735
, 18735
, 18734
, 18734
, 18733
, 18733
, 18732
, 18732
, 18731
, 18731
, 18730
, 18730
, 18729
, 18729
, 18728
, 18728
, 18727
, 18727
, 18726
, 18726
, 18725
, 18725
, 18724
, 18724
, 18723
, 18723
, 18722
, 18722
, 18721
, 18721
, 18720
, 18720
, 18719
, 18719
, 18718
, 18718
, 18717
, 18717
, 18716
, 18716
, 18715
, 18715
, 18714
, 18714
, 18713
, 18713
, 18712
, 18712
, 18711
, 18711
, 18710
, 18710
, 18709
, 18709
, 18708
, 18708
, 18707
, 18707
, 18706
, 18706
, 18705
, 18705
, 18704
, 18704
, 18703
, 18703
, 18702
, 18702
, 18701
, 18701
, 18700
, 18700
, 18699
, 18699
, 18698
, 18698
, 18697
, 18697
, 18696
, 18696
, 18695
, 18695
, 18694
, 18694
, 18693
, 18693
, 18692
, 18692
, 18691
, 18691
, 18690
, 18690
, 18689
, 18689
, 18688
, 18688
, 18687
, 18687
, 18686
, 18686
, 18685
, 18685
, 18684
, 18684
, 18683
, 18683
, 18682
, 18682
, 18681
, 18681
, 18680
, 18680
, 18679
, 18679
, 18678
, 18678
, 18677
, 18677
, 18676
, 18676
, 18675
, 18675
, 18674
, 18674
, 18673
, 18673
, 18672
, 18672
, 18671
, 18671
, 18670
, 18670
, 18669
, 18669
, 18668
, 18668
, 18667
, 18667
, 18666
, 18666
, 18665
, 18665
, 18664
, 18664
, 18663
, 18663
, 18662
, 18662
, 18661
, 18661
, 18660
, 18660
, 18659
, 18659
, 18658
, 18658
, 18657
, 18657
, 18656
, 18656
, 18655
, 18655
, 18654
, 18654
, 18653
, 18653
, 18652
, 18652
, 18651
, 18651
, 18650
, 18650
, 18649
, 18649
, 18648
, 18648
, 18647
, 18647
, 18646
, 18646
, 18645
, 18645
, 18644
, 18644
, 18643
, 18643
, 18642
, 18642
, 18641
, 18641
, 18640
, 18640
, 18639
, 18639
, 18638
, 18638
, 18637
, 18637
, 18636
, 18636
, 18635
, 18635
, 18634
, 18634
, 18633
, 18633
, 18632
, 18632
, 18631
, 18631
, 18630
, 18630
, 18629
, 18629
, 18628
, 18628
, 18627
, 18627
, 18626
, 18626
, 18625
, 18625
, 18624
, 18624
, 18623
, 18623
, 18622
, 18622
, 18621
, 18621
, 18620
, 18620
, 18619
, 18619
, 18618
, 18618
, 18617
, 18617
, 18616
, 18616
, 18615
, 18615
, 18614
, 18614
, 18613
, 18613
, 18612
, 18612
, 18611
, 18611
, 18610
, 18610
, 18609
, 18609
, 18608
, 18608
, 18607
, 18607
, 18606
, 18606
, 18605
, 18605
, 18604
, 18604
, 18603
, 18603
, 18602
, 18602
, 18601
, 18601
, 18600
, 18600
, 18599
, 18599
, 18598
, 18598
, 18597
, 18597
, 18596
, 18596
, 18595
, 18595
, 18594
, 18594
, 18593
, 18593
, 18592
, 18592
, 18591
, 18591
, 18590
, 18590
, 18589
, 18589
, 18588
, 18588
, 18587
, 18587
, 18586
, 18586
, 18585
, 18585
, 18584
, 18584
, 18583
, 18583
, 18582
, 18582
, 18581
, 18581
, 18580
, 18580
, 18579
, 18579
, 18578
, 18578
, 18577
, 18577
, 18576
, 18576
, 18575
, 18575
, 18574
, 18574
, 18573
, 18573
, 18572
, 18572
, 18571
, 18571
, 18570
, 18570
, 18569
, 18569
, 18568
, 18568
, 18567
, 18567
, 18566
, 18566
, 18565
, 18565
, 18564
, 18564
, 18563
, 18563
, 18562
, 18562
, 18561
, 18561
, 18560
, 18560
, 18559
, 18559
, 18558
, 18558
, 18557
, 18557
, 18556
, 18556
, 18555
, 18555
, 18554
, 18554
, 18553
, 18553
, 18552
, 18552
, 18551
, 18551
, 18550
, 18550
, 18549
, 18549
, 18548
, 18548
, 18547
, 18547
, 18546
, 18546
, 18545
, 18545
, 18544
, 18544
, 18543
, 18543
, 18542
, 18542
, 18541
, 18541
, 18540
, 18540
, 18539
, 18539
, 18538
, 18538
, 18537
, 18537
, 18536
, 18536
, 18535
, 18535
, 18534
, 18534
, 18533
, 18533
, 18532
, 18532
, 18531
, 18531
, 18530
, 18530
, 18529
, 18529
, 18528
, 18528
, 18527
, 18527
, 18526
, 18526
, 18525
, 18525
, 18524
, 18524
, 18523
, 18523
, 18522
, 18522
, 18521
, 18521
, 18520
, 18520
, 18519
, 18519
, 18518
, 18518
, 18517
, 18517
, 18516
, 18516
, 18515
, 18515
, 18514
, 18514
, 18513
, 18513
, 18512
, 18512
, 18511
, 18511
, 18510
, 18510
, 18509
, 18509
, 18508
, 18508
, 18507
, 18507
, 18506
, 18506
, 18505
, 18505
, 18504
, 18504
, 18503
, 18503
, 18502
, 18502
, 18501
, 18501
, 18500
, 18500
, 18499
, 18499
, 18498
, 18498
, 18497
, 18497
, 18496
, 18496
, 18495
, 18495
, 18494
, 18494
, 18493
, 18493
, 18492
, 18492
, 18491
, 18491
, 18490
, 18490
, 18489
, 18489
, 18488
, 18488
, 18487
, 18487
, 18486
, 18486
, 18485
, 18485
, 18484
, 18484
, 18483
, 18483
, 18482
, 18482
, 18481
, 18481
, 18480
, 18480
, 18479
, 18479
, 18478
, 18478
, 18477
, 18477
, 18476
, 18476
, 18475
, 18475
, 18474
, 18474
, 18473
, 18473
, 18472
, 18472
, 18471
, 18471
, 18470
, 18470
, 18469
, 18469
, 18468
, 18468
, 18467
, 18467
, 18466
, 18466
, 18465
, 18465
, 18464
, 18464
, 18463
, 18463
, 18462
, 18462
, 18461
, 18461
, 18460
, 18460
, 18459
, 18459
, 18458
, 18458
, 18457
, 18457
, 18456
, 18456
, 18455
, 18455
, 18454
, 18454
, 18453
, 18453
, 18452
, 18452
, 18451
, 18451
, 18450
, 18450
, 18449
, 18449
, 18448
, 18448
, 18447
, 18447
, 18446
, 18446
, 18445
, 18445
, 18444
, 18444
, 18443
, 18443
, 18442
, 18442
, 18441
, 18441
, 18440
, 18440
, 18439
, 18439
, 18438
, 18438
, 18437
, 18437
, 18436
, 18436
, 18435
, 18435
, 18434
, 18434
, 18433
, 18433
, 18432
, 18432
, 18431
, 18431
, 18430
, 18430
, 18429
, 18429
, 18428
, 18428
, 18427
, 18427
, 18426
, 18426
, 18425
, 18425
, 18424
, 18424
, 18423
, 18423
, 18422
, 18422
, 18421
, 18421
, 18420
, 18420
, 18419
, 18419
, 18418
, 18418
, 18417
, 18417
, 18416
, 18416
, 18415
, 18415
, 18414
, 18414
, 18413
, 18413
, 18412
, 18412
, 18411
, 18411
, 18410
, 18410
, 18409
, 18409
, 18408
, 18408
, 18407
, 18407
, 18406
, 18406
, 18405
, 18405
, 18404
, 18404
, 18403
, 18403
, 18402
, 18402
, 18401
, 18401
, 18400
, 18400
, 18399
, 18399
, 18398
, 18398
, 18397
, 18397
, 18396
, 18396
, 18395
, 18395
, 18394
, 18394
, 18393
, 18393
, 18392
, 18392
, 18391
, 18391
, 18390
, 18390
, 18389
, 18389
, 18388
, 18388
, 18387
, 18387
, 18386
, 18386
, 18385
, 18385
, 18384
, 18384
, 18383
, 18383
, 18382
, 18382
, 18381
, 18381
, 18380
, 18380
, 18379
, 18379
, 18378
, 18378
, 18377
, 18377
, 18376
, 18376
, 18375
, 18375
, 18374
, 18374
, 18373
, 18373
, 18372
, 18372
, 18371
, 18371
, 18370
, 18370
, 18369
, 18369
, 18368
, 18368
, 18367
, 18367
, 18366
, 18366
, 18365
, 18365
, 18364
, 18364
, 18363
, 18363
, 18362
, 18362
, 18361
, 18361
, 18360
, 18360
, 18359
, 18359
, 18358
, 18358
, 18357
, 18357
, 18356
, 18356
, 18355
, 18355
, 18354
, 18354
, 18353
, 18353
, 18352
, 18352
, 18351
, 18351
, 18350
, 18350
, 18349
, 18349
, 18348
, 18348
, 18347
, 18347
, 18346
, 18346
, 18345
, 18345
, 18344
, 18344
, 18343
, 18343
, 18342
, 18342
, 18341
, 18341
, 18340
, 18340
, 18339
, 18339
, 18338
, 18338
, 18337
, 18337
, 18336
, 18336
, 18335
, 18335
, 18334
, 18334
, 18333
, 18333
, 18332
, 18332
, 18331
, 18331
, 18330
, 18330
, 18329
, 18329
, 18328
, 18328
, 18327
, 18327
, 18326
, 18326
, 18325
, 18325
, 18324
, 18324
, 18323
, 18323
, 18322
, 18322
, 18321
, 18321
, 18320
, 18320
, 18319
, 18319
, 18318
, 18318
, 18317
, 18317
, 18316
, 18316
, 18315
, 18315
, 18314
, 18314
, 18313
, 18313
, 18312
, 18312
, 18311
, 18311
, 18310
, 18310
, 18309
, 18309
, 18308
, 18308
, 18307
, 18307
, 18306
, 18306
, 18305
, 18305
, 18304
, 18304
, 18303
, 18303
, 18302
, 18302
, 18301
, 18301
, 18300
, 18300
, 18299
, 18299
, 18298
, 18298
, 18297
, 18297
, 18296
, 18296
, 18295
, 18295
, 18294
, 18294
, 18293
, 18293
, 18292
, 18292
, 18291
, 18291
, 18290
, 18290
, 18289
, 18289
, 18288
, 18288
, 18287
, 18287
, 18286
, 18286
, 18285
, 18285
, 18284
, 18284
, 18283
, 18283
, 18282
, 18282
, 18281
, 18281
, 18280
, 18280
, 18279
, 18279
, 18278
, 18278
, 18277
, 18277
, 18276
, 18276
, 18275
, 18275
, 18274
, 18274
, 18273
, 18273
, 18272
, 18272
, 18271
, 18271
, 18270
, 18270
, 18269
, 18269
, 18268
, 18268
, 18267
, 18267
, 18266
, 18266
, 18265
, 18265
, 18264
, 18264
, 18263
, 18263
, 18262
, 18262
, 18261
, 18261
, 18260
, 18260
, 18259
, 18259
, 18258
, 18258
, 18257
, 18257
, 18256
, 18256
, 18255
, 18255
, 18254
, 18254
, 18253
, 18253
, 18252
, 18252
, 18251
, 18251
, 18250
, 18250
, 18249
, 18249
, 18248
, 18248
, 18247
, 18247
, 18246
, 18246
, 18245
, 18245
, 18244
, 18244
, 18243
, 18243
, 18242
, 18242
, 18241
, 18241
, 18240
, 18240
, 18239
, 18239
, 18238
, 18238
, 18237
, 18237
, 18236
, 18236
, 18235
, 18235
, 18234
, 18234
, 18233
, 18233
, 18232
, 18232
, 18231
, 18231
, 18230
, 18230
, 18229
, 18229
, 18228
, 18228
, 18227
, 18227
, 18226
, 18226
, 18225
, 18225
, 18224
, 18224
, 18223
, 18223
, 18222
, 18222
, 18221
, 18221
, 18220
, 18220
, 18219
, 18219
, 18218
, 18218
, 18217
, 18217
, 18216
, 18216
, 18215
, 18215
, 18214
, 18214
, 18213
, 18213
, 18212
, 18212
, 18211
, 18211
, 18210
, 18210
, 18209
, 18209
, 18208
, 18208
, 18207
, 18207
, 18206
, 18206
, 18205
, 18205
, 18204
, 18204
, 18203
, 18203
, 18202
, 18202
, 18201
, 18201
, 18200
, 18200
, 18199
, 18199
, 18198
, 18198
, 18197
, 18197
, 18196
, 18196
, 18195
, 18195
, 18194
, 18194
, 18193
, 18193
, 18192
, 18192
, 18191
, 18191
, 18190
, 18190
, 18189
, 18189
, 18188
, 18188
, 18187
, 18187
, 18186
, 18186
, 18185
, 18185
, 18184
, 18184
, 18183
, 18183
, 18182
, 18182
, 18181
, 18181
, 18180
, 18180
, 18179
, 18179
, 18178
, 18178
, 18177
, 18177
, 18176
, 18176
, 18175
, 18175
, 18174
, 18174
, 18173
, 18173
, 18172
, 18172
, 18171
, 18171
, 18170
, 18170
, 18169
, 18169
, 18168
, 18168
, 18167
, 18167
, 18166
, 18166
, 18165
, 18165
, 18164
, 18164
, 18163
, 18163
, 18162
, 18162
, 18161
, 18161
, 18160
, 18160
, 18159
, 18159
, 18158
, 18158
, 18157
, 18157
, 18156
, 18156
, 18155
, 18155
, 18154
, 18154
, 18153
, 18153
, 18152
, 18152
, 18151
, 18151
, 18150
, 18150
, 18149
, 18149
, 18148
, 18148
, 18147
, 18147
, 18146
, 18146
, 18145
, 18145
, 18144
, 18144
, 18143
, 18143
, 18142
, 18142
, 18141
, 18141
, 18140
, 18140
, 18139
, 18139
, 18138
, 18138
, 18137
, 18137
, 18136
, 18136
, 18135
, 18135
, 18134
, 18134
, 18133
, 18133
, 18132
, 18132
, 18131
, 18131
, 18130
, 18130
, 18129
, 18129
, 18128
, 18128
, 18127
, 18127
, 18126
, 18126
, 18125
, 18125
, 18124
, 18124
, 18123
, 18123
, 18122
, 18122
, 18121
, 18121
, 18120
, 18120
, 18119
, 18119
, 18118
, 18118
, 18117
, 18117
, 18116
, 18116
, 18115
, 18115
, 18114
, 18114
, 18113
, 18113
, 18112
, 18112
, 18111
, 18111
, 18110
, 18110
, 18109
, 18109
, 18108
, 18108
, 18107
, 18107
, 18106
, 18106
, 18105
, 18105
, 18104
, 18104
, 18103
, 18103
, 18102
, 18102
, 18101
, 18101
, 18100
, 18100
, 18099
, 18099
, 18098
, 18098
, 18097
, 18097
, 18096
, 18096
, 18095
, 18095
, 18094
, 18094
, 18093
, 18093
, 18092
, 18092
, 18091
, 18091
, 18090
, 18090
, 18089
, 18089
, 18088
, 18088
, 18087
, 18087
, 18086
, 18086
, 18085
, 18085
, 18084
, 18084
, 18083
, 18083
, 18082
, 18082
, 18081
, 18081
, 18080
, 18080
, 18079
, 18079
, 18078
, 18078
, 18077
, 18077
, 18076
, 18076
, 18075
, 18075
, 18074
, 18074
, 18073
, 18073
, 18072
, 18072
, 18071
, 18071
, 18070
, 18070
, 18069
, 18069
, 18068
, 18068
, 18067
, 18067
, 18066
, 18066
, 18065
, 18065
, 18064
, 18064
, 18063
, 18063
, 18062
, 18062
, 18061
, 18061
, 18060
, 18060
, 18059
, 18059
, 18058
, 18058
, 18057
, 18057
, 18056
, 18056
, 18055
, 18055
, 18054
, 18054
, 18053
, 18053
, 18052
, 18052
, 18051
, 18051
, 18050
, 18050
, 18049
, 18049
, 18048
, 18048
, 18047
, 18047
, 18046
, 18046
, 18045
, 18045
, 18044
, 18044
, 18043
, 18043
, 18042
, 18042
, 18041
, 18041
, 18040
, 18040
, 18039
, 18039
, 18038
, 18038
, 18037
, 18037
, 18036
, 18036
, 18035
, 18035
, 18034
, 18034
, 18033
, 18033
, 18032
, 18032
, 18031
, 18031
, 18030
, 18030
, 18029
, 18029
, 18028
, 18028
, 18027
, 18027
, 18026
, 18026
, 18025
, 18025
, 18024
, 18024
, 18023
, 18023
, 18022
, 18022
, 18021
, 18021
, 18020
, 18020
, 18019
, 18019
, 18018
, 18018
, 18017
, 18017
, 18016
, 18016
, 18015
, 18015
, 18014
, 18014
, 18013
, 18013
, 18012
, 18012
, 18011
, 18011
, 18010
, 18010
, 18009
, 18009
, 18008
, 18008
, 18007
, 18007
, 18006
, 18006
, 18005
, 18005
, 18004
, 18004
, 18003
, 18003
, 18002
, 18002
, 18001
, 18001
, 18000
, 18000
, 17999
, 17999
, 17998
, 17998
, 17997
, 17997
, 17996
, 17996
, 17995
, 17995
, 17994
, 17994
, 17993
, 17993
, 17992
, 17992
, 17991
, 17991
, 17990
, 17990
, 17989
, 17989
, 17988
, 17988
, 17987
, 17987
, 17986
, 17986
, 17985
, 17985
, 17984
, 17984
, 17983
, 17983
, 17982
, 17982
, 17981
, 17981
, 17980
, 17980
, 17979
, 17979
, 17978
, 17978
, 17977
, 17977
, 17976
, 17976
, 17975
, 17975
, 17974
, 17974
, 17973
, 17973
, 17972
, 17972
, 17971
, 17971
, 17970
, 17970
, 17969
, 17969
, 17968
, 17968
, 17967
, 17967
, 17966
, 17966
, 17965
, 17965
, 17964
, 17964
, 17963
, 17963
, 17962
, 17962
, 17961
, 17961
, 17960
, 17960
, 17959
, 17959
, 17958
, 17958
, 17957
, 17957
, 17956
, 17956
, 17955
, 17955
, 17954
, 17954
, 17953
, 17953
, 17952
, 17952
, 17951
, 17951
, 17950
, 17950
, 17949
, 17949
, 17948
, 17948
, 17947
, 17947
, 17946
, 17946
, 17945
, 17945
, 17944
, 17944
, 17943
, 17943
, 17942
, 17942
, 17941
, 17941
, 17940
, 17940
, 17939
, 17939
, 17938
, 17938
, 17937
, 17937
, 17936
, 17936
, 17935
, 17935
, 17934
, 17934
, 17933
, 17933
, 17932
, 17932
, 17931
, 17931
, 17930
, 17930
, 17929
, 17929
, 17928
, 17928
, 17927
, 17927
, 17926
, 17926
, 17925
, 17925
, 17924
, 17924
, 17923
, 17923
, 17922
, 17922
, 17921
, 17921
, 17920
, 17920
, 17919
, 17919
, 17918
, 17918
, 17917
, 17917
, 17916
, 17916
, 17915
, 17915
, 17914
, 17914
, 17913
, 17913
, 17912
, 17912
, 17911
, 17911
, 17910
, 17910
, 17909
, 17909
, 17908
, 17908
, 17907
, 17907
, 17906
, 17906
, 17905
, 17905
, 17904
, 17904
, 17903
, 17903
, 17902
, 17902
, 17901
, 17901
, 17900
, 17900
, 17899
, 17899
, 17898
, 17898
, 17897
, 17897
, 17896
, 17896
, 17895
, 17895
, 17894
, 17894
, 17893
, 17893
, 17892
, 17892
, 17891
, 17891
, 17890
, 17890
, 17889
, 17889
, 17888
, 17888
, 17887
, 17887
, 17886
, 17886
, 17885
, 17885
, 17884
, 17884
, 17883
, 17883
, 17882
, 17882
, 17881
, 17881
, 17880
, 17880
, 17879
, 17879
, 17878
, 17878
, 17877
, 17877
, 17876
, 17876
, 17875
, 17875
, 17874
, 17874
, 17873
, 17873
, 17872
, 17872
, 17871
, 17871
, 17870
, 17870
, 17869
, 17869
, 17868
, 17868
, 17867
, 17867
, 17866
, 17866
, 17865
, 17865
, 17864
, 17864
, 17863
, 17863
, 17862
, 17862
, 17861
, 17861
, 17860
, 17860
, 17859
, 17859
, 17858
, 17858
, 17857
, 17857
, 17856
, 17856
, 17855
, 17855
, 17854
, 17854
, 17853
, 17853
, 17852
, 17852
, 17851
, 17851
, 17850
, 17850
, 17849
, 17849
, 17848
, 17848
, 17847
, 17847
, 17846
, 17846
, 17845
, 17845
, 17844
, 17844
, 17843
, 17843
, 17842
, 17842
, 17841
, 17841
, 17840
, 17840
, 17839
, 17839
, 17838
, 17838
, 17837
, 17837
, 17836
, 17836
, 17835
, 17835
, 17834
, 17834
, 17833
, 17833
, 17832
, 17832
, 17831
, 17831
, 17830
, 17830
, 17829
, 17829
, 17828
, 17828
, 17827
, 17827
, 17826
, 17826
, 17825
, 17825
, 17824
, 17824
, 17823
, 17823
, 17822
, 17822
, 17821
, 17821
, 17820
, 17820
, 17819
, 17819
, 17818
, 17818
, 17817
, 17817
, 17816
, 17816
, 17815
, 17815
, 17814
, 17814
, 17813
, 17813
, 17812
, 17812
, 17811
, 17811
, 17810
, 17810
, 17809
, 17809
, 17808
, 17808
, 17807
, 17807
, 17806
, 17806
, 17805
, 17805
, 17804
, 17804
, 17803
, 17803
, 17802
, 17802
, 17801
, 17801
, 17800
, 17800
, 17799
, 17799
, 17798
, 17798
, 17797
, 17797
, 17796
, 17796
, 17795
, 17795
, 17794
, 17794
, 17793
, 17793
, 17792
, 17792
, 17791
, 17791
, 17790
, 17790
, 17789
, 17789
, 17788
, 17788
, 17787
, 17787
, 17786
, 17786
, 17785
, 17785
, 17784
, 17784
, 17783
, 17783
, 17782
, 17782
, 17781
, 17781
, 17780
, 17780
, 17779
, 17779
, 17778
, 17778
, 17777
, 17777
, 17776
, 17776
, 17775
, 17775
, 17774
, 17774
, 17773
, 17773
, 17772
, 17772
, 17771
, 17771
, 17770
, 17770
, 17769
, 17769
, 17768
, 17768
, 17767
, 17767
, 17766
, 17766
, 17765
, 17765
, 17764
, 17764
, 17763
, 17763
, 17762
, 17762
, 17761
, 17761
, 17760
, 17760
, 17759
, 17759
, 17758
, 17758
, 17757
, 17757
, 17756
, 17756
, 17755
, 17755
, 17754
, 17754
, 17753
, 17753
, 17752
, 17752
, 17751
, 17751
, 17750
, 17750
, 17749
, 17749
, 17748
, 17748
, 17747
, 17747
, 17746
, 17746
, 17745
, 17745
, 17744
, 17744
, 17743
, 17743
, 17742
, 17742
, 17741
, 17741
, 17740
, 17740
, 17739
, 17739
, 17738
, 17738
, 17737
, 17737
, 17736
, 17736
, 17735
, 17735
, 17734
, 17734
, 17733
, 17733
, 17732
, 17732
, 17731
, 17731
, 17730
, 17730
, 17729
, 17729
, 17728
, 17728
, 17727
, 17727
, 17726
, 17726
, 17725
, 17725
, 17724
, 17724
, 17723
, 17723
, 17722
, 17722
, 17721
, 17721
, 17720
, 17720
, 17719
, 17719
, 17718
, 17718
, 17717
, 17717
, 17716
, 17716
, 17715
, 17715
, 17714
, 17714
, 17713
, 17713
, 17712
, 17712
, 17711
, 17711
, 17710
, 17710
, 17709
, 17709
, 17708
, 17708
, 17707
, 17707
, 17706
, 17706
, 17705
, 17705
, 17704
, 17704
, 17703
, 17703
, 17702
, 17702
, 17701
, 17701
, 17700
, 17700
, 17699
, 17699
, 17698
, 17698
, 17697
, 17697
, 17696
, 17696
, 17695
, 17695
, 17694
, 17694
, 17693
, 17693
, 17692
, 17692
, 17691
, 17691
, 17690
, 17690
, 17689
, 17689
, 17688
, 17688
, 17687
, 17687
, 17686
, 17686
, 17685
, 17685
, 17684
, 17684
, 17683
, 17683
, 17682
, 17682
, 17681
, 17681
, 17680
, 17680
, 17679
, 17679
, 17678
, 17678
, 17677
, 17677
, 17676
, 17676
, 17675
, 17675
, 17674
, 17674
, 17673
, 17673
, 17672
, 17672
, 17671
, 17671
, 17670
, 17670
, 17669
, 17669
, 17668
, 17668
, 17667
, 17667
, 17666
, 17666
, 17665
, 17665
, 17664
, 17664
, 17663
, 17663
, 17662
, 17662
, 17661
, 17661
, 17660
, 17660
, 17659
, 17659
, 17658
, 17658
, 17657
, 17657
, 17656
, 17656
, 17655
, 17655
, 17654
, 17654
, 17653
, 17653
, 17652
, 17652
, 17651
, 17651
, 17650
, 17650
, 17649
, 17649
, 17648
, 17648
, 17647
, 17647
, 17646
, 17646
, 17645
, 17645
, 17644
, 17644
, 17643
, 17643
, 17642
, 17642
, 17641
, 17641
, 17640
, 17640
, 17639
, 17639
, 17638
, 17638
, 17637
, 17637
, 17636
, 17636
, 17635
, 17635
, 17634
, 17634
, 17633
, 17633
, 17632
, 17632
, 17631
, 17631
, 17630
, 17630
, 17629
, 17629
, 17628
, 17628
, 17627
, 17627
, 17626
, 17626
, 17625
, 17625
, 17624
, 17624
, 17623
, 17623
, 17622
, 17622
, 17621
, 17621
, 17620
, 17620
, 17619
, 17619
, 17618
, 17618
, 17617
, 17617
, 17616
, 17616
, 17615
, 17615
, 17614
, 17614
, 17613
, 17613
, 17612
, 17612
, 17611
, 17611
, 17610
, 17610
, 17609
, 17609
, 17608
, 17608
, 17607
, 17607
, 17606
, 17606
, 17605
, 17605
, 17604
, 17604
, 17603
, 17603
, 17602
, 17602
, 17601
, 17601
, 17600
, 17600
, 17599
, 17599
, 17598
, 17598
, 17597
, 17597
, 17596
, 17596
, 17595
, 17595
, 17594
, 17594
, 17593
, 17593
, 17592
, 17592
, 17591
, 17591
, 17590
, 17590
, 17589
, 17589
, 17588
, 17588
, 17587
, 17587
, 17586
, 17586
, 17585
, 17585
, 17584
, 17584
, 17583
, 17583
, 17582
, 17582
, 17581
, 17581
, 17580
, 17580
, 17579
, 17579
, 17578
, 17578
, 17577
, 17577
, 17576
, 17576
, 17575
, 17575
, 17574
, 17574
, 17573
, 17573
, 17572
, 17572
, 17571
, 17571
, 17570
, 17570
, 17569
, 17569
, 17568
, 17568
, 17567
, 17567
, 17566
, 17566
, 17565
, 17565
, 17564
, 17564
, 17563
, 17563
, 17562
, 17562
, 17561
, 17561
, 17560
, 17560
, 17559
, 17559
, 17558
, 17558
, 17557
, 17557
, 17556
, 17556
, 17555
, 17555
, 17554
, 17554
, 17553
, 17553
, 17552
, 17552
, 17551
, 17551
, 17550
, 17550
, 17549
, 17549
, 17548
, 17548
, 17547
, 17547
, 17546
, 17546
, 17545
, 17545
, 17544
, 17544
, 17543
, 17543
, 17542
, 17542
, 17541
, 17541
, 17540
, 17540
, 17539
, 17539
, 17538
, 17538
, 17537
, 17537
, 17536
, 17536
, 17535
, 17535
, 17534
, 17534
, 17533
, 17533
, 17532
, 17532
, 17531
, 17531
, 17530
, 17530
, 17529
, 17529
, 17528
, 17528
, 17527
, 17527
, 17526
, 17526
, 17525
, 17525
, 17524
, 17524
, 17523
, 17523
, 17522
, 17522
, 17521
, 17521
, 17520
, 17520
, 17519
, 17519
, 17518
, 17518
, 17517
, 17517
, 17516
, 17516
, 17515
, 17515
, 17514
, 17514
, 17513
, 17513
, 17512
, 17512
, 17511
, 17511
, 17510
, 17510
, 17509
, 17509
, 17508
, 17508
, 17507
, 17507
, 17506
, 17506
, 17505
, 17505
, 17504
, 17504
, 17503
, 17503
, 17502
, 17502
, 17501
, 17501
, 17500
, 17500
, 17499
, 17499
, 17498
, 17498
, 17497
, 17497
, 17496
, 17496
, 17495
, 17495
, 17494
, 17494
, 17493
, 17493
, 17492
, 17492
, 17491
, 17491
, 17490
, 17490
, 17489
, 17489
, 17488
, 17488
, 17487
, 17487
, 17486
, 17486
, 17485
, 17485
, 17484
, 17484
, 17483
, 17483
, 17482
, 17482
, 17481
, 17481
, 17480
, 17480
, 17479
, 17479
, 17478
, 17478
, 17477
, 17477
, 17476
, 17476
, 17475
, 17475
, 17474
, 17474
, 17473
, 17473
, 17472
, 17472
, 17471
, 17471
, 17470
, 17470
, 17469
, 17469
, 17468
, 17468
, 17467
, 17467
, 17466
, 17466
, 17465
, 17465
, 17464
, 17464
, 17463
, 17463
, 17462
, 17462
, 17461
, 17461
, 17460
, 17460
, 17459
, 17459
, 17458
, 17458
, 17457
, 17457
, 17456
, 17456
, 17455
, 17455
, 17454
, 17454
, 17453
, 17453
, 17452
, 17452
, 17451
, 17451
, 17450
, 17450
, 17449
, 17449
, 17448
, 17448
, 17447
, 17447
, 17446
, 17446
, 17445
, 17445
, 17444
, 17444
, 17443
, 17443
, 17442
, 17442
, 17441
, 17441
, 17440
, 17440
, 17439
, 17439
, 17438
, 17438
, 17437
, 17437
, 17436
, 17436
, 17435
, 17435
, 17434
, 17434
, 17433
, 17433
, 17432
, 17432
, 17431
, 17431
, 17430
, 17430
, 17429
, 17429
, 17428
, 17428
, 17427
, 17427
, 17426
, 17426
, 17425
, 17425
, 17424
, 17424
, 17423
, 17423
, 17422
, 17422
, 17421
, 17421
, 17420
, 17420
, 17419
, 17419
, 17418
, 17418
, 17417
, 17417
, 17416
, 17416
, 17415
, 17415
, 17414
, 17414
, 17413
, 17413
, 17412
, 17412
, 17411
, 17411
, 17410
, 17410
, 17409
, 17409
, 17408
, 17408
, 17407
, 17407
, 17406
, 17406
, 17405
, 17405
, 17404
, 17404
, 17403
, 17403
, 17402
, 17402
, 17401
, 17401
, 17400
, 17400
, 17399
, 17399
, 17398
, 17398
, 17397
, 17397
, 17396
, 17396
, 17395
, 17395
, 17394
, 17394
, 17393
, 17393
, 17392
, 17392
, 17391
, 17391
, 17390
, 17390
, 17389
, 17389
, 17388
, 17388
, 17387
, 17387
, 17386
, 17386
, 17385
, 17385
, 17384
, 17384
, 17383
, 17383
, 17382
, 17382
, 17381
, 17381
, 17380
, 17380
, 17379
, 17379
, 17378
, 17378
, 17377
, 17377
, 17376
, 17376
, 17375
, 17375
, 17374
, 17374
, 17373
, 17373
, 17372
, 17372
, 17371
, 17371
, 17370
, 17370
, 17369
, 17369
, 17368
, 17368
, 17367
, 17367
, 17366
, 17366
, 17365
, 17365
, 17364
, 17364
, 17363
, 17363
, 17362
, 17362
, 17361
, 17361
, 17360
, 17360
, 17359
, 17359
, 17358
, 17358
, 17357
, 17357
, 17356
, 17356
, 17355
, 17355
, 17354
, 17354
, 17353
, 17353
, 17352
, 17352
, 17351
, 17351
, 17350
, 17350
, 17349
, 17349
, 17348
, 17348
, 17347
, 17347
, 17346
, 17346
, 17345
, 17345
, 17344
, 17344
, 17343
, 17343
, 17342
, 17342
, 17341
, 17341
, 17340
, 17340
, 17339
, 17339
, 17338
, 17338
, 17337
, 17337
, 17336
, 17336
, 17335
, 17335
, 17334
, 17334
, 17333
, 17333
, 17332
, 17332
, 17331
, 17331
, 17330
, 17330
, 17329
, 17329
, 17328
, 17328
, 17327
, 17327
, 17326
, 17326
, 17325
, 17325
, 17324
, 17324
, 17323
, 17323
, 17322
, 17322
, 17321
, 17321
, 17320
, 17320
, 17319
, 17319
, 17318
, 17318
, 17317
, 17317
, 17316
, 17316
, 17315
, 17315
, 17314
, 17314
, 17313
, 17313
, 17312
, 17312
, 17311
, 17311
, 17310
, 17310
, 17309
, 17309
, 17308
, 17308
, 17307
, 17307
, 17306
, 17306
, 17305
, 17305
, 17304
, 17304
, 17303
, 17303
, 17302
, 17302
, 17301
, 17301
, 17300
, 17300
, 17299
, 17299
, 17298
, 17298
, 17297
, 17297
, 17296
, 17296
, 17295
, 17295
, 17294
, 17294
, 17293
, 17293
, 17292
, 17292
, 17291
, 17291
, 17290
, 17290
, 17289
, 17289
, 17288
, 17288
, 17287
, 17287
, 17286
, 17286
, 17285
, 17285
, 17284
, 17284
, 17283
, 17283
, 17282
, 17282
, 17281
, 17281
, 17280
, 17280
, 17279
, 17279
, 17278
, 17278
, 17277
, 17277
, 17276
, 17276
, 17275
, 17275
, 17274
, 17274
, 17273
, 17273
, 17272
, 17272
, 17271
, 17271
, 17270
, 17270
, 17269
, 17269
, 17268
, 17268
, 17267
, 17267
, 17266
, 17266
, 17265
, 17265
, 17264
, 17264
, 17263
, 17263
, 17262
, 17262
, 17261
, 17261
, 17260
, 17260
, 17259
, 17259
, 17258
, 17258
, 17257
, 17257
, 17256
, 17256
, 17255
, 17255
, 17254
, 17254
, 17253
, 17253
, 17252
, 17252
, 17251
, 17251
, 17250
, 17250
, 17249
, 17249
, 17248
, 17248
, 17247
, 17247
, 17246
, 17246
, 17245
, 17245
, 17244
, 17244
, 17243
, 17243
, 17242
, 17242
, 17241
, 17241
, 17240
, 17240
, 17239
, 17239
, 17238
, 17238
, 17237
, 17237
, 17236
, 17236
, 17235
, 17235
, 17234
, 17234
, 17233
, 17233
, 17232
, 17232
, 17231
, 17231
, 17230
, 17230
, 17229
, 17229
, 17228
, 17228
, 17227
, 17227
, 17226
, 17226
, 17225
, 17225
, 17224
, 17224
, 17223
, 17223
, 17222
, 17222
, 17221
, 17221
, 17220
, 17220
, 17219
, 17219
, 17218
, 17218
, 17217
, 17217
, 17216
, 17216
, 17215
, 17215
, 17214
, 17214
, 17213
, 17213
, 17212
, 17212
, 17211
, 17211
, 17210
, 17210
, 17209
, 17209
, 17208
, 17208
, 17207
, 17207
, 17206
, 17206
, 17205
, 17205
, 17204
, 17204
, 17203
, 17203
, 17202
, 17202
, 17201
, 17201
, 17200
, 17200
, 17199
, 17199
, 17198
, 17198
, 17197
, 17197
, 17196
, 17196
, 17195
, 17195
, 17194
, 17194
, 17193
, 17193
, 17192
, 17192
, 17191
, 17191
, 17190
, 17190
, 17189
, 17189
, 17188
, 17188
, 17187
, 17187
, 17186
, 17186
, 17185
, 17185
, 17184
, 17184
, 17183
, 17183
, 17182
, 17182
, 17181
, 17181
, 17180
, 17180
, 17179
, 17179
, 17178
, 17178
, 17177
, 17177
, 17176
, 17176
, 17175
, 17175
, 17174
, 17174
, 17173
, 17173
, 17172
, 17172
, 17171
, 17171
, 17170
, 17170
, 17169
, 17169
, 17168
, 17168
, 17167
, 17167
, 17166
, 17166
, 17165
, 17165
, 17164
, 17164
, 17163
, 17163
, 17162
, 17162
, 17161
, 17161
, 17160
, 17160
, 17159
, 17159
, 17158
, 17158
, 17157
, 17157
, 17156
, 17156
, 17155
, 17155
, 17154
, 17154
, 17153
, 17153
, 17152
, 17152
, 17151
, 17151
, 17150
, 17150
, 17149
, 17149
, 17148
, 17148
, 17147
, 17147
, 17146
, 17146
, 17145
, 17145
, 17144
, 17144
, 17143
, 17143
, 17142
, 17142
, 17141
, 17141
, 17140
, 17140
, 17139
, 17139
, 17138
, 17138
, 17137
, 17137
, 17136
, 17136
, 17135
, 17135
, 17134
, 17134
, 17133
, 17133
, 17132
, 17132
, 17131
, 17131
, 17130
, 17130
, 17129
, 17129
, 17128
, 17128
, 17127
, 17127
, 17126
, 17126
, 17125
, 17125
, 17124
, 17124
, 17123
, 17123
, 17122
, 17122
, 17121
, 17121
, 17120
, 17120
, 17119
, 17119
, 17118
, 17118
, 17117
, 17117
, 17116
, 17116
, 17115
, 17115
, 17114
, 17114
, 17113
, 17113
, 17112
, 17112
, 17111
, 17111
, 17110
, 17110
, 17109
, 17109
, 17108
, 17108
, 17107
, 17107
, 17106
, 17106
, 17105
, 17105
, 17104
, 17104
, 17103
, 17103
, 17102
, 17102
, 17101
, 17101
, 17100
, 17100
, 17099
, 17099
, 17098
, 17098
, 17097
, 17097
, 17096
, 17096
, 17095
, 17095
, 17094
, 17094
, 17093
, 17093
, 17092
, 17092
, 17091
, 17091
, 17090
, 17090
, 17089
, 17089
, 17088
, 17088
, 17087
, 17087
, 17086
, 17086
, 17085
, 17085
, 17084
, 17084
, 17083
, 17083
, 17082
, 17082
, 17081
, 17081
, 17080
, 17080
, 17079
, 17079
, 17078
, 17078
, 17077
, 17077
, 17076
, 17076
, 17075
, 17075
, 17074
, 17074
, 17073
, 17073
, 17072
, 17072
, 17071
, 17071
, 17070
, 17070
, 17069
, 17069
, 17068
, 17068
, 17067
, 17067
, 17066
, 17066
, 17065
, 17065
, 17064
, 17064
, 17063
, 17063
, 17062
, 17062
, 17061
, 17061
, 17060
, 17060
, 17059
, 17059
, 17058
, 17058
, 17057
, 17057
, 17056
, 17056
, 17055
, 17055
, 17054
, 17054
, 17053
, 17053
, 17052
, 17052
, 17051
, 17051
, 17050
, 17050
, 17049
, 17049
, 17048
, 17048
, 17047
, 17047
, 17046
, 17046
, 17045
, 17045
, 17044
, 17044
, 17043
, 17043
, 17042
, 17042
, 17041
, 17041
, 17040
, 17040
, 17039
, 17039
, 17038
, 17038
, 17037
, 17037
, 17036
, 17036
, 17035
, 17035
, 17034
, 17034
, 17033
, 17033
, 17032
, 17032
, 17031
, 17031
, 17030
, 17030
, 17029
, 17029
, 17028
, 17028
, 17027
, 17027
, 17026
, 17026
, 17025
, 17025
, 17024
, 17024
, 17023
, 17023
, 17022
, 17022
, 17021
, 17021
, 17020
, 17020
, 17019
, 17019
, 17018
, 17018
, 17017
, 17017
, 17016
, 17016
, 17015
, 17015
, 17014
, 17014
, 17013
, 17013
, 17012
, 17012
, 17011
, 17011
, 17010
, 17010
, 17009
, 17009
, 17008
, 17008
, 17007
, 17007
, 17006
, 17006
, 17005
, 17005
, 17004
, 17004
, 17003
, 17003
, 17002
, 17002
, 17001
, 17001
, 17000
, 17000
, 16999
, 16999
, 16998
, 16998
, 16997
, 16997
, 16996
, 16996
, 16995
, 16995
, 16994
, 16994
, 16993
, 16993
, 16992
, 16992
, 16991
, 16991
, 16990
, 16990
, 16989
, 16989
, 16988
, 16988
, 16987
, 16987
, 16986
, 16986
, 16985
, 16985
, 16984
, 16984
, 16983
, 16983
, 16982
, 16982
, 16981
, 16981
, 16980
, 16980
, 16979
, 16979
, 16978
, 16978
, 16977
, 16977
, 16976
, 16976
, 16975
, 16975
, 16974
, 16974
, 16973
, 16973
, 16972
, 16972
, 16971
, 16971
, 16970
, 16970
, 16969
, 16969
, 16968
, 16968
, 16967
, 16967
, 16966
, 16966
, 16965
, 16965
, 16964
, 16964
, 16963
, 16963
, 16962
, 16962
, 16961
, 16961
, 16960
, 16960
, 16959
, 16959
, 16958
, 16958
, 16957
, 16957
, 16956
, 16956
, 16955
, 16955
, 16954
, 16954
, 16953
, 16953
, 16952
, 16952
, 16951
, 16951
, 16950
, 16950
, 16949
, 16949
, 16948
, 16948
, 16947
, 16947
, 16946
, 16946
, 16945
, 16945
, 16944
, 16944
, 16943
, 16943
, 16942
, 16942
, 16941
, 16941
, 16940
, 16940
, 16939
, 16939
, 16938
, 16938
, 16937
, 16937
, 16936
, 16936
, 16935
, 16935
, 16934
, 16934
, 16933
, 16933
, 16932
, 16932
, 16931
, 16931
, 16930
, 16930
, 16929
, 16929
, 16928
, 16928
, 16927
, 16927
, 16926
, 16926
, 16925
, 16925
, 16924
, 16924
, 16923
, 16923
, 16922
, 16922
, 16921
, 16921
, 16920
, 16920
, 16919
, 16919
, 16918
, 16918
, 16917
, 16917
, 16916
, 16916
, 16915
, 16915
, 16914
, 16914
, 16913
, 16913
, 16912
, 16912
, 16911
, 16911
, 16910
, 16910
, 16909
, 16909
, 16908
, 16908
, 16907
, 16907
, 16906
, 16906
, 16905
, 16905
, 16904
, 16904
, 16903
, 16903
, 16902
, 16902
, 16901
, 16901
, 16900
, 16900
, 16899
, 16899
, 16898
, 16898
, 16897
, 16897
, 16896
, 16896
, 16895
, 16895
, 16894
, 16894
, 16893
, 16893
, 16892
, 16892
, 16891
, 16891
, 16890
, 16890
, 16889
, 16889
, 16888
, 16888
, 16887
, 16887
, 16886
, 16886
, 16885
, 16885
, 16884
, 16884
, 16883
, 16883
, 16882
, 16882
, 16881
, 16881
, 16880
, 16880
, 16879
, 16879
, 16878
, 16878
, 16877
, 16877
, 16876
, 16876
, 16875
, 16875
, 16874
, 16874
, 16873
, 16873
, 16872
, 16872
, 16871
, 16871
, 16870
, 16870
, 16869
, 16869
, 16868
, 16868
, 16867
, 16867
, 16866
, 16866
, 16865
, 16865
, 16864
, 16864
, 16863
, 16863
, 16862
, 16862
, 16861
, 16861
, 16860
, 16860
, 16859
, 16859
, 16858
, 16858
, 16857
, 16857
, 16856
, 16856
, 16855
, 16855
, 16854
, 16854
, 16853
, 16853
, 16852
, 16852
, 16851
, 16851
, 16850
, 16850
, 16849
, 16849
, 16848
, 16848
, 16847
, 16847
, 16846
, 16846
, 16845
, 16845
, 16844
, 16844
, 16843
, 16843
, 16842
, 16842
, 16841
, 16841
, 16840
, 16840
, 16839
, 16839
, 16838
, 16838
, 16837
, 16837
, 16836
, 16836
, 16835
, 16835
, 16834
, 16834
, 16833
, 16833
, 16832
, 16832
, 16831
, 16831
, 16830
, 16830
, 16829
, 16829
, 16828
, 16828
, 16827
, 16827
, 16826
, 16826
, 16825
, 16825
, 16824
, 16824
, 16823
, 16823
, 16822
, 16822
, 16821
, 16821
, 16820
, 16820
, 16819
, 16819
, 16818
, 16818
, 16817
, 16817
, 16816
, 16816
, 16815
, 16815
, 16814
, 16814
, 16813
, 16813
, 16812
, 16812
, 16811
, 16811
, 16810
, 16810
, 16809
, 16809
, 16808
, 16808
, 16807
, 16807
, 16806
, 16806
, 16805
, 16805
, 16804
, 16804
, 16803
, 16803
, 16802
, 16802
, 16801
, 16801
, 16800
, 16800
, 16799
, 16799
, 16798
, 16798
, 16797
, 16797
, 16796
, 16796
, 16795
, 16795
, 16794
, 16794
, 16793
, 16793
, 16792
, 16792
, 16791
, 16791
, 16790
, 16790
, 16789
, 16789
, 16788
, 16788
, 16787
, 16787
, 16786
, 16786
, 16785
, 16785
, 16784
, 16784
, 16783
, 16783
, 16782
, 16782
, 16781
, 16781
, 16780
, 16780
, 16779
, 16779
, 16778
, 16778
, 16777
, 16777
, 16776
, 16776
, 16775
, 16775
, 16774
, 16774
, 16773
, 16773
, 16772
, 16772
, 16771
, 16771
, 16770
, 16770
, 16769
, 16769
, 16768
, 16768
, 16767
, 16767
, 16766
, 16766
, 16765
, 16765
, 16764
, 16764
, 16763
, 16763
, 16762
, 16762
, 16761
, 16761
, 16760
, 16760
, 16759
, 16759
, 16758
, 16758
, 16757
, 16757
, 16756
, 16756
, 16755
, 16755
, 16754
, 16754
, 16753
, 16753
, 16752
, 16752
, 16751
, 16751
, 16750
, 16750
, 16749
, 16749
, 16748
, 16748
, 16747
, 16747
, 16746
, 16746
, 16745
, 16745
, 16744
, 16744
, 16743
, 16743
, 16742
, 16742
, 16741
, 16741
, 16740
, 16740
, 16739
, 16739
, 16738
, 16738
, 16737
, 16737
, 16736
, 16736
, 16735
, 16735
, 16734
, 16734
, 16733
, 16733
, 16732
, 16732
, 16731
, 16731
, 16730
, 16730
, 16729
, 16729
, 16728
, 16728
, 16727
, 16727
, 16726
, 16726
, 16725
, 16725
, 16724
, 16724
, 16723
, 16723
, 16722
, 16722
, 16721
, 16721
, 16720
, 16720
, 16719
, 16719
, 16718
, 16718
, 16717
, 16717
, 16716
, 16716
, 16715
, 16715
, 16714
, 16714
, 16713
, 16713
, 16712
, 16712
, 16711
, 16711
, 16710
, 16710
, 16709
, 16709
, 16708
, 16708
, 16707
, 16707
, 16706
, 16706
, 16705
, 16705
, 16704
, 16704
, 16703
, 16703
, 16702
, 16702
, 16701
, 16701
, 16700
, 16700
, 16699
, 16699
, 16698
, 16698
, 16697
, 16697
, 16696
, 16696
, 16695
, 16695
, 16694
, 16694
, 16693
, 16693
, 16692
, 16692
, 16691
, 16691
, 16690
, 16690
, 16689
, 16689
, 16688
, 16688
, 16687
, 16687
, 16686
, 16686
, 16685
, 16685
, 16684
, 16684
, 16683
, 16683
, 16682
, 16682
, 16681
, 16681
, 16680
, 16680
, 16679
, 16679
, 16678
, 16678
, 16677
, 16677
, 16676
, 16676
, 16675
, 16675
, 16674
, 16674
, 16673
, 16673
, 16672
, 16672
, 16671
, 16671
, 16670
, 16670
, 16669
, 16669
, 16668
, 16668
, 16667
, 16667
, 16666
, 16666
, 16665
, 16665
, 16664
, 16664
, 16663
, 16663
, 16662
, 16662
, 16661
, 16661
, 16660
, 16660
, 16659
, 16659
, 16658
, 16658
, 16657
, 16657
, 16656
, 16656
, 16655
, 16655
, 16654
, 16654
, 16653
, 16653
, 16652
, 16652
, 16651
, 16651
, 16650
, 16650
, 16649
, 16649
, 16648
, 16648
, 16647
, 16647
, 16646
, 16646
, 16645
, 16645
, 16644
, 16644
, 16643
, 16643
, 16642
, 16642
, 16641
, 16641
, 16640
, 16640
, 16639
, 16639
, 16638
, 16638
, 16637
, 16637
, 16636
, 16636
, 16635
, 16635
, 16634
, 16634
, 16633
, 16633
, 16632
, 16632
, 16631
, 16631
, 16630
, 16630
, 16629
, 16629
, 16628
, 16628
, 16627
, 16627
, 16626
, 16626
, 16625
, 16625
, 16624
, 16624
, 16623
, 16623
, 16622
, 16622
, 16621
, 16621
, 16620
, 16620
, 16619
, 16619
, 16618
, 16618
, 16617
, 16617
, 16616
, 16616
, 16615
, 16615
, 16614
, 16614
, 16613
, 16613
, 16612
, 16612
, 16611
, 16611
, 16610
, 16610
, 16609
, 16609
, 16608
, 16608
, 16607
, 16607
, 16606
, 16606
, 16605
, 16605
, 16604
, 16604
, 16603
, 16603
, 16602
, 16602
, 16601
, 16601
, 16600
, 16600
, 16599
, 16599
, 16598
, 16598
, 16597
, 16597
, 16596
, 16596
, 16595
, 16595
, 16594
, 16594
, 16593
, 16593
, 16592
, 16592
, 16591
, 16591
, 16590
, 16590
, 16589
, 16589
, 16588
, 16588
, 16587
, 16587
, 16586
, 16586
, 16585
, 16585
, 16584
, 16584
, 16583
, 16583
, 16582
, 16582
, 16581
, 16581
, 16580
, 16580
, 16579
, 16579
, 16578
, 16578
, 16577
, 16577
, 16576
, 16576
, 16575
, 16575
, 16574
, 16574
, 16573
, 16573
, 16572
, 16572
, 16571
, 16571
, 16570
, 16570
, 16569
, 16569
, 16568
, 16568
, 16567
, 16567
, 16566
, 16566
, 16565
, 16565
, 16564
, 16564
, 16563
, 16563
, 16562
, 16562
, 16561
, 16561
, 16560
, 16560
, 16559
, 16559
, 16558
, 16558
, 16557
, 16557
, 16556
, 16556
, 16555
, 16555
, 16554
, 16554
, 16553
, 16553
, 16552
, 16552
, 16551
, 16551
, 16550
, 16550
, 16549
, 16549
, 16548
, 16548
, 16547
, 16547
, 16546
, 16546
, 16545
, 16545
, 16544
, 16544
, 16543
, 16543
, 16542
, 16542
, 16541
, 16541
, 16540
, 16540
, 16539
, 16539
, 16538
, 16538
, 16537
, 16537
, 16536
, 16536
, 16535
, 16535
, 16534
, 16534
, 16533
, 16533
, 16532
, 16532
, 16531
, 16531
, 16530
, 16530
, 16529
, 16529
, 16528
, 16528
, 16527
, 16527
, 16526
, 16526
, 16525
, 16525
, 16524
, 16524
, 16523
, 16523
, 16522
, 16522
, 16521
, 16521
, 16520
, 16520
, 16519
, 16519
, 16518
, 16518
, 16517
, 16517
, 16516
, 16516
, 16515
, 16515
, 16514
, 16514
, 16513
, 16513
, 16512
, 16512
, 16511
, 16511
, 16510
, 16510
, 16509
, 16509
, 16508
, 16508
, 16507
, 16507
, 16506
, 16506
, 16505
, 16505
, 16504
, 16504
, 16503
, 16503
, 16502
, 16502
, 16501
, 16501
, 16500
, 16500
, 16499
, 16499
, 16498
, 16498
, 16497
, 16497
, 16496
, 16496
, 16495
, 16495
, 16494
, 16494
, 16493
, 16493
, 16492
, 16492
, 16491
, 16491
, 16490
, 16490
, 16489
, 16489
, 16488
, 16488
, 16487
, 16487
, 16486
, 16486
, 16485
, 16485
, 16484
, 16484
, 16483
, 16483
, 16482
, 16482
, 16481
, 16481
, 16480
, 16480
, 16479
, 16479
, 16478
, 16478
, 16477
, 16477
, 16476
, 16476
, 16475
, 16475
, 16474
, 16474
, 16473
, 16473
, 16472
, 16472
, 16471
, 16471
, 16470
, 16470
, 16469
, 16469
, 16468
, 16468
, 16467
, 16467
, 16466
, 16466
, 16465
, 16465
, 16464
, 16464
, 16463
, 16463
, 16462
, 16462
, 16461
, 16461
, 16460
, 16460
, 16459
, 16459
, 16458
, 16458
, 16457
, 16457
, 16456
, 16456
, 16455
, 16455
, 16454
, 16454
, 16453
, 16453
, 16452
, 16452
, 16451
, 16451
, 16450
, 16450
, 16449
, 16449
, 16448
, 16448
, 16447
, 16447
, 16446
, 16446
, 16445
, 16445
, 16444
, 16444
, 16443
, 16443
, 16442
, 16442
, 16441
, 16441
, 16440
, 16440
, 16439
, 16439
, 16438
, 16438
, 16437
, 16437
, 16436
, 16436
, 16435
, 16435
, 16434
, 16434
, 16433
, 16433
, 16432
, 16432
, 16431
, 16431
, 16430
, 16430
, 16429
, 16429
, 16428
, 16428
, 16427
, 16427
, 16426
, 16426
, 16425
, 16425
, 16424
, 16424
, 16423
, 16423
, 16422
, 16422
, 16421
, 16421
, 16420
, 16420
, 16419
, 16419
, 16418
, 16418
, 16417
, 16417
, 16416
, 16416
, 16415
, 16415
, 16414
, 16414
, 16413
, 16413
, 16412
, 16412
, 16411
, 16411
, 16410
, 16410
, 16409
, 16409
, 16408
, 16408
, 16407
, 16407
, 16406
, 16406
, 16405
, 16405
, 16404
, 16404
, 16403
, 16403
, 16402
, 16402
, 16401
, 16401
, 16400
, 16400
, 16399
, 16399
, 16398
, 16398
, 16397
, 16397
, 16396
, 16396
, 16395
, 16395
, 16394
, 16394
, 16393
, 16393
, 16392
, 16392
, 16391
, 16391
, 16390
, 16390
, 16389
, 16389
, 16388
, 16388
, 16387
, 16387
, 16386
, 16386
, 16385
, 16385
, 16384
, 16384
, 16383
, 16383
, 16382
, 16382
, 16381
, 16381
, 16380
, 16380
, 16379
, 16379
, 16378
, 16378
, 16377
, 16377
, 16376
, 16376
, 16375
, 16375
, 16374
, 16374
, 16373
, 16373
, 16372
, 16372
, 16371
, 16371
, 16370
, 16370
, 16369
, 16369
, 16368
, 16368
, 16367
, 16367
, 16366
, 16366
, 16365
, 16365
, 16364
, 16364
, 16363
, 16363
, 16362
, 16362
, 16361
, 16361
, 16360
, 16360
, 16359
, 16359
, 16358
, 16358
, 16357
, 16357
, 16356
, 16356
, 16355
, 16355
, 16354
, 16354
, 16353
, 16353
, 16352
, 16352
, 16351
, 16351
, 16350
, 16350
, 16349
, 16349
, 16348
, 16348
, 16347
, 16347
, 16346
, 16346
, 16345
, 16345
, 16344
, 16344
, 16343
, 16343
, 16342
, 16342
, 16341
, 16341
, 16340
, 16340
, 16339
, 16339
, 16338
, 16338
, 16337
, 16337
, 16336
, 16336
, 16335
, 16335
, 16334
, 16334
, 16333
, 16333
, 16332
, 16332
, 16331
, 16331
, 16330
, 16330
, 16329
, 16329
, 16328
, 16328
, 16327
, 16327
, 16326
, 16326
, 16325
, 16325
, 16324
, 16324
, 16323
, 16323
, 16322
, 16322
, 16321
, 16321
, 16320
, 16320
, 16319
, 16319
, 16318
, 16318
, 16317
, 16317
, 16316
, 16316
, 16315
, 16315
, 16314
, 16314
, 16313
, 16313
, 16312
, 16312
, 16311
, 16311
, 16310
, 16310
, 16309
, 16309
, 16308
, 16308
, 16307
, 16307
, 16306
, 16306
, 16305
, 16305
, 16304
, 16304
, 16303
, 16303
, 16302
, 16302
, 16301
, 16301
, 16300
, 16300
, 16299
, 16299
, 16298
, 16298
, 16297
, 16297
, 16296
, 16296
, 16295
, 16295
, 16294
, 16294
, 16293
, 16293
, 16292
, 16292
, 16291
, 16291
, 16290
, 16290
, 16289
, 16289
, 16288
, 16288
, 16287
, 16287
, 16286
, 16286
, 16285
, 16285
, 16284
, 16284
, 16283
, 16283
, 16282
, 16282
, 16281
, 16281
, 16280
, 16280
, 16279
, 16279
, 16278
, 16278
, 16277
, 16277
, 16276
, 16276
, 16275
, 16275
, 16274
, 16274
, 16273
, 16273
, 16272
, 16272
, 16271
, 16271
, 16270
, 16270
, 16269
, 16269
, 16268
, 16268
, 16267
, 16267
, 16266
, 16266
, 16265
, 16265
, 16264
, 16264
, 16263
, 16263
, 16262
, 16262
, 16261
, 16261
, 16260
, 16260
, 16259
, 16259
, 16258
, 16258
, 16257
, 16257
, 16256
, 16256
, 16255
, 16255
, 16254
, 16254
, 16253
, 16253
, 16252
, 16252
, 16251
, 16251
, 16250
, 16250
, 16249
, 16249
, 16248
, 16248
, 16247
, 16247
, 16246
, 16246
, 16245
, 16245
, 16244
, 16244
, 16243
, 16243
, 16242
, 16242
, 16241
, 16241
, 16240
, 16240
, 16239
, 16239
, 16238
, 16238
, 16237
, 16237
, 16236
, 16236
, 16235
, 16235
, 16234
, 16234
, 16233
, 16233
, 16232
, 16232
, 16231
, 16231
, 16230
, 16230
, 16229
, 16229
, 16228
, 16228
, 16227
, 16227
, 16226
, 16226
, 16225
, 16225
, 16224
, 16224
, 16223
, 16223
, 16222
, 16222
, 16221
, 16221
, 16220
, 16220
, 16219
, 16219
, 16218
, 16218
, 16217
, 16217
, 16216
, 16216
, 16215
, 16215
, 16214
, 16214
, 16213
, 16213
, 16212
, 16212
, 16211
, 16211
, 16210
, 16210
, 16209
, 16209
, 16208
, 16208
, 16207
, 16207
, 16206
, 16206
, 16205
, 16205
, 16204
, 16204
, 16203
, 16203
, 16202
, 16202
, 16201
, 16201
, 16200
, 16200
, 16199
, 16199
, 16198
, 16198
, 16197
, 16197
, 16196
, 16196
, 16195
, 16195
, 16194
, 16194
, 16193
, 16193
, 16192
, 16192
, 16191
, 16191
, 16190
, 16190
, 16189
, 16189
, 16188
, 16188
, 16187
, 16187
, 16186
, 16186
, 16185
, 16185
, 16184
, 16184
, 16183
, 16183
, 16182
, 16182
, 16181
, 16181
, 16180
, 16180
, 16179
, 16179
, 16178
, 16178
, 16177
, 16177
, 16176
, 16176
, 16175
, 16175
, 16174
, 16174
, 16173
, 16173
, 16172
, 16172
, 16171
, 16171
, 16170
, 16170
, 16169
, 16169
, 16168
, 16168
, 16167
, 16167
, 16166
, 16166
, 16165
, 16165
, 16164
, 16164
, 16163
, 16163
, 16162
, 16162
, 16161
, 16161
, 16160
, 16160
, 16159
, 16159
, 16158
, 16158
, 16157
, 16157
, 16156
, 16156
, 16155
, 16155
, 16154
, 16154
, 16153
, 16153
, 16152
, 16152
, 16151
, 16151
, 16150
, 16150
, 16149
, 16149
, 16148
, 16148
, 16147
, 16147
, 16146
, 16146
, 16145
, 16145
, 16144
, 16144
, 16143
, 16143
, 16142
, 16142
, 16141
, 16141
, 16140
, 16140
, 16139
, 16139
, 16138
, 16138
, 16137
, 16137
, 16136
, 16136
, 16135
, 16135
, 16134
, 16134
, 16133
, 16133
, 16132
, 16132
, 16131
, 16131
, 16130
, 16130
, 16129
, 16129
, 16128
, 16128
, 16127
, 16127
, 16126
, 16126
, 16125
, 16125
, 16124
, 16124
, 16123
, 16123
, 16122
, 16122
, 16121
, 16121
, 16120
, 16120
, 16119
, 16119
, 16118
, 16118
, 16117
, 16117
, 16116
, 16116
, 16115
, 16115
, 16114
, 16114
, 16113
, 16113
, 16112
, 16112
, 16111
, 16111
, 16110
, 16110
, 16109
, 16109
, 16108
, 16108
, 16107
, 16107
, 16106
, 16106
, 16105
, 16105
, 16104
, 16104
, 16103
, 16103
, 16102
, 16102
, 16101
, 16101
, 16100
, 16100
, 16099
, 16099
, 16098
, 16098
, 16097
, 16097
, 16096
, 16096
, 16095
, 16095
, 16094
, 16094
, 16093
, 16093
, 16092
, 16092
, 16091
, 16091
, 16090
, 16090
, 16089
, 16089
, 16088
, 16088
, 16087
, 16087
, 16086
, 16086
, 16085
, 16085
, 16084
, 16084
, 16083
, 16083
, 16082
, 16082
, 16081
, 16081
, 16080
, 16080
, 16079
, 16079
, 16078
, 16078
, 16077
, 16077
, 16076
, 16076
, 16075
, 16075
, 16074
, 16074
, 16073
, 16073
, 16072
, 16072
, 16071
, 16071
, 16070
, 16070
, 16069
, 16069
, 16068
, 16068
, 16067
, 16067
, 16066
, 16066
, 16065
, 16065
, 16064
, 16064
, 16063
, 16063
, 16062
, 16062
, 16061
, 16061
, 16060
, 16060
, 16059
, 16059
, 16058
, 16058
, 16057
, 16057
, 16056
, 16056
, 16055
, 16055
, 16054
, 16054
, 16053
, 16053
, 16052
, 16052
, 16051
, 16051
, 16050
, 16050
, 16049
, 16049
, 16048
, 16048
, 16047
, 16047
, 16046
, 16046
, 16045
, 16045
, 16044
, 16044
, 16043
, 16043
, 16042
, 16042
, 16041
, 16041
, 16040
, 16040
, 16039
, 16039
, 16038
, 16038
, 16037
, 16037
, 16036
, 16036
, 16035
, 16035
, 16034
, 16034
, 16033
, 16033
, 16032
, 16032
, 16031
, 16031
, 16030
, 16030
, 16029
, 16029
, 16028
, 16028
, 16027
, 16027
, 16026
, 16026
, 16025
, 16025
, 16024
, 16024
, 16023
, 16023
, 16022
, 16022
, 16021
, 16021
, 16020
, 16020
, 16019
, 16019
, 16018
, 16018
, 16017
, 16017
, 16016
, 16016
, 16015
, 16015
, 16014
, 16014
, 16013
, 16013
, 16012
, 16012
, 16011
, 16011
, 16010
, 16010
, 16009
, 16009
, 16008
, 16008
, 16007
, 16007
, 16006
, 16006
, 16005
, 16005
, 16004
, 16004
, 16003
, 16003
, 16002
, 16002
, 16001
, 16001
, 16000
, 16000
, 15999
, 15999
, 15998
, 15998
, 15997
, 15997
, 15996
, 15996
, 15995
, 15995
, 15994
, 15994
, 15993
, 15993
, 15992
, 15992
, 15991
, 15991
, 15990
, 15990
, 15989
, 15989
, 15988
, 15988
, 15987
, 15987
, 15986
, 15986
, 15985
, 15985
, 15984
, 15984
, 15983
, 15983
, 15982
, 15982
, 15981
, 15981
, 15980
, 15980
, 15979
, 15979
, 15978
, 15978
, 15977
, 15977
, 15976
, 15976
, 15975
, 15975
, 15974
, 15974
, 15973
, 15973
, 15972
, 15972
, 15971
, 15971
, 15970
, 15970
, 15969
, 15969
, 15968
, 15968
, 15967
, 15967
, 15966
, 15966
, 15965
, 15965
, 15964
, 15964
, 15963
, 15963
, 15962
, 15962
, 15961
, 15961
, 15960
, 15960
, 15959
, 15959
, 15958
, 15958
, 15957
, 15957
, 15956
, 15956
, 15955
, 15955
, 15954
, 15954
, 15953
, 15953
, 15952
, 15952
, 15951
, 15951
, 15950
, 15950
, 15949
, 15949
, 15948
, 15948
, 15947
, 15947
, 15946
, 15946
, 15945
, 15945
, 15944
, 15944
, 15943
, 15943
, 15942
, 15942
, 15941
, 15941
, 15940
, 15940
, 15939
, 15939
, 15938
, 15938
, 15937
, 15937
, 15936
, 15936
, 15935
, 15935
, 15934
, 15934
, 15933
, 15933
, 15932
, 15932
, 15931
, 15931
, 15930
, 15930
, 15929
, 15929
, 15928
, 15928
, 15927
, 15927
, 15926
, 15926
, 15925
, 15925
, 15924
, 15924
, 15923
, 15923
, 15922
, 15922
, 15921
, 15921
, 15920
, 15920
, 15919
, 15919
, 15918
, 15918
, 15917
, 15917
, 15916
, 15916
, 15915
, 15915
, 15914
, 15914
, 15913
, 15913
, 15912
, 15912
, 15911
, 15911
, 15910
, 15910
, 15909
, 15909
, 15908
, 15908
, 15907
, 15907
, 15906
, 15906
, 15905
, 15905
, 15904
, 15904
, 15903
, 15903
, 15902
, 15902
, 15901
, 15901
, 15900
, 15900
, 15899
, 15899
, 15898
, 15898
, 15897
, 15897
, 15896
, 15896
, 15895
, 15895
, 15894
, 15894
, 15893
, 15893
, 15892
, 15892
, 15891
, 15891
, 15890
, 15890
, 15889
, 15889
, 15888
, 15888
, 15887
, 15887
, 15886
, 15886
, 15885
, 15885
, 15884
, 15884
, 15883
, 15883
, 15882
, 15882
, 15881
, 15881
, 15880
, 15880
, 15879
, 15879
, 15878
, 15878
, 15877
, 15877
, 15876
, 15876
, 15875
, 15875
, 15874
, 15874
, 15873
, 15873
, 15872
, 15872
, 15871
, 15871
, 15870
, 15870
, 15869
, 15869
, 15868
, 15868
, 15867
, 15867
, 15866
, 15866
, 15865
, 15865
, 15864
, 15864
, 15863
, 15863
, 15862
, 15862
, 15861
, 15861
, 15860
, 15860
, 15859
, 15859
, 15858
, 15858
, 15857
, 15857
, 15856
, 15856
, 15855
, 15855
, 15854
, 15854
, 15853
, 15853
, 15852
, 15852
, 15851
, 15851
, 15850
, 15850
, 15849
, 15849
, 15848
, 15848
, 15847
, 15847
, 15846
, 15846
, 15845
, 15845
, 15844
, 15844
, 15843
, 15843
, 15842
, 15842
, 15841
, 15841
, 15840
, 15840
, 15839
, 15839
, 15838
, 15838
, 15837
, 15837
, 15836
, 15836
, 15835
, 15835
, 15834
, 15834
, 15833
, 15833
, 15832
, 15832
, 15831
, 15831
, 15830
, 15830
, 15829
, 15829
, 15828
, 15828
, 15827
, 15827
, 15826
, 15826
, 15825
, 15825
, 15824
, 15824
, 15823
, 15823
, 15822
, 15822
, 15821
, 15821
, 15820
, 15820
, 15819
, 15819
, 15818
, 15818
, 15817
, 15817
, 15816
, 15816
, 15815
, 15815
, 15814
, 15814
, 15813
, 15813
, 15812
, 15812
, 15811
, 15811
, 15810
, 15810
, 15809
, 15809
, 15808
, 15808
, 15807
, 15807
, 15806
, 15806
, 15805
, 15805
, 15804
, 15804
, 15803
, 15803
, 15802
, 15802
, 15801
, 15801
, 15800
, 15800
, 15799
, 15799
, 15798
, 15798
, 15797
, 15797
, 15796
, 15796
, 15795
, 15795
, 15794
, 15794
, 15793
, 15793
, 15792
, 15792
, 15791
, 15791
, 15790
, 15790
, 15789
, 15789
, 15788
, 15788
, 15787
, 15787
, 15786
, 15786
, 15785
, 15785
, 15784
, 15784
, 15783
, 15783
, 15782
, 15782
, 15781
, 15781
, 15780
, 15780
, 15779
, 15779
, 15778
, 15778
, 15777
, 15777
, 15776
, 15776
, 15775
, 15775
, 15774
, 15774
, 15773
, 15773
, 15772
, 15772
, 15771
, 15771
, 15770
, 15770
, 15769
, 15769
, 15768
, 15768
, 15767
, 15767
, 15766
, 15766
, 15765
, 15765
, 15764
, 15764
, 15763
, 15763
, 15762
, 15762
, 15761
, 15761
, 15760
, 15760
, 15759
, 15759
, 15758
, 15758
, 15757
, 15757
, 15756
, 15756
, 15755
, 15755
, 15754
, 15754
, 15753
, 15753
, 15752
, 15752
, 15751
, 15751
, 15750
, 15750
, 15749
, 15749
, 15748
, 15748
, 15747
, 15747
, 15746
, 15746
, 15745
, 15745
, 15744
, 15744
, 15743
, 15743
, 15742
, 15742
, 15741
, 15741
, 15740
, 15740
, 15739
, 15739
, 15738
, 15738
, 15737
, 15737
, 15736
, 15736
, 15735
, 15735
, 15734
, 15734
, 15733
, 15733
, 15732
, 15732
, 15731
, 15731
, 15730
, 15730
, 15729
, 15729
, 15728
, 15728
, 15727
, 15727
, 15726
, 15726
, 15725
, 15725
, 15724
, 15724
, 15723
, 15723
, 15722
, 15722
, 15721
, 15721
, 15720
, 15720
, 15719
, 15719
, 15718
, 15718
, 15717
, 15717
, 15716
, 15716
, 15715
, 15715
, 15714
, 15714
, 15713
, 15713
, 15712
, 15712
, 15711
, 15711
, 15710
, 15710
, 15709
, 15709
, 15708
, 15708
, 15707
, 15707
, 15706
, 15706
, 15705
, 15705
, 15704
, 15704
, 15703
, 15703
, 15702
, 15702
, 15701
, 15701
, 15700
, 15700
, 15699
, 15699
, 15698
, 15698
, 15697
, 15697
, 15696
, 15696
, 15695
, 15695
, 15694
, 15694
, 15693
, 15693
, 15692
, 15692
, 15691
, 15691
, 15690
, 15690
, 15689
, 15689
, 15688
, 15688
, 15687
, 15687
, 15686
, 15686
, 15685
, 15685
, 15684
, 15684
, 15683
, 15683
, 15682
, 15682
, 15681
, 15681
, 15680
, 15680
, 15679
, 15679
, 15678
, 15678
, 15677
, 15677
, 15676
, 15676
, 15675
, 15675
, 15674
, 15674
, 15673
, 15673
, 15672
, 15672
, 15671
, 15671
, 15670
, 15670
, 15669
, 15669
, 15668
, 15668
, 15667
, 15667
, 15666
, 15666
, 15665
, 15665
, 15664
, 15664
, 15663
, 15663
, 15662
, 15662
, 15661
, 15661
, 15660
, 15660
, 15659
, 15659
, 15658
, 15658
, 15657
, 15657
, 15656
, 15656
, 15655
, 15655
, 15654
, 15654
, 15653
, 15653
, 15652
, 15652
, 15651
, 15651
, 15650
, 15650
, 15649
, 15649
, 15648
, 15648
, 15647
, 15647
, 15646
, 15646
, 15645
, 15645
, 15644
, 15644
, 15643
, 15643
, 15642
, 15642
, 15641
, 15641
, 15640
, 15640
, 15639
, 15639
, 15638
, 15638
, 15637
, 15637
, 15636
, 15636
, 15635
, 15635
, 15634
, 15634
, 15633
, 15633
, 15632
, 15632
, 15631
, 15631
, 15630
, 15630
, 15629
, 15629
, 15628
, 15628
, 15627
, 15627
, 15626
, 15626
, 15625
, 15625
, 15624
, 15624
, 15623
, 15623
, 15622
, 15622
, 15621
, 15621
, 15620
, 15620
, 15619
, 15619
, 15618
, 15618
, 15617
, 15617
, 15616
, 15616
, 15615
, 15615
, 15614
, 15614
, 15613
, 15613
, 15612
, 15612
, 15611
, 15611
, 15610
, 15610
, 15609
, 15609
, 15608
, 15608
, 15607
, 15607
, 15606
, 15606
, 15605
, 15605
, 15604
, 15604
, 15603
, 15603
, 15602
, 15602
, 15601
, 15601
, 15600
, 15600
, 15599
, 15599
, 15598
, 15598
, 15597
, 15597
, 15596
, 15596
, 15595
, 15595
, 15594
, 15594
, 15593
, 15593
, 15592
, 15592
, 15591
, 15591
, 15590
, 15590
, 15589
, 15589
, 15588
, 15588
, 15587
, 15587
, 15586
, 15586
, 15585
, 15585
, 15584
, 15584
, 15583
, 15583
, 15582
, 15582
, 15581
, 15581
, 15580
, 15580
, 15579
, 15579
, 15578
, 15578
, 15577
, 15577
, 15576
, 15576
, 15575
, 15575
, 15574
, 15574
, 15573
, 15573
, 15572
, 15572
, 15571
, 15571
, 15570
, 15570
, 15569
, 15569
, 15568
, 15568
, 15567
, 15567
, 15566
, 15566
, 15565
, 15565
, 15564
, 15564
, 15563
, 15563
, 15562
, 15562
, 15561
, 15561
, 15560
, 15560
, 15559
, 15559
, 15558
, 15558
, 15557
, 15557
, 15556
, 15556
, 15555
, 15555
, 15554
, 15554
, 15553
, 15553
, 15552
, 15552
, 15551
, 15551
, 15550
, 15550
, 15549
, 15549
, 15548
, 15548
, 15547
, 15547
, 15546
, 15546
, 15545
, 15545
, 15544
, 15544
, 15543
, 15543
, 15542
, 15542
, 15541
, 15541
, 15540
, 15540
, 15539
, 15539
, 15538
, 15538
, 15537
, 15537
, 15536
, 15536
, 15535
, 15535
, 15534
, 15534
, 15533
, 15533
, 15532
, 15532
, 15531
, 15531
, 15530
, 15530
, 15529
, 15529
, 15528
, 15528
, 15527
, 15527
, 15526
, 15526
, 15525
, 15525
, 15524
, 15524
, 15523
, 15523
, 15522
, 15522
, 15521
, 15521
, 15520
, 15520
, 15519
, 15519
, 15518
, 15518
, 15517
, 15517
, 15516
, 15516
, 15515
, 15515
, 15514
, 15514
, 15513
, 15513
, 15512
, 15512
, 15511
, 15511
, 15510
, 15510
, 15509
, 15509
, 15508
, 15508
, 15507
, 15507
, 15506
, 15506
, 15505
, 15505
, 15504
, 15504
, 15503
, 15503
, 15502
, 15502
, 15501
, 15501
, 15500
, 15500
, 15499
, 15499
, 15498
, 15498
, 15497
, 15497
, 15496
, 15496
, 15495
, 15495
, 15494
, 15494
, 15493
, 15493
, 15492
, 15492
, 15491
, 15491
, 15490
, 15490
, 15489
, 15489
, 15488
, 15488
, 15487
, 15487
, 15486
, 15486
, 15485
, 15485
, 15484
, 15484
, 15483
, 15483
, 15482
, 15482
, 15481
, 15481
, 15480
, 15480
, 15479
, 15479
, 15478
, 15478
, 15477
, 15477
, 15476
, 15476
, 15475
, 15475
, 15474
, 15474
, 15473
, 15473
, 15472
, 15472
, 15471
, 15471
, 15470
, 15470
, 15469
, 15469
, 15468
, 15468
, 15467
, 15467
, 15466
, 15466
, 15465
, 15465
, 15464
, 15464
, 15463
, 15463
, 15462
, 15462
, 15461
, 15461
, 15460
, 15460
, 15459
, 15459
, 15458
, 15458
, 15457
, 15457
, 15456
, 15456
, 15455
, 15455
, 15454
, 15454
, 15453
, 15453
, 15452
, 15452
, 15451
, 15451
, 15450
, 15450
, 15449
, 15449
, 15448
, 15448
, 15447
, 15447
, 15446
, 15446
, 15445
, 15445
, 15444
, 15444
, 15443
, 15443
, 15442
, 15442
, 15441
, 15441
, 15440
, 15440
, 15439
, 15439
, 15438
, 15438
, 15437
, 15437
, 15436
, 15436
, 15435
, 15435
, 15434
, 15434
, 15433
, 15433
, 15432
, 15432
, 15431
, 15431
, 15430
, 15430
, 15429
, 15429
, 15428
, 15428
, 15427
, 15427
, 15426
, 15426
, 15425
, 15425
, 15424
, 15424
, 15423
, 15423
, 15422
, 15422
, 15421
, 15421
, 15420
, 15420
, 15419
, 15419
, 15418
, 15418
, 15417
, 15417
, 15416
, 15416
, 15415
, 15415
, 15414
, 15414
, 15413
, 15413
, 15412
, 15412
, 15411
, 15411
, 15410
, 15410
, 15409
, 15409
, 15408
, 15408
, 15407
, 15407
, 15406
, 15406
, 15405
, 15405
, 15404
, 15404
, 15403
, 15403
, 15402
, 15402
, 15401
, 15401
, 15400
, 15400
, 15399
, 15399
, 15398
, 15398
, 15397
, 15397
, 15396
, 15396
, 15395
, 15395
, 15394
, 15394
, 15393
, 15393
, 15392
, 15392
, 15391
, 15391
, 15390
, 15390
, 15389
, 15389
, 15388
, 15388
, 15387
, 15387
, 15386
, 15386
, 15385
, 15385
, 15384
, 15384
, 15383
, 15383
, 15382
, 15382
, 15381
, 15381
, 15380
, 15380
, 15379
, 15379
, 15378
, 15378
, 15377
, 15377
, 15376
, 15376
, 15375
, 15375
, 15374
, 15374
, 15373
, 15373
, 15372
, 15372
, 15371
, 15371
, 15370
, 15370
, 15369
, 15369
, 15368
, 15368
, 15367
, 15367
, 15366
, 15366
, 15365
, 15365
, 15364
, 15364
, 15363
, 15363
, 15362
, 15362
, 15361
, 15361
, 15360
, 15360
, 15359
, 15359
, 15358
, 15358
, 15357
, 15357
, 15356
, 15356
, 15355
, 15355
, 15354
, 15354
, 15353
, 15353
, 15352
, 15352
, 15351
, 15351
, 15350
, 15350
, 15349
, 15349
, 15348
, 15348
, 15347
, 15347
, 15346
, 15346
, 15345
, 15345
, 15344
, 15344
, 15343
, 15343
, 15342
, 15342
, 15341
, 15341
, 15340
, 15340
, 15339
, 15339
, 15338
, 15338
, 15337
, 15337
, 15336
, 15336
, 15335
, 15335
, 15334
, 15334
, 15333
, 15333
, 15332
, 15332
, 15331
, 15331
, 15330
, 15330
, 15329
, 15329
, 15328
, 15328
, 15327
, 15327
, 15326
, 15326
, 15325
, 15325
, 15324
, 15324
, 15323
, 15323
, 15322
, 15322
, 15321
, 15321
, 15320
, 15320
, 15319
, 15319
, 15318
, 15318
, 15317
, 15317
, 15316
, 15316
, 15315
, 15315
, 15314
, 15314
, 15313
, 15313
, 15312
, 15312
, 15311
, 15311
, 15310
, 15310
, 15309
, 15309
, 15308
, 15308
, 15307
, 15307
, 15306
, 15306
, 15305
, 15305
, 15304
, 15304
, 15303
, 15303
, 15302
, 15302
, 15301
, 15301
, 15300
, 15300
, 15299
, 15299
, 15298
, 15298
, 15297
, 15297
, 15296
, 15296
, 15295
, 15295
, 15294
, 15294
, 15293
, 15293
, 15292
, 15292
, 15291
, 15291
, 15290
, 15290
, 15289
, 15289
, 15288
, 15288
, 15287
, 15287
, 15286
, 15286
, 15285
, 15285
, 15284
, 15284
, 15283
, 15283
, 15282
, 15282
, 15281
, 15281
, 15280
, 15280
, 15279
, 15279
, 15278
, 15278
, 15277
, 15277
, 15276
, 15276
, 15275
, 15275
, 15274
, 15274
, 15273
, 15273
, 15272
, 15272
, 15271
, 15271
, 15270
, 15270
, 15269
, 15269
, 15268
, 15268
, 15267
, 15267
, 15266
, 15266
, 15265
, 15265
, 15264
, 15264
, 15263
, 15263
, 15262
, 15262
, 15261
, 15261
, 15260
, 15260
, 15259
, 15259
, 15258
, 15258
, 15257
, 15257
, 15256
, 15256
, 15255
, 15255
, 15254
, 15254
, 15253
, 15253
, 15252
, 15252
, 15251
, 15251
, 15250
, 15250
, 15249
, 15249
, 15248
, 15248
, 15247
, 15247
, 15246
, 15246
, 15245
, 15245
, 15244
, 15244
, 15243
, 15243
, 15242
, 15242
, 15241
, 15241
, 15240
, 15240
, 15239
, 15239
, 15238
, 15238
, 15237
, 15237
, 15236
, 15236
, 15235
, 15235
, 15234
, 15234
, 15233
, 15233
, 15232
, 15232
, 15231
, 15231
, 15230
, 15230
, 15229
, 15229
, 15228
, 15228
, 15227
, 15227
, 15226
, 15226
, 15225
, 15225
, 15224
, 15224
, 15223
, 15223
, 15222
, 15222
, 15221
, 15221
, 15220
, 15220
, 15219
, 15219
, 15218
, 15218
, 15217
, 15217
, 15216
, 15216
, 15215
, 15215
, 15214
, 15214
, 15213
, 15213
, 15212
, 15212
, 15211
, 15211
, 15210
, 15210
, 15209
, 15209
, 15208
, 15208
, 15207
, 15207
, 15206
, 15206
, 15205
, 15205
, 15204
, 15204
, 15203
, 15203
, 15202
, 15202
, 15201
, 15201
, 15200
, 15200
, 15199
, 15199
, 15198
, 15198
, 15197
, 15197
, 15196
, 15196
, 15195
, 15195
, 15194
, 15194
, 15193
, 15193
, 15192
, 15192
, 15191
, 15191
, 15190
, 15190
, 15189
, 15189
, 15188
, 15188
, 15187
, 15187
, 15186
, 15186
, 15185
, 15185
, 15184
, 15184
, 15183
, 15183
, 15182
, 15182
, 15181
, 15181
, 15180
, 15180
, 15179
, 15179
, 15178
, 15178
, 15177
, 15177
, 15176
, 15176
, 15175
, 15175
, 15174
, 15174
, 15173
, 15173
, 15172
, 15172
, 15171
, 15171
, 15170
, 15170
, 15169
, 15169
, 15168
, 15168
, 15167
, 15167
, 15166
, 15166
, 15165
, 15165
, 15164
, 15164
, 15163
, 15163
, 15162
, 15162
, 15161
, 15161
, 15160
, 15160
, 15159
, 15159
, 15158
, 15158
, 15157
, 15157
, 15156
, 15156
, 15155
, 15155
, 15154
, 15154
, 15153
, 15153
, 15152
, 15152
, 15151
, 15151
, 15150
, 15150
, 15149
, 15149
, 15148
, 15148
, 15147
, 15147
, 15146
, 15146
, 15145
, 15145
, 15144
, 15144
, 15143
, 15143
, 15142
, 15142
, 15141
, 15141
, 15140
, 15140
, 15139
, 15139
, 15138
, 15138
, 15137
, 15137
, 15136
, 15136
, 15135
, 15135
, 15134
, 15134
, 15133
, 15133
, 15132
, 15132
, 15131
, 15131
, 15130
, 15130
, 15129
, 15129
, 15128
, 15128
, 15127
, 15127
, 15126
, 15126
, 15125
, 15125
, 15124
, 15124
, 15123
, 15123
, 15122
, 15122
, 15121
, 15121
, 15120
, 15120
, 15119
, 15119
, 15118
, 15118
, 15117
, 15117
, 15116
, 15116
, 15115
, 15115
, 15114
, 15114
, 15113
, 15113
, 15112
, 15112
, 15111
, 15111
, 15110
, 15110
, 15109
, 15109
, 15108
, 15108
, 15107
, 15107
, 15106
, 15106
, 15105
, 15105
, 15104
, 15104
, 15103
, 15103
, 15102
, 15102
, 15101
, 15101
, 15100
, 15100
, 15099
, 15099
, 15098
, 15098
, 15097
, 15097
, 15096
, 15096
, 15095
, 15095
, 15094
, 15094
, 15093
, 15093
, 15092
, 15092
, 15091
, 15091
, 15090
, 15090
, 15089
, 15089
, 15088
, 15088
, 15087
, 15087
, 15086
, 15086
, 15085
, 15085
, 15084
, 15084
, 15083
, 15083
, 15082
, 15082
, 15081
, 15081
, 15080
, 15080
, 15079
, 15079
, 15078
, 15078
, 15077
, 15077
, 15076
, 15076
, 15075
, 15075
, 15074
, 15074
, 15073
, 15073
, 15072
, 15072
, 15071
, 15071
, 15070
, 15070
, 15069
, 15069
, 15068
, 15068
, 15067
, 15067
, 15066
, 15066
, 15065
, 15065
, 15064
, 15064
, 15063
, 15063
, 15062
, 15062
, 15061
, 15061
, 15060
, 15060
, 15059
, 15059
, 15058
, 15058
, 15057
, 15057
, 15056
, 15056
, 15055
, 15055
, 15054
, 15054
, 15053
, 15053
, 15052
, 15052
, 15051
, 15051
, 15050
, 15050
, 15049
, 15049
, 15048
, 15048
, 15047
, 15047
, 15046
, 15046
, 15045
, 15045
, 15044
, 15044
, 15043
, 15043
, 15042
, 15042
, 15041
, 15041
, 15040
, 15040
, 15039
, 15039
, 15038
, 15038
, 15037
, 15037
, 15036
, 15036
, 15035
, 15035
, 15034
, 15034
, 15033
, 15033
, 15032
, 15032
, 15031
, 15031
, 15030
, 15030
, 15029
, 15029
, 15028
, 15028
, 15027
, 15027
, 15026
, 15026
, 15025
, 15025
, 15024
, 15024
, 15023
, 15023
, 15022
, 15022
, 15021
, 15021
, 15020
, 15020
, 15019
, 15019
, 15018
, 15018
, 15017
, 15017
, 15016
, 15016
, 15015
, 15015
, 15014
, 15014
, 15013
, 15013
, 15012
, 15012
, 15011
, 15011
, 15010
, 15010
, 15009
, 15009
, 15008
, 15008
, 15007
, 15007
, 15006
, 15006
, 15005
, 15005
, 15004
, 15004
, 15003
, 15003
, 15002
, 15002
, 15001
, 15001
, 15000
, 15000
, 14999
, 14999
, 14998
, 14998
, 14997
, 14997
, 14996
, 14996
, 14995
, 14995
, 14994
, 14994
, 14993
, 14993
, 14992
, 14992
, 14991
, 14991
, 14990
, 14990
, 14989
, 14989
, 14988
, 14988
, 14987
, 14987
, 14986
, 14986
, 14985
, 14985
, 14984
, 14984
, 14983
, 14983
, 14982
, 14982
, 14981
, 14981
, 14980
, 14980
, 14979
, 14979
, 14978
, 14978
, 14977
, 14977
, 14976
, 14976
, 14975
, 14975
, 14974
, 14974
, 14973
, 14973
, 14972
, 14972
, 14971
, 14971
, 14970
, 14970
, 14969
, 14969
, 14968
, 14968
, 14967
, 14967
, 14966
, 14966
, 14965
, 14965
, 14964
, 14964
, 14963
, 14963
, 14962
, 14962
, 14961
, 14961
, 14960
, 14960
, 14959
, 14959
, 14958
, 14958
, 14957
, 14957
, 14956
, 14956
, 14955
, 14955
, 14954
, 14954
, 14953
, 14953
, 14952
, 14952
, 14951
, 14951
, 14950
, 14950
, 14949
, 14949
, 14948
, 14948
, 14947
, 14947
, 14946
, 14946
, 14945
, 14945
, 14944
, 14944
, 14943
, 14943
, 14942
, 14942
, 14941
, 14941
, 14940
, 14940
, 14939
, 14939
, 14938
, 14938
, 14937
, 14937
, 14936
, 14936
, 14935
, 14935
, 14934
, 14934
, 14933
, 14933
, 14932
, 14932
, 14931
, 14931
, 14930
, 14930
, 14929
, 14929
, 14928
, 14928
, 14927
, 14927
, 14926
, 14926
, 14925
, 14925
, 14924
, 14924
, 14923
, 14923
, 14922
, 14922
, 14921
, 14921
, 14920
, 14920
, 14919
, 14919
, 14918
, 14918
, 14917
, 14917
, 14916
, 14916
, 14915
, 14915
, 14914
, 14914
, 14913
, 14913
, 14912
, 14912
, 14911
, 14911
, 14910
, 14910
, 14909
, 14909
, 14908
, 14908
, 14907
, 14907
, 14906
, 14906
, 14905
, 14905
, 14904
, 14904
, 14903
, 14903
, 14902
, 14902
, 14901
, 14901
, 14900
, 14900
, 14899
, 14899
, 14898
, 14898
, 14897
, 14897
, 14896
, 14896
, 14895
, 14895
, 14894
, 14894
, 14893
, 14893
, 14892
, 14892
, 14891
, 14891
, 14890
, 14890
, 14889
, 14889
, 14888
, 14888
, 14887
, 14887
, 14886
, 14886
, 14885
, 14885
, 14884
, 14884
, 14883
, 14883
, 14882
, 14882
, 14881
, 14881
, 14880
, 14880
, 14879
, 14879
, 14878
, 14878
, 14877
, 14877
, 14876
, 14876
, 14875
, 14875
, 14874
, 14874
, 14873
, 14873
, 14872
, 14872
, 14871
, 14871
, 14870
, 14870
, 14869
, 14869
, 14868
, 14868
, 14867
, 14867
, 14866
, 14866
, 14865
, 14865
, 14864
, 14864
, 14863
, 14863
, 14862
, 14862
, 14861
, 14861
, 14860
, 14860
, 14859
, 14859
, 14858
, 14858
, 14857
, 14857
, 14856
, 14856
, 14855
, 14855
, 14854
, 14854
, 14853
, 14853
, 14852
, 14852
, 14851
, 14851
, 14850
, 14850
, 14849
, 14849
, 14848
, 14848
, 14847
, 14847
, 14846
, 14846
, 14845
, 14845
, 14844
, 14844
, 14843
, 14843
, 14842
, 14842
, 14841
, 14841
, 14840
, 14840
, 14839
, 14839
, 14838
, 14838
, 14837
, 14837
, 14836
, 14836
, 14835
, 14835
, 14834
, 14834
, 14833
, 14833
, 14832
, 14832
, 14831
, 14831
, 14830
, 14830
, 14829
, 14829
, 14828
, 14828
, 14827
, 14827
, 14826
, 14826
, 14825
, 14825
, 14824
, 14824
, 14823
, 14823
, 14822
, 14822
, 14821
, 14821
, 14820
, 14820
, 14819
, 14819
, 14818
, 14818
, 14817
, 14817
, 14816
, 14816
, 14815
, 14815
, 14814
, 14814
, 14813
, 14813
, 14812
, 14812
, 14811
, 14811
, 14810
, 14810
, 14809
, 14809
, 14808
, 14808
, 14807
, 14807
, 14806
, 14806
, 14805
, 14805
, 14804
, 14804
, 14803
, 14803
, 14802
, 14802
, 14801
, 14801
, 14800
, 14800
, 14799
, 14799
, 14798
, 14798
, 14797
, 14797
, 14796
, 14796
, 14795
, 14795
, 14794
, 14794
, 14793
, 14793
, 14792
, 14792
, 14791
, 14791
, 14790
, 14790
, 14789
, 14789
, 14788
, 14788
, 14787
, 14787
, 14786
, 14786
, 14785
, 14785
, 14784
, 14784
, 14783
, 14783
, 14782
, 14782
, 14781
, 14781
, 14780
, 14780
, 14779
, 14779
, 14778
, 14778
, 14777
, 14777
, 14776
, 14776
, 14775
, 14775
, 14774
, 14774
, 14773
, 14773
, 14772
, 14772
, 14771
, 14771
, 14770
, 14770
, 14769
, 14769
, 14768
, 14768
, 14767
, 14767
, 14766
, 14766
, 14765
, 14765
, 14764
, 14764
, 14763
, 14763
, 14762
, 14762
, 14761
, 14761
, 14760
, 14760
, 14759
, 14759
, 14758
, 14758
, 14757
, 14757
, 14756
, 14756
, 14755
, 14755
, 14754
, 14754
, 14753
, 14753
, 14752
, 14752
, 14751
, 14751
, 14750
, 14750
, 14749
, 14749
, 14748
, 14748
, 14747
, 14747
, 14746
, 14746
, 14745
, 14745
, 14744
, 14744
, 14743
, 14743
, 14742
, 14742
, 14741
, 14741
, 14740
, 14740
, 14739
, 14739
, 14738
, 14738
, 14737
, 14737
, 14736
, 14736
, 14735
, 14735
, 14734
, 14734
, 14733
, 14733
, 14732
, 14732
, 14731
, 14731
, 14730
, 14730
, 14729
, 14729
, 14728
, 14728
, 14727
, 14727
, 14726
, 14726
, 14725
, 14725
, 14724
, 14724
, 14723
, 14723
, 14722
, 14722
, 14721
, 14721
, 14720
, 14720
, 14719
, 14719
, 14718
, 14718
, 14717
, 14717
, 14716
, 14716
, 14715
, 14715
, 14714
, 14714
, 14713
, 14713
, 14712
, 14712
, 14711
, 14711
, 14710
, 14710
, 14709
, 14709
, 14708
, 14708
, 14707
, 14707
, 14706
, 14706
, 14705
, 14705
, 14704
, 14704
, 14703
, 14703
, 14702
, 14702
, 14701
, 14701
, 14700
, 14700
, 14699
, 14699
, 14698
, 14698
, 14697
, 14697
, 14696
, 14696
, 14695
, 14695
, 14694
, 14694
, 14693
, 14693
, 14692
, 14692
, 14691
, 14691
, 14690
, 14690
, 14689
, 14689
, 14688
, 14688
, 14687
, 14687
, 14686
, 14686
, 14685
, 14685
, 14684
, 14684
, 14683
, 14683
, 14682
, 14682
, 14681
, 14681
, 14680
, 14680
, 14679
, 14679
, 14678
, 14678
, 14677
, 14677
, 14676
, 14676
, 14675
, 14675
, 14674
, 14674
, 14673
, 14673
, 14672
, 14672
, 14671
, 14671
, 14670
, 14670
, 14669
, 14669
, 14668
, 14668
, 14667
, 14667
, 14666
, 14666
, 14665
, 14665
, 14664
, 14664
, 14663
, 14663
, 14662
, 14662
, 14661
, 14661
, 14660
, 14660
, 14659
, 14659
, 14658
, 14658
, 14657
, 14657
, 14656
, 14656
, 14655
, 14655
, 14654
, 14654
, 14653
, 14653
, 14652
, 14652
, 14651
, 14651
, 14650
, 14650
, 14649
, 14649
, 14648
, 14648
, 14647
, 14647
, 14646
, 14646
, 14645
, 14645
, 14644
, 14644
, 14643
, 14643
, 14642
, 14642
, 14641
, 14641
, 14640
, 14640
, 14639
, 14639
, 14638
, 14638
, 14637
, 14637
, 14636
, 14636
, 14635
, 14635
, 14634
, 14634
, 14633
, 14633
, 14632
, 14632
, 14631
, 14631
, 14630
, 14630
, 14629
, 14629
, 14628
, 14628
, 14627
, 14627
, 14626
, 14626
, 14625
, 14625
, 14624
, 14624
, 14623
, 14623
, 14622
, 14622
, 14621
, 14621
, 14620
, 14620
, 14619
, 14619
, 14618
, 14618
, 14617
, 14617
, 14616
, 14616
, 14615
, 14615
, 14614
, 14614
, 14613
, 14613
, 14612
, 14612
, 14611
, 14611
, 14610
, 14610
, 14609
, 14609
, 14608
, 14608
, 14607
, 14607
, 14606
, 14606
, 14605
, 14605
, 14604
, 14604
, 14603
, 14603
, 14602
, 14602
, 14601
, 14601
, 14600
, 14600
, 14599
, 14599
, 14598
, 14598
, 14597
, 14597
, 14596
, 14596
, 14595
, 14595
, 14594
, 14594
, 14593
, 14593
, 14592
, 14592
, 14591
, 14591
, 14590
, 14590
, 14589
, 14589
, 14588
, 14588
, 14587
, 14587
, 14586
, 14586
, 14585
, 14585
, 14584
, 14584
, 14583
, 14583
, 14582
, 14582
, 14581
, 14581
, 14580
, 14580
, 14579
, 14579
, 14578
, 14578
, 14577
, 14577
, 14576
, 14576
, 14575
, 14575
, 14574
, 14574
, 14573
, 14573
, 14572
, 14572
, 14571
, 14571
, 14570
, 14570
, 14569
, 14569
, 14568
, 14568
, 14567
, 14567
, 14566
, 14566
, 14565
, 14565
, 14564
, 14564
, 14563
, 14563
, 14562
, 14562
, 14561
, 14561
, 14560
, 14560
, 14559
, 14559
, 14558
, 14558
, 14557
, 14557
, 14556
, 14556
, 14555
, 14555
, 14554
, 14554
, 14553
, 14553
, 14552
, 14552
, 14551
, 14551
, 14550
, 14550
, 14549
, 14549
, 14548
, 14548
, 14547
, 14547
, 14546
, 14546
, 14545
, 14545
, 14544
, 14544
, 14543
, 14543
, 14542
, 14542
, 14541
, 14541
, 14540
, 14540
, 14539
, 14539
, 14538
, 14538
, 14537
, 14537
, 14536
, 14536
, 14535
, 14535
, 14534
, 14534
, 14533
, 14533
, 14532
, 14532
, 14531
, 14531
, 14530
, 14530
, 14529
, 14529
, 14528
, 14528
, 14527
, 14527
, 14526
, 14526
, 14525
, 14525
, 14524
, 14524
, 14523
, 14523
, 14522
, 14522
, 14521
, 14521
, 14520
, 14520
, 14519
, 14519
, 14518
, 14518
, 14517
, 14517
, 14516
, 14516
, 14515
, 14515
, 14514
, 14514
, 14513
, 14513
, 14512
, 14512
, 14511
, 14511
, 14510
, 14510
, 14509
, 14509
, 14508
, 14508
, 14507
, 14507
, 14506
, 14506
, 14505
, 14505
, 14504
, 14504
, 14503
, 14503
, 14502
, 14502
, 14501
, 14501
, 14500
, 14500
, 14499
, 14499
, 14498
, 14498
, 14497
, 14497
, 14496
, 14496
, 14495
, 14495
, 14494
, 14494
, 14493
, 14493
, 14492
, 14492
, 14491
, 14491
, 14490
, 14490
, 14489
, 14489
, 14488
, 14488
, 14487
, 14487
, 14486
, 14486
, 14485
, 14485
, 14484
, 14484
, 14483
, 14483
, 14482
, 14482
, 14481
, 14481
, 14480
, 14480
, 14479
, 14479
, 14478
, 14478
, 14477
, 14477
, 14476
, 14476
, 14475
, 14475
, 14474
, 14474
, 14473
, 14473
, 14472
, 14472
, 14471
, 14471
, 14470
, 14470
, 14469
, 14469
, 14468
, 14468
, 14467
, 14467
, 14466
, 14466
, 14465
, 14465
, 14464
, 14464
, 14463
, 14463
, 14462
, 14462
, 14461
, 14461
, 14460
, 14460
, 14459
, 14459
, 14458
, 14458
, 14457
, 14457
, 14456
, 14456
, 14455
, 14455
, 14454
, 14454
, 14453
, 14453
, 14452
, 14452
, 14451
, 14451
, 14450
, 14450
, 14449
, 14449
, 14448
, 14448
, 14447
, 14447
, 14446
, 14446
, 14445
, 14445
, 14444
, 14444
, 14443
, 14443
, 14442
, 14442
, 14441
, 14441
, 14440
, 14440
, 14439
, 14439
, 14438
, 14438
, 14437
, 14437
, 14436
, 14436
, 14435
, 14435
, 14434
, 14434
, 14433
, 14433
, 14432
, 14432
, 14431
, 14431
, 14430
, 14430
, 14429
, 14429
, 14428
, 14428
, 14427
, 14427
, 14426
, 14426
, 14425
, 14425
, 14424
, 14424
, 14423
, 14423
, 14422
, 14422
, 14421
, 14421
, 14420
, 14420
, 14419
, 14419
, 14418
, 14418
, 14417
, 14417
, 14416
, 14416
, 14415
, 14415
, 14414
, 14414
, 14413
, 14413
, 14412
, 14412
, 14411
, 14411
, 14410
, 14410
, 14409
, 14409
, 14408
, 14408
, 14407
, 14407
, 14406
, 14406
, 14405
, 14405
, 14404
, 14404
, 14403
, 14403
, 14402
, 14402
, 14401
, 14401
, 14400
, 14400
, 14399
, 14399
, 14398
, 14398
, 14397
, 14397
, 14396
, 14396
, 14395
, 14395
, 14394
, 14394
, 14393
, 14393
, 14392
, 14392
, 14391
, 14391
, 14390
, 14390
, 14389
, 14389
, 14388
, 14388
, 14387
, 14387
, 14386
, 14386
, 14385
, 14385
, 14384
, 14384
, 14383
, 14383
, 14382
, 14382
, 14381
, 14381
, 14380
, 14380
, 14379
, 14379
, 14378
, 14378
, 14377
, 14377
, 14376
, 14376
, 14375
, 14375
, 14374
, 14374
, 14373
, 14373
, 14372
, 14372
, 14371
, 14371
, 14370
, 14370
, 14369
, 14369
, 14368
, 14368
, 14367
, 14367
, 14366
, 14366
, 14365
, 14365
, 14364
, 14364
, 14363
, 14363
, 14362
, 14362
, 14361
, 14361
, 14360
, 14360
, 14359
, 14359
, 14358
, 14358
, 14357
, 14357
, 14356
, 14356
, 14355
, 14355
, 14354
, 14354
, 14353
, 14353
, 14352
, 14352
, 14351
, 14351
, 14350
, 14350
, 14349
, 14349
, 14348
, 14348
, 14347
, 14347
, 14346
, 14346
, 14345
, 14345
, 14344
, 14344
, 14343
, 14343
, 14342
, 14342
, 14341
, 14341
, 14340
, 14340
, 14339
, 14339
, 14338
, 14338
, 14337
, 14337
, 14336
, 14336
, 14335
, 14335
, 14334
, 14334
, 14333
, 14333
, 14332
, 14332
, 14331
, 14331
, 14330
, 14330
, 14329
, 14329
, 14328
, 14328
, 14327
, 14327
, 14326
, 14326
, 14325
, 14325
, 14324
, 14324
, 14323
, 14323
, 14322
, 14322
, 14321
, 14321
, 14320
, 14320
, 14319
, 14319
, 14318
, 14318
, 14317
, 14317
, 14316
, 14316
, 14315
, 14315
, 14314
, 14314
, 14313
, 14313
, 14312
, 14312
, 14311
, 14311
, 14310
, 14310
, 14309
, 14309
, 14308
, 14308
, 14307
, 14307
, 14306
, 14306
, 14305
, 14305
, 14304
, 14304
, 14303
, 14303
, 14302
, 14302
, 14301
, 14301
, 14300
, 14300
, 14299
, 14299
, 14298
, 14298
, 14297
, 14297
, 14296
, 14296
, 14295
, 14295
, 14294
, 14294
, 14293
, 14293
, 14292
, 14292
, 14291
, 14291
, 14290
, 14290
, 14289
, 14289
, 14288
, 14288
, 14287
, 14287
, 14286
, 14286
, 14285
, 14285
, 14284
, 14284
, 14283
, 14283
, 14282
, 14282
, 14281
, 14281
, 14280
, 14280
, 14279
, 14279
, 14278
, 14278
, 14277
, 14277
, 14276
, 14276
, 14275
, 14275
, 14274
, 14274
, 14273
, 14273
, 14272
, 14272
, 14271
, 14271
, 14270
, 14270
, 14269
, 14269
, 14268
, 14268
, 14267
, 14267
, 14266
, 14266
, 14265
, 14265
, 14264
, 14264
, 14263
, 14263
, 14262
, 14262
, 14261
, 14261
, 14260
, 14260
, 14259
, 14259
, 14258
, 14258
, 14257
, 14257
, 14256
, 14256
, 14255
, 14255
, 14254
, 14254
, 14253
, 14253
, 14252
, 14252
, 14251
, 14251
, 14250
, 14250
, 14249
, 14249
, 14248
, 14248
, 14247
, 14247
, 14246
, 14246
, 14245
, 14245
, 14244
, 14244
, 14243
, 14243
, 14242
, 14242
, 14241
, 14241
, 14240
, 14240
, 14239
, 14239
, 14238
, 14238
, 14237
, 14237
, 14236
, 14236
, 14235
, 14235
, 14234
, 14234
, 14233
, 14233
, 14232
, 14232
, 14231
, 14231
, 14230
, 14230
, 14229
, 14229
, 14228
, 14228
, 14227
, 14227
, 14226
, 14226
, 14225
, 14225
, 14224
, 14224
, 14223
, 14223
, 14222
, 14222
, 14221
, 14221
, 14220
, 14220
, 14219
, 14219
, 14218
, 14218
, 14217
, 14217
, 14216
, 14216
, 14215
, 14215
, 14214
, 14214
, 14213
, 14213
, 14212
, 14212
, 14211
, 14211
, 14210
, 14210
, 14209
, 14209
, 14208
, 14208
, 14207
, 14207
, 14206
, 14206
, 14205
, 14205
, 14204
, 14204
, 14203
, 14203
, 14202
, 14202
, 14201
, 14201
, 14200
, 14200
, 14199
, 14199
, 14198
, 14198
, 14197
, 14197
, 14196
, 14196
, 14195
, 14195
, 14194
, 14194
, 14193
, 14193
, 14192
, 14192
, 14191
, 14191
, 14190
, 14190
, 14189
, 14189
, 14188
, 14188
, 14187
, 14187
, 14186
, 14186
, 14185
, 14185
, 14184
, 14184
, 14183
, 14183
, 14182
, 14182
, 14181
, 14181
, 14180
, 14180
, 14179
, 14179
, 14178
, 14178
, 14177
, 14177
, 14176
, 14176
, 14175
, 14175
, 14174
, 14174
, 14173
, 14173
, 14172
, 14172
, 14171
, 14171
, 14170
, 14170
, 14169
, 14169
, 14168
, 14168
, 14167
, 14167
, 14166
, 14166
, 14165
, 14165
, 14164
, 14164
, 14163
, 14163
, 14162
, 14162
, 14161
, 14161
, 14160
, 14160
, 14159
, 14159
, 14158
, 14158
, 14157
, 14157
, 14156
, 14156
, 14155
, 14155
, 14154
, 14154
, 14153
, 14153
, 14152
, 14152
, 14151
, 14151
, 14150
, 14150
, 14149
, 14149
, 14148
, 14148
, 14147
, 14147
, 14146
, 14146
, 14145
, 14145
, 14144
, 14144
, 14143
, 14143
, 14142
, 14142
, 14141
, 14141
, 14140
, 14140
, 14139
, 14139
, 14138
, 14138
, 14137
, 14137
, 14136
, 14136
, 14135
, 14135
, 14134
, 14134
, 14133
, 14133
, 14132
, 14132
, 14131
, 14131
, 14130
, 14130
, 14129
, 14129
, 14128
, 14128
, 14127
, 14127
, 14126
, 14126
, 14125
, 14125
, 14124
, 14124
, 14123
, 14123
, 14122
, 14122
, 14121
, 14121
, 14120
, 14120
, 14119
, 14119
, 14118
, 14118
, 14117
, 14117
, 14116
, 14116
, 14115
, 14115
, 14114
, 14114
, 14113
, 14113
, 14112
, 14112
, 14111
, 14111
, 14110
, 14110
, 14109
, 14109
, 14108
, 14108
, 14107
, 14107
, 14106
, 14106
, 14105
, 14105
, 14104
, 14104
, 14103
, 14103
, 14102
, 14102
, 14101
, 14101
, 14100
, 14100
, 14099
, 14099
, 14098
, 14098
, 14097
, 14097
, 14096
, 14096
, 14095
, 14095
, 14094
, 14094
, 14093
, 14093
, 14092
, 14092
, 14091
, 14091
, 14090
, 14090
, 14089
, 14089
, 14088
, 14088
, 14087
, 14087
, 14086
, 14086
, 14085
, 14085
, 14084
, 14084
, 14083
, 14083
, 14082
, 14082
, 14081
, 14081
, 14080
, 14080
, 14079
, 14079
, 14078
, 14078
, 14077
, 14077
, 14076
, 14076
, 14075
, 14075
, 14074
, 14074
, 14073
, 14073
, 14072
, 14072
, 14071
, 14071
, 14070
, 14070
, 14069
, 14069
, 14068
, 14068
, 14067
, 14067
, 14066
, 14066
, 14065
, 14065
, 14064
, 14064
, 14063
, 14063
, 14062
, 14062
, 14061
, 14061
, 14060
, 14060
, 14059
, 14059
, 14058
, 14058
, 14057
, 14057
, 14056
, 14056
, 14055
, 14055
, 14054
, 14054
, 14053
, 14053
, 14052
, 14052
, 14051
, 14051
, 14050
, 14050
, 14049
, 14049
, 14048
, 14048
, 14047
, 14047
, 14046
, 14046
, 14045
, 14045
, 14044
, 14044
, 14043
, 14043
, 14042
, 14042
, 14041
, 14041
, 14040
, 14040
, 14039
, 14039
, 14038
, 14038
, 14037
, 14037
, 14036
, 14036
, 14035
, 14035
, 14034
, 14034
, 14033
, 14033
, 14032
, 14032
, 14031
, 14031
, 14030
, 14030
, 14029
, 14029
, 14028
, 14028
, 14027
, 14027
, 14026
, 14026
, 14025
, 14025
, 14024
, 14024
, 14023
, 14023
, 14022
, 14022
, 14021
, 14021
, 14020
, 14020
, 14019
, 14019
, 14018
, 14018
, 14017
, 14017
, 14016
, 14016
, 14015
, 14015
, 14014
, 14014
, 14013
, 14013
, 14012
, 14012
, 14011
, 14011
, 14010
, 14010
, 14009
, 14009
, 14008
, 14008
, 14007
, 14007
, 14006
, 14006
, 14005
, 14005
, 14004
, 14004
, 14003
, 14003
, 14002
, 14002
, 14001
, 14001
, 14000
, 14000
, 13999
, 13999
, 13998
, 13998
, 13997
, 13997
, 13996
, 13996
, 13995
, 13995
, 13994
, 13994
, 13993
, 13993
, 13992
, 13992
, 13991
, 13991
, 13990
, 13990
, 13989
, 13989
, 13988
, 13988
, 13987
, 13987
, 13986
, 13986
, 13985
, 13985
, 13984
, 13984
, 13983
, 13983
, 13982
, 13982
, 13981
, 13981
, 13980
, 13980
, 13979
, 13979
, 13978
, 13978
, 13977
, 13977
, 13976
, 13976
, 13975
, 13975
, 13974
, 13974
, 13973
, 13973
, 13972
, 13972
, 13971
, 13971
, 13970
, 13970
, 13969
, 13969
, 13968
, 13968
, 13967
, 13967
, 13966
, 13966
, 13965
, 13965
, 13964
, 13964
, 13963
, 13963
, 13962
, 13962
, 13961
, 13961
, 13960
, 13960
, 13959
, 13959
, 13958
, 13958
, 13957
, 13957
, 13956
, 13956
, 13955
, 13955
, 13954
, 13954
, 13953
, 13953
, 13952
, 13952
, 13951
, 13951
, 13950
, 13950
, 13949
, 13949
, 13948
, 13948
, 13947
, 13947
, 13946
, 13946
, 13945
, 13945
, 13944
, 13944
, 13943
, 13943
, 13942
, 13942
, 13941
, 13941
, 13940
, 13940
, 13939
, 13939
, 13938
, 13938
, 13937
, 13937
, 13936
, 13936
, 13935
, 13935
, 13934
, 13934
, 13933
, 13933
, 13932
, 13932
, 13931
, 13931
, 13930
, 13930
, 13929
, 13929
, 13928
, 13928
, 13927
, 13927
, 13926
, 13926
, 13925
, 13925
, 13924
, 13924
, 13923
, 13923
, 13922
, 13922
, 13921
, 13921
, 13920
, 13920
, 13919
, 13919
, 13918
, 13918
, 13917
, 13917
, 13916
, 13916
, 13915
, 13915
, 13914
, 13914
, 13913
, 13913
, 13912
, 13912
, 13911
, 13911
, 13910
, 13910
, 13909
, 13909
, 13908
, 13908
, 13907
, 13907
, 13906
, 13906
, 13905
, 13905
, 13904
, 13904
, 13903
, 13903
, 13902
, 13902
, 13901
, 13901
, 13900
, 13900
, 13899
, 13899
, 13898
, 13898
, 13897
, 13897
, 13896
, 13896
, 13895
, 13895
, 13894
, 13894
, 13893
, 13893
, 13892
, 13892
, 13891
, 13891
, 13890
, 13890
, 13889
, 13889
, 13888
, 13888
, 13887
, 13887
, 13886
, 13886
, 13885
, 13885
, 13884
, 13884
, 13883
, 13883
, 13882
, 13882
, 13881
, 13881
, 13880
, 13880
, 13879
, 13879
, 13878
, 13878
, 13877
, 13877
, 13876
, 13876
, 13875
, 13875
, 13874
, 13874
, 13873
, 13873
, 13872
, 13872
, 13871
, 13871
, 13870
, 13870
, 13869
, 13869
, 13868
, 13868
, 13867
, 13867
, 13866
, 13866
, 13865
, 13865
, 13864
, 13864
, 13863
, 13863
, 13862
, 13862
, 13861
, 13861
, 13860
, 13860
, 13859
, 13859
, 13858
, 13858
, 13857
, 13857
, 13856
, 13856
, 13855
, 13855
, 13854
, 13854
, 13853
, 13853
, 13852
, 13852
, 13851
, 13851
, 13850
, 13850
, 13849
, 13849
, 13848
, 13848
, 13847
, 13847
, 13846
, 13846
, 13845
, 13845
, 13844
, 13844
, 13843
, 13843
, 13842
, 13842
, 13841
, 13841
, 13840
, 13840
, 13839
, 13839
, 13838
, 13838
, 13837
, 13837
, 13836
, 13836
, 13835
, 13835
, 13834
, 13834
, 13833
, 13833
, 13832
, 13832
, 13831
, 13831
, 13830
, 13830
, 13829
, 13829
, 13828
, 13828
, 13827
, 13827
, 13826
, 13826
, 13825
, 13825
, 13824
, 13824
, 13823
, 13823
, 13822
, 13822
, 13821
, 13821
, 13820
, 13820
, 13819
, 13819
, 13818
, 13818
, 13817
, 13817
, 13816
, 13816
, 13815
, 13815
, 13814
, 13814
, 13813
, 13813
, 13812
, 13812
, 13811
, 13811
, 13810
, 13810
, 13809
, 13809
, 13808
, 13808
, 13807
, 13807
, 13806
, 13806
, 13805
, 13805
, 13804
, 13804
, 13803
, 13803
, 13802
, 13802
, 13801
, 13801
, 13800
, 13800
, 13799
, 13799
, 13798
, 13798
, 13797
, 13797
, 13796
, 13796
, 13795
, 13795
, 13794
, 13794
, 13793
, 13793
, 13792
, 13792
, 13791
, 13791
, 13790
, 13790
, 13789
, 13789
, 13788
, 13788
, 13787
, 13787
, 13786
, 13786
, 13785
, 13785
, 13784
, 13784
, 13783
, 13783
, 13782
, 13782
, 13781
, 13781
, 13780
, 13780
, 13779
, 13779
, 13778
, 13778
, 13777
, 13777
, 13776
, 13776
, 13775
, 13775
, 13774
, 13774
, 13773
, 13773
, 13772
, 13772
, 13771
, 13771
, 13770
, 13770
, 13769
, 13769
, 13768
, 13768
, 13767
, 13767
, 13766
, 13766
, 13765
, 13765
, 13764
, 13764
, 13763
, 13763
, 13762
, 13762
, 13761
, 13761
, 13760
, 13760
, 13759
, 13759
, 13758
, 13758
, 13757
, 13757
, 13756
, 13756
, 13755
, 13755
, 13754
, 13754
, 13753
, 13753
, 13752
, 13752
, 13751
, 13751
, 13750
, 13750
, 13749
, 13749
, 13748
, 13748
, 13747
, 13747
, 13746
, 13746
, 13745
, 13745
, 13744
, 13744
, 13743
, 13743
, 13742
, 13742
, 13741
, 13741
, 13740
, 13740
, 13739
, 13739
, 13738
, 13738
, 13737
, 13737
, 13736
, 13736
, 13735
, 13735
, 13734
, 13734
, 13733
, 13733
, 13732
, 13732
, 13731
, 13731
, 13730
, 13730
, 13729
, 13729
, 13728
, 13728
, 13727
, 13727
, 13726
, 13726
, 13725
, 13725
, 13724
, 13724
, 13723
, 13723
, 13722
, 13722
, 13721
, 13721
, 13720
, 13720
, 13719
, 13719
, 13718
, 13718
, 13717
, 13717
, 13716
, 13716
, 13715
, 13715
, 13714
, 13714
, 13713
, 13713
, 13712
, 13712
, 13711
, 13711
, 13710
, 13710
, 13709
, 13709
, 13708
, 13708
, 13707
, 13707
, 13706
, 13706
, 13705
, 13705
, 13704
, 13704
, 13703
, 13703
, 13702
, 13702
, 13701
, 13701
, 13700
, 13700
, 13699
, 13699
, 13698
, 13698
, 13697
, 13697
, 13696
, 13696
, 13695
, 13695
, 13694
, 13694
, 13693
, 13693
, 13692
, 13692
, 13691
, 13691
, 13690
, 13690
, 13689
, 13689
, 13688
, 13688
, 13687
, 13687
, 13686
, 13686
, 13685
, 13685
, 13684
, 13684
, 13683
, 13683
, 13682
, 13682
, 13681
, 13681
, 13680
, 13680
, 13679
, 13679
, 13678
, 13678
, 13677
, 13677
, 13676
, 13676
, 13675
, 13675
, 13674
, 13674
, 13673
, 13673
, 13672
, 13672
, 13671
, 13671
, 13670
, 13670
, 13669
, 13669
, 13668
, 13668
, 13667
, 13667
, 13666
, 13666
, 13665
, 13665
, 13664
, 13664
, 13663
, 13663
, 13662
, 13662
, 13661
, 13661
, 13660
, 13660
, 13659
, 13659
, 13658
, 13658
, 13657
, 13657
, 13656
, 13656
, 13655
, 13655
, 13654
, 13654
, 13653
, 13653
, 13652
, 13652
, 13651
, 13651
, 13650
, 13650
, 13649
, 13649
, 13648
, 13648
, 13647
, 13647
, 13646
, 13646
, 13645
, 13645
, 13644
, 13644
, 13643
, 13643
, 13642
, 13642
, 13641
, 13641
, 13640
, 13640
, 13639
, 13639
, 13638
, 13638
, 13637
, 13637
, 13636
, 13636
, 13635
, 13635
, 13634
, 13634
, 13633
, 13633
, 13632
, 13632
, 13631
, 13631
, 13630
, 13630
, 13629
, 13629
, 13628
, 13628
, 13627
, 13627
, 13626
, 13626
, 13625
, 13625
, 13624
, 13624
, 13623
, 13623
, 13622
, 13622
, 13621
, 13621
, 13620
, 13620
, 13619
, 13619
, 13618
, 13618
, 13617
, 13617
, 13616
, 13616
, 13615
, 13615
, 13614
, 13614
, 13613
, 13613
, 13612
, 13612
, 13611
, 13611
, 13610
, 13610
, 13609
, 13609
, 13608
, 13608
, 13607
, 13607
, 13606
, 13606
, 13605
, 13605
, 13604
, 13604
, 13603
, 13603
, 13602
, 13602
, 13601
, 13601
, 13600
, 13600
, 13600
