
12020
813
477
956
963
949
384
137
198
422
688
369
747
166
590
729
391
374
752
410
550
418
917
308
842
472
748
539
244
161
252
503
336
883
715
377
234
810
732
647
144
825
444
371
931
598
692
896
987
648
1000
650
819
295
200
403
196
263
572
499
626
625
280
554
727
307
874
304
635
708
101
340
807
374
479
765
453
380
777
812
586
566
448
904
758
243
330
213
541
802
177
119
514
944
982
448
302
377
432
102
693
906
613
342
482
760
240
718
162
230
769
454
490
501
531
631
547
847
275
773
967
920
805
391
722
871
837
864
938
603
723
548
625
123
607
415
392
536
661
163
296
995
896
617
932
332
259
529
955
604
935
866
118
907
178
851
840
320
435
645
280
775
619
634
195
472
379
655
565
414
877
383
704
195
287
246
482
486
617
514
790
429
289
830
412
258
844
236
420
526
134
391
593
498
947
527
776
136
694
597
220
299
446
387
977
760
126
906
801
608
128
483
304
350
865
553
920
216
457
545
720
909
711
875
499
439
779
981
272
823
989
478
530
644
158
689
902
287
724
487
226
143
627
544
729
127
968
683
658
917
624
886
374
489
792
927
667
742
876
355
722
408
638
931
901
770
554
178
974
144
626
224
604
857
553
829
359
951
830
513
183
273
572
412
687
914
640
302
136
281
237
212
828
697
884
162
464
101
524
977
665
465
444
756
887
314
732
514
709
386
385
224
206
665
856
370
520
392
628
721
966
298
973
183
511
514
415
910
297
818
592
485
863
482
237
271
651
247
877
489
662
520
784
544
408
895
696
315
744
561
232
839
441
976
819
933
789
240
880
646
112
557
671
386
243
725
955
908
681
433
592
706
282
719
114
450
347
727
734
372
889
764
181
301
673
663
909
235
614
532
850
686
432
328
664
168
350
927
190
976
774
323
875
542
736
223
676
218
900
515
608
267
398
100
186
510
417
687
799
540
975
530
924
198
647
329
433
893
810
325
101
509
208
495
619
519
923
134
585
170
240
350
329
244
677
382
258
156
820
399
594
257
888
987
157
236
948
421
789
971
698
542
646
451
661
381
382
698
917
616
239
468
776
280
694
925
484
186
739
107
189
904
212
333
131
160
423
530
861
622
723
708
420
510
200
431
933
630
293
417
871
120
592
373
803
593
767
652
792
950
182
137
483
400
837
938
282
309
257
377
510
464
855
329
466
531
164
780
258
983
429
986
461
357
167
161
111
257
982
466
850
979
161
492
519
748
264
921
737
582
613
844
629
950
803
772
307
695
177
916
503
874
862
141
121
630
852
186
261
677
631
129
115
530
862
325
580
225
408
543
693
303
843
121
870
884
286
428
461
413
243
723
325
925
218
450
465
835
659
968
481
601
387
596
980
311
582
164
576
738
792
518
389
512
877
731
475
863
640
654
668
143
961
344
368
864
346
197
394
825
413
565
476
608
764
922
671
288
953
319
628
639
659
507
555
111
291
552
571
339
665
311
580
654
376
844
903
704
609
348
582
454
640
943
786
281
694
299
211
181
511
659
570
414
342
511
387
611
895
179
201
582
945
491
585
301
138
710
616
830
250
171
390
892
542
346
961
999
509
692
745
715
916
190
278
342
778
417
908
778
709
979
367
573
650
246
320
681
239
143
559
286
360
393
949
659
766
968
162
646
608
390
436
265
672
306
578
972
450
586
731
952
732
248
841
599
655
408
420
383
798
797
210
931
366
417
373
313
297
274
233
429
295
737
429
876
220
786
267
464
178
697
344
859
121
235
614
743
104
717
960
528
394
484
637
344
684
642
929
703
968
957
254
824
760
483
732
193
178
617
809
148
408
127
846
497
794
827
644
973
1000
364
613
588
474
985
535
526
475
567
169
993
794
307
325
571
118
793
692
899
905
644
428
129
794
863
694
557
270
175
835
340
449
924
854
299
292
520
354
146
366
824
284
665
627
311
571
141
448
709
111
429
526
140
650
264
568
748
533
146
262
183
571
511
236
396
640
210
685
255
510
493
249
200
396
478
628
900
470
879
778
746
508
820
497
843
542
336
262
968
200
755
910
619
579
165
988
619
246
686
288
474
614
712
709
450
588
517
194
368
139
689
338
374
383
533
101
465
244
795
161
357
825
134
936
871
607
397
150
108
867
560
950
868
394
527
234
661
886
117
506
904
825
603
762
198
351
961
665
261
604
826
815
160
725
229
103
447
383
909
235
232
802
178
702
952
840
522
121
508
722
623
907
404
520
567
315
266
539
975
148
798
759
338
291
266
431
994
643
213
406
706
776
497
761
548
840
781
272
177
799
330
950
841
869
541
311
637
723
258
824
280
225
516
781
883
497
127
146
713
538
258
368
587
319
506
634
121
721
398
207
520
741
732
429
178
710
280
947
847
940
150
926
561
309
179
969
588
481
830
888
356
544
236
811
535
860
434
397
849
524
757
419
667
636
718
330
898
151
932
153
217
263
957
638
239
800
483
601
355
931
615
890
156
795
787
227
698
603
641
818
993
736
849
893
278
669
422
861
769
570
282
770
359
113
897
913
715
933
876
294
904
810
742
226
685
570
690
550
313
400
878
718
413
888
864
510
408
401
827
633
709
773
646
976
379
407
448
668
849
203
952
731
906
772
716
649
618
696
403
221
405
664
989
156
795
309
980
293
487
823
395
917
598
220
465
251
444
657
630
384
289
982
478
968
185
511
996
465
186
241
580
142
786
918
648
590
723
758
584
503
390
742
886
302
834
856
869
748
187
128
899
437
332
694
777
720
108
269
676
773
717
192
918
820
475
474
439
253
996
632
396
909
755
667
559
890
906
268
646
473
383
301
579
928
897
991
809
926
425
662
774
576
216
590
712
382
454
193
538
408
847
514
321
694
317
151
570
639
144
264
374
329
488
853
545
339
971
596
662
492
582
408
411
433
798
113
963
932
269
810
917
348
670
392
766
739
371
430
484
979
139
324
537
365
704
596
551
941
523
757
819
504
159
658
542
432
290
528
481
840
919
404
946
987
840
934
867
414
645
930
406
130
941
911
356
279
329
376
746
446
622
651
852
887
375
218
400
391
841
621
195
679
154
201
370
238
890
849
306
293
655
439
396
629
385
467
251
655
460
172
820
906
582
206
124
541
316
702
347
492
921
254
575
819
878
582
655
797
665
225
741
398
721
718
465
521
153
579
917
454
743
810
808
319
582
290
618
164
672
772
686
645
271
369
385
708
825
120
412
549
703
217
445
978
772
689
323
247
705
428
345
370
145
367
632
232
690
106
460
749
608
253
806
774
324
311
564
223
517
452
973
395
470
220
412
957
918
603
408
308
848
208
828
375
474
221
827
830
301
808
148
353
831
868
684
898
480
739
897
832
242
770
168
947
795
163
240
991
777
696
274
422
178
656
570
175
662
898
611
763
727
427
295
291
812
777
361
390
993
647
324
717
266
545
551
400
253
265
641
160
390
760
683
664
651
727
122
923
193
193
359
904
130
419
454
142
546
284
734
511
400
449
900
511
909
535
630
210
204
851
531
182
816
564
341
496
640
519
225
543
706
849
619
442
161
391
460
994
873
332
889
330
128
108
355
862
548
896
541
205
570
177
608
113
333
987
647
375
774
431
297
949
676
581
561
830
236
817
584
438
900
406
452
508
187
350
497
252
412
538
638
281
707
708
250
358
992
700
501
886
914
534
325
835
719
398
334
414
193
219
358
801
593
516
951
467
105
827
328
334
804
909
262
592
1000
731
192
789
152
560
688
758
891
214
121
754
532
364
781
408
882
405
653
884
479
675
977
808
897
486
399
773
337
874
675
528
358
329
269
748
321
299
870
586
201
483
754
103
779
977
560
904
617
416
723
139
143
827
573
241
446
512
296
641
947
747
389
721
660
940
415
630
978
878
819
121
924
613
135
204
293
501
599
571
198
707
325
767
544
616
364
861
306
404
127
721
972
221
661
173
121
849
165
621
318
984
195
253
351
980
889
468
809
642
861
803
482
824
268
349
396
894
939
965
170
250
294
766
318
420
666
693
916
119
794
501
192
974
256
434
203
474
582
122
723
887
487
556
898
751
704
683
443
219
628
478
462
679
872
694
449
755
410
760
450
115
968
204
501
339
196
684
465
187
836
144
400
321
721
431
310
380
495
159
612
853
164
657
422
152
728
963
990
964
103
248
509
984
584
483
374
197
557
176
853
446
724
954
566
286
102
493
182
345
833
947
355
125
514
398
406
900
250
805
730
728
500
660
796
572
689
989
971
340
250
262
178
300
208
831
727
184
871
867
992
522
297
424
509
873
353
879
755
827
296
387
882
562
800
902
506
556
257
514
458
601
596
812
820
719
513
750
911
762
829
869
652
273
643
754
915
704
966
898
150
165
544
189
703
774
445
101
589
737
138
431
379
740
494
792
360
439
281
148
427
897
197
586
923
469
253
946
515
871
730
880
849
430
880
309
544
200
708
314
467
996
593
249
855
251
644
412
194
610
301
450
852
680
251
133
117
654
360
876
828
315
164
331
131
261
801
725
836
347
733
235
671
941
419
302
319
163
873
459
548
275
683
624
345
784
388
668
184
638
293
251
736
622
804
886
266
724
793
255
664
292
545
671
544
170
400
442
455
229
272
334
805
824
899
181
656
381
185
372
696
948
768
835
303
568
624
204
952
699
622
453
300
293
461
714
943
504
786
618
304
708
440
168
857
497
828
520
320
406
842
364
387
432
585
433
501
878
122
268
969
619
808
669
605
719
382
633
222
818
351
314
332
432
224
524
653
804
436
228
186
140
775
479
640
217
334
311
181
165
426
816
299
201
115
193
798
309
347
647
131
120
943
761
289
442
178
339
969
234
885
476
160
511
480
220
993
902
221
697
505
495
904
643
331
301
483
915
809
548
965
800
283
387
288
896
921
609
687
536
906
287
543
958
984
541
771
684
663
687
952
167
865
563
775
486
334
115
425
524
332
908
732
100
139
201
162
431
865
661
653
226
851
166
429
962
189
299
363
775
379
829
278
690
451
221
210
238
818
360
750
710
859
672
429
463
890
278
860
600
146
537
665
140
497
692
265
735
270
588
918
490
421
142
664
433
387
343
470
984
553
674
592
519
754
999
105
403
314
286
178
517
668
909
799
969
116
338
134
116
467
560
936
455
544
237
127
101
448
981
481
667
885
713
472
511
785
374
917
430
322
577
724
209
615
562
681
774
396
818
130
422
112
213
484
509
840
374
154
734
452
408
781
879
216
409
767
798
476
1000
527
616
358
402
904
852
444
365
943
592
615
279
965
821
814
657
596
620
388
722
947
615
305
100
345
321
129
637
823
452
626
769
408
237
114
836
533
791
391
532
741
312
855
394
849
936
649
792
850
498
264
571
576
479
814
692
410
217
491
841
758
505
814
704
781
156
754
119
849
425
796
885
690
639
490
344
630
899
572
798
213
174
536
816
351
533
584
522
614
860
921
663
893
381
424
934
810
599
298
510
661
654
553
121
504
373
718
572
612
612
542
654
123
867
585
164
250
930
109
331
808
180
965
339
270
653
820
527
229
109
924
683
385
665
729
409
764
260
314
268
561
459
263
652
448
422
502
104
307
389
426
862
418
640
394
157
483
650
521
559
923
510
650
976
155
612
874
649
748
973
360
584
434
179
763
965
381
378
276
118
803
936
773
193
694
568
889
531
136
562
636
390
542
183
217
427
201
409
260
374
542
937
791
199
558
209
843
118
227
774
332
805
453
265
196
278
656
784
709
122
736
721
680
963
713
800
656
921
339
558
333
850
634
840
888
449
477
535
810
221
540
595
650
734
364
690
501
219
874
633
170
141
826
729
175
397
994
800
628
144
654
362
509
526
687
458
393
982
906
183
648
526
696
173
389
107
350
673
554
680
978
219
362
323
147
222
462
594
266
100
849
150
570
705
438
538
975
127
417
278
994
939
290
198
431
413
885
479
328
956
494
817
533
279
972
505
609
588
285
280
371
843
500
913
422
445
809
372
516
675
403
737
920
446
511
856
516
966
638
971
462
655
269
994
479
963
758
656
573
718
402
971
913
529
102
173
993
641
721
148
613
513
333
419
784
261
475
319
824
528
973
561
779
259
572
988
912
584
231
828
194
987
151
463
627
603
329
328
379
927
903
715
430
832
730
962
165
358
725
366
558
156
221
978
816
671
529
527
848
144
887
266
591
748
834
680
458
543
412
962
906
641
509
986
459
572
276
608
131
537
173
518
366
369
252
791
254
496
835
113
763
341
470
401
600
688
912
412
794
821
798
540
387
667
396
561
709
643
150
209
439
709
576
257
617
756
157
113
201
146
121
868
974
999
777
256
741
774
215
882
445
494
227
220
926
109
407
102
678
281
787
180
586
104
326
461
498
851
954
401
232
286
760
962
317
740
453
736
506
794
432
732
650
197
984
748
150
981
865
648
248
496
644
689
885
901
441
512
182
646
801
169
842
198
983
219
153
296
804
480
999
844
486
179
636
385
899
247
311
759
716
735
125
448
491
463
730
542
572
861
776
871
888
770
738
279
707
260
775
220
938
192
857
697
786
338
400
122
460
655
862
571
401
540
399
943
338
219
825
222
231
897
367
473
565
193
144
951
757
715
837
488
628
701
271
570
519
864
587
428
943
314
255
763
994
968
603
759
548
204
497
688
995
780
822
609
610
325
198
201
114
816
590
156
333
263
123
325
545
895
130
610
559
736
429
516
343
948
356
118
441
992
422
227
351
399
282
400
279
406
816
243
109
210
485
790
264
490
564
885
182
460
836
508
309
625
298
228
682
446
879
424
118
323
247
288
603
536
424
846
355
260
181
421
211
617
212
675
237
622
252
358
213
240
499
356
652
528
767
194
269
968
834
269
774
495
226
643
556
179
883
807
619
827
242
898
181
463
290
831
984
316
257
802
551
302
148
609
467
530
366
704
459
452
297
521
847
245
891
264
976
384
748
756
610
173
350
370
230
468
903
563
525
215
182
400
874
299
813
309
836
335
971
303
988
620
853
261
109
291
984
313
762
944
152
348
211
983
827
366
740
190
760
945
704
598
515
652
341
248
896
699
245
336
478
935
228
183
360
879
485
477
684
709
727
364
680
433
400
391
345
346
673
376
750
809
124
985
627
184
496
905
365
170
331
458
922
957
954
959
213
217
749
609
898
476
773
354
854
491
110
123
312
403
314
320
700
499
238
166
704
712
336
950
576
601
717
204
222
334
907
196
271
819
752
238
510
809
129
745
737
453
357
270
648
813
227
604
210
629
389
128
245
395
272
503
489
187
949
508
582
506
633
524
301
880
149
931
738
706
728
993
780
563
502
788
318
158
716
344
941
963
153
977
197
622
729
725
661
594
160
521
529
135
859
271
784
549
602
328
535
184
571
799
641
362
448
367
738
870
102
626
645
470
740
456
386
115
624
449
484
283
580
478
419
807
785
964
590
687
343
140
358
367
826
375
226
742
606
546
677
256
299
975
505
563
798
229
837
544
388
106
143
757
391
368
981
857
849
746
988
801
207
794
150
118
412
723
400
119
577
378
782
394
330
768
666
147
162
678
490
120
310
327
800
831
917
552
791
334
522
544
271
162
995
874
793
637
285
239
455
981
454
551
629
924
978
340
958
602
493
486
241
585
169
212
687
615
731
650
890
478
601
508
442
976
305
471
511
511
192
513
600
130
669
218
827
452
373
351
288
496
679
681
437
614
583
584
706
268
857
971
347
568
976
807
838
815
950
678
340
108
235
860
894
667
971
819
866
661
649
418
719
181
563
579
617
489
701
301
258
741
292
250
255
423
410
887
115
157
150
458
586
685
546
658
758
777
918
156
409
797
107
477
292
180
706
970
367
936
481
215
646
912
165
480
403
420
592
744
791
877
311
894
107
276
160
443
439
759
261
346
820
860
545
149
394
262
436
448
395
501
672
371
251
604
858
130
958
961
675
810
462
951
646
433
507
422
227
536
531
167
668
915
872
778
423
688
668
795
315
616
362
231
508
592
550
628
175
340
345
420
472
220
990
456
944
666
142
397
176
790
953
503
708
343
322
493
933
158
788
658
626
803
432
339
153
964
728
607
893
103
331
704
841
946
184
204
812
872
575
238
855
428
401
125
572
971
372
946
154
965
849
609
726
523
983
846
450
100
461
532
931
694
783
228
782
523
952
757
200
509
670
392
482
862
609
851
734
379
276
345
292
392
616
192
934
795
166
304
739
692
424
435
792
614
846
423
332
119
876
354
192
969
693
105
319
335
145
848
541
351
776
616
243
330
625
711
839
390
947
546
793
389
884
655
676
760
419
773
560
575
761
535
547
222
386
435
603
159
975
617
264
685
834
468
911
896
634
752
636
505
391
356
479
576
122
671
632
436
517
564
935
527
679
468
997
809
616
616
202
837
864
617
776
186
817
741
736
437
991
876
546
422
568
824
137
496
325
798
812
679
296
272
540
687
981
776
135
769
218
685
258
450
844
141
969
919
476
996
200
997
409
349
915
481
768
977
658
423
308
970
961
758
281
711
702
328
913
386
375
583
520
312
925
133
977
323
279
672
253
920
240
541
662
876
401
526
209
960
374
932
438
427
620
147
247
435
793
168
549
689
981
837
282
857
968
871
558
113
867
619
850
614
647
217
120
188
323
878
286
588
954
493
442
191
767
184
598
689
313
881
827
309
906
600
734
695
347
104
572
977
179
567
662
129
601
188
229
567
281
537
866
278
820
136
497
973
187
778
525
645
346
901
123
287
998
319
323
114
689
326
268
252
156
923
415
167
885
982
812
674
587
202
457
320
412
582
737
939
398
198
177
273
194
561
699
590
365
170
214
875
504
359
563
666
654
521
668
374
882
724
290
994
602
172
531
324
879
473
775
555
294
450
695
906
369
222
831
950
292
536
536
659
199
353
963
534
123
444
381
970
283
778
327
928
165
460
969
178
581
410
877
884
814
973
446
891
473
204
937
429
707
905
117
731
521
540
953
531
690
181
524
357
822
864
586
957
954
190
654
397
278
557
819
763
491
408
248
970
540
396
561
139
836
670
864
700
737
323
241
508
573
325
675
673
309
884
253
183
738
911
873
696
478
280
233
872
781
400
513
999
803
191
480
351
819
334
828
290
103
920
495
931
566
878
465
115
281
128
626
568
822
470
166
699
257
881
320
447
173
624
474
302
987
400
248
694
849
853
621
811
328
968
164
522
893
138
999
579
171
498
904
738
336
229
840
894
800
968
104
517
176
194
356
455
367
882
332
371
183
949
889
364
872
227
619
609
546
694
544
565
908
251
576
552
464
584
588
231
435
457
696
542
287
153
471
893
216
416
768
770
236
846
199
525
153
300
990
126
337
507
300
784
531
386
207
579
536
630
251
903
973
539
155
432
743
626
370
911
188
800
949
698
795
570
789
106
805
850
768
619
780
978
316
746
804
641
654
881
346
179
697
157
396
705
225
969
512
527
852
371
495
359
966
551
798
956
325
449
899
730
697
630
288
248
171
476
318
459
244
422
614
300
494
389
665
506
452
942
600
409
944
118
428
581
190
459
200
543
540
267
772
756
239
981
884
303
208
431
944
972
502
772
236
860
209
190
120
583
518
568
431
807
513
666
609
891
978
844
725
392
345
987
535
845
816
514
880
289
968
782
815
403
600
955
878
683
126
252
757
339
829
133
644
745
834
192
566
758
995
320
341
448
634
742
541
345
298
610
505
670
361
922
549
576
375
431
261
523
301
541
809
230
917
139
508
202
699
617
960
824
789
832
154
760
866
206
554
326
385
756
179
338
273
887
745
479
548
228
191
801
486
135
633
726
983
168
884
431
352
399
850
294
925
973
243
968
817
627
118
553
136
623
688
414
444
702
138
429
751
272
735
759
240
699
630
807
692
671
232
274
858
916
116
124
857
432
573
923
805
783
312
362
484
448
641
206
788
413
857
101
384
657
994
786
468
934
291
336
405
397
489
269
195
302
600
235
821
694
229
727
583
154
660
213
247
735
954
199
246
467
649
283
303
627
598
724
432
611
559
807
897
298
257
672
546
730
791
100
691
728
252
234
486
443
503
567
482
829
784
582
134
126
112
453
653
177
575
621
445
874
551
998
554
575
728
162
689
952
202
767
396
570
578
977
242
651
357
968
655
600
811
907
453
360
671
624
148
988
150
713
622
271
335
124
644
847
931
138
157
366
830
424
381
727
139
799
378
456
184
735
774
475
587
799
649
404
676
191
595
603
298
322
396
331
889
989
370
988
458
301
542
528
164
349
545
136
374
339
819
671
389
127
292
723
261
819
582
785
135
626
663
365
121
782
164
305
184
521
748
429
305
458
370
718
694
235
268
425
575
289
181
214
427
891
275
710
651
514
138
661
342
979
381
884
578
978
855
776
540
233
796
628
965
570
843
536
851
157
150
678
769
670
874
179
255
955
320
864
968
663
144
430
187
744
303
421
189
754
408
781
676
337
571
290
702
391
207
169
129
857
529
274
465
922
544
225
835
563
657
185
125
742
427
884
401
478
510
839
102
633
889
140
564
153
445
582
145
151
344
489
403
379
972
167
804
172
923
537
599
936
625
668
348
431
924
960
561
546
591
236
432
811
357
136
213
417
948
866
269
553
691
653
339
591
941
335
915
437
932
121
729
205
973
301
246
486
228
299
496
874
958
292
122
396
546
332
647
488
539
699
546
239
965
160
195
163
884
395
544
877
873
682
911
263
623
357
776
119
972
676
344
545
814
694
112
727
290
115
999
746
192
220
581
536
858
517
847
659
736
747
142
332
125
602
576
817
240
806
530
357
864
208
551
845
450
102
925
570
301
196
254
629
316
772
147
339
802
899
349
124
708
894
773
834
459
785
170
112
890
266
902
682
964
395
157
842
259
928
878
332
958
570
952
305
650
427
306
663
383
854
651
954
329
784
362
133
437
469
242
603
368
701
334
795
662
681
318
125
380
798
861
575
238
564
558
239
895
979
852
703
456
908
261
640
663
282
950
747
333
222
540
607
501
150
775
725
211
117
578
538
167
550
668
248
978
288
194
161
717
313
501
242
296
471
915
838
443
803
279
332
531
655
167
243
433
801
468
722
954
688
340
195
942
238
895
178
622
291
452
256
347
824
214
677
971
554
597
431
760
330
892
735
832
236
906
945
648
611
573
713
673
726
955
783
626
314
231
989
318
597
579
311
575
919
266
572
876
663
243
544
688
985
269
874
766
729
609
141
799
294
548
445
759
714
494
542
513
490
655
783
198
564
261
746
131
191
631
619
991
629
250
629
160
359
521
770
547
251
936
295
496
460
774
872
255
956
263
830
416
826
150
742
893
914
982
866
260
837
655
509
693
540
588
850
348
149
719
830
525
770
108
732
228
288
273
454
411
639
921
938
257
948
169
723
814
871
169
757
581
209
742
289
103
478
887
751
213
519
129
151
368
855
838
507
116
712
195
808
324
192
612
565
623
175
355
646
703
415
713
459
220
828
554
843
772
959
528
302
356
218
824
385
510
410
628
486
220
396
738
490
809
467
553
247
597
882
265
481
940
657
943
795
187
239
382
735
807
698
216
542
763
822
875
955
710
235
838
808
500
688
348
590
581
148
256
778
825
498
983
694
239
355
603
349
927
321
484
560
718
473
836
533
499
830
985
880
384
734
745
601
758
131
904
757
950
955
591
747
427
936
936
771
269
224
840
537
611
567
536
753
449
185
927
316
534
518
948
205
306
569
447
175
994
760
488
276
856
370
805
154
727
518
942
476
785
180
539
456
864
356
741
852
835
243
986
478
193
361
942
430
919
351
274
340
672
740
389
146
302
719
888
119
395
634
366
905
805
538
414
292
373
696
511
550
204
138
915
490
698
462
592
655
457
354
814
620
780
563
319
343
320
342
910
581
197
853
603
511
445
987
715
825
857
310
242
736
751
726
132
147
276
831
744
417
894
611
757
115
771
261
121
500
558
776
440
676
760
874
641
974
950
908
259
211
787
298
301
239
485
361
155
706
965
486
767
217
651
566
608
636
253
681
999
822
371
853
751
903
174
334
390
895
206
556
566
385
750
736
448
440
326
308
217
573
101
462
183
922
216
337
980
277
822
160
753
661
520
163
704
217
674
299
977
749
331
331
155
162
843
372
444
661
229
465
658
696
523
675
780
624
708
166
706
255
648
532
551
911
680
941
860
960
106
837
617
201
175
246
478
818
616
546
444
743
848
391
387
628
275
905
390
961
500
730
598
235
978
586
118
860
266
795
131
329
770
445
742
299
100
250
703
630
500
670
538
757
115
980
395
154
241
790
411
489
900
317
316
782
150
503
123
668
627
994
918
102
921
840
680
909
778
545
944
645
111
236
811
436
548
559
191
917
423
653
724
243
311
750
589
748
100
799
104
846
902
678
579
913
843
793
550
359
848
297
869
827
158
561
807
579
966
859
623
319
967
770
589
421
573
685
466
145
540
474
111
586
379
668
757
720
400
284
361
700
523
864
994
550
386
454
896
759
316
364
957
536
581
960
910
206
503
719
895
266
323
443
574
343
399
344
523
349
222
493
603
412
285
335
413
308
501
949
650
516
736
258
416
263
741
401
435
504
200
525
710
165
838
972
502
513
680
400
995
725
812
969
468
500
200
179
606
104
330
612
290
887
851
533
548
719
297
928
445
402
728
182
994
358
731
157
256
804
183
547
776
664
926
986
962
193
355
953
273
935
865
628
577
126
158
686
637
365
227
828
958
975
374
279
608
732
643
506
264
179
436
505
571
480
477
251
116
313
187
518
284
110
439
485
437
801
647
312
407
653
271
833
438
599
539
157
785
954
306
720
907
403
835
775
776
825
404
247
286
281
760
859
642
620
275
419
485
913
654
230
534
371
492
708
496
348
617
422
748
894
480
489
893
837
195
778
921
590
218
887
316
448
782
472
855
994
864
246
793
180
130
328
829
517
965
777
399
414
236
444
860
458
637
712
618
313
717
624
370
194
543
703
673
636
160
324
770
495
594
233
584
113
997
442
512
176
938
389
678
927
869
670
525
629
622
966
125
907
850
494
224
382
692
714
799
522
339
592
196
817
168
256
785
935
506
257
226
102
852
426
277
453
526
476
642
270
443
909
788
460
449
605
510
206
197
899
336
260
701
795
892
993
132
820
691
958
657
197
256
358
531
820
961
890
197
723
349
897
818
428
603
272
338
704
840
231
919
756
220
424
600
709
661
517
965
631
806
728
741
309
847
313
123
374
971
749
116
868
993
438
542
180
651
178
648
804
702
799
882
447
181
915
163
401
880
618
434
479
290
322
432
718
879
908
453
588
869
154
931
287
793
456
968
655
637
860
512
679
795
848
363
307
712
356
842
265
258
405
444
637
188
158
321
980
683
663
545
702
581
328
551
242
396
605
149
511
659
964
831
564
466
614
198
845
712
986
260
777
955
712
796
193
419
927
108
576
637
664
204
600
640
893
472
197
726
154
479
264
915
964
442
261
497
323
644
589
257
912
549
773
757
783
262
270
895
231
264
894
111
373
290
860
556
754
336
395
401
973
602
676
349
767
817
483
937
548
663
369
185
638
529
927
444
711
841
161
567
502
622
902
472
891
202
593
892
246
529
236
282
905
203
611
615
909
699
786
560
238
763
343
695
692
501
456
365
622
526
158
845
803
958
887
465
312
826
341
204
219
353
481
129
459
114
585
304
606
714
860
798
545
306
504
362
256
712
205
861
267
389
105
846
287
718
816
659
354
770
852
665
272
335
197
636
608
738
549
347
629
326
198
983
654
330
920
407
353
598
843
511
445
778
358
697
422
812
856
942
192
978
755
340
536
350
742
782
224
684
158
421
868
185
291
776
796
819
717
751
459
121
737
246
795
941
394
144
125
824
356
929
487
308
384
218
522
751
948
631
610
494
545
369
837
153
238
571
159
669
726
969
673
445
968
131
631
676
375
250
660
356
879
283
727
276
974
387
507
829
759
692
838
620
579
725
552
983
765
873
1000
696
614
420
291
574
858
529
234
438
228
583
128
761
990
502
289
801
426
629
119
343
699
833
158
175
722
458
331
485
620
812
556
947
643
889
594
996
380
463
494
447
577
550
602
545
773
365
661
144
193
263
331
884
147
114
411
722
137
156
309
221
359
556
633
630
671
962
834
219
268
896
653
584
343
312
622
917
937
609
921
324
696
332
350
651
820
298
422
760
647
772
820
223
215
809
307
287
140
759
974
593
288
275
739
143
821
715
939
773
783
301
186
304
520
569
693
907
899
457
790
726
992
692
249
442
692
455
290
374
802
105
658
139
505
931
436
922
545
208
673
648
367
871
795
706
375
954
736
945
936
238
342
818
527
399
169
361
224
511
865
779
357
180
257
125
972
449
851
267
587
461
945
507
297
550
751
206
356
941
214
225
401
865
457
802
377
671
192
870
868
490
699
563
180
136
947
987
531
175
415
405
226
738
956
957
943
533
885
326
839
333
812
388
648
441
712
836
981
223
713
125
541
319
230
148
757
893
660
774
341
715
453
409
511
858
289
376
400
804
649
379
218
216
261
428
307
625
570
604
317
796
692
996
484
506
430
156
967
836
585
624
664
197
346
277
436
873
675
848
761
949
854
290
771
564
307
507
376
608
660
713
983
611
382
899
797
198
530
731
439
810
410
244
709
924
513
714
331
602
451
554
414
852
599
644
822
520
412
191
446
124
221
419
720
851
801
857
185
915
981
856
541
312
341
899
900
187
773
108
174
640
201
650
525
534
588
300
369
935
645
749
398
169
376
935
542
661
302
760
935
551
975
219
961
340
658
469
366
808
394
121
879
142
361
274
779
808
159
143
337
639
857
679
786
991
224
249
868
777
675
492
223
167
632
168
364
762
886
744
965
544
651
331
877
568
231
918
749
535
791
239
599
106
794
191
770
893
773
289
540
330
711
678
890
741
416
562
158
166
250
736
338
945
847
403
339
560
586
756
891
125
372
226
969
761
690
125
425
664
579
991
476
334
432
183
210
798
997
379
414
519
490
891
575
336
775
356
182
207
390
465
649
911
201
851
865
802
690
963
447
288
789
785
920
136
852
844
504
403
497
737
246
721
278
384
562
342
301
156
817
821
785
600
956
384
321
881
222
944
454
245
488
137
494
705
352
652
153
731
850
178
496
566
709
681
975
987
429
399
269
123
451
455
121
354
448
899
751
532
632
162
116
441
870
994
337
470
900
773
255
961
362
329
999
184
246
439
783
763
746
688
771
137
267
161
772
919
562
354
983
460
452
372
197
633
673
693
745
200
367
678
736
128
996
212
814
933
415
839
594
330
925
923
574
870
859
779
399
396
452
650
252
368
606
979
129
916
701
533
863
262
251
243
183
688
665
204
695
261
748
926
996
915
530
753
116
323
959
451
167
573
461
835
860
333
252
438
118
955
712
970
420
378
150
646
718
667
413
286
363
960
415
161
455
860
592
562
697
469
591
880
207
237
891
114
586
160
991
769
276
230
170
431
789
532
379
215
556
525
691
808
827
993
600
513
933
721
734
470
156
102
788
627
568
766
583
886
696
633
892
683
393
422
237
795
132
161
778
823
193
398
313
261
619
738
448
135
566
366
846
331
108
927
479
135
986
501
638
392
915
230
964
720
485
850
625
852
248
952
904
280
407
385
339
416
383
607
614
305
376
266
439
367
585
584
603
131
321
716
689
819
368
556
374
416
944
677
816
346
717
756
219
505
498
215
161
690
895
604
311
942
827
162
621
651
427
744
496
545
932
575
943
599
249
114
938
238
495
178
338
483
251
230
950
803
531
723
314
646
398
277
447
812
758
598
975
299
643
159
404
117
766
455
332
491
136
536
777
718
250
825
484
902
775
239
186
106
127
934
502
776
222
665
168
286
952
159
719
104
576
231
993
356
977
370
313
508
501
524
305
541
191
819
821
108
614
684
905
643
908
341
122
437
334
852
989
811
251
820
666
122
884
206
561
565
734
749
985
907
992
602
649
715
333
818
837
485
579
648
191
988
572
127
194
455
515
185
991
207
869
859
765
758
694
659
135
406
950
552
605
435
400
189
917
797
903
703
157
982
866
992
933
313
515
305
936
986
990
836
470
466
768
411
615
909
304
474
297
975
287
207
300
563
947
625
686
211
733
409
977
557
155
416
432
462
756
275
660
793
747
136
474
159
416
880
107
566
909
458
643
219
301
541
666
551
558
616
119
736
386
409
805
579
598
984
831
677
430
931
824
419
720
127
472
251
601
575
289
534
238
144
748
732
435
237
548
956
296
715
779
336
825
873
885
981
214
972
671
809
264
904
698
192
181
543
389
766
935
972
945
648
528
822
179
751
364
930
134
127
974
798
961
442
435
684
371
237
110
751
735
147
721
895
690
103
488
257
728
680
166
266
829
986
319
167
899
756
786
577
641
326
156
595
332
549
579
631
969
203
498
582
407
131
455
719
353
308
256
557
529
788
758
730
998
383
309
342
781
466
487
458
215
383
933
121
862
265
138
651
463
152
674
682
922
752
461
874
637
702
981
419
305
627
316
662
609
999
428
911
948
199
700
999
829
465
504
695
509
380
876
654
164
957
763
298
297
465
240
775
573
904
154
574
258
274
331
348
336
779
896
169
688
476
557
297
945
450
514
419
770
834
818
647
893
678
922
201
897
817
758
934
475
565
322
977
547
925
893
786
895
426
169
493
359
769
726
730
115
258
267
642
322
532
161
926
880
423
126
954
516
167
221
645
845
787
902
650
772
276
632
536
853
906
734
919
145
828
805
263
407
290
901
549
341
630
669
743
808
261
920
872
156
994
335
818
304
143
564
423
972
451
396
423
361
938
871
624
207
194
101
739
837
226
918
841
926
441
642
854
419
607
796
464
573
505
461
831
103
454
151
156
297
161
674
825
784
469
264
370
307
462
485
246
757
897
976
707
522
241
463
400
967
747
231
325
150
238
742
405
669
133
844
556
192
462
272
411
718
938
555
462
387
857
308
226
750
118
213
761
119
605
209
693
718
805
594
931
993
673
795
588
230
632
756
395
180
118
636
552
762
739
756
533
740
300
533
549
732
830
362
773
112
467
732
264
829
517
931
434
127
816
638
559
966
572
406
155
964
263
337
530
451
611
434
313
683
837
586
885
400
239
493
161
425
486
434
194
989
197
977
289
665
544
953
626
280
896
401
517
636
844
325
830
775
941
368
729
811
267
520
816
745
846
909
705
292
749
580
588
275
964
288
145
709
237
907
191
964
195
850
993
844
799
102
130
418
919
666
696
231
590
167
228
725
860
393
293
290
369
651
795
960
156
714
781
529
325
990
290
711
571
418
105
425
910
909
724
343
794
611
232
677
211
249
224
796
997
181
781
804
455
934
524
532
557
518
182
311
152
995
928
972
711
830
723
143
586
580
170
111
918
760
121
330
690
722
620
945
577
288
663
433
505
759
810
409
358
623
656
582
170
732
632
333
887
666
317
597
352
955
918
958
416
844
396
401
326
683
596
507
438
328
697
822
162
423
128
442
705
550
426
633
370
773
735
745
866
811
629
922
571
288
704
295
646
963
537
746
482
579
966
887
187
531
232
819
968
933
300
907
664
270
242
192
221
321
944
252
667
101
442
983
379
771
425
369
903
217
239
248
630
954
967
318
968
989
653
273
857
154
697
314
900
346
500
239
292
964
489
841
185
992
986
379
108
360
353
223
140
595
484
130
688
750
968
217
220
728
555
130
719
924
760
785
456
302
912
363
852
918
626
729
821
909
334
545
402
277
860
710
993
543
351
391
788
687
530
834
575
898
167
709
247
340
310
683
351
565
328
151
135
954
745
753
826
948
351
855
542
244
406
382
929
617
201
718
857
620
759
157
780
412
365
991
299
400
313
264
739
297
219
914
947
995
941
118
322
103
190
612
967
838
988
798
322
882
411
717
307
459
950
671
655
155
135
423
134
347
911
544
965
370
399
987
564
218
337
589
768
419
733
628
720
765
869
541
874
902
721
896
757
354
352
928
239
736
525
265
839
858
580
717
456
977
472
920
260
850
143
770
193
668
888
726
593
582
360
141
531
693
355
369
190
758
820
773
991
329
112
322
263
196
321
106
283
103
129
194
686
953
335
671
990
677
681
330
608
652
391
116
178
190
170
633
194
287
131
151
182
220
768
213
484
190
557
160
213
977
642
559
312
832
269
728
724
203
891
716
617
515
955
832
781
837
493
407
215
208
985
153
126
142
477
586
903
375
578
690
191
458
238
342
695
187
412
707
1000
304
576
357
872
337
655
251
720
460
809
320
628
559
451
899
654
251
624
198
109
990
876
641
660
998
618
262
403
811
294
936
673
112
495
810
732
167
950
550
414
246
757
957
501
936
633
804
792
766
162
961
278
299
938
695
417
390
121
966
710
609
278
340
644
928
388
466
938
448
811
432
345
830
755
758
232
932
985
973
352
653
618
356
846
455
184
743
399
923
596
549
711
753
727
238
140
260
272
595
742
243
137
648
720
815
528
972
223
526
918
587
276
329
988
582
946
639
206
235
836
900
138
422
919
747
688
741
496
102
353
389
497
558
313
104
212
453
142
354
220
366
691
800
320
156
282
830
921
263
855
116
241
484
457
299
883
434
284
223
325
312
678
606
647
555
455
185
566
816
573
645
141
716
909
100
633
981
772
400
493
474
699
899
822
495
168
398
105
677
583
699
245
593
847
400
276
750
441
188
663
464
607
237
257
974
667
332
371
366
678
624
176
448
551
143
212
238
614
748
492
760
430
286
137
280
899
762
292
631
877
105
815
500
726
822
773
166
658
764
890
572
699
630
291
674
901
164
157
742
664
480
885
991
690
628
437
147
270
779
578
474
377
952
913
358
562
495
390
512
311
685
255
301
402
335
972
591
186
555
475
200
524
278
183
487
593
795
571
219
154
297
267
736
232
841
133
209
585
703
108
919
242
626
107
942
711
857
628
101
396
379
543
122
379
890
863
609
559
541
396
708
799
818
886
845
799
960
262
434
770
689
523
911
858
920
381
548
115
436
526
405
175
219
411
370
870
561
579
906
315
730
787
863
840
180
398
694
385
295
905
644
451
112
698
205
269
652
698
288
656
704
741
633
899
910
327
288
168
572
681
705
213
769
743
708
314
869
1000
899
985
649
778
208
269
126
230
549
252
399
169
313
536
189
338
958
676
194
896
735
494
305
708
897
878
934
995
164
388
284
308
961
205
428
681
490
762
236
898
500
453
637
705
400
505
387
772
730
322
698
968
104
331
719
452
442
415
260
753
747
570
207
746
966
350
798
702
306
623
677
789
186
580
274
853
189
352
281
711
333
359
544
284
237
876
185
767
468
541
692
631
280
354
981
835
985
774
891
247
343
389
160
319
863
345
117
338
541
839
448
545
498
961
798
407
293
564
496
362
831
764
872
253
707
471
222
494
996
658
301
674
546
321
231
694
291
565
439
394
742
609
108
693
555
885
348
507
627
120
930
788
817
216
429
826
866
599
791
504
933
639
779
369
156
954
619
398
521
383
925
749
739
140
425
268
600
502
786
280
499
340
382
608
613
398
256
398
719
276
736
494
796
761
353
638
783
352
918
492
973
965
240
481
821
269
492
999
728
722
768
307
308
380
894
513
548
750
907
325
964
427
833
178
625
796
215
495
307
261
480
428
747
928
188
461
304
713
243
119
162
636
700
529
891
806
100
259
622
754
807
405
949
470
509
782
337
180
351
461
270
729
495
438
468
213
435
683
846
433
489
260
155
571
934
463
172
542
597
644
919
348
789
102
163
703
483
293
621
243
926
965
870
899
755
208
262
269
549
943
879
622
704
374
418
791
737
889
335
846
350
111
939
345
418
887
408
358
884
859
447
739
509
406
982
684
530
663
560
164
594
148
780
956
335
685
263
826
278
558
260
625
109
304
749
472
835
547
347
118
160
798
901
666
938
646
226
203
988
512
504
817
898
885
337
747
335
256
501
631
474
440
941
331
237
304
646
165
222
150
155
444
679
318
949
998
180
926
892
867
375
940
636
638
178
273
885
500
554
908
207
735
901
214
153
881
840
587
835
517
904
633
564
531
442
377
576
383
223
321
509
141
611
791
860
496
762
104
523
355
168
139
811
549
777
429
413
909
942
945
742
180
104
140
939
858
275
261
823
865
701
641
196
314
648
305
907
687
365
868
756
111
630
397
141
890
218
619
137
882
300
439
815
597
858
367
537
347
155
628
603
768
826
302
502
849
812
164
519
501
148
689
219
769
851
197
287
792
257
964
225
377
600
611
597
917
603
520
886
534
751
290
149
814
558
783
187
185
958
982
517
259
726
857
946
699
930
344
612
410
493
538
997
263
597
233
808
137
468
437
330
932
582
461
190
498
194
279
189
360
812
723
545
437
353
434
833
457
569
557
626
960
322
463
991
761
227
617
257
173
910
853
937
651
545
981
890
180
708
419
245
604
666
645
279
808
935
610
175
971
765
528
285
628
832
860
834
452
453
978
475
249
519
533
736
886
827
344
223
823
606
886
307
294
817
812
954
860
812
573
222
455
666
744
931
739
212
583
932
853
290
676
754
948
994
973
655
327
307
627
991
764
201
184
519
454
379
417
736
188
290
320
476
842
439
895
953
290
313
480
880
610
716
162
748
735
201
637
312
381
737
630
555
840
522
776
969
676
101
612
433
799
543
552
479
639
852
477
278
902
351
774
980
961
960
463
536
361
921
195
726
658
575
491
423
755
753
784
146
543
914
994
608
830
715
720
533
352
182
207
256
824
765
350
228
602
372
759
629
104
284
464
675
544
594
538
262
421
353
157
255
327
251
684
845
853
144
116
970
928
939
824
303
843
147
889
774
144
937
954
343
873
369
611
372
356
941
515
671
119
408
699
885
803
370
181
222
258
772
443
799
672
863
535
951
492
313
340
870
324
259
430
161
284
877
910
547
221
807
725
880
721
726
749
179
649
497
317
712
880
724
411
279
237
300
557
199
506
325
876
108
147
513
540
208
968
356
872
210
460
738
869
554
206
282
501
407
514
281
159
122
691
374
879
628
380
986
292
135
765
241
617
401
834
102
521
740
186
613
444
313
576
171
210
482
108
484
787
189
353
694
371
590
120
210
512
621
264
885
868
948
310
140
123
477
176
458
771
980
932
104
641
127
202
433
307
431
885
882
499
136
916
976
146
108
374
705
609
185
492
202
457
961
374
976
361
211
974
825
152
579
483
996
377
435
991
183
489
834
969
942
584
434
539
690
929
546
655
414
972
1000
801
732
698
880
463
882
649
371
259
244
968
766
914
786
817
534
631
633
180
214
168
657
965
368
939
637
174
350
693
146
102
324
219
1000
433
132
496
217
975
912
724
819
836
402
671
337
769
288
243
794
842
136
347
465
790
791
276
766
918
399
346
962
757
639
584
168
610
129
982
472
633
642
403
297
690
166
399
918
551
805
539
458
328
973
734
563
663
374
303
603
812
476
336
620
859
147
790
145
447
577
230
170
703
642
317
707
315
895
592
470
704
147
152
523
983
486
964
777
191
412
686
978
541
870
282
989
430
683
692
405
433
592
644
632
727
534
892
686
153
538
978
302
895
154
912
818
629
617
949
999
935
942
399
426
701
509
475
801
504
223
598
894
960
271
538
654
365
304
227
599
861
740
562
847
560
317
768
980
872
463
184
310
220
486
441
125
212
847
655
486
332
526
404
635
519
373
352
710
467
740
415
139
195
390
282
438
597
846
635
914
527
388
523
369
554
333
624
445
396
659
340
551
515
148
618
359
234
889
809
863
163
376
200
399
622
151
614
713
871
771
751
698
675
576
319
790
861
409
383
972
968
895
111
924
546
115
313
996
538
530
548
311
921
357
510
385
713
114
498
389
803
447
832
908
547
617
496
732
731
159
923
780
604
885
370
992
675
688
537
170
932
869
280
872
593
974
663
989
388
584
659
824
964
302
162
581
332
333
227
943
658
830
799
130
799
408
695
996
931
914
324
802
122
339
362
203
603
309
863
493
550
351
679
424
158
238
641
944
214
321
983
271
887
878
182
190
494
250
699
686
640
218
751
701
357
582
753
312
687
764
691
556
490
790
181
871
806
707
776
226
923
861
947
360
457
790
479
600
957
746
725
274
584
400
256
280
394
469
732
185
411
982
981
874
517
268
132
154
549
452
536
102
869
976
179
848
842
671
590
697
225
174
858
743
614
942
808
715
313
580
401
117
868
862
658
515
805
178
768
317
756
644
407
119
793
562
531
313
227
292
185
944
233
360
430
787
781
814
261
773
406
150
756
315
959
105
269
246
275
823
197
945
759
841
704
855
322
133
158
1000
251
297
142
295
878
196
691
505
826
250
677
352
185
459
462
463
936
314
300
603
638
814
993
920
216
361
393
647
780
786
993
547
483
335
899
326
145
268
401
577
706
698
740
527
296
610
546
810
471
549
272
806
831
106
762
119
803
444
744
240
807
433
598
993
924
572
314
109
661
319
922
958
772
736
772
246
325
933
824
807
450
713
998
413
853
169
453
262
896
590
209
590
658
798
581
421
371
306
895
875
777
774
781
183
630
514
534
140
623
505
976
261
504
260
521
729
743
551
716
335
464
907
683
466
933
591
834
182
593
903
939
272
589
976
241
782
947
489
586
175
384
102
303
664
548
615
557
682
617
304
712
917
763
705
315
539
479
444
548
824
689
202
272
991
236
688
454
619
763
681
413
524
772
234
100
879
711
571
718
623
396
269
310
404
628
803
303
223
221
428
799
499
531
102
658
698
377
882
477
299
954
436
516
516
928
654
884
475
854
796
660
203
771
967
345
307
289
327
449
230
923
482
654
667
437
816
405
543
934
956
690
602
290
210
182
288
758
363
947
328
228
843
816
739
347
938
500
568
879
933
896
829
583
456
822
720
784
253
555
426
923
246
650
192
475
806
840
506
479
920
128
635
742
100
778
970
772
265
682
787
492
662
406
969
591
278
738
173
199
164
168
810
784
186
518
795
826
787
707
933
817
130
527
139
565
180
996
637
651
320
430
782
914
555
585
749
563
287
610
993
810
275
792
764
652
687
796
228
467
242
961
346
593
1000
896
527
764
422
520
487
139
608
954
120
467
783
195
292
288
455
278
929
156
479
421
474
611
757
443
610
868
527
737
585
197
489
348
410
403
553
243
476
669
114
109
458
107
357
338
857
792
470
276
780
996
561
842
580
371
497
895
410
732
201
686
431
183
857
897
353
543
363
109
807
781
651
120
750
785
672
622
923
232
332
398
359
198
422
402
682
557
170
821
952
160
426
901
499
255
624
964
133
348
290
133
163
591
500
356
529
601
388
459
187
538
493
864
951
895
800
576
767
329
436
272
930
977
701
953
179
624
647
836
465
124
601
788
968
355
634
218
981
498
559
136
635
969
728
819
857
316
173
936
703
257
485
320
809
386
805
928
266
974
267
108
928
807
719
486
437
735
574
879
185
989
843
281
111
541
525
311
964
599
611
957
858
166
140
425
149
862
984
542
837
441
448
361
200
540
560
515
811
981
742
776
833
118
363
681
483
271
127
900
897
273
995
799
687
232
714
649
841
174
738
109
999
905
910
616
924
396
538
251
534
161
403
766
131
414
171
275
805
703
427
468
699
833
518
492
103
971
665
732
906
580
261
918
322
126
571
288
136
596
644
540
515
385
934
558
352
875
904
264
531
799
562
692
697
281
393
105
276
836
272
371
794
105
120
458
820
991
533
858
927
229
288
223
383
340
731
968
348
599
238
783
926
755
267
164
341
933
472
144
966
204
626
432
210
251
604
877
187
947
699
149
470
165
862
805
402
774
702
103
750
259
804
111
242
656
236
343
962
246
994
262
783
377
605
949
897
788
952
336
763
325
810
408
322
153
404
316
579
318
691
367
570
499
978
297
957
888
689
119
174
648
878
397
936
594
517
145
126
184
692
671
333
722
348
378
362
290
806
560
178
591
449
463
240
121
182
770
360
561
204
235
775
804
163
719
431
190
754
811
334
174
899
710
582
784
405
389
348
744
208
347
341
607
182
972
386
104
684
494
701
451
960
568
769
320
581
961
426
264
483
335
284
228
343
864
165
470
419
874
219
851
362
152
478
172
781
210
683
368
907
484
691
993
971
407
842
475
331
356
952
337
361
829
898
616
810
825
900
702
546
366
374
686
666
797
894
460
683
179
514
424
758
243
574
940
173
510
666
120
771
107
277
569
859
201
571
845
762
909
993
418
807
974
764
522
490
936
510
529
745
551
698
631
868
906
110
177
362
296
219
173
265
579
361
890
717
951
837
257
856
870
963
352
953
857
465
745
960
198
860
553
156
948
484
529
918
458
542
704
107
787
258
841
879
404
387
462
204
627
640
926
728
309
851
738
994
294
697
499
944
168
926
457
736
491
546
169
177
582
983
909
547
250
706
121
904
497
736
217
359
440
511
972
272
813
762
848
437
671
773
817
466
665
512
421
830
232
483
229
516
278
680
222
315
609
149
626
422
232
406
192
866
459
581
809
420
204
581
335
691
706
228
533
230
902
435
368
448
640
962
894
225
863
484
702
140
624
152
481
462
677
880
930
690
881
572
405
595
937
324
849
555
222
536
651
723
691
690
901
165
916
302
131
752
193
394
242
580
161
291
556
706
304
662
457
790
198
943
174
840
328
733
731
854
772
999
944
601
598
292
527
614
553
984
457
344
663
197
385
947
629
982
134
818
519
555
673
532
234
879
146
473
171
678
472
251
610
304
198
572
337
683
752
977
235
675
197
101
696
761
682
201
633
849
678
956
378
612
597
610
522
566
965
991
883
823
459
288
972
903
716
348
122
170
601
860
488
179
562
190
843
201
480
384
114
793
241
957
456
406
364
289
611
767
931
826
932
443
567
702
240
169
413
499
701
130
837
713
322
422
763
951
953
660
219
821
932
985
148
104
476
115
992
284
158
811
661
290
743
744
404
691
971
992
264
542
963
719
808
202
638
514
498
864
711
905
668
107
330
446
176
546
640
588
247
222
527
418
377
656
948
460
688
861
360
274
984
662
163
972
276
460
734
903
825
214
508
102
478
466
313
447
357
635
479
301
639
435
571
783
985
302
292
995
905
519
778
277
370
864
198
673
734
731
834
778
974
726
905
305
777
255
810
624
159
493
146
906
219
156
840
773
814
341
181
823
657
130
550
995
481
931
311
494
389
365
995
969
212
590
727
185
909
705
432
428
190
428
236
688
673
413
661
619
917
362
896
465
700
725
182
235
324
678
816
530
933
551
913
206
565
349
333
639
361
415
202
145
381
519
487
961
613
376
535
913
996
917
132
867
409
709
452
538
433
321
768
267
596
381
775
799
527
844
349
298
864
641
639
921
648
167
878
456
140
497
754
204
711
803
460
728
973
791
399
495
191
614
633
433
600
619
366
596
353
456
700
779
550
713
236
752
688
135
553
745
523
415
842
227
576
661
914
886
423
998
644
418
353
522
888
443
993
235
185
621
494
165
730
581
654
523
894
745
351
239
541
188
711
551
375
576
694
184
911
514
674
739
161
110
320
393
886
207
666
826
620
955
931
371
281
121
885
758
161
488
631
922
128
108
468
547
772
992
256
682
834
508
141
577
958
445
369
163
606
738
829
400
470
296
458
880
930
108
884
164
856
330
114
149
878
184
720
913
459
452
468
532
333
447
630
244
377
651
559
963
327
712
633
846
242
235
325
713
481
189
127
473
632
411
525
139
819
619
584
765
700
456
434
123
571
111
609
747
236
872
328
111
903
432
417
923
456
104
292
874
975
449
643
788
863
348
282
138
397
994
985
345
208
835
314
485
227
563
158
669
317
856
846
259
558
939
784
648
517
722
870
935
171
667
586
800
167
471
589
768
756
444
150
946
463
552
506
661
938
738
609
741
600
648
947
831
496
321
402
266
634
402
387
356
277
654
151
514
500
433
260
139
846
825
342
249
953
490
866
422
314
293
710
606
421
934
532
863
358
540
934
789
711
784
440
174
948
958
257
689
248
215
432
380
713
271
537
773
877
511
264
496
918
236
499
741
431
653
982
955
762
342
796
956
917
658
175
701
176
901
642
831
941
561
860
770
829
160
988
811
648
878
931
349
754
319
684
745
631
647
411
149
508
549
586
409
334
452
918
551
627
197
827
304
605
844
234
480
930
186
502
310
992
677
707
942
865
295
576
993
834
838
360
489
446
187
548
517
831
864
840
620
975
477
844
513
418
389
577
832
903
649
988
126
968
410
260
763
950
138
956
359
787
149
802
850
280
493
337
165
275
390
335
407
702
867
520
424
500
407
440
203
274
519
729
550
301
462
150
323
800
415
259
803
822
412
288
496
209
326
372
926
420
437
389
324
836
498
230
305
314
733
850
315
379
706
548
220
609
444
718
401
693
461
570
466
277
846
873
904
595
381
178
109
581
791
880
229
920
772
530
479
317
762
966
916
294
408
809
670
484
420
542
929
168
237
128
778
737
116
785
427
367
524
934
361
625
209
318
766
906
548
301
198
382
984
623
377
881
533
462
949
681
239
371
640
645
614
104
531
219
757
454
902
772
936
821
623
803
287
243
819
472
814
720
105
303
644
137
216
780
649
107
190
692
920
975
275
223
358
341
795
471
340
155
210
289
975
831
384
251
717
829
946
927
891
875
671
424
613
950
340
417
256
539
305
851
490
674
348
354
464
207
188
893
382
185
228
637
806
868
285
407
376
486
835
547
123
765
211
644
557
261
598
735
485
472
530
403
860
184
400
459
474
208
975
165
960
650
414
525
500
324
812
728
466
730
701
143
117
272
256
302
309
680
355
781
665
919
545
804
554
616
245
548
870
989
303
831
371
974
200
334
746
996
936
390
772
219
687
876
252
182
652
797
212
268
414
106
318
658
961
357
270
231
531
838
890
284
856
548
952
273
545
378
597
438
993
141
744
284
930
623
708
460
194
926
125
997
142
845
103
284
711
677
768
134
278
429
447
756
300
765
914
221
268
203
336
482
509
615
763
633
863
956
929
202
333
941
666
136
178
352
544
555
202
877
250
286
282
346
254
413
853
795
384
727
599
730
840
852
280
413
831
196
124
458
191
249
910
945
988
290
992
521
648
431
736
532
571
134
189
182
300
634
359
463
676
364
733
697
265
179
713
709
218
946
108
747
610
346
310
527
382
341
899
418
936
365
368
852
773
269
838
509
633
50
50
50
50
50
51
51
51
51
51
51
51
51
52
52
52
52
53
53
53
53
53
54
54
54
54
54
55
55
55
55
55
55
56
56
56
56
56
56
56
56
56
57
57
57
57
57
57
57
57
57
57
58
58
58
58
58
58
58
59
59
59
60
60
60
60
60
60
61
61
61
61
61
61
62
62
62
62
62
62
63
63
63
63
63
64
64
64
64
64
64
65
65
65
65
65
65
65
65
65
66
66
67
67
67
67
67
67
67
68
68
68
68
68
68
68
68
68
68
68
68
69
69
69
69
69
69
69
69
69
69
70
70
70
70
70
70
70
71
71
71
71
71
71
71
71
72
72
72
72
72
72
73
73
73
73
73
74
74
74
74
74
74
74
74
74
75
75
75
75
76
76
76
76
77
77
77
77
77
77
77
78
78
78
78
78
78
78
78
79
79
79
79
79
79
79
80
80
80
80
80
80
80
81
81
81
81
81
81
81
82
82
82
82
83
83
83
84
84
84
84
84
84
84
84
84
85
85
85
85
85
85
85
85
86
86
86
86
86
87
87
87
87
87
87
88
88
88
88
88
88
88
88
89
89
89
90
90
91
91
91
91
91
91
91
91
91
91
92
92
92
92
92
92
92
92
93
93
93
93
94
94
94
95
95
95
95
95
96
96
96
96
96
96
97
97
97
97
97
97
97
97
97
98
98
98
98
99
99
100
100
100
100
101
101
101
101
102
102
102
102
103
103
103
103
103
103
103
104
104
104
104
105
105
105
105
105
105
105
105
106
106
106
106
106
106
106
106
106
106
106
106
107
107
107
107
107
107
108
108
108
108
108
108
109
109
109
109
109
109
109
109
110
110
110
110
110
110
110
110
110
111
111
111
111
111
111
111
111
111
111
112
112
113
113
113
114
114
114
114
114
115
115
115
115
116
116
116
116
116
116
116
117
117
117
117
117
118
118
118
118
118
118
118
118
119
119
119
119
119
120
120
120
120
120
120
120
120
120
121
121
121
121
121
121
121
121
121
122
122
122
122
122
122
122
122
122
123
123
123
123
123
123
123
124
124
124
124
125
125
125
125
125
126
126
126
126
126
126
126
127
127
127
127
128
128
128
128
128
128
128
128
129
129
129
130
130
130
130
130
130
130
130
131
131
131
131
131
133
133
133
133
133
133
133
134
134
134
134
134
134
134
135
135
135
135
136
136
136
136
136
136
136
136
137
137
137
137
137
137
137
137
137
137
137
138
138
138
139
139
139
139
139
139
139
140
140
140
140
141
141
141
141
141
142
142
142
142
142
142
142
142
143
143
143
144
144
144
145
145
145
145
145
145
145
145
145
146
146
146
146
146
146
146
146
147
147
147
147
147
147
147
148
148
148
148
148
148
148
148
149
149
149
149
149
149
149
150
150
150
150
150
150
151
151
151
151
151
152
152
152
152
152
152
153
153
153
153
153
153
153
154
154
154
154
154
154
154
155
155
155
155
155
155
155
155
156
156
156
156
156
156
156
156
157
157
157
157
157
157
157
158
158
158
158
158
158
159
159
159
159
159
159
159
159
159
159
159
159
159
160
160
160
160
160
160
160
160
161
161
162
162
162
162
162
162
162
162
162
163
163
164
164
164
164
164
164
165
165
165
165
165
165
165
166
166
167
167
167
167
167
167
167
168
168
168
168
168
168
168
168
168
168
168
169
169
169
169
169
169
169
169
169
170
170
170
170
170
170
170
171
171
171
171
172
172
172
172
172
172
172
172
172
173
173
173
173
173
173
173
174
174
174
174
174
174
174
174
175
175
175
175
175
175
175
175
175
176
176
176
176
176
176
176
176
177
177
177
178
178
178
178
178
178
178
178
179
179
179
179
179
179
179
179
179
179
179
179
179
179
180
180
180
180
180
180
180
180
181
181
181
181
182
182
182
182
182
183
183
183
183
183
183
183
183
184
184
184
184
184
184
184
184
184
185
185
185
185
185
185
185
185
185
186
186
186
186
186
186
186
186
186
187
187
187
188
188
188
188
188
188
189
189
189
189
189
189
189
189
189
189
189
190
190
191
191
191
191
191
191
191
191
191
192
192
193
193
193
193
193
193
194
194
194
194
194
194
194
194
195
195
195
195
195
195
195
195
195
196
196
196
196
196
197
197
197
198
198
198
198
198
198
198
199
199
199
199
199
200
200
200
200
201
201
201
201
201
201
202
202
202
202
202
202
202
202
202
203
203
203
203
204
204
204
204
204
205
205
205
205
205
206
206
206
206
206
206
206
206
207
207
207
208
208
208
208
208
209
209
209
210
210
210
210
210
210
210
211
211
211
212
212
212
212
212
213
213
213
214
214
214
214
214
214
215
215
215
215
215
215
215
215
215
215
215
215
216
216
216
216
217
217
217
217
217
217
217
217
218
218
218
218
218
218
219
219
219
219
219
219
219
219
219
220
220
220
220
221
221
221
221
222
222
222
222
222
223
223
223
223
223
223
224
224
224
224
224
224
225
225
225
225
225
226
226
226
226
226
226
227
227
227
227
227
227
227
227
227
228
228
228
228
228
228
229
229
229
229
229
230
230
231
231
231
231
231
231
231
232
232
232
233
233
233
233
234
234
234
234
234
234
234
234
234
234
234
234
235
235
235
235
236
237
237
237
237
238
238
238
238
239
239
239
240
240
240
240
240
240
240
240
240
241
241
241
241
241
241
242
242
242
242
242
242
242
242
243
243
243
243
243
243
243
244
244
244
245
245
245
245
246
246
246
246
246
247
247
247
247
247
247
247
248
248
248
248
248
248
248
249
249
249
249
249
249
249
249
249
249
250
251
251
251
251
251
252
252
252
252
252
253
253
253
253
253
254
254
254
254
254
254
254
254
254
254
255
255
255
256
256
256
256
256
257
257
257
257
257
257
257
258
258
258
258
259
259
259
259
259
259
259
259
259
259
259
260
260
260
260
260
260
260
261
261
261
261
261
261
262
262
262
263
263
263
263
264
264
264
264
264
264
264
264
264
265
265
266
266
266
266
266
267
267
267
268
268
268
268
268
268
268
268
268
268
268
268
268
269
269
269
269
269
269
270
270
271
271
271
271
271
271
271
271
271
272
272
272
272
272
272
273
273
273
273
273
273
273
273
273
273
274
274
274
274
275
275
275
276
276
277
277
277
277
278
278
278
278
278
278
278
278
278
279
279
279
279
279
279
280
280
280
281
281
281
281
281
281
282
282
282
282
282
282
283
283
283
283
283
284
284
284
284
285
286
286
286
286
286
286
287
287
287
287
287
287
287
287
287
288
288
288
288
288
288
289
289
289
289
289
290
290
290
291
291
292
292
292
292
292
292
292
292
292
293
293
293
293
293
293
294
294
294
294
294
295
295
295
296
296
296
296
296
296
296
296
296
297
297
297
298
298
298
298
298
298
298
299
299
299
299
299
299
299
299
299
300
300
300
300
300
300
300
301
301
301
301
301
301
301
301
301
301
301
301
301
302
302
302
302
302
303
303
303
303
303
303
304
304
304
304
304
304
304
304
304
304
304
305
305
305
305
305
306
306
307
307
307
307
307
307
307
307
308
308
308
308
309
309
309
309
310
310
310
310
310
311
311
311
311
311
311
312
312
312
312
312
312
312
312
313
313
313
313
313
314
314
314
314
314
314
314
314
314
315
315
315
315
316
316
316
316
317
317
317
317
317
317
317
318
318
318
318
318
318
319
319
319
319
319
319
320
320
320
321
321
321
321
322
322
322
323
323
323
323
323
323
323
324
324
324
324
324
325
325
325
325
325
325
325
325
325
325
325
326
326
326
326
326
326
326
326
326
327
327
327
327
327
327
327
328
328
328
328
329
329
329
329
329
329
329
329
330
330
330
330
330
330
330
331
331
332
332
332
332
332
332
332
332
332
333
333
333
333
333
333
333
333
334
334
334
334
334
334
334
335
335
335
336
336
336
336
336
336
336
336
336
336
336
337
337
337
337
337
337
338
338
338
338
339
339
339
339
339
339
339
340
340
340
340
340
340
340
340
340
341
341
341
341
341
341
342
342
342
342
342
342
343
343
344
344
344
344
344
344
344
344
345
345
345
346
346
347
347
347
347
347
348
348
348
348
349
349
349
349
349
349
350
350
350
351
351
351
351
351
351
352
352
352
352
352
352
353
353
353
353
353
354
354
354
354
354
354
354
355
355
355
355
355
355
355
356
356
356
356
356
356
356
356
356
357
357
357
357
357
357
358
358
358
358
358
358
358
359
359
359
360
360
360
360
361
361
361
361
361
362
362
362
362
362
362
362
363
363
363
363
364
364
364
364
364
365
365
365
365
365
365
365
366
366
366
366
366
366
367
367
367
367
367
367
367
367
367
368
368
369
369
369
370
370
370
370
370
371
372
372
372
372
373
373
373
373
373
373
373
374
374
374
374
374
374
374
374
374
375
375
375
375
376
376
376
376
376
376
376
376
376
377
377
377
377
377
377
377
378
378
378
378
378
378
378
378
379
379
379
379
380
380
380
380
380
380
380
381
381
381
381
381
381
382
382
382
382
382
383
383
383
383
383
383
383
383
384
384
384
384
384
385
385
385
385
385
385
385
386
386
386
386
386
386
387
387
387
387
387
387
387
388
388
388
388
389
389
389
389
389
389
390
390
390
390
391
391
391
391
391
392
392
392
392
392
392
392
393
393
393
394
394
395
395
395
395
395
395
396
396
396
396
396
396
396
396
397
397
397
397
398
398
398
398
399
399
399
399
399
399
400
400
400
400
401
401
401
401
401
401
401
402
402
402
402
402
402
402
402
402
402
402
403
403
403
403
403
403
403
404
404
404
404
404
405
405
405
405
405
405
406
406
406
406
406
406
407
407
407
407
407
408
408
408
408
408
408
409
409
409
409
410
410
410
410
410
410
410
411
411
411
411
411
411
411
412
412
412
412
412
412
413
413
413
413
413
414
414
414
414
414
414
414
414
414
414
415
415
415
415
415
415
416
416
416
417
417
417
417
418
418
418
418
418
418
419
419
419
419
419
420
420
420
421
421
421
421
422
422
422
422
422
422
422
422
422
423
423
423
424
425
425
425
425
426
426
426
426
427
427
427
427
427
427
428
428
428
428
428
429
429
429
429
429
430
430
430
430
430
430
430
430
430
430
431
431
431
431
431
431
431
431
432
432
432
432
432
432
432
432
432
432
432
433
433
433
434
434
434
434
434
434
434
434
434
435
435
435
435
435
436
436
436
436
436
436
436
436
437
437
437
437
437
437
438
438
438
438
438
439
439
439
439
439
439
439
439
440
440
440
440
440
440
440
441
441
441
441
441
441
441
442
442
442
442
442
442
443
443
443
443
443
443
444
444
444
444
444
444
445
445
445
446
446
446
446
446
446
446
446
447
447
447
448
448
448
448
449
449
449
449
450
450
450
450
450
451
451
451
451
451
451
452
452
452
452
452
452
452
453
453
453
453
453
453
453
453
453
454
454
454
454
454
454
454
454
455
455
455
455
455
456
456
456
456
456
456
456
456
457
457
457
457
457
457
457
457
457
457
458
458
458
458
458
458
458
458
458
458
458
459
459
459
459
459
459
459
459
460
460
460
460
460
460
460
460
460
460
460
461
461
461
461
462
462
462
462
463
463
463
463
463
463
463
464
464
464
464
465
465
465
465
465
465
465
465
466
466
466
466
467
467
467
467
467
467
467
468
468
468
468
468
469
469
469
469
469
470
470
470
470
470
470
470
470
470
470
470
471
471
471
471
471
471
471
471
471
471
471
472
472
472
473
473
473
473
473
473
473
474
474
474
474
474
474
474
475
475
475
475
475
475
476
476
476
476
476
476
476
476
477
477
477
477
477
477
478
478
478
478
478
478
478
478
478
478
479
479
479
479
479
479
479
479
479
479
479
480
480
480
480
480
480
480
480
480
481
481
481
481
481
481
482
482
482
482
482
482
483
483
483
483
483
483
483
484
484
484
484
484
484
484
484
484
484
484
485
485
485
485
485
485
485
486
486
486
486
486
487
487
487
487
487
487
487
487
488
488
488
488
488
489
489
489
489
490
490
490
490
490
491
491
491
491
492
492
492
492
492
493
493
493
493
493
493
493
494
494
494
494
494
494
494
495
495
495
495
495
495
495
495
496
496
496
496
496
496
496
497
497
497
497
497
497
497
497
498
498
498
498
498
498
498
498
499
499
500
500
500
500
500
500
501
501
501
501
501
501
502
502
502
502
503
503
503
503
503
504
504
504
504
504
504
505
505
505
505
505
506
506
506
506
506
506
506
506
506
506
506
507
507
507
507
507
507
507
508
508
508
508
508
508
508
508
508
509
509
509
509
509
510
510
510
510
510
510
511
511
511
511
511
511
511
511
512
512
512
512
512
512
512
512
512
513
513
513
513
513
513
513
514
514
514
514
514
515
515
515
515
515
515
515
516
516
516
516
516
516
516
516
517
517
517
517
517
517
517
517
517
517
517
518
518
518
518
518
518
519
519
519
519
520
520
520
520
520
521
521
521
521
521
521
521
521
521
521
521
522
522
522
522
523
523
523
523
523
523
523
523
523
523
523
524
524
524
524
524
524
524
524
525
525
525
526
526
526
526
526
526
526
526
527
527
527
527
527
528
528
528
528
528
528
529
529
529
530
530
530
531
531
531
532
532
532
532
532
532
533
533
533
533
533
533
533
534
534
534
534
535
535
535
535
535
536
536
536
536
536
536
536
536
536
536
536
537
537
537
537
537
537
538
538
538
538
538
538
538
538
538
539
539
539
539
539
539
539
539
539
539
540
540
540
540
540
540
540
540
541
541
541
541
542
542
542
542
542
542
542
542
542
542
542
543
543
543
543
543
544
544
544
544
544
544
545
545
545
545
545
546
546
546
546
546
546
546
546
547
547
547
547
547
547
547
548
548
548
548
548
548
548
549
549
549
549
549
549
549
549
550
550
550
550
551
551
551
551
552
552
552
552
552
552
552
552
553
553
553
553
553
553
553
553
553
553
554
554
554
554
554
554
554
554
554
554
555
555
555
555
555
555
555
555
556
556
556
556
556
557
557
557
557
557
557
558
558
558
558
558
558
558
558
558
558
558
558
559
559
559
559
559
559
560
560
560
560
560
560
560
560
561
561
561
562
562
562
562
563
563
563
563
563
563
564
564
564
564
564
564
564
564
564
565
565
565
565
565
565
565
565
565
566
566
566
566
566
566
566
567
567
567
567
568
568
568
568
569
569
569
569
569
569
569
570
570
570
570
570
571
571
571
571
572
572
572
572
572
573
573
573
573
573
573
573
573
574
574
574
574
575
575
575
576
576
576
576
576
576
576
576
577
577
577
577
578
578
578
578
578
578
579
579
579
579
579
580
580
580
581
581
581
581
581
581
582
582
582
582
582
582
582
582
582
583
583
583
583
583
584
584
584
584
584
584
584
584
585
585
585
585
585
585
585
585
585
585
585
585
585
586
586
586
586
586
586
586
586
587
587
587
587
588
588
588
588
588
588
589
589
589
589
590
590
590
590
590
590
590
591
591
591
591
591
592
592
592
592
592
592
592
592
592
592
592
592
593
593
593
593
593
593
594
594
594
594
594
594
594
594
594
595
595
595
596
596
596
597
597
597
597
597
598
598
598
598
598
598
598
599
599
599
599
599
599
599
600
600
601
601
601
601
601
601
602
602
602
602
602
602
602
603
603
603
603
604
604
604
604
604
604
604
604
604
605
605
605
605
606
606
606
606
606
606
606
606
607
607
607
607
607
607
607
607
608
608
608
608
608
608
608
609
609
609
609
609
609
610
610
610
610
610
610
610
610
610
610
610
611
611
611
611
611
611
611
612
612
612
612
612
612
612
612
613
613
613
613
613
614
614
614
614
615
615
615
615
615
616
616
616
616
616
616
616
616
617
617
617
617
617
617
617
618
618
618
618
618
619
619
619
619
619
619
619
620
620
620
620
620
621
621
621
621
621
622
622
622
622
622
622
622
622
622
623
623
623
623
623
624
624
624
624
624
624
624
625
625
625
625
625
625
625
625
625
626
626
626
626
626
626
626
627
627
627
627
627
627
628
628
628
628
628
628
628
628
628
628
629
629
629
629
629
630
630
630
631
631
631
631
631
631
632
632
632
632
632
632
632
633
633
633
633
633
633
633
634
634
634
634
634
635
635
635
635
635
635
635
636
636
636
636
637
637
637
637
637
637
638
638
638
638
638
638
638
638
638
638
639
639
639
639
639
639
640
640
640
640
640
640
640
640
640
641
641
641
641
641
641
641
641
641
642
642
642
642
642
642
643
643
643
643
643
643
644
644
644
644
644
644
644
645
645
645
645
645
646
646
646
646
646
646
646
646
646
646
646
647
647
647
647
647
648
648
648
649
649
649
650
650
650
650
650
650
650
651
651
651
651
651
651
651
651
652
652
652
652
652
652
653
653
653
653
654
654
654
654
654
654
654
654
654
654
654
655
655
655
655
655
655
656
656
656
656
656
656
656
657
657
657
658
658
658
658
658
659
659
659
659
660
660
660
660
661
661
661
661
662
662
662
662
662
662
663
663
663
663
663
663
664
664
664
664
664
664
664
664
664
664
664
665
665
665
665
665
665
666
666
666
666
666
666
667
667
667
667
667
668
668
668
669
669
669
669
669
669
670
670
670
670
670
671
671
671
671
671
672
672
672
672
672
673
673
673
673
673
673
674
674
674
674
674
675
675
675
675
675
675
675
676
676
676
676
676
676
677
677
677
677
677
677
677
677
677
678
678
678
678
678
678
679
679
679
679
679
679
680
680
680
680
680
680
681
681
682
682
682
682
682
683
683
683
683
683
683
683
683
683
683
683
684
684
684
684
684
684
684
685
685
685
685
685
685
685
685
686
686
686
686
686
686
687
687
687
687
687
688
688
688
688
688
688
688
689
689
689
689
690
690
690
690
690
690
690
691
691
691
691
691
691
691
692
692
692
693
693
693
693
693
694
694
694
695
695
695
695
695
695
695
695
695
695
695
695
696
696
696
697
697
697
697
698
698
698
698
698
699
699
699
699
699
699
700
700
700
700
701
701
701
701
701
701
701
701
702
702
702
702
702
702
702
702
703
703
704
704
704
704
704
704
704
705
705
705
705
705
705
705
705
705
706
706
706
706
706
706
706
706
706
706
706
706
707
707
707
707
707
708
708
708
708
708
708
708
708
709
709
709
709
709
710
710
710
710
710
710
710
710
711
711
711
711
711
711
711
711
711
712
712
712
713
713
713
713
713
713
714
714
715
715
715
715
715
715
715
715
715
716
716
716
716
716
716
716
716
717
717
717
717
717
717
718
718
718
718
718
718
718
718
718
718
719
719
719
719
720
720
720
720
720
720
720
720
721
721
721
721
721
721
722
722
722
722
722
722
722
722
723
723
723
723
724
724
724
724
724
724
724
724
725
725
725
726
726
726
726
726
726
727
727
727
727
727
728
728
728
728
728
729
729
729
729
730
730
730
730
730
731
731
731
731
731
732
732
732
732
732
732
732
732
733
733
733
733
733
733
733
733
734
734
734
734
734
735
735
735
735
735
735
736
736
736
736
736
736
736
737
737
737
737
737
738
738
738
738
738
739
739
739
739
739
739
739
740
740
740
741
741
741
741
742
742
742
742
743
743
743
743
743
743
743
744
744
744
744
744
744
744
744
744
744
745
745
745
745
745
745
745
745
746
746
746
746
746
746
746
747
747
747
747
747
747
747
747
747
747
747
748
748
748
748
749
749
749
749
749
749
749
749
749
749
749
749
750
750
750
750
751
751
751
751
751
751
751
751
751
752
752
752
752
752
752
752
752
753
753
753
753
754
754
754
754
754
754
754
755
755
755
755
755
755
755
756
756
756
756
756
756
757
757
757
757
758
758
758
759
759
759
759
759
760
760
760
760
760
761
761
761
761
761
761
761
762
762
762
762
762
762
762
762
763
763
763
763
763
763
763
763
763
764
764
764
764
764
764
764
764
764
765
765
765
765
766
766
766
766
766
767
767
767
767
767
767
767
767
768
768
768
769
769
769
770
770
770
770
770
771
771
771
771
771
771
771
771
771
772
772
772
772
772
772
773
773
773
773
773
773
773
773
774
774
774
774
774
775
775
775
775
775
776
776
776
777
777
777
777
777
777
778
778
778
778
778
778
778
779
779
779
779
780
780
780
780
780
780
780
780
781
781
781
781
782
782
783
783
783
783
783
783
783
784
784
784
784
784
784
784
784
785
785
785
785
785
785
786
786
786
786
786
786
787
787
788
788
788
788
788
788
788
788
789
789
789
789
790
790
790
790
790
790
790
790
791
791
791
791
791
791
791
791
792
792
792
792
792
793
793
793
793
793
793
793
794
794
794
794
795
795
795
795
796
796
796
796
796
796
796
797
797
797
797
798
798
798
798
798
798
799
799
799
800
800
800
800
800
801
801
801
801
801
801
801
802
802
802
802
802
803
803
804
804
804
804
804
804
804
805
805
805
805
805
805
805
805
805
806
806
806
806
806
807
808
808
808
808
808
809
809
809
809
809
809
810
810
811
811
811
811
811
811
812
812
812
812
812
812
812
813
813
813
813
813
813
813
814
814
814
814
814
814
814
814
814
814
815
815
815
815
815
815
815
816
816
816
816
816
816
816
816
816
816
816
816
817
817
817
817
817
817
817
817
817
817
818
818
818
818
818
819
819
819
819
819
819
820
820
820
820
820
820
820
821
821
821
821
821
822
822
822
822
822
823
823
823
823
823
823
823
823
823
823
824
824
824
824
824
824
825
825
825
825
826
826
826
827
827
827
827
827
827
827
827
827
827
827
828
828
828
828
828
829
829
829
829
829
829
830
830
830
830
830
830
831
831
831
832
832
832
832
833
833
833
833
833
833
833
833
833
833
834
834
834
834
834
834
834
834
834
835
835
835
835
835
836
836
836
836
836
836
837
837
837
837
837
837
837
837
837
837
838
838
838
838
838
838
838
838
839
839
839
839
839
839
839
839
839
840
840
840
840
840
840
841
841
841
841
841
841
842
842
842
842
842
842
842
843
843
843
844
844
844
844
844
845
845
845
845
845
846
846
846
846
846
846
846
846
846
847
847
847
847
847
847
847
848
848
848
848
849
849
849
849
849
849
849
849
849
849
849
850
850
850
850
851
851
851
851
851
851
851
851
852
852
852
852
853
853
854
854
854
854
854
855
855
855
855
856
856
856
856
856
856
856
857
857
857
857
857
857
857
857
857
858
858
858
858
858
858
859
859
859
860
860
860
860
860
860
860
860
861
861
862
862
862
862
862
863
863
863
863
863
863
864
864
864
864
864
864
864
864
864
864
864
864
864
865
865
865
865
865
865
865
865
865
865
865
865
865
866
866
866
866
866
866
866
866
867
867
867
867
867
867
867
867
867
868
868
868
868
869
869
869
869
869
869
870
870
870
870
870
870
871
871
871
871
871
871
871
871
872
872
872
872
872
872
873
873
874
874
874
874
874
874
874
875
875
875
875
875
875
875
875
875
875
875
876
876
876
876
876
876
876
876
876
876
876
876
876
877
877
877
877
878
878
879
879
879
879
880
880
880
880
880
880
880
880
880
881
881
881
881
881
881
882
882
882
882
882
882
882
882
882
883
883
883
883
883
883
883
883
884
884
884
884
884
885
885
885
885
885
885
885
886
886
886
886
886
886
887
887
887
887
887
888
888
888
888
888
889
889
889
889
889
890
890
890
890
890
890
891
891
891
891
891
891
891
891
891
891
891
892
892
892
892
892
892
893
893
893
894
894
894
894
894
894
894
894
894
895
895
895
895
895
895
895
895
896
896
896
896
896
896
896
896
896
896
896
896
897
897
897
897
897
897
898
898
898
898
898
899
899
900
900
900
900
900
900
901
901
901
901
901
901
901
902
902
902
902
902
902
902
902
902
902
903
903
903
903
903
903
903
903
904
904
904
904
904
904
904
904
904
904
905
905
905
905
905
905
905
905
906
906
906
906
906
906
906
906
906
907
907
907
907
907
907
907
907
908
908
908
908
909
909
909
909
909
909
910
910
910
910
910
911
911
911
911
911
911
911
911
911
911
911
911
912
912
912
912
912
912
912
913
913
913
913
913
913
913
913
914
914
914
914
914
914
915
915
915
915
915
915
915
916
916
916
916
916
917
917
917
917
917
917
917
917
918
918
918
918
918
919
919
919
919
919
919
919
919
920
920
920
920
920
920
921
921
921
921
922
922
922
922
922
922
922
923
923
923
923
923
923
924
924
924
924
924
924
924
924
925
925
925
925
925
925
925
926
926
926
926
926
926
926
926
926
926
927
927
927
927
927
927
927
928
928
928
928
928
928
929
929
930
930
930
930
931
931
931
931
931
932
933
933
933
933
933
933
933
934
934
934
934
934
934
934
934
934
934
935
935
935
935
935
936
936
936
937
937
937
937
937
937
937
937
937
937
938
938
938
938
938
938
938
938
938
939
939
939
939
939
939
940
940
940
940
940
941
941
941
942
942
942
942
942
943
943
943
943
943
944
944
944
944
945
945
945
945
945
945
945
945
946
946
946
946
946
946
947
947
947
947
947
947
947
947
948
948
948
948
948
948
948
948
948
948
948
948
948
948
949
949
949
949
949
949
950
950
950
950
951
951
951
951
951
951
951
952
953
953
953
953
953
953
953
954
954
954
954
955
955
955
955
955
955
955
956
956
956
956
956
956
956
956
956
957
957
957
957
957
957
957
957
957
957
957
957
958
958
958
958
958
958
959
959
959
960
960
960
960
960
960
960
960
961
961
961
961
961
961
961
961
962
962
962
962
962
963
963
963
963
963
963
963
964
964
964
964
964
965
965
965
965
965
965
966
966
966
966
966
966
966
967
967
967
967
967
967
968
968
968
968
968
968
968
968
968
969
969
969
969
970
970
970
970
970
970
970
970
971
971
971
971
971
971
971
971
971
971
972
972
972
972
972
972
973
973
973
973
973
973
973
974
974
974
974
974
975
975
975
975
975
976
976
976
976
976
976
977
977
977
977
977
977
977
977
977
977
977
977
977
978
978
978
978
978
978
978
979
979
979
979
979
980
980
980
980
980
980
980
980
981
981
981
981
981
982
982
982
982
982
982
982
982
982
983
983
983
983
983
983
983
983
983
984
984
985
985
986
986
987
987
987
987
988
988
988
988
988
988
988
989
989
989
989
989
989
989
989
990
990
990
990
990
990
991
991
991
991
991
991
991
991
992
992
992
992
992
992
993
993
993
993
993
993
993
994
994
994
994
995
995
995
995
995
996
996
996
996
996
996
996
996
997
997
997
997
997
997
997
997
997
997
997
997
997
997
998
998
998
998
998
998
998
998
998
998
999
999
999
999
999
1000
1000
1000
1000
1000
1000
1000
1001
1001
1001
1001
1001
1001
1001
1001
1001
1001
1002
1002
1003
1003
1003
1003
1004
1004
1004
1004
1004
1004
1005
1005
1005
1005
1006
1006
1006
1006
1007
1007
1007
1007
1007
1007
1007
1008
1008
1008
1008
1008
1009
1009
1009
1009
1009
1009
1009
1009
1010
1010
1010
1011
1011
1011
1011
1012
1012
1012
1012
1012
1013
1013
1013
1013
1013
1013
1013
1014
1014
1014
1014
1014
1015
1015
1015
1015
1015
1015
1015
1016
1016
1016
1016
1016
1016
1016
1016
1016
1017
1017
1017
1017
1017
1018
1018
1018
1018
1018
1018
1019
1019
1019
1019
1019
1019
1019
1019
1020
1020
1020
1020
1020
1020
1020
1020
1021
1021
1021
1021
1022
1022
1022
1022
1022
1023
1023
1023
1023
1024
1024
1024
1024
1025
1025
1025
1025
1025
1025
1025
1025
1025
1026
1026
1026
1026
1027
1027
1027
1027
1027
1027
1027
1027
1027
1027
1027
1028
1028
1028
1028
1028
1028
1028
1028
1028
1028
1028
1029
1029
1029
1029
1029
1029
1029
1030
1030
1030
1030
1030
1030
1030
1030
1031
1031
1031
1031
1032
1032
1032
1032
1032
1032
1032
1032
1033
1033
1033
1033
1033
1033
1033
1033
1034
1034
1034
1034
1034
1034
1034
1035
1035
1035
1036
1036
1036
1036
1036
1036
1036
1036
1037
1037
1037
1037
1037
1038
1038
1038
1038
1039
1039
1040
1040
1040
1040
1040
1041
1041
1041
1041
1041
1041
1041
1042
1042
1042
1042
1043
1043
1043
1043
1043
1043
1043
1044
1044
1044
1044
1044
1044
1045
1045
1045
1046
1046
1046
1046
1046
1047
1047
1047
1047
1047
1048
1048
1048
1048
1048
1048
1048
1048
1048
1048
1049
1049
1049
1049
1050
1050
1050
1050
1050
1050
1050
1051
1051
1051
1051
1051
1051
1052
1052
1052
1053
1053
1054
1054
1054
1054
1054
1054
1054
1055
1055
1055
1055
1055
1055
1056
1056
1056
1056
1056
1056
1056
1056
1056
1056
1057
1057
1057
1058
1058
1058
1059
1059
1059
1059
1059
1059
1060
1060
1061
1061
1061
1061
1061
1061
1062
1062
1062
1062
1062
1062
1062
1062
1062
1062
1063
1063
1063
1063
1063
1063
1063
1063
1063
1064
1064
1064
1064
1064
1065
1065
1065
1065
1065
1065
1065
1065
1065
1065
1066
1066
1066
1066
1066
1066
1067
1067
1067
1067
1067
1067
1067
1067
1067
1067
1067
1067
1067
1068
1068
1068
1068
1068
1068
1068
1069
1069
1069
1070
1070
1070
1070
1070
1071
1071
1071
1071
1071
1071
1071
1072
1072
1072
1072
1072
1072
1073
1073
1073
1074
1074
1074
1074
1074
1074
1074
1074
1074
1074
1075
1075
1075
1075
1075
1075
1077
1077
1077
1077
1077
1077
1077
1078
1078
1079
1079
1079
1079
1080
1080
1080
1080
1080
1080
1080
1080
1081
1081
1081
1081
1081
1082
1082
1082
1082
1082
1082
1082
1082
1083
1083
1083
1084
1084
1084
1084
1084
1084
1084
1084
1085
1085
1085
1085
1085
1085
1086
1086
1086
1086
1086
1087
1087
1087
1087
1087
1087
1087
1087
1088
1088
1088
1088
1088
1089
1089
1089
1089
1089
1089
1090
1090
1090
1090
1090
1090
1091
1091
1091
1091
1091
1091
1091
1091
1092
1092
1092
1092
1092
1092
1093
1093
1093
1093
1093
1093
1093
1093
1094
1094
1094
1094
1094
1094
1094
1095
1095
1095
1095
1095
1095
1095
1095
1096
1096
1096
1096
1096
1097
1097
1097
1097
1097
1098
1098
1098
1098
1098
1098
1099
1099
1099
1099
1099
1099
1100
1100
1100
1100
1100
1100
1100
1101
1101
1101
1101
1101
1101
1101
1102
1102
1102
1102
1102
1103
1103
1103
1103
1104
1104
1105
1105
1105
1105
1105
1105
1105
1106
1106
1106
1106
1106
1106
1106
1107
1107
1107
1107
1107
1107
1108
1108
1108
1108
1108
1109
1109
1110
1110
1110
1110
1110
1110
1110
1111
1111
1111
1111
1111
1112
1112
1112
1112
1112
1112
1112
1112
1112
1112
1112
1112
1113
1113
1113
1113
1113
1113
1113
1114
1114
1114
1114
1114
1114
1114
1114
1115
1115
1115
1116
1116
1116
1116
1116
1116
1117
1117
1117
1117
1117
1118
1118
1118
1118
1119
1119
1119
1119
1119
1119
1119
1119
1119
1120
1120
1121
1121
1122
1122
1122
1122
1122
1122
1122
1122
1122
1123
1123
1123
1123
1124
1124
1124
1124
1124
1125
1125
1125
1125
1125
1126
1126
1126
1126
1126
1126
1126
1126
1126
1126
1126
1127
1127
1127
1128
1128
1128
1128
1128
1128
1128
1128
1128
1129
1129
1129
1129
1129
1130
1130
1130
1130
1131
1131
1132
1132
1132
1132
1132
1132
1132
1132
1133
1133
1133
1133
1133
1133
1134
1134
1134
1134
1135
1135
1135
1135
1135
1135
1136
1136
1136
1136
1137
1137
1137
1137
1137
1137
1137
1138
1138
1138
1138
1138
1138
1138
1138
1139
1139
1139
1139
1139
1140
1140
1140
1140
1140
1141
1141
1141
1141
1141
1141
1141
1142
1142
1142
1142
1142
1142
1142
1143
1143
1143
1144
1144
1144
1144
1145
1145
1145
1145
1145
1146
1146
1146
1147
1147
1147
1147
1147
1147
1147
1147
1147
1147
1147
1148
1148
1148
1148
1149
1149
1149
1149
1149
1149
1150
1150
1150
1150
1150
1150
1150
1151
1151
1151
1151
1151
1151
1152
1152
1152
1152
1152
1152
1152
1152
1152
1153
1153
1153
1153
1153
1154
1154
1154
1154
1154
1155
1155
1155
1155
1156
1156
1156
1156
1156
1156
1156
1156
1157
1157
1157
1157
1157
1157
1157
1157
1157
1158
1158
1158
1158
1158
1158
1158
1158
1158
1158
1159
1159
1160
1160
1160
1160
1160
1160
1161
1161
1161
1161
1161
1161
1162
1162
1162
1162
1163
1163
1163
1163
1163
1164
1164
1164
1164
1164
1164
1164
1165
1165
1165
1165
1165
1165
1166
1166
1166
1166
1166
1166
1166
1166
1166
1167
1167
1167
1167
1167
1167
1168
1168
1168
1168
1168
1168
1168
1168
1168
1168
1168
1168
1169
1169
1169
1169
1169
1169
1170
1170
1170
1170
1171
1171
1172
1172
1172
1173
1173
1173
1173
1173
1173
1173
1174
1174
1175
1175
1175
1175
1175
1176
1176
1176
1176
1177
1177
1177
1178
1178
1178
1178
1178
1178
1178
1178
1178
1179
1179
1179
1179
1179
1180
1180
1180
1180
1180
1180
1180
1180
1180
1181
1181
1181
1181
1181
1181
1181
1181
1182
1182
1182
1182
1182
1183
1183
1183
1183
1183
1183
1183
1183
1183
1183
1183
1183
1183
1184
1184
1184
1184
1185
1185
1185
1185
1185
1185
1185
1185
1185
1185
1186
1186
1186
1187
1187
1187
1187
1187
1187
1187
1187
1187
1187
1188
1188
1188
1188
1188
1188
1188
1189
1190
1190
1190
1190
1190
1190
1190
1191
1191
1191
1191
1191
1191
1191
1191
1191
1191
1191
1191
1191
1191
1192
1192
1192
1192
1192
1192
1192
1192
1192
1193
1193
1193
1193
1193
1193
1193
1193
1193
1193
1193
1193
1193
1194
1194
1194
1195
1195
1195
1195
1196
1196
1196
1196
1196
1196
1196
1197
1197
1197
1197
1197
1197
1197
1198
1198
1198
1198
1198
1198
1198
1198
1198
1198
1199
1199
1199
1199
1199
1199
1199
1200
1200
1200
1200
1200
1201
1201
1201
1201
1201
1201
1201
1201
1201
1201
1201
1202
1202
1203
1203
1203
1203
1203
1204
1204
1204
1204
1204
1204
1204
1204
1204
1205
1205
1205
1205
1206
1206
1206
1206
1206
1206
1206
1207
1207
1207
1208
1208
1208
1208
1208
1208
1209
1209
1209
1209
1209
1210
1210
1210
1210
1210
1211
1211
1211
1211
1211
1212
1212
1212
1213
1213
1213
1213
1213
1213
1213
1214
1214
1214
1214
1214
1214
1214
1215
1215
1215
1215
1215
1215
1215
1215
1215
1216
1216
1216
1216
1216
1216
1217
1217
1217
1217
1217
1217
1217
1217
1217
1218
1218
1218
1218
1218
1218
1219
1219
1219
1219
1219
1219
1219
1219
1220
1220
1220
1220
1221
1221
1221
1221
1221
1222
1222
1222
1222
1223
1223
1223
1223
1223
1224
1224
1224
1224
1224
1224
1225
1225
1225
1225
1225
1225
1226
1226
1226
1226
1226
1226
1226
1226
1227
1227
1227
1228
1228
1228
1228
1228
1228
1228
1229
1229
1229
1229
1229
1229
1229
1230
1231
1231
1231
1231
1231
1231
1231
1231
1232
1232
1232
1232
1232
1233
1233
1233
1233
1233
1233
1233
1233
1233
1234
1234
1234
1234
1234
1235
1235
1235
1236
1236
1236
1236
1236
1236
1236
1236
1236
1237
1237
1237
1237
1237
1237
1237
1238
1238
1238
1238
1238
1238
1239
1239
1239
1239
1239
1240
1240
1240
1240
1240
1240
1240
1240
1241
1241
1241
1241
1241
1241
1241
1241
1242
1242
1242
1242
1243
1243
1243
1243
1243
1243
1243
1243
1243
1244
1244
1244
1244
1244
1244
1244
1245
1245
1245
1245
1245
1245
1245
1245
1245
1245
1246
1246
1246
1246
1246
1246
1246
1246
1246
1246
1247
1247
1247
1247
1247
1248
1248
1248
1248
1248
1248
1249
1249
1249
1249
1249
1249
1249
1249
1249
1249
1249
1250
1250
1250
1250
1251
1251
1251
1253
1253
1253
1253
1253
1253
1253
1253
1254
1254
1254
1254
1254
1255
1255
1255
1256
1256
1256
1256
1256
1256
1256
1256
1256
1256
1256
1257
1257
1257
1257
1257
1258
1258
1258
1258
1258
1258
1259
1259
1259
1259
1259
1259
1259
1259
1260
1260
1260
1260
1261
1261
1261
1261
1261
1262
1262
1262
1263
1263
1263
1263
1264
1264
1264
1264
1264
1265
1265
1265
1265
1265
1266
1266
1267
1267
1267
1267
1268
1268
1268
1268
1268
1269
1269
1269
1269
1269
1269
1269
1270
1270
1270
1270
1270
1270
1270
1270
1270
1271
1271
1271
1271
1271
1271
1271
1271
1272
1272
1272
1272
1273
1273
1273
1273
1273
1273
1273
1274
1274
1274
1274
1275
1275
1275
1275
1275
1276
1276
1276
1276
1276
1277
1277
1277
1278
1278
1278
1278
1279
1279
1279
1279
1279
1279
1279
1280
1280
1280
1281
1281
1281
1281
1281
1282
1282
1282
1282
1282
1282
1282
1282
1283
1283
1283
1283
1283
1283
1283
1283
1284
1284
1284
1284
1284
1284
1284
1284
1284
1284
1285
1285
1285
1285
1285
1285
1285
1285
1286
1286
1286
1287
1287
1287
1287
1287
1287
1287
1287
1287
1287
1288
1288
1288
1288
1289
1289
1289
1289
1289
1290
1290
1290
1290
1290
1291
1291
1291
1291
1292
1292
1292
1292
1292
1292
1293
1293
1294
1294
1294
1294
1294
1294
1295
1295
1295
1295
1295
1295
1295
1295
1296
1296
1296
1296
1296
1296
1296
1296
1296
1296
1296
1296
1297
1297
1297
1297
1297
1297
1297
1297
1297
1297
1298
1299
1299
1299
1299
1299
1300
1300
1300
1300
1300
1300
1301
1301
1301
1301
1301
1301
1301
1301
1302
1302
1302
1302
1303
1303
1303
1303
1303
1303
1303
1303
1303
1303
1303
1303
1303
1304
1304
1304
1304
1304
1304
1304
1304
1305
1305
1305
1305
1305
1305
1306
1306
1306
1306
1306
1307
1307
1308
1308
1308
1308
1308
1308
1309
1309
1309
1309
1309
1309
1310
1310
1310
1310
1310
1311
1311
1311
1311
1312
1312
1312
1312
1312
1312
1312
1312
1312
1313
1313
1313
1313
1313
1313
1313
1313
1314
1314
1314
1315
1315
1315
1315
1315
1315
1315
1315
1316
1316
1316
1316
1316
1316
1317
1317
1317
1317
1318
1318
1318
1318
1318
1318
1319
1319
1319
1319
1319
1319
1319
1320
1320
1320
1320
1320
1320
1321
1321
1321
1321
1321
1321
1321
1321
1322
1322
1322
1322
1322
1322
1322
1323
1324
1324
1324
1324
1324
1324
1324
1325
1325
1325
1326
1326
1326
1326
1326
1327
1327
1327
1327
1328
1328
1328
1328
1328
1328
1328
1328
1328
1328
1329
1329
1329
1329
1329
1329
1329
1330
1330
1330
1330
1330
1330
1330
1330
1330
1331
1331
1331
1331
1331
1331
1331
1332
1332
1332
1332
1332
1332
1332
1332
1333
1333
1333
1333
1334
1334
1334
1334
1334
1334
1334
1334
1335
1335
1335
1335
1335
1336
1336
1336
1337
1337
1337
1337
1337
1337
1337
1337
1337
1337
1338
1338
1338
1338
1338
1338
1338
1338
1338
1339
1339
1339
1339
1339
1340
1340
1340
1340
1340
1340
1341
1341
1341
1341
1342
1342
1342
1343
1343
1343
1343
1343
1343
1344
1344
1344
1344
1344
1344
1344
1344
1344
1345
1345
1345
1345
1345
1345
1346
1346
1346
1346
1346
1346
1346
1346
1347
1347
1347
1347
1347
1347
1347
1347
1348
1348
1348
1348
1348
1348
1349
1349
1349
1349
1349
1349
1349
1350
1350
1350
1350
1350
1350
1350
1350
1351
1351
1351
1352
1352
1352
1353
1353
1353
1354
1354
1354
1354
1354
1354
1354
1354
1354
1355
1355
1355
1355
1356
1356
1356
1356
1356
1357
1357
1357
1357
1357
1357
1357
1357
1357
1357
1358
1358
1358
1358
1358
1359
1359
1359
1359
1359
1359
1359
1360
1360
1360
1360
1360
1360
1360
1360
1361
1361
1362
1362
1362
1362
1362
1363
1363
1363
1363
1363
1363
1363
1364
1364
1364
1364
1364
1364
1364
1364
1365
1365
1365
1365
1366
1366
1366
1366
1366
1366
1366
1366
1366
1367
1367
1367
1367
1367
1368
1368
1369
1369
1369
1369
1369
1369
1369
1370
1370
1370
1370
1370
1370
1370
1370
1370
1370
1371
1371
1371
1371
1371
1371
1372
1372
1372
1372
1373
1373
1373
1373
1373
1373
1373
1373
1374
1374
1374
1374
1374
1374
1374
1374
1374
1374
1374
1375
1375
1375
1375
1375
1376
1376
1376
1376
1376
1376
1377
1377
1377
1377
1377
1377
1377
1377
1378
1378
1378
1378
1378
1378
1378
1378
1378
1378
1378
1379
1379
1379
1379
1379
1379
1379
1380
1380
1380
1380
1380
1380
1380
1380
1380
1380
1381
1381
1381
1381
1381
1382
1382
1382
1382
1382
1383
1383
1383
1383
1383
1384
1384
1384
1384
1385
1385
1385
1385
1385
1385
1385
1386
1386
1386
1386
1386
1386
1386
1386
1386
1387
1387
1388
1388
1388
1388
1388
1389
1389
1389
1389
1390
1390
1390
1390
1391
1391
1391
1391
1392
1392
1392
1392
1392
1392
1392
1392
1393
1393
1393
1393
1393
1393
1393
1393
1393
1393
1394
1394
1394
1394
1394
1394
1394
1394
1395
1395
1395
1395
1395
1396
1396
1396
1396
1396
1396
1396
1396
1396
1397
1397
1397
1397
1397
1397
1397
1397
1397
1398
1398
1398
1398
1398
1398
1398
1398
1398
1399
1399
1399
1399
1399
1399
1399
1400
1400
1400
1400
1400
1400
1401
1401
1401
1401
1401
1401
1401
1401
1401
1402
1402
1402
1402
1402
1402
1402
1402
1403
1403
1403
1403
1403
1403
1404
1404
1404
1404
1404
1405
1405
1405
1405
1405
1405
1405
1405
1406
1406
1406
1406
1406
1407
1407
1407
1408
1408
1408
1408
1409
1409
1409
1409
1409
1409
1409
1409
1410
1410
1410
1410
1410
1410
1411
1411
1411
1411
1411
1411
1411
1411
1411
1411
1412
1412
1412
1412
1412
1413
1413
1413
1413
1413
1413
1413
1413
1413
1413
1413
1413
1413
1413
1413
1413
1413
1414
1414
1414
1414
1414
1415
1415
1415
1415
1415
1416
1416
1417
1417
1417
1417
1417
1417
1417
1418
1418
1418
1418
1418
1418
1418
1419
1419
1419
1419
1419
1419
1419
1419
1420
1420
1420
1420
1420
1421
1421
1421
1422
1422
1422
1422
1422
1422
1422
1422
1422
1423
1423
1423
1423
1423
1423
1423
1423
1423
1424
1424
1424
1424
1424
1424
1424
1424
1425
1425
1425
1425
1425
1425
1425
1425
1425
1426
1426
1426
1426
1427
1427
1427
1427
1427
1427
1427
1427
1428
1428
1428
1428
1428
1428
1428
1428
1428
1429
1429
1429
1430
1430
1430
1430
1430
1431
1431
1431
1431
1431
1431
1431
1431
1431
1431
1432
1432
1432
1432
1432
1432
1432
1432
1433
1433
1433
1433
1433
1433
1434
1434
1434
1434
1434
1434
1434
1435
1435
1435
1435
1435
1436
1436
1436
1436
1436
1437
1437
1437
1437
1437
1437
1438
1438
1438
1438
1438
1439
1439
1439
1439
1439
1439
1440
1440
1440
1440
1440
1440
1441
1441
1441
1441
1441
1442
1442
1442
1442
1442
1442
1442
1442
1442
1442
1443
1443
1443
1443
1443
1443
1443
1444
1444
1444
1444
1444
1444
1444
1444
1445
1445
1445
1445
1446
1446
1446
1446
1447
1447
1447
1447
1447
1447
1447
1447
1448
1448
1448
1448
1449
1449
1449
1449
1449
1450
1450
1450
1450
1450
1450
1450
1450
1450
1450
1450
1451
1451
1452
1452
1452
1452
1452
1453
1453
1453
1453
1453
1453
1454
1454
1454
1454
1454
1454
1455
1455
1455
1455
1455
1455
1455
1455
1456
1456
1456
1456
1456
1456
1456
1456
1456
1457
1457
1457
1457
1457
1457
1458
1458
1458
1458
1459
1459
1460
1460
1461
1461
1461
1461
1461
1461
1461
1461
1462
1462
1462
1462
1462
1462
1462
1463
1463
1464
1464
1464
1464
1464
1464
1464
1464
1464
1465
1465
1465
1465
1465
1465
1465
1465
1466
1466
1466
1466
1466
1466
1466
1466
1466
1466
1466
1467
1467
1467
1467
1467
1467
1467
1467
1468
1468
1468
1468
1468
1468
1468
1469
1469
1469
1469
1469
1469
1469
1469
1469
1470
1470
1470
1470
1471
1471
1471
1471
1471
1471
1471
1471
1471
1472
1472
1472
1472
1472
1472
1472
1472
1473
1473
1473
1473
1473
1473
1473
1474
1474
1474
1474
1474
1474
1474
1474
1475
1475
1475
1475
1475
1476
1476
1476
1476
1476
1477
1477
1477
1477
1477
1477
1478
1478
1478
1478
1478
1478
1479
1479
1479
1479
1480
1480
1480
1480
1480
1480
1480
1480
1480
1480
1481
1481
1481
1481
1481
1481
1481
1481
1481
1481
1482
1482
1482
1482
1482
1483
1483
1483
1484
1484
1484
1484
1484
1485
1485
1485
1485
1486
1486
1486
1486
1487
1487
1487
1487
1487
1488
1488
1488
1488
1488
1489
1489
1489
1490
1490
1490
1490
1491
1491
1491
1491
1491
1491
1492
1492
1492
1492
1492
1492
1492
1492
1492
1492
1493
1493
1493
1493
1493
1494
1494
1494
1494
1495
1495
1495
1495
1495
1495
1496
1496
1496
1496
1496
1496
1496
1496
1496
1497
1497
1497
1497
1497
1497
1497
1497
1498
1498
1498
1498
1498
1498
1499
1499
1499
1499
1499
1499
1499
1499
1499
1500
1500
1500
1500
1501
1501
1501
1501
1501
1501
1501
1502
1502
1502
1502
1502
1502
1502
1502
1503
1503
1503
1504
1505
1505
1505
1505
1505
1505
1505
1505
1506
1506
1506
1507
1507
1507
1507
1507
1507
1507
1508
1508
1508
1508
1509
1509
1509
1509
1509
1509
1510
1510
1510
1510
1510
1510
1510
1510
1510
1511
1511
1511
1511
1511
1511
1511
1512
1512
1512
1512
1513
1513
1513
1513
1513
1513
1513
1513
1513
1513
1513
1513
1513
1513
1514
1514
1514
1514
1514
1514
1514
1515
1515
1515
1515
1515
1515
1515
1516
1516
1516
1516
1516
1516
1517
1517
1517
1517
1517
1517
1518
1518
1518
1518
1518
1518
1519
1519
1519
1519
1520
1520
1520
1520
1520
1521
1521
1521
1521
1521
1521
1521
1521
1521
1521
1521
1522
1522
1522
1522
1522
1522
1522
1522
1522
1522
1523
1523
1523
1524
1524
1524
1524
1524
1524
1524
1524
1524
1524
1525
1525
1525
1525
1526
1526
1526
1526
1526
1526
1526
1527
1527
1527
1527
1527
1528
1528
1528
1528
1528
1528
1528
1528
1528
1529
1529
1529
1529
1529
1530
1530
1530
1530
1530
1530
1530
1531
1531
1531
1531
1531
1531
1531
1531
1532
1532
1532
1532
1532
1532
1532
1532
1532
1533
1533
1533
1533
1533
1533
1534
1534
1534
1534
1534
1534
1535
1535
1535
1535
1535
1536
1536
1536
1536
1536
1536
1536
1536
1536
1537
1537
1537
1537
1537
1538
1538
1538
1538
1538
1538
1539
1539
1539
1539
1539
1540
1540
1540
1540
1541
1541
1541
1541
1542
1542
1542
1543
1543
1543
1544
1544
1544
1544
1545
1545
1545
1545
1545
1545
1545
1545
1546
1546
1546
1546
1546
1546
1546
1547
1547
1547
1547
1548
1549
1549
1550
1550
1550
1550
1550
1551
1551
1551
1551
1551
1551
1551
1551
1551
1551
1551
1552
1552
1552
1552
1552
1552
1552
1552
1553
1553
1553
1553
1553
1553
1553
1553
1554
1554
1554
1554
1554
1554
1554
1554
1555
1555
1555
1555
1555
1555
1555
1555
1555
1556
1556
1556
1556
1557
1557
1557
1557
1557
1557
1557
1557
1557
1557
1558
1558
1558
1558
1558
1559
1559
1559
1559
1559
1559
1559
1560
1560
1560
1561
1561
1561
1561
1561
1561
1562
1562
1562
1562
1562
1563
1563
1563
1563
1564
1564
1564
1564
1565
1565
1565
1565
1566
1566
1566
1566
1566
1566
1566
1566
1567
1567
1567
1567
1567
1567
1567
1568
1568
1568
1569
1569
1569
1569
1569
1570
1570
1570
1570
1570
1570
1571
1571
1571
1571
1571
1571
1571
1571
1571
1571
1571
1571
1572
1572
1572
1572
1572
1573
1573
1573
1573
1573
1574
1574
1574
1574
1574
1574
1575
1575
1575
1575
1575
1575
1575
1575
1575
1575
1576
1576
1576
1576
1576
1577
1577
1577
1577
1577
1578
1578
1578
1578
1578
1578
1578
1578
1578
1578
1579
1579
1579
1579
1579
1579
1579
1580
1580
1580
1580
1581
1581
1581
1581
1581
1581
1581
1581
1581
1582
1582
1583
1583
1583
1583
1583
1584
1584
1584
1584
1584
1584
1585
1585
1585
1585
1585
1585
1586
1586
1586
1586
1586
1586
1586
1586
1586
1586
1586
1587
1587
1587
1587
1587
1587
1587
1587
1587
1588
1588
1588
1588
1589
1589
1589
1590
1590
1590
1590
1591
1591
1591
1591
1591
1592
1592
1592
1592
1592
1592
1592
1592
1593
1593
1593
1593
1593
1593
1593
1593
1593
1594
1594
1594
1594
1594
1594
1594
1594
1594
1594
1595
1595
1595
1596
1596
1596
1596
1596
1597
1597
1597
1597
1597
1598
1598
1598
1598
1598
1598
1598
1598
1599
1599
1599
1599
1599
1599
1600
1600
1600
1600
1601
1601
1601
1601
1601
1601
1601
1601
1601
1601
1602
1602
1602
1602
1602
1602
1602
1602
1603
1603
1603
1603
1603
1603
1603
1604
1604
1604
1605
1605
1605
1605
1605
1605
1605
1606
1606
1606
1606
1606
1606
1606
1606
1606
1606
1606
1607
1607
1607
1607
1607
1607
1608
1608
1608
1609
1609
1609
1609
1610
1610
1610
1610
1610
1610
1610
1610
1610
1610
1611
1611
1611
1611
1612
1612
1612
1612
1612
1612
1613
1613
1613
1613
1614
1614
1614
1614
1615
1615
1615
1615
1615
1615
1615
1615
1615
1615
1615
1615
1615
1616
1616
1616
1616
1616
1616
1617
1617
1617
1617
1617
1617
1617
1617
1617
1618
1618
1618
1618
1618
1618
1618
1618
1619
1619
1619
1619
1619
1619
1619
1619
1620
1620
1620
1620
1620
1620
1620
1620
1620
1621
1621
1621
1621
1621
1622
1622
1622
1622
1622
1622
1622
1622
1622
1623
1623
1623
1623
1623
1623
1623
1623
1624
1624
1624
1624
1624
1624
1625
1625
1625
1625
1625
1626
1627
1627
1627
1627
1627
1627
1627
1628
1628
1628
1628
1628
1628
1628
1629
1629
1629
1629
1629
1629
1630
1630
1630
1630
1631
1631
1631
1632
1632
1632
1632
1632
1632
1633
1633
1633
1633
1633
1633
1633
1634
1634
1634
1634
1634
1634
1634
1634
1634
1635
1635
1635
1635
1635
1635
1635
1635
1636
1636
1636
1636
1637
1637
1637
1637
1637
1637
1637
1637
1638
1638
1638
1638
1638
1639
1639
1639
1639
1639
1639
1640
1640
1640
1640
1640
1641
1641
1641
1641
1641
1641
1641
1642
1642
1642
1642
1642
1642
1642
1642
1642
1642
1642
1643
1643
1643
1643
1643
1643
1643
1643
1643
1644
1644
1644
1644
1645
1645
1645
1645
1645
1645
1646
1646
1646
1646
1646
1646
1646
1646
1646
1646
1646
1646
1646
1647
1647
1647
1647
1647
1648
1648
1648
1649
1649
1649
1649
1649
1650
1650
1650
1650
1650
1651
1651
1651
1651
1651
1651
1651
1652
1652
1652
1652
1652
1653
1653
1653
1653
1654
1654
1654
1654
1654
1654
1654
1655
1655
1655
1655
1656
1656
1656
1656
1656
1656
1657
1657
1657
1657
1657
1657
1657
1657
1657
1658
1658
1658
1658
1658
1658
1658
1659
1659
1659
1659
1660
1660
1660
1660
1660
1661
1661
1661
1661
1661
1661
1661
1661
1662
1662
1662
1662
1662
1662
1662
1663
1663
1663
1663
1663
1663
1663
1664
1664
1665
1665
1665
1665
1665
1665
1665
1665
1665
1665
1665
1666
1666
1666
1666
1666
1667
1667
1667
1667
1667
1667
1668
1668
1668
1668
1668
1668
1669
1669
1669
1669
1669
1669
1670
1670
1670
1670
1670
1670
1671
1671
1671
1671
1671
1671
1671
1672
1672
1672
1672
1673
1673
1673
1673
1673
1673
1673
1673
1673
1673
1674
1674
1674
1674
1674
1674
1675
1675
1675
1676
1676
1676
1676
1676
1676
1677
1677
1677
1677
1677
1677
1677
1677
1677
1678
1678
1678
1678
1678
1678
1679
1679
1679
1679
1679
1679
1679
1679
1679
1679
1680
1680
1680
1680
1681
1681
1681
1681
1681
1681
1681
1681
1682
1682
1682
1682
1682
1683
1683
1683
1683
1683
1683
1683
1684
1684
1684
1684
1684
1684
1684
1685
1685
1685
1685
1685
1685
1685
1686
1686
1686
1686
1687
1687
1687
1687
1687
1687
1688
1688
1688
1688
1688
1688
1688
1688
1689
1689
1689
1689
1689
1689
1689
1689
1690
1690
1690
1690
1690
1691
1691
1691
1691
1692
1692
1692
1692
1692
1692
1693
1693
1693
1693
1693
1693
1694
1694
1694
1694
1694
1695
1695
1695
1695
1695
1695
1695
1695
1695
1695
1696
1696
1696
1696
1696
1696
1696
1697
1697
1697
1697
1697
1697
1697
1697
1697
1697
1698
1698
1699
1699
1699
1700
1700
1701
1701
1701
1701
1701
1701
1701
1702
1702
1702
1702
1702
1703
1703
1703
1703
1703
1703
1704
1704
1705
1705
1705
1705
1705
1705
1705
1705
1706
1706
1706
1706
1706
1706
1707
1707
1707
1707
1707
1707
1707
1707
1707
1707
1708
1708
1708
1709
1709
1709
1709
1709
1709
1710
1710
1710
1710
1710
1710
1710
1711
1711
1711
1711
1711
1711
1711
1711
1712
1712
1712
1712
1712
1712
1712
1713
1713
1713
1714
1714
1714
1714
1714
1715
1715
1715
1715
1715
1715
1716
1716
1716
1716
1717
1717
1717
1717
1718
1718
1718
1718
1718
1718
1719
1719
1719
1719
1719
1719
1719
1719
1720
1720
1720
1720
1720
1720
1721
1721
1722
1722
1722
1722
1722
1722
1722
1722
1722
1722
1722
1722
1723
1723
1723
1723
1724
1724
1724
1724
1724
1724
1724
1725
1725
1726
1726
1726
1726
1726
1726
1726
1726
1727
1727
1727
1727
1727
1728
1728
1728
1728
1728
1728
1728
1728
1728
1728
1729
1729
1729
1729
1729
1729
1730
1730
1730
1730
1731
1731
1731
1732
1732
1732
1732
1732
1733
1733
1733
1733
1734
1734
1734
1734
1735
1735
1735
1736
1736
1736
1737
1737
1737
1737
1737
1738
1738
1738
1738
1739
1739
1739
1739
1739
1739
1739
1739
1740
1740
1741
1741
1741
1741
1741
1741
1741
1741
1741
1741
1741
1741
1742
1742
1742
1742
1742
1742
1743
1743
1743
1744
1744
1744
1744
1744
1744
1745
1745
1745
1745
1746
1746
1746
1746
1746
1747
1747
1747
1747
1747
1747
1747
1748
1748
1748
1748
1748
1748
1748
1748
1748
1748
1748
1748
1748
1748
1748
1748
1749
1749
1749
1749
1749
1749
1749
1750
1750
1750
1750
1750
1751
1751
1751
1751
1751
1751
1752
1752
1752
1752
1753
1753
1753
1753
1753
1753
1754
1754
1754
1755
1755
1755
1755
1755
1756
1756
1756
1756
1756
1757
1757
1757
1758
1758
1758
1758
1758
1759
1759
1759
1759
1759
1759
1760
1760
1760
1760
1761
1761
1761
1761
1761
1761
1762
1762
1762
1762
1763
1763
1763
1763
1763
1763
1763
1764
1764
1764
1764
1764
1764
1764
1764
1764
1764
1764
1764
1764
1765
1765
1765
1765
1765
1765
1765
1765
1765
1765
1765
1765
1765
1765
1766
1766
1766
1766
1767
1767
1767
1767
1767
1767
1767
1768
1768
1768
1768
1768
1768
1769
1769
1769
1769
1769
1769
1769
1769
1769
1769
1770
1770
1770
1770
1771
1771
1771
1771
1772
1772
1772
1772
1773
1773
1773
1773
1773
1773
1773
1774
1774
1774
1774
1774
1774
1775
1775
1775
1775
1775
1776
1776
1776
1776
1776
1776
1776
1777
1777
1778
1778
1778
1778
1778
1778
1778
1778
1778
1779
1779
1779
1779
1779
1779
1779
1779
1780
1780
1780
1780
1780
1780
1781
1781
1781
1781
1781
1782
1782
1782
1782
1782
1782
1782
1782
1782
1782
1782
1782
1783
1783
1783
1783
1783
1784
1784
1784
1784
1784
1784
1784
1784
1785
1785
1785
1785
1786
1786
1786
1786
1787
1787
1787
1787
1787
1787
1787
1787
1787
1788
1788
1788
1788
1788
1789
1789
1789
1789
1789
1789
1789
1790
1790
1790
1790
1790
1790
1790
1791
1791
1791
1791
1791
1791
1791
1791
1791
1792
1792
1792
1792
1792
1792
1793
1793
1793
1794
1794
1794
1794
1794
1794
1795
1795
1795
1795
1795
1795
1795
1795
1796
1796
1796
1796
1796
1796
1797
1797
1797
1797
1798
1798
1798
1798
1798
1799
1799
1799
1799
1799
1799
1799
1800
1800
1800
1800
1800
1800
1800
1800
1800
1800
1801
1801
1801
1801
1801
1801
1801
1801
1801
1801
1802
1802
1802
1802
1803
1803
1803
1803
1803
1804
1804
1804
1804
1804
1804
1804
1805
1805
1805
1806
1806
1806
1806
1806
1806
1806
1806
1806
1806
1807
1807
1807
1807
1808
1808
1808
1808
1808
1808
1808
1809
1809
1809
1809
1809
1809
1809
1810
1810
1810
1810
1810
1811
1811
1811
1811
1811
1812
1812
1812
1812
1812
1812
1813
1813
1813
1813
1813
1813
1813
1813
1813
1813
1814
1814
1814
1814
1815
1815
1815
1815
1815
1815
1815
1816
1816
1816
1816
1816
1816
1816
1816
1816
1816
1817
1817
1817
1817
1817
1817
1817
1817
1817
1818
1818
1818
1818
1818
1818
1818
1818
1818
1819
1819
1819
1819
1819
1819
1820
1820
1820
1820
1820
1821
1821
1821
1822
1822
1822
1822
1822
1822
1823
1823
1823
1823
1823
1823
1823
1823
1824
1824
1824
1824
1824
1825
1825
1825
1825
1825
1825
1825
1825
1825
1826
1826
1826
1826
1826
1826
1826
1827
1827
1827
1827
1828
1828
1828
1828
1828
1828
1828
1828
1829
1829
1829
1829
1829
1830
1830
1830
1830
1830
1830
1830
1830
1830
1830
1831
1831
1831
1832
1832
1832
1833
1833
1833
1833
1833
1833
1833
1833
1833
1834
1834
1834
1834
1835
1835
1835
1835
1835
1835
1836
1836
1836
1836
1836
1836
1837
1837
1837
1837
1837
1837
1837
1837
1837
1837
1838
1838
1838
1838
1838
1838
1839
1840
1840
1840
1840
1840
1840
1840
1841
1841
1841
1841
1841
1842
1842
1842
1842
1842
1843
1843
1843
1843
1843
1843
1844
1844
1844
1844
1844
1844
1844
1845
1845
1845
1845
1845
1845
1845
1845
1846
1846
1846
1846
1846
1846
1846
1846
1846
1847
1847
1847
1847
1847
1847
1848
1848
1848
1848
1848
1848
1849
1849
1849
1849
1849
1849
1850
1850
1850
1851
1851
1851
1851
1852
1852
1853
1853
1853
1853
1853
1853
1853
1853
1854
1854
1854
1855
1855
1855
1855
1855
1855
1855
1855
1855
1856
1856
1856
1856
1856
1856
1856
1856
1857
1857
1857
1857
1857
1857
1857
1857
1858
1858
1858
1858
1858
1858
1858
1858
1859
1859
1859
1859
1859
1860
1860
1860
1860
1860
1861
1861
1861
1861
1861
1861
1861
1861
1862
1862
1862
1862
1862
1862
1862
1862
1862
1863
1863
1863
1863
1863
1863
1864
1864
1864
1864
1864
1865
1865
1865
1865
1865
1865
1865
1866
1866
1866
1866
1866
1866
1867
1867
1867
1867
1867
1867
1868
1868
1868
1868
1869
1869
1869
1869
1869
1869
1869
1869
1870
1870
1870
1871
1871
1871
1871
1871
1871
1871
1871
1871
1871
1872
1872
1872
1872
1872
1872
1873
1873
1873
1873
1874
1874
1874
1874
1874
1875
1875
1875
1876
1876
1876
1876
1876
1877
1877
1877
1877
1878
1878
1878
1878
1878
1878
1879
1879
1879
1879
1879
1879
1880
1880
1880
1880
1880
1880
1880
1880
1880
1881
1881
1881
1882
1882
1882
1882
1882
1882
1882
1882
1882
1883
1883
1883
1883
1883
1883
1884
1884
1884
1884
1884
1884
1884
1884
1884
1884
1884
1885
1885
1885
1885
1885
1885
1886
1886
1886
1886
1886
1886
1886
1887
1887
1887
1887
1887
1887
1887
1887
1888
1888
1888
1888
1888
1888
1888
1888
1889
1889
1889
1889
1889
1890
1890
1890
1890
1890
1890
1891
1891
1891
1891
1891
1892
1892
1892
1892
1892
1892
1893
1893
1893
1893
1893
1893
1894
1894
1894
1894
1894
1894
1895
1895
1895
1895
1896
1896
1896
1896
1896
1896
1896
1896
1897
1897
1897
1897
1897
1898
1898
1898
1898
1898
1898
1898
1898
1898
1899
1899
1899
1900
1900
1900
1900
1900
1901
1901
1901
1901
1901
1901
1901
1902
1902
1902
1903
1903
1903
1903
1903
1903
1903
1903
1903
1903
1903
1903
1904
1904
1904
1904
1904
1904
1904
1904
1905
1905
1905
1905
1905
1906
1906
1906
1906
1906
1906
1906
1906
1906
1906
1906
1906
1907
1907
1907
1907
1907
1907
1907
1907
1907
1908
1908
1908
1908
1908
1908
1909
1909
1909
1909
1909
1910
1910
1910
1911
1911
1911
1911
1912
1912
1912
1912
1913
1913
1913
1913
1913
1913
1914
1914
1914
1914
1914
1914
1914
1915
1915
1915
1915
1915
1915
1915
1915
1915
1916
1916
1916
1916
1917
1917
1917
1918
1918
1918
1918
1919
1919
1919
1919
1919
1919
1919
1919
1920
1920
1920
1920
1920
1921
1921
1921
1921
1921
1921
1921
1921
1922
1922
1922
1922
1922
1922
1922
1922
1923
1923
1923
1923
1923
1923
1923
1923
1924
1924
1925
1925
1925
1926
1926
1926
1926
1926
1926
1926
1927
1927
1927
1927
1927
1927
1928
1928
1928
1928
1928
1928
1929
1929
1929
1929
1929
1929
1929
1930
1930
1930
1930
1930
1930
1930
1930
1931
1931
1931
1931
1931
1931
1932
1932
1932
1932
1932
1932
1933
1933
1933
1933
1933
1934
1934
1934
1935
1935
1935
1935
1935
1935
1935
1935
1936
1936
1936
1936
1936
1937
1937
1937
1937
1937
1937
1938
1938
1938
1938
1939
1939
1939
1939
1939
1940
1940
1940
1940
1940
1941
1941
1941
1941
1941
1942
1942
1942
1942
1943
1943
1943
1943
1943
1943
1943
1943
1943
1944
1944
1944
1944
1944
1944
1945
1945
1945
1945
1946
1946
1946
1946
1946
1946
1947
1947
1947
1947
1947
1947
1947
1948
1948
1948
1948
1949
1949
1949
1949
1949
1949
1949
1949
1950
1950
1950
1950
1950
1950
1950
1950
1951
1951
1951
1951
1951
1951
1952
1952
1953
1953
1953
1953
1953
1953
1954
1954
1954
1954
1954
1955
1955
1955
1955
1955
1955
1955
1955
1955
1955
1955
1956
1956
1956
1956
1956
1957
1957
1957
1957
1957
1957
1957
1957
1957
1957
1958
1958
1958
1958
1959
1959
1959
1960
1960
1960
1960
1960
1960
1960
1960
1961
1961
1961
1961
1961
1961
1961
1962
1962
1962
1962
1963
1963
1963
1963
1963
1964
1964
1964
1964
1964
1965
1965
1965
1966
1966
1966
1966
1967
1967
1967
1967
1968
1968
1968
1968
1968
1969
1969
1969
1969
1969
1969
1969
1970
1970
1970
1970
1970
1970
1970
1970
1970
1970
1971
1971
1971
1971
1971
1971
1971
1972
1972
1972
1972
1972
1972
1972
1973
1973
1973
1973
1973
1973
1974
1974
1974
1975
1975
1976
1976
1976
1976
1976
1976
1976
1976
1976
1977
1977
1977
1977
1978
1978
1978
1978
1978
1978
1979
1979
1979
1979
1979
1979
1979
1979
1979
1979
1980
1980
1980
1980
1980
1981
1981
1981
1981
1981
1981
1982
1982
1982
1982
1982
1983
1983
1983
1983
1983
1984
1984
1984
1984
1984
1984
1984
1984
1985
1985
1985
1985
1985
1986
1986
1986
1986
1986
1986
1987
1987
1987
1988
1988
1988
1988
1989
1989
1989
1989
1990
1990
1990
1990
1990
1990
1990
1990
1990
1991
1991
1991
1991
1991
1991
1991
1991
1991
1992
1992
1992
1992
1993
1994
1994
1994
1994
1994
1995
1995
1995
1995
1995
1995
1996
1996
1996
1996
1996
1997
1997
1997
1997
1998
1998
1998
1998
1998
1998
1998
1999
1999
1999
1999
2000
2000
2000
2000
2000
2000
2000
2000
