
12500
160
493
387
751
829
846
311
949
545
395
359
252
187
264
322
106
184
752
675
663
658
670
386
410
751
801
549
236
851
970
663
300
744
295
987
945
465
466
724
340
116
368
814
699
702
225
344
590
612
836
935
832
657
639
141
396
196
853
832
884
218
745
370
375
915
605
438
874
605
677
905
805
487
217
109
150
437
779
878
163
871
419
455
878
901
118
281
513
871
189
723
898
678
238
324
763
205
862
910
934
106
949
193
452
728
295
174
506
487
532
437
465
393
836
736
326
263
269
789
367
974
274
560
194
286
392
676
967
210
778
263
859
393
226
345
281
281
760
497
470
209
135
586
403
447
898
469
619
133
920
268
133
469
658
937
854
128
372
604
540
310
260
948
925
665
771
642
171
939
968
721
336
536
246
869
663
271
951
172
236
307
532
152
891
917
313
440
379
783
247
889
144
989
893
578
342
824
397
611
683
277
507
206
515
615
644
166
304
418
149
440
140
763
435
877
192
803
171
848
919
294
277
643
860
332
924
806
233
163
538
806
253
504
470
686
738
123
845
808
656
900
962
451
820
346
954
782
347
660
234
583
245
692
494
651
994
886
937
266
125
707
582
630
774
198
671
204
863
274
908
696
925
795
528
840
661
960
731
560
250
558
255
728
125
548
781
739
411
552
420
899
520
945
894
412
774
401
960
162
600
387
381
338
985
169
557
928
591
552
219
621
264
908
427
999
339
666
825
199
845
803
520
199
736
210
364
730
923
533
748
372
218
527
981
375
379
449
410
540
308
522
940
555
573
145
341
531
352
525
483
999
975
638
475
500
412
451
536
859
754
241
187
273
521
870
660
876
393
968
126
132
886
810
890
876
726
314
684
614
232
298
134
485
546
156
815
933
598
266
701
664
169
468
893
131
360
864
364
160
597
427
422
468
538
208
792
326
309
528
150
979
828
544
214
273
861
532
356
139
569
880
994
211
975
905
343
386
861
512
291
492
277
399
651
906
991
862
803
411
978
217
950
392
426
987
941
566
561
986
880
335
852
841
711
609
692
624
177
995
212
552
309
131
746
854
818
435
389
932
436
528
117
706
868
822
967
537
585
316
493
193
721
452
922
374
314
517
327
789
600
465
827
963
681
314
369
953
761
605
367
146
124
806
824
174
109
517
284
985
289
924
627
220
230
253
589
559
889
338
234
269
787
883
947
448
474
458
905
179
929
333
756
374
508
677
707
904
286
372
976
521
133
582
126
600
403
377
428
317
847
740
685
559
351
830
714
665
151
848
907
455
498
609
146
791
183
603
458
139
729
118
938
522
964
230
234
540
971
650
238
388
685
344
989
857
593
570
229
123
519
907
166
189
786
820
671
575
934
570
596
998
369
104
453
122
430
806
784
258
906
557
184
355
263
216
539
257
532
322
107
429
591
629
641
252
204
562
151
727
906
927
725
760
684
917
975
769
618
752
926
183
795
496
987
405
754
188
708
309
311
866
570
952
298
533
770
827
711
190
213
903
563
840
567
848
435
874
356
654
536
127
380
548
341
125
800
340
272
881
657
953
665
736
980
376
471
957
705
960
104
108
683
356
897
375
107
240
376
375
352
311
495
972
412
552
516
183
729
109
797
312
840
539
619
889
372
902
545
429
963
554
898
928
590
362
899
717
686
481
203
183
129
955
667
269
834
394
790
442
348
149
193
133
161
877
426
981
798
893
402
248
362
579
175
896
237
233
910
199
363
271
839
935
296
401
946
559
174
487
140
255
232
683
596
307
256
290
395
584
791
949
642
364
787
401
611
897
638
481
387
705
108
542
329
546
118
903
572
851
768
487
300
212
142
112
419
473
313
830
331
271
228
597
592
899
977
357
595
839
184
781
353
471
489
198
523
168
563
376
504
761
450
911
257
461
975
662
559
412
956
519
657
862
611
844
576
379
202
248
654
396
730
564
683
425
251
710
106
339
172
366
171
399
840
811
712
670
320
226
896
133
295
255
670
317
263
300
891
466
615
815
632
301
447
184
676
876
715
256
291
323
564
478
778
284
950
766
583
312
992
248
469
697
916
919
142
632
101
359
634
983
988
329
835
261
863
164
239
379
589
215
348
534
794
685
910
500
751
747
450
916
309
863
453
768
384
269
601
888
840
454
150
637
516
443
803
756
902
354
172
738
948
305
628
126
142
687
788
970
945
514
101
414
407
879
129
958
151
108
187
247
855
837
741
109
1000
358
814
782
801
794
745
604
947
167
505
712
947
256
137
479
364
425
819
816
647
242
575
377
391
418
747
517
819
482
196
866
895
115
483
166
390
905
262
948
858
334
988
673
847
129
290
693
848
699
799
627
954
210
562
567
713
996
571
126
559
558
397
977
529
702
394
761
542
106
155
956
301
814
728
470
260
401
556
948
898
302
835
254
237
443
765
669
845
914
332
506
571
483
997
469
583
535
347
719
676
882
491
711
470
688
948
479
376
825
486
862
968
213
939
737
139
229
506
717
165
201
507
151
492
761
469
831
497
349
215
329
145
296
138
192
463
995
859
721
564
764
822
351
407
641
437
162
241
400
465
804
889
479
530
866
671
694
242
864
871
536
966
896
558
787
549
746
128
844
538
505
992
973
741
386
905
470
787
531
394
265
186
350
121
831
419
449
742
189
483
352
268
282
279
102
139
265
366
148
578
542
344
576
483
788
788
456
827
156
424
604
682
288
281
494
771
261
701
349
717
929
681
224
424
670
652
822
468
953
366
452
197
960
496
888
506
228
492
504
808
470
448
777
486
443
626
261
465
401
259
274
790
785
843
682
318
235
204
473
614
830
807
149
772
616
966
401
573
685
604
319
528
127
304
600
183
403
983
115
878
999
374
660
534
270
898
666
964
536
159
831
493
934
262
767
610
941
782
904
194
477
549
866
400
750
374
116
427
603
347
731
140
588
296
452
712
670
803
518
474
835
306
398
344
897
609
951
727
428
772
576
721
448
714
677
974
769
835
657
388
260
909
851
384
360
872
101
798
724
318
856
732
145
217
542
521
525
562
913
821
856
599
303
681
108
246
903
420
723
687
203
302
593
652
619
635
946
742
897
150
937
619
927
545
762
771
791
553
525
564
166
867
225
474
413
990
165
511
461
588
159
777
324
601
945
331
910
826
803
370
151
300
183
730
359
393
902
229
850
289
186
702
741
279
734
455
847
312
700
179
906
384
803
482
208
546
589
723
638
950
183
586
842
901
923
967
998
978
754
499
285
785
645
921
148
818
731
654
436
947
539
442
609
265
157
621
581
824
314
674
853
422
270
797
641
918
720
681
960
326
710
620
528
386
243
552
387
844
323
988
952
936
158
914
743
953
912
904
548
583
141
599
896
242
169
330
166
697
968
247
549
152
477
181
720
273
149
137
519
673
786
506
259
151
525
767
968
427
178
422
583
283
796
572
905
747
662
876
326
703
315
791
357
619
161
342
347
344
276
594
992
319
207
605
304
445
604
913
468
350
885
798
664
456
719
714
669
465
528
121
152
987
502
852
641
809
190
835
562
857
691
212
923
805
707
103
408
774
286
550
362
334
955
913
663
823
372
313
266
297
783
680
385
571
441
451
580
536
757
264
436
955
174
914
401
661
930
805
574
672
355
399
790
944
752
772
832
907
499
634
985
912
331
323
369
580
832
896
583
196
214
679
588
941
604
242
882
809
796
460
909
270
369
930
348
764
373
238
570
486
678
332
692
371
345
814
244
227
881
346
920
263
933
205
840
146
597
677
931
591
912
724
360
274
522
493
410
956
758
933
779
744
683
237
592
320
215
622
686
497
996
661
771
818
867
422
305
345
623
881
690
593
150
323
747
550
554
718
670
363
628
203
886
275
180
195
946
684
308
835
477
342
834
883
411
474
945
365
667
293
183
849
663
152
340
267
243
860
220
733
942
148
908
162
486
277
210
881
658
451
300
686
674
658
757
945
821
915
162
696
238
843
863
340
153
446
757
762
620
869
438
939
927
853
870
724
693
550
785
987
946
244
810
415
919
438
410
823
291
217
320
849
781
175
421
155
226
799
208
994
188
431
695
859
574
815
319
388
896
947
300
945
478
974
214
940
226
965
702
393
509
916
632
429
786
233
984
187
151
670
447
202
827
725
223
431
163
306
223
219
482
284
148
745
758
720
447
524
330
485
533
215
128
450
444
401
435
842
121
646
844
118
678
332
199
596
472
997
122
365
801
984
561
259
783
263
352
334
554
174
559
188
645
338
400
761
465
400
251
658
263
539
339
233
372
776
122
935
621
515
158
626
786
186
869
330
298
629
468
763
591
241
954
416
363
350
516
961
779
579
653
937
404
770
242
103
756
812
716
705
349
581
989
710
685
177
706
193
329
810
851
959
544
718
284
523
816
520
301
226
185
572
139
895
656
815
278
845
340
400
175
629
332
796
554
788
697
300
133
868
234
381
328
629
555
243
188
472
532
393
986
431
376
987
502
104
373
763
287
921
301
973
935
310
240
992
288
355
913
809
991
167
936
368
166
446
728
168
662
609
563
838
115
897
727
540
910
237
131
521
683
464
646
260
935
736
867
174
229
411
552
148
193
451
806
819
148
795
491
794
364
503
285
975
682
269
760
982
979
166
179
187
461
814
470
277
223
451
377
215
918
454
377
545
792
416
718
690
109
407
265
982
129
637
228
385
348
408
494
426
979
417
501
562
408
600
643
641
381
959
386
475
750
820
256
332
994
926
950
383
794
859
608
342
852
898
827
708
547
340
184
191
559
606
879
118
665
458
591
591
226
611
186
942
335
985
632
259
851
790
629
513
941
328
515
906
269
211
445
489
205
234
884
949
695
220
264
375
448
469
228
646
962
371
477
365
346
203
451
663
470
778
478
901
1000
160
319
683
735
932
549
122
599
690
189
179
177
695
845
557
297
977
289
381
144
236
371
456
438
485
582
783
448
362
820
431
874
965
761
843
475
253
978
467
647
719
204
510
592
867
555
741
922
144
129
996
578
930
335
753
630
453
269
834
808
944
662
200
580
617
161
706
720
684
345
981
307
706
182
652
751
510
119
631
474
304
323
197
455
514
438
170
383
815
216
751
782
995
142
911
991
960
916
549
133
594
971
998
368
450
905
487
999
830
151
349
224
683
826
879
348
798
756
982
420
683
922
308
264
526
684
896
234
949
668
705
346
379
973
980
508
669
243
603
888
603
918
599
599
496
575
404
715
533
458
716
130
743
857
559
706
734
685
321
612
594
630
760
151
763
107
265
695
282
863
980
257
573
735
976
379
864
580
258
686
261
203
350
701
566
475
544
693
487
448
359
794
170
111
194
142
659
475
251
587
519
324
257
865
752
417
813
955
402
497
334
849
505
376
429
927
631
595
848
782
719
122
285
153
372
436
328
361
679
597
491
701
801
986
544
970
530
103
920
284
621
349
403
835
580
609
730
899
270
147
385
283
722
797
486
635
219
576
398
418
392
478
380
577
641
202
397
629
971
600
857
173
335
283
354
876
270
231
942
792
191
812
221
109
762
333
686
888
870
357
632
783
850
295
912
557
827
504
488
484
835
168
293
910
376
500
923
405
463
300
496
566
699
648
346
914
425
531
331
390
847
791
913
662
448
727
615
106
518
686
894
941
749
780
314
787
898
300
683
157
388
943
800
587
233
129
705
167
104
610
521
159
822
192
159
525
417
828
473
855
804
946
783
987
755
107
875
216
621
449
821
737
495
801
568
975
964
980
449
381
573
833
631
190
829
634
559
868
541
693
677
240
354
314
255
857
295
418
854
756
848
363
721
502
620
720
788
870
115
245
801
184
474
134
477
774
706
997
820
467
826
104
174
194
613
468
868
927
417
825
530
810
869
455
863
660
525
652
195
666
971
375
951
907
967
252
484
655
599
317
856
226
141
932
824
414
839
154
286
265
307
673
432
725
401
189
381
513
761
538
234
899
179
646
744
888
454
685
501
676
125
996
416
109
990
919
640
865
365
184
704
810
799
252
985
246
370
265
628
697
294
735
220
267
751
471
548
612
261
832
748
292
709
621
181
742
214
568
815
470
912
339
935
130
214
772
861
627
719
338
901
687
750
855
955
683
473
468
497
235
374
249
972
557
367
482
416
823
501
507
584
211
243
817
853
102
497
378
882
534
227
937
226
974
690
498
406
324
564
778
184
468
783
125
476
822
279
485
969
588
121
340
458
283
569
247
185
840
540
478
506
519
732
399
822
801
416
126
347
956
793
806
320
343
659
427
340
152
288
736
828
279
284
478
915
524
367
423
613
532
998
686
560
470
862
287
392
302
260
331
724
140
562
687
651
665
964
800
205
356
374
951
823
879
145
591
174
687
221
180
191
697
724
712
789
581
284
871
224
550
228
460
834
626
757
866
361
666
660
669
393
907
836
759
237
191
567
530
545
312
492
242
905
685
866
317
410
743
757
479
565
161
491
193
476
214
267
773
955
902
536
905
337
816
379
280
454
405
278
181
313
502
498
745
578
182
531
797
134
415
572
985
492
954
144
470
935
161
184
641
197
768
270
284
717
993
901
915
673
648
219
403
842
902
287
586
443
716
431
132
288
732
883
973
150
534
437
678
398
262
681
555
860
816
103
457
664
695
623
570
488
810
861
849
940
412
381
499
527
397
279
257
792
964
823
457
384
468
376
626
631
977
978
486
493
764
756
122
645
887
656
812
842
343
637
211
899
109
894
196
853
899
498
760
267
831
959
103
853
201
575
321
508
765
524
273
410
173
848
624
602
996
770
341
116
930
387
212
856
784
252
216
286
379
302
193
941
763
302
996
604
894
684
473
767
282
974
111
531
850
898
458
880
282
400
459
159
398
649
740
708
420
116
190
472
842
455
638
851
541
307
624
594
802
291
900
270
604
107
653
461
357
571
991
727
177
982
428
866
713
386
351
513
721
253
769
587
411
983
554
537
699
813
597
341
967
181
320
412
579
229
287
959
187
828
909
248
959
342
457
933
539
468
865
427
820
476
539
443
902
127
371
153
722
581
549
137
298
125
848
136
346
347
220
311
826
487
168
725
874
380
542
259
466
660
440
878
745
475
168
504
875
170
829
294
186
760
570
739
681
151
612
960
109
975
510
617
686
475
265
398
662
524
766
639
912
427
358
814
504
116
597
231
598
926
109
794
792
665
158
352
604
808
748
356
199
307
858
463
781
157
384
122
157
377
471
232
226
269
849
632
654
417
946
106
155
925
295
611
374
429
594
552
826
821
750
549
259
780
811
755
873
879
865
609
445
729
306
541
615
371
194
826
107
683
952
958
906
623
357
993
655
846
454
997
232
397
818
623
691
399
365
677
780
557
194
112
421
250
913
502
120
632
914
964
367
478
791
961
321
251
813
228
125
136
182
294
532
690
721
716
211
934
953
217
196
191
588
879
768
769
431
949
707
845
940
584
644
370
747
858
857
878
955
995
373
498
236
371
420
315
466
816
485
904
707
317
589
213
824
984
683
508
572
166
468
823
170
104
321
842
997
472
812
221
240
384
375
966
744
863
707
771
613
951
762
961
846
574
390
768
217
958
276
666
511
178
450
454
463
402
184
267
438
316
858
867
350
923
905
802
465
982
267
966
695
699
367
530
328
685
684
893
558
341
554
142
470
532
519
830
262
708
577
458
982
669
867
161
546
112
707
845
634
323
574
710
183
732
203
671
556
282
333
488
605
366
229
466
599
403
227
744
677
824
601
630
629
638
213
183
102
985
199
292
356
378
592
852
815
890
290
632
382
672
616
674
697
791
617
571
198
862
185
513
389
691
874
547
681
886
572
446
413
504
118
630
934
947
675
642
608
348
435
883
552
208
847
411
923
322
987
973
809
172
384
619
887
485
129
374
174
608
812
210
469
675
378
832
202
385
544
127
262
701
326
458
775
201
821
940
436
259
712
655
894
971
232
572
552
370
152
639
587
371
108
867
591
499
944
240
788
689
736
192
771
275
863
940
161
764
989
271
387
541
627
517
985
598
478
514
230
868
334
720
453
582
354
578
463
412
804
624
251
887
185
239
766
643
176
144
456
555
913
951
993
746
224
805
421
369
409
499
435
610
883
266
466
743
309
142
897
526
717
525
277
853
885
281
520
914
699
754
409
973
246
231
104
281
702
512
794
205
300
949
586
846
366
509
585
873
123
548
209
864
330
345
814
841
821
666
246
946
960
189
606
101
185
201
115
681
864
670
965
476
751
974
645
935
518
672
560
574
533
553
268
594
496
638
273
294
336
444
958
545
361
870
846
555
397
650
528
434
327
685
880
476
929
489
964
902
342
183
622
507
521
208
754
718
920
951
363
485
231
911
536
568
969
176
272
125
593
825
981
257
595
804
202
967
986
840
809
208
805
163
383
106
768
912
732
480
597
250
879
694
930
182
169
124
417
343
492
594
733
930
806
462
497
633
113
533
115
131
142
326
847
649
134
623
440
967
176
580
650
628
945
452
306
543
950
289
150
135
986
700
699
664
635
342
467
968
893
741
279
576
405
841
601
663
170
421
646
833
146
327
548
941
450
394
864
181
192
191
369
783
820
760
271
647
826
144
283
418
110
493
273
600
145
904
962
327
432
877
325
255
497
125
190
826
216
120
916
617
638
302
735
832
829
270
851
444
487
623
230
697
472
532
763
314
689
274
583
259
996
682
381
173
893
628
715
962
645
935
100
107
883
728
230
466
863
466
533
241
358
605
466
329
120
883
568
492
880
277
777
525
240
322
877
991
713
977
456
186
851
735
677
194
798
278
265
128
271
367
209
185
500
835
499
605
711
836
683
972
849
240
981
692
585
243
124
515
798
558
132
511
743
572
270
468
457
157
290
142
296
819
972
836
308
584
559
139
713
194
605
598
923
407
326
411
209
608
718
597
721
641
563
397
642
627
581
104
560
809
262
910
132
773
316
149
558
361
128
610
187
239
808
826
544
324
164
999
424
610
444
347
367
661
240
825
932
968
752
381
432
390
452
907
595
640
423
881
250
872
197
427
248
192
437
821
184
157
632
564
318
638
152
131
823
478
544
510
772
585
708
528
297
479
593
310
972
629
393
741
937
461
447
195
327
437
704
980
627
253
744
511
916
597
922
153
554
742
467
960
672
767
305
828
910
812
579
308
551
685
100
347
909
662
832
135
504
241
641
518
601
296
348
668
865
668
475
993
471
664
984
391
574
368
222
463
261
179
718
463
811
492
196
700
485
977
971
912
125
983
840
126
446
987
225
611
820
934
634
362
962
875
314
585
799
227
198
225
753
203
393
209
284
753
443
857
865
632
710
798
964
649
419
567
237
157
501
542
349
897
110
196
291
800
526
148
689
558
983
521
491
183
644
624
758
933
242
802
913
120
775
661
639
433
994
393
446
475
552
826
765
791
350
512
229
139
663
379
840
642
782
203
511
954
211
360
462
682
531
579
108
758
589
640
299
596
387
718
407
507
683
152
278
555
162
965
253
826
567
455
654
637
929
972
252
966
422
292
448
450
781
709
922
812
513
706
763
541
272
100
517
831
737
822
726
302
749
663
588
812
907
239
623
714
220
150
829
117
967
551
430
431
927
819
301
666
716
479
188
624
833
840
786
395
601
472
638
345
904
515
497
833
234
193
498
631
674
157
461
359
907
249
750
258
823
794
673
824
534
507
636
377
152
205
521
668
952
357
376
898
297
774
462
876
704
989
201
743
626
944
468
111
727
400
571
885
771
255
579
893
790
142
703
615
518
473
110
548
840
944
981
473
995
501
482
614
159
383
203
923
894
392
663
200
342
688
970
688
859
760
481
845
853
443
849
959
226
781
939
779
894
547
414
367
668
467
205
126
667
204
739
747
993
294
460
960
218
705
603
246
754
525
895
784
471
797
871
195
393
628
181
742
981
436
149
247
365
129
487
299
708
164
767
501
577
889
465
334
920
551
655
722
298
696
989
479
497
287
118
143
241
174
930
495
627
274
435
687
272
932
238
596
992
352
566
830
831
182
561
284
187
725
185
218
949
864
252
683
110
649
686
523
176
588
792
125
391
334
435
916
398
470
862
977
661
886
825
869
538
945
723
631
946
940
159
770
486
719
366
976
441
690
228
239
618
517
983
515
576
273
847
195
597
602
820
478
974
312
585
378
772
380
422
178
525
161
372
829
241
591
277
506
290
872
506
230
178
144
773
567
582
315
675
778
525
927
576
983
741
806
413
363
638
207
665
983
114
144
158
237
219
560
300
773
158
540
324
422
946
858
825
750
634
493
448
572
318
750
619
513
942
280
967
517
838
328
191
838
847
153
881
858
268
216
967
976
159
153
895
185
779
968
925
263
399
159
971
974
283
593
425
660
953
493
956
307
161
626
374
979
556
972
149
848
984
168
464
861
525
771
898
740
313
171
276
870
862
678
461
452
145
364
529
922
430
274
369
879
557
339
497
676
829
169
930
350
625
857
269
111
260
279
570
854
696
995
204
722
478
838
750
503
288
254
261
695
322
322
490
350
890
862
760
645
800
211
406
413
652
102
383
856
976
841
260
859
467
683
694
745
601
429
543
984
368
781
743
452
232
371
691
483
825
681
578
830
386
655
897
525
971
443
306
908
579
697
498
412
201
630
886
613
750
934
950
394
442
426
347
164
546
538
324
720
273
147
438
629
199
768
133
718
103
430
825
642
296
735
327
237
965
320
424
685
149
334
260
242
960
899
741
366
906
983
651
983
509
163
315
934
223
420
249
666
599
441
661
892
522
246
477
761
501
692
169
502
854
939
918
209
402
808
679
713
241
983
141
512
744
220
819
569
658
587
542
765
460
963
559
587
314
698
308
847
102
703
389
761
525
995
307
243
293
830
974
320
962
892
700
306
548
553
179
116
775
178
187
331
345
361
780
592
357
536
326
962
619
366
645
354
599
329
293
437
979
791
628
382
895
493
658
208
840
914
147
823
656
367
936
247
128
916
702
237
628
156
175
945
945
676
642
675
246
592
312
111
386
551
422
332
456
446
954
370
228
600
196
241
783
681
417
362
968
436
972
543
769
518
384
632
138
113
486
879
294
136
994
433
554
209
882
753
112
583
191
1000
361
179
311
667
533
960
999
970
901
464
249
655
622
955
252
851
535
976
814
949
501
517
548
208
262
903
217
536
673
357
853
834
456
432
620
345
391
989
800
887
389
545
769
944
988
343
554
618
493
297
700
575
685
782
986
728
458
308
913
986
722
652
544
355
665
754
932
516
376
393
926
305
140
103
868
985
811
368
537
756
802
927
753
999
396
467
151
627
300
543
352
337
881
972
999
795
463
400
247
393
803
726
575
260
655
415
817
169
728
391
859
744
988
376
501
307
746
252
196
575
402
140
156
228
710
964
178
443
292
126
935
119
344
593
342
693
610
345
524
665
202
409
928
195
144
764
658
149
819
510
477
402
816
211
567
541
910
228
895
273
924
411
571
588
363
574
368
194
404
234
442
653
138
986
496
265
511
132
537
238
541
456
568
759
207
797
1000
685
491
346
737
575
934
823
276
828
425
230
204
151
264
662
940
393
706
298
225
737
229
149
682
172
154
671
366
144
599
103
780
870
209
595
387
111
173
539
643
937
877
242
341
758
445
570
823
347
830
297
452
841
156
783
208
538
848
464
474
861
752
188
551
575
368
659
768
278
215
771
421
567
666
669
324
411
259
329
320
310
844
202
137
841
549
531
1000
546
191
550
577
999
837
981
517
479
936
545
508
895
656
343
336
963
472
341
181
235
459
353
117
699
271
551
644
505
362
523
709
755
847
948
434
963
723
980
522
738
324
566
589
769
942
326
762
258
845
911
301
848
877
169
558
425
560
520
732
949
714
461
697
261
313
125
729
892
788
505
764
768
194
740
377
898
936
355
580
740
243
273
222
807
522
835
910
706
402
711
458
823
389
289
995
698
839
285
411
382
327
435
121
476
974
730
644
122
349
322
449
100
576
493
720
231
446
780
307
592
441
304
906
520
245
401
775
740
950
705
566
439
841
274
638
129
629
539
558
894
270
470
417
994
367
784
353
753
449
772
812
642
463
431
477
645
364
395
969
519
900
399
778
505
263
122
130
692
479
230
267
409
491
713
105
539
465
150
871
363
915
850
760
912
854
851
502
178
634
238
828
653
139
935
518
966
700
318
455
570
720
627
532
361
161
980
375
586
489
175
416
955
247
381
513
511
237
732
651
251
358
791
977
528
684
596
856
855
605
279
967
981
396
410
483
890
660
849
479
868
748
990
366
131
354
349
382
510
895
111
642
749
166
313
413
813
954
730
133
152
624
330
262
702
846
606
169
844
931
955
129
259
789
731
233
693
662
841
153
864
960
544
669
509
738
428
823
507
206
414
734
771
903
891
787
128
376
111
128
168
794
331
354
426
291
950
114
251
688
713
914
195
438
918
249
351
930
552
359
361
337
347
364
123
272
675
297
435
954
464
826
386
319
284
197
481
959
570
279
235
856
493
394
432
115
767
851
833
490
903
861
845
634
185
660
412
735
275
753
109
120
222
667
189
546
726
499
733
373
275
916
394
329
520
775
830
153
472
385
463
672
174
254
193
812
636
494
784
748
857
371
994
331
173
598
159
828
232
492
500
698
163
769
242
524
940
731
330
231
861
955
658
258
683
364
764
962
462
384
808
964
636
449
968
456
759
834
575
478
761
657
446
613
504
269
449
929
279
548
712
153
801
518
874
715
803
760
462
232
387
414
872
742
113
560
752
679
174
629
401
821
879
520
567
196
426
123
395
320
414
687
390
285
684
411
601
347
391
817
203
477
720
382
102
376
558
819
717
291
130
266
662
622
149
827
437
940
950
416
285
108
244
926
335
494
235
764
756
549
921
513
268
111
383
943
154
521
927
177
876
475
678
532
386
942
740
742
622
320
359
647
317
771
338
825
276
225
124
276
174
900
518
753
872
135
382
842
713
814
642
352
577
462
963
306
434
291
167
114
837
849
521
169
486
762
195
380
783
906
185
490
304
258
305
987
858
827
467
244
994
725
310
430
555
404
596
795
597
869
268
991
912
828
869
227
693
669
111
461
864
246
539
562
187
382
404
579
183
936
970
394
404
619
994
278
878
357
347
458
831
217
257
729
903
602
387
558
913
742
635
381
139
595
658
151
521
511
775
172
917
601
102
135
171
266
582
687
632
578
739
467
991
235
805
655
339
760
933
673
966
835
760
650
765
765
706
389
333
128
455
133
991
310
603
540
739
795
786
954
843
122
918
390
287
331
126
269
405
714
291
428
347
368
300
154
441
866
513
446
360
354
870
464
111
885
652
346
384
871
670
907
442
728
198
170
419
267
316
603
858
517
886
949
856
567
851
419
393
611
372
636
503
171
822
221
689
178
532
602
221
756
671
500
510
807
233
830
637
349
346
176
312
324
926
833
162
935
300
860
502
702
692
762
608
357
516
839
376
188
386
565
918
579
817
632
919
311
388
193
685
473
186
353
903
992
764
421
536
379
770
857
117
495
929
763
398
807
133
474
721
528
795
402
310
115
756
395
101
345
395
385
945
161
161
248
834
684
969
578
264
642
792
263
398
323
431
743
160
967
323
116
355
611
469
957
827
664
315
688
803
526
115
280
896
336
226
105
574
541
667
633
647
292
863
943
463
404
879
851
936
208
736
900
273
609
868
906
860
536
615
547
564
278
548
336
768
717
416
328
965
494
783
612
614
794
250
246
341
807
786
292
362
432
980
171
764
659
747
760
552
137
756
338
291
571
402
886
116
908
412
611
269
785
392
144
587
704
900
278
435
881
811
174
917
971
789
354
936
621
851
504
570
885
175
835
909
907
730
488
238
138
577
231
739
777
516
210
179
838
896
212
347
329
519
904
720
325
800
380
321
421
916
528
343
120
960
455
930
344
981
384
172
507
882
453
853
724
558
782
846
829
932
847
166
184
137
301
873
414
268
851
174
771
392
285
505
270
213
117
226
167
439
280
636
204
956
684
655
458
645
151
745
988
763
194
123
334
925
961
194
348
899
922
816
205
373
314
802
288
927
219
879
618
857
593
515
604
532
306
965
499
527
745
406
578
342
704
815
163
770
742
189
561
553
169
507
257
370
443
894
111
866
675
784
132
341
319
291
553
656
427
202
255
896
465
848
534
175
787
247
644
724
904
400
174
248
229
872
194
167
720
590
330
295
410
180
658
510
901
204
764
678
786
826
527
425
512
302
175
870
700
788
546
450
651
569
669
406
660
596
250
321
947
587
417
358
305
728
822
605
620
837
591
522
251
193
578
240
645
136
674
520
633
190
682
741
905
424
838
610
105
576
553
435
487
386
804
248
766
587
833
247
478
556
454
920
264
537
789
624
915
483
503
898
723
531
299
727
705
168
354
937
343
596
147
428
481
848
853
565
104
627
440
502
712
467
304
756
737
324
833
436
360
605
966
313
265
527
596
201
911
683
840
479
224
879
654
157
679
596
574
494
162
139
870
596
284
495
135
468
545
791
285
709
541
486
975
126
560
963
380
518
413
949
857
817
128
296
362
421
868
263
881
411
435
693
595
403
313
657
706
372
460
200
430
398
748
426
980
882
142
208
490
676
692
154
832
351
990
394
901
982
412
519
420
485
555
729
828
746
259
671
538
539
743
995
636
936
590
756
514
512
402
769
216
668
733
591
797
946
218
462
989
827
334
840
412
348
610
229
764
225
946
123
954
312
130
445
113
812
722
292
222
1000
121
557
342
485
779
155
870
486
177
925
162
725
890
978
946
540
298
500
776
131
338
977
852
880
246
747
182
143
592
935
887
459
147
735
438
297
344
524
818
735
566
968
137
898
983
770
207
468
362
850
869
969
698
977
833
509
493
644
754
448
358
753
950
188
653
981
540
815
500
549
789
913
480
121
388
282
700
371
558
422
815
307
447
532
772
696
954
161
629
564
850
366
682
539
150
459
486
769
738
796
419
596
838
392
794
264
908
392
360
846
372
545
602
580
857
338
431
879
902
845
209
359
159
490
818
385
903
522
606
994
696
399
806
835
173
625
372
147
565
968
499
504
351
273
771
605
202
233
987
390
666
858
942
301
943
818
784
326
121
562
826
385
163
214
693
638
917
815
673
657
192
470
235
864
583
995
392
399
381
393
612
351
815
785
526
876
749
982
261
829
410
954
833
526
211
674
918
876
724
723
913
832
581
505
937
240
387
551
960
311
621
376
789
898
341
407
298
922
729
747
913
257
318
932
312
740
836
371
991
580
402
576
930
357
399
741
593
909
918
677
454
167
485
118
584
484
967
366
641
275
999
271
375
351
117
639
840
423
707
686
511
479
111
785
889
628
658
188
740
804
489
473
851
948
156
150
419
643
519
829
783
291
443
699
351
748
990
558
126
281
433
467
328
123
593
164
292
873
626
363
146
128
592
625
427
478
366
450
214
155
706
641
351
204
180
241
138
667
764
642
263
110
598
104
553
719
409
951
643
308
466
317
932
795
111
938
207
785
434
530
912
853
758
356
371
371
742
446
677
659
481
376
940
723
348
378
541
159
996
137
513
543
180
111
684
567
102
931
580
808
391
623
688
758
772
401
513
321
958
733
828
822
458
170
452
533
148
468
133
171
227
378
738
585
605
377
236
275
258
923
683
946
884
578
425
877
761
599
156
351
897
264
231
673
308
199
785
142
524
208
659
473
270
473
721
238
948
888
901
841
473
544
759
417
668
661
229
207
396
273
884
609
217
841
539
956
917
415
732
894
354
835
338
518
694
882
579
531
551
404
142
302
118
163
986
581
446
276
606
920
173
680
173
256
266
477
965
344
289
873
195
758
456
618
989
137
234
701
960
393
673
939
406
911
514
247
598
842
524
909
835
876
700
416
752
203
287
458
364
132
707
170
581
693
493
770
403
892
285
785
897
221
676
347
207
620
498
207
491
389
908
120
709
664
166
479
636
819
738
942
409
335
137
490
156
829
499
804
213
702
906
856
501
266
365
412
624
417
687
500
261
755
294
865
704
128
528
725
146
551
537
911
675
972
545
884
213
131
586
424
155
906
229
957
975
482
831
764
755
480
696
908
974
307
374
625
428
952
121
238
254
154
285
982
116
397
108
717
475
244
261
535
208
688
275
557
702
969
962
416
511
910
684
907
307
411
900
659
523
730
905
942
689
329
971
338
655
651
786
278
865
138
448
662
864
895
481
244
621
121
837
279
550
555
624
303
171
368
957
186
670
315
331
309
878
351
209
728
845
766
916
801
746
243
947
552
678
367
539
119
128
801
615
995
244
836
636
286
737
168
389
348
333
498
231
420
645
316
256
416
568
450
112
929
144
682
606
459
792
297
680
125
986
933
485
934
327
244
819
994
208
529
412
276
605
935
627
695
962
162
363
547
616
644
304
772
452
650
577
690
722
169
171
854
136
130
337
171
653
487
182
759
652
938
953
138
834
809
697
125
112
729
943
454
870
914
306
545
317
818
293
759
298
972
469
228
281
442
178
436
684
863
223
913
494
627
681
154
910
154
170
566
113
317
852
955
809
653
703
297
395
445
589
552
636
547
260
230
979
575
985
239
304
415
534
895
396
581
161
962
470
557
209
286
418
249
387
739
953
701
652
451
508
570
256
643
392
887
318
399
735
113
963
241
766
462
328
380
278
573
696
584
527
865
577
887
768
152
675
864
687
180
988
850
376
547
522
969
295
368
652
810
900
951
961
394
156
278
259
526
622
996
683
503
122
631
674
671
192
655
321
619
550
434
365
601
107
791
403
475
317
392
773
145
313
966
677
324
408
120
344
946
417
774
770
389
207
190
589
496
669
946
842
739
679
899
824
946
336
281
916
325
958
206
229
999
789
693
139
173
840
842
670
698
195
121
268
753
502
242
660
910
563
147
744
540
444
450
424
211
750
795
634
772
958
751
332
360
594
418
179
187
378
925
172
450
798
580
702
876
326
300
609
332
143
238
188
764
933
261
958
769
145
427
857
662
359
472
312
922
181
575
133
409
459
955
294
140
877
130
894
956
819
190
807
524
753
969
333
345
890
758
914
854
381
754
553
698
975
895
147
204
434
835
298
153
649
512
440
139
284
761
122
167
646
837
848
389
831
149
991
734
667
147
341
855
998
185
285
446
151
658
989
163
699
777
815
160
374
763
482
270
786
946
761
464
612
378
490
292
337
362
369
239
664
350
828
204
251
887
206
114
933
159
554
180
191
693
698
929
631
645
444
216
532
912
401
669
411
802
225
798
850
928
669
752
631
491
633
881
413
659
482
674
803
315
585
839
792
727
251
859
647
224
292
144
993
846
844
499
469
840
742
466
210
907
526
417
779
523
672
509
266
790
387
493
984
197
835
351
713
830
460
857
291
590
650
666
437
822
762
575
376
459
529
608
373
668
109
910
373
779
378
217
269
645
487
562
150
464
102
743
668
933
604
712
846
279
694
220
920
832
138
841
315
273
972
412
829
830
511
686
669
779
413
690
924
149
707
263
101
697
284
664
204
817
350
736
877
547
645
958
925
785
822
615
868
518
911
806
652
960
400
696
288
156
981
504
220
304
238
610
407
218
909
408
581
206
211
359
545
882
151
328
133
478
717
826
738
921
108
378
340
709
664
358
919
487
626
104
911
606
204
479
315
150
965
391
916
619
610
269
258
471
763
260
208
571
765
181
936
644
272
259
576
116
599
121
115
986
530
935
654
724
308
463
242
911
678
654
265
826
285
710
526
239
211
665
288
316
881
262
897
822
284
535
346
422
674
608
797
994
537
903
794
939
217
748
303
635
200
467
654
829
601
792
879
946
579
247
157
685
932
876
944
477
361
807
393
929
106
297
889
681
953
510
303
205
805
507
903
878
471
197
934
356
192
856
644
250
976
825
373
517
410
720
550
448
889
577
563
694
755
897
114
797
786
881
225
699
910
151
357
429
861
334
679
530
871
407
595
250
562
144
879
658
519
224
473
795
383
179
851
174
979
270
965
633
796
410
153
110
481
986
911
587
999
274
220
728
804
740
803
540
558
433
510
858
554
978
169
426
263
176
855
543
757
226
723
666
343
368
815
212
914
851
897
590
385
151
851
285
531
443
116
780
826
512
295
648
829
573
752
970
586
152
391
284
432
134
488
918
289
385
314
875
716
555
474
574
849
873
865
606
929
917
444
139
452
289
374
578
762
757
296
540
203
413
670
140
196
894
850
744
229
524
745
264
852
692
998
773
241
963
163
509
922
767
988
464
508
108
240
405
614
236
214
297
418
378
428
772
735
383
384
311
697
659
346
775
887
321
287
238
228
591
409
244
741
959
416
636
257
461
889
227
616
557
166
499
269
444
358
628
813
570
381
236
813
163
824
513
381
357
221
552
127
402
578
273
838
873
177
878
806
955
565
375
690
761
642
651
482
704
692
540
554
574
618
400
235
124
657
708
815
134
671
897
307
951
613
266
815
757
854
514
762
363
342
479
126
870
952
841
857
138
427
748
108
603
462
864
451
187
422
175
941
472
130
307
894
293
850
142
474
924
383
863
344
356
258
770
688
405
586
894
313
237
807
545
579
269
257
557
782
370
876
895
237
722
555
745
515
933
741
779
783
834
350
819
150
458
374
809
772
198
350
482
690
415
728
486
353
604
987
886
910
202
823
939
482
414
847
148
825
210
691
512
128
178
755
416
745
836
406
668
836
444
610
515
670
306
532
653
503
996
829
976
358
138
459
334
289
915
834
230
971
671
946
340
406
702
410
984
409
231
405
191
458
710
914
114
670
664
421
602
816
490
364
123
656
878
701
118
142
876
372
761
695
186
358
491
674
866
903
936
440
271
906
276
270
250
450
431
771
132
643
621
944
563
396
197
415
399
272
145
353
964
766
925
559
385
464
328
990
795
857
858
456
485
950
470
698
709
329
349
709
747
171
362
547
295
502
965
814
183
590
385
338
290
297
664
589
160
152
748
784
874
523
413
623
737
591
994
271
431
990
928
528
633
756
329
400
659
871
377
845
397
408
637
379
823
202
930
950
391
983
579
672
398
982
447
925
959
383
249
264
346
977
340
303
348
175
169
118
117
757
456
842
601
480
345
641
313
899
605
123
172
232
143
819
688
287
644
122
463
714
910
267
196
760
485
124
140
554
410
585
956
366
935
900
518
436
896
141
397
330
169
473
793
197
148
799
103
350
317
729
838
485
445
135
785
530
881
377
200
793
164
131
430
173
960
612
873
602
395
790
570
391
179
115
398
708
858
735
261
869
906
699
186
115
701
850
186
281
160
528
571
206
390
992
510
526
951
743
651
322
345
757
508
605
589
654
234
261
986
326
646
670
198
972
525
779
315
210
381
540
113
490
677
560
126
151
934
186
706
392
190
339
938
678
638
806
154
886
843
202
300
269
472
358
460
561
280
384
412
985
291
558
514
513
704
732
215
250
337
561
963
191
968
720
489
658
443
457
626
160
733
782
911
595
200
837
734
705
490
847
588
657
783
683
502
674
961
232
116
125
446
525
766
341
171
144
815
357
360
583
664
317
715
344
385
888
773
946
778
616
638
183
355
404
497
922
541
760
211
855
505
690
140
118
412
660
400
871
868
216
345
348
308
408
983
825
943
649
366
882
786
344
556
576
620
933
552
302
991
839
806
862
475
641
676
592
379
497
155
737
431
599
230
878
470
577
938
466
507
454
290
129
138
189
375
356
495
261
829
874
969
669
968
454
155
830
857
104
658
341
281
151
990
542
160
675
322
727
399
958
285
199
821
688
706
734
294
174
632
641
363
852
886
411
931
359
697
403
366
381
640
878
444
473
675
231
244
563
201
362
347
233
710
353
411
799
332
198
547
462
970
781
853
300
584
524
577
729
384
285
392
156
981
271
624
764
182
690
783
918
392
484
401
224
747
511
192
871
860
167
739
557
514
115
467
921
753
234
820
574
104
668
818
803
225
390
448
362
340
747
442
338
891
106
812
835
488
440
911
939
214
982
306
488
610
922
304
620
244
653
147
695
561
566
164
678
117
236
441
172
559
170
960
235
627
140
870
511
931
726
548
457
964
392
191
330
399
586
921
487
244
503
302
660
662
700
240
560
959
241
298
624
876
554
439
142
165
350
736
809
359
100
536
838
251
739
743
665
325
284
207
273
915
611
561
516
212
322
306
839
905
972
149
223
677
535
846
319
641
433
952
937
766
830
742
770
172
636
643
647
255
591
669
730
195
749
849
849
732
585
810
711
173
874
768
234
411
421
638
634
905
655
252
570
541
301
527
414
239
187
242
360
201
127
733
358
971
539
397
428
356
627
185
925
929
702
372
948
180
510
210
800
401
246
723
574
433
827
167
341
922
603
560
353
639
792
153
865
117
180
854
691
948
196
425
282
790
625
757
222
867
230
593
916
948
800
222
757
417
802
807
199
427
234
581
177
952
577
101
839
676
873
799
895
201
283
497
175
748
573
217
266
511
963
247
366
816
573
964
794
435
174
272
627
153
464
128
356
179
306
399
902
656
653
860
583
273
606
312
678
765
418
688
472
521
620
661
870
186
285
403
837
925
848
111
262
451
390
269
539
969
708
115
785
660
394
544
249
789
305
755
913
165
418
191
249
511
115
652
358
697
840
448
947
253
641
913
874
530
589
438
263
764
950
461
285
836
480
463
741
557
885
680
202
817
544
517
258
512
115
128
303
604
496
691
641
519
214
380
365
546
656
982
253
391
171
198
760
178
919
384
846
475
406
510
724
917
743
260
738
579
557
101
122
528
340
421
810
711
500
173
327
703
198
200
400
521
750
199
693
206
716
917
263
983
589
912
273
559
129
510
938
777
592
271
966
914
340
562
564
921
184
288
686
239
692
557
816
476
365
324
752
576
453
505
793
261
966
322
924
840
224
287
746
183
250
664
555
904
102
115
442
114
882
707
690
696
827
602
675
455
535
740
284
611
509
990
278
818
971
377
333
222
192
132
819
369
488
649
199
919
796
589
903
969
327
738
915
755
113
986
464
358
293
565
540
497
510
524
494
857
267
795
346
866
772
209
678
196
560
587
361
787
157
435
116
482
421
983
910
447
469
510
758
277
727
298
481
165
809
715
593
109
380
767
580
497
815
883
247
366
876
437
988
443
461
826
834
355
598
115
866
333
780
183
899
325
234
966
489
158
996
633
383
520
282
626
610
209
294
320
767
861
588
644
368
743
267
976
820
572
645
938
962
970
592
138
405
248
513
648
388
151
994
891
874
961
590
691
604
889
911
827
131
676
168
888
288
199
108
978
939
437
529
753
118
724
288
747
742
329
484
261
1000
608
904
251
743
267
455
468
620
839
351
798
253
647
182
507
302
954
230
767
384
515
568
700
499
412
245
658
870
238
944
907
655
816
523
345
795
252
153
925
816
734
261
247
139
620
561
169
971
641
117
564
109
496
650
908
717
151
506
882
202
326
893
152
731
398
714
620
431
406
495
855
866
364
244
425
377
501
169
742
458
993
229
234
960
338
597
919
309
319
350
970
481
946
862
662
978
168
164
687
483
975
583
458
765
918
637
633
990
704
345
643
629
993
372
521
349
922
899
563
861
823
207
238
762
818
925
766
623
758
154
841
354
108
771
675
720
310
294
490
271
825
212
132
259
913
911
444
290
631
400
422
873
198
508
408
427
456
447
268
548
634
877
185
188
343
450
225
374
555
914
907
803
873
974
485
181
101
865
932
945
340
449
279
400
333
393
844
779
845
929
821
890
555
411
881
162
244
247
807
952
699
891
987
293
872
949
168
262
905
450
358
515
975
931
234
116
196
658
782
269
161
555
551
294
687
798
669
624
450
918
295
215
721
315
426
399
264
383
328
485
416
413
595
363
442
554
125
349
114
846
884
457
657
507
296
146
191
584
850
329
324
343
757
253
899
843
855
199
995
729
665
848
823
290
586
457
805
137
644
143
125
268
805
222
258
850
354
891
802
779
518
761
604
778
763
732
814
621
413
882
386
371
500
262
570
876
658
335
423
130
763
844
561
238
129
443
311
469
431
531
477
676
195
452
392
746
825
868
932
442
147
628
452
146
838
561
877
171
851
366
397
336
175
215
421
841
956
121
162
799
869
672
528
639
301
531
892
576
334
968
673
188
896
532
597
511
960
940
120
347
273
954
262
281
871
903
901
895
814
159
756
105
114
900
122
933
838
311
425
680
880
877
876
636
998
619
605
695
791
417
703
112
148
122
179
342
672
738
274
686
495
219
192
674
516
337
631
193
899
353
665
968
656
378
901
270
726
848
937
774
575
352
312
775
403
650
789
301
694
133
411
934
816
541
210
475
746
999
190
106
298
265
232
264
593
635
478
145
611
847
686
540
651
319
978
687
369
343
876
449
470
103
549
796
882
429
933
955
472
140
425
694
982
555
153
283
185
675
545
162
170
796
799
544
110
531
760
687
594
815
868
845
609
652
369
351
414
201
143
787
136
850
305
635
349
864
606
684
567
116
789
348
617
421
751
935
396
940
434
304
203
216
218
241
744
136
170
310
987
657
163
999
931
664
355
482
790
457
595
949
842
552
134
362
346
505
657
929
419
172
995
941
636
781
729
336
675
875
127
204
207
559
102
878
846
305
112
112
217
932
953
542
353
997
335
547
805
843
362
440
704
886
902
711
544
620
250
542
902
211
540
901
588
585
686
282
979
791
559
101
240
740
400
696
185
692
592
624
246
485
468
681
798
557
497
792
951
293
546
304
881
400
446
203
436
381
463
140
120
636
645
195
780
189
211
944
954
225
146
613
738
514
472
220
212
569
858
108
968
312
689
825
442
922
593
395
213
827
331
187
299
740
598
509
148
843
458
189
750
894
247
925
674
978
489
257
776
927
448
294
835
983
265
385
855
850
372
836
609
866
314
911
447
693
328
285
453
998
953
960
969
371
550
894
127
840
342
778
270
522
837
310
965
193
785
376
386
107
380
176
134
751
396
317
916
810
137
833
568
267
469
198
824
389
708
865
638
873
546
921
713
654
401
327
122
311
648
549
562
169
753
370
141
542
402
223
934
477
659
865
424
204
597
282
304
873
108
674
772
404
550
260
512
666
198
388
596
374
869
312
287
252
817
983
325
980
288
252
853
458
275
405
608
820
288
516
992
479
725
493
705
427
409
848
389
627
916
578
955
609
777
253
204
486
681
392
423
384
428
208
451
534
138
571
976
275
780
189
877
917
585
973
233
454
843
586
973
154
126
294
448
310
946
596
450
986
345
841
821
182
820
484
496
653
944
915
844
105
516
618
748
708
442
291
386
485
804
945
875
268
909
783
194
234
898
558
424
714
341
932
372
854
750
193
393
110
261
393
178
436
209
136
568
627
217
729
293
830
260
651
616
1000
246
871
653
535
416
880
927
151
602
587
301
477
408
128
687
270
581
805
125
215
423
861
832
469
972
884
436
734
809
261
119
921
653
898
807
311
740
371
440
986
208
955
179
308
585
830
496
345
152
840
818
607
516
447
492
586
770
873
448
264
969
110
105
422
681
128
994
791
305
104
735
912
844
174
144
953
109
649
679
627
222
836
292
617
417
399
765
410
884
810
161
153
640
929
575
496
829
960
471
792
139
492
980
618
984
432
387
399
117
158
305
686
254
346
981
866
189
497
294
192
889
129
111
250
588
138
373
218
237
610
111
532
462
944
148
578
889
126
766
571
274
930
130
830
447
353
863
440
584
755
866
596
975
299
460
823
354
889
926
248
488
699
213
526
423
637
183
844
647
988
203
300
787
925
886
960
868
389
326
691
555
551
546
379
673
714
870
274
821
211
539
834
263
813
165
560
571
190
808
850
231
619
856
804
273
862
231
661
970
694
829
519
802
826
780
940
505
929
160
867
571
663
501
999
648
822
235
791
319
399
806
224
390
391
949
681
527
162
315
332
874
789
745
909
665
924
858
823
118
987
827
113
924
606
295
930
582
506
452
943
649
574
730
914
670
547
622
146
423
408
290
729
102
879
388
468
489
394
852
441
801
217
451
909
629
177
708
629
782
243
443
735
888
306
721
725
713
451
422
713
916
587
208
734
557
785
982
217
574
845
252
708
763
946
794
463
246
106
629
334
196
794
406
662
439
267
757
954
763
783
333
306
832
408
566
534
972
574
262
748
669
536
873
356
383
309
717
576
979
879
881
748
853
325
925
177
314
256
507
522
297
537
727
314
210
147
940
725
700
394
723
197
768
656
369
942
153
536
712
304
379
952
377
987
900
496
556
196
769
913
864
811
322
704
934
732
583
918
712
821
574
120
213
477
648
381
624
270
434
789
799
258
853
286
847
498
353
456
815
852
260
461
909
183
645
644
730
165
856
305
275
942
458
285
579
784
850
966
896
402
815
291
315
594
128
452
154
230
554
284
198
983
552
383
504
217
422
344
677
414
208
916
865
211
378
285
679
335
682
381
178
243
106
840
656
152
881
108
347
881
359
461
881
813
359
173
407
162
701
265
353
721
618
706
445
219
628
996
457
858
789
998
374
162
443
686
883
534
100
192
740
595
541
110
553
899
348
428
466
822
354
567
348
708
859
175
866
692
251
475
492
247
346
997
945
450
300
909
245
324
388
470
610
356
502
518
811
485
424
964
140
774
556
272
863
729
963
458
279
210
789
771
465
285
870
659
512
575
412
118
979
330
699
873
482
227
414
519
221
207
206
448
286
491
636
361
495
294
848
809
423
742
955
874
388
450
639
838
493
931
392
441
792
619
1000
742
923
204
855
700
139
358
624
464
293
661
957
250
217
555
137
435
839
856
962
522
768
946
600
483
991
152
511
683
712
400
969
217
471
693
652
321
618
758
231
427
985
348
504
384
703
195
230
320
778
169
446
715
370
484
571
298
590
757
344
811
543
289
958
262
282
862
585
765
584
660
822
558
381
306
781
963
717
564
598
151
994
462
301
183
107
761
928
638
616
537
317
100
616
710
716
157
751
157
190
852
551
584
754
684
719
598
401
426
607
298
290
972
534
118
956
473
170
952
127
710
832
545
386
928
420
757
638
304
743
754
327
787
239
895
685
940
276
165
133
706
388
728
471
342
282
470
307
207
365
439
150
352
705
670
970
456
268
500
919
762
340
562
114
146
235
371
776
536
447
125
731
267
437
451
466
351
864
358
692
606
344
220
716
693
550
609
124
759
453
411
507
267
524
239
105
999
730
816
584
763
438
308
103
556
722
990
884
712
935
324
197
198
402
860
771
511
140
869
240
797
973
696
381
484
677
866
778
499
944
743
956
103
575
370
664
380
861
445
435
683
312
344
261
164
897
707
451
115
778
695
822
289
264
466
189
739
388
604
828
664
571
744
185
423
522
676
685
449
881
914
327
926
543
806
185
809
482
997
755
557
903
490
905
518
546
206
761
814
723
554
548
603
921
927
199
652
611
518
605
708
647
437
939
564
258
165
332
622
854
637
573
100
650
645
821
577
475
628
784
383
757
172
411
214
247
246
969
103
206
680
546
194
659
476
894
885
886
130
832
529
497
654
444
319
716
168
672
194
339
840
312
157
286
587
273
465
977
482
763
751
459
309
385
951
921
419
243
509
926
898
442
931
740
187
242
958
932
699
278
658
967
120
361
755
456
207
701
780
632
623
946
951
322
610
870
833
792
613
769
755
599
114
874
739
405
247
792
932
453
129
466
865
785
912
582
239
928
733
543
737
254
156
507
448
927
853
459
572
553
278
757
691
296
741
531
580
431
909
864
941
597
673
272
844
148
667
978
300
944
315
559
588
138
572
926
687
212
529
974
138
970
647
875
720
607
322
965
531
909
217
989
381
695
156
256
539
227
798
362
465
846
418
546
882
816
874
549
481
206
964
395
964
175
414
795
495
287
945
359
835
199
184
943
851
693
391
631
805
565
431
783
327
471
867
194
593
106
355
635
368
526
550
885
422
468
199
576
850
284
206
400
915
319
436
994
726
401
922
538
976
740
355
655
586
670
344
864
490
917
623
690
944
704
528
492
676
805
906
501
433
736
103
639
321
831
841
303
148
185
216
584
812
221
408
113
478
554
303
575
420
716
565
798
489
989
366
194
865
204
617
877
197
956
561
926
931
486
500
283
486
923
214
915
198
832
588
789
281
553
670
650
237
921
623
983
384
513
574
415
746
685
368
492
592
282
509
829
216
605
158
540
786
622
935
775
810
375
575
953
813
357
750
693
423
943
601
260
116
439
611
219
248
661
746
128
916
501
872
615
689
913
534
725
415
272
862
141
217
809
375
360
655
766
973
797
119
433
308
459
759
209
479
743
869
581
528
845
593
465
581
930
654
789
726
176
727
561
971
373
335
271
810
185
120
554
859
685
799
945
711
293
158
386
550
614
112
671
305
845
167
160
534
129
202
652
569
727
604
769
871
118
842
952
304
656
702
131
972
938
403
514
764
355
691
581
792
132
101
462
920
453
427
661
738
619
876
323
663
751
375
682
818
191
776
168
242
234
168
569
153
196
759
745
615
741
609
659
869
822
181
515
833
673
154
771
234
362
491
762
652
613
586
856
358
471
662
969
837
543
192
995
222
846
461
122
236
272
717
840
444
582
642
855
710
933
298
414
411
443
250
564
149
879
667
315
974
753
811
971
888
594
289
852
752
410
307
919
881
607
602
267
264
844
643
645
100
676
124
436
946
643
365
858
743
383
643
723
166
851
487
109
255
100
113
931
535
252
563
505
967
641
984
265
494
669
160
931
784
488
986
931
125
477
966
587
385
700
420
875
288
730
196
495
457
648
783
790
898
187
309
351
975
199
417
420
816
352
888
380
450
459
796
202
974
196
155
220
330
786
822
698
189
810
771
279
540
386
180
462
956
835
155
222
121
992
767
897
738
742
213
512
232
396
236
618
183
645
166
383
511
545
474
263
158
411
667
309
551
609
763
368
996
139
659
889
881
114
893
130
554
527
325
364
267
320
223
455
751
398
185
787
258
573
590
228
276
740
961
608
944
950
910
975
442
300
426
871
930
199
598
905
960
343
800
893
258
764
641
497
517
351
547
373
685
846
308
549
381
313
805
842
272
521
302
714
826
418
426
601
910
565
878
625
114
597
110
308
461
565
248
575
752
258
742
103
949
890
941
222
579
943
447
329
299
583
448
869
881
876
161
136
134
823
474
653
793
727
685
163
453
906
908
385
583
360
187
844
238
366
348
359
344
251
263
987
809
140
999
936
873
775
142
998
764
369
112
504
713
617
532
818
806
954
341
514
354
628
224
950
187
875
413
289
486
462
130
127
763
360
564
659
912
219
176
889
875
600
690
639
457
197
848
463
942
285
519
772
506
193
773
682
188
338
586
144
198
130
184
225
976
336
417
956
693
111
540
424
212
339
153
831
111
282
855
779
921
926
600
310
318
749
974
638
207
302
136
634
271
566
119
823
524
634
187
261
607
214
591
982
559
533
537
287
271
197
433
182
132
363
367
531
767
643
613
685
318
696
472
973
296
361
615
574
810
957
765
768
612
894
550
673
148
606
291
598
890
324
309
765
209
848
540
715
226
687
699
971
991
696
735
850
431
974
825
985
533
478
220
328
136
489
176
339
595
591
692
574
275
245
147
354
846
475
549
419
235
721
624
935
276
200
335
184
839
983
180
523
778
794
690
429
547
616
676
715
679
932
708
450
519
769
829
714
866
233
540
403
998
318
591
271
111
205
181
751
700
562
640
531
124
113
446
840
655
647
281
116
487
643
346
632
822
981
798
803
949
477
847
990
219
403
889
413
275
245
912
295
132
894
297
793
178
121
551
951
632
553
663
578
356
410
513
531
118
806
209
189
501
967
802
238
955
132
120
781
719
384
117
464
418
570
174
785
177
175
154
170
199
162
903
981
940
136
928
687
469
449
989
461
451
574
705
695
286
112
348
402
187
588
832
904
182
244
181
779
568
802
327
359
826
704
133
158
928
638
505
690
270
769
224
379
559
451
400
221
536
971
879
230
781
462
959
670
167
611
873
894
397
403
279
480
544
831
640
573
137
703
715
225
488
486
840
816
628
763
875
726
805
830
897
184
590
284
392
234
685
933
614
325
101
466
475
634
688
760
211
280
588
417
749
549
702
610
542
550
552
948
481
159
103
413
143
386
102
875
181
313
727
991
496
730
871
310
578
858
278
694
893
141
278
429
107
783
221
525
810
988
309
816
375
489
988
704
350
658
136
819
303
829
498
724
798
925
172
533
316
172
988
483
210
475
989
607
871
391
616
610
558
477
901
697
782
294
242
367
304
556
127
825
714
593
620
929
566
408
808
575
604
943
112
343
248
653
381
789
796
696
526
764
122
992
50
50
50
50
50
50
50
51
51
51
51
51
51
51
51
51
51
51
51
52
52
52
52
52
52
53
53
53
53
53
53
53
54
54
54
54
55
55
55
55
55
55
55
55
55
56
56
56
56
56
56
57
57
57
57
57
58
58
58
58
58
58
58
58
59
59
59
59
60
60
61
61
61
61
62
62
62
63
63
63
63
63
63
63
63
63
63
63
63
64
64
64
64
64
64
64
65
65
66
66
66
66
66
66
66
67
68
68
68
68
69
69
69
69
69
69
69
70
70
70
70
70
70
70
70
71
71
71
71
71
71
71
71
72
72
72
72
72
73
73
73
73
73
73
73
74
74
74
74
74
74
75
75
75
75
75
75
75
75
75
75
75
75
75
76
76
76
76
77
77
77
77
77
77
77
78
78
79
79
79
79
79
79
80
80
80
80
80
80
81
81
81
81
81
81
82
82
82
82
82
82
83
83
83
83
83
84
84
84
84
84
84
85
85
85
85
86
86
86
86
86
87
87
87
87
87
87
87
87
87
87
87
88
88
88
88
88
88
89
89
89
89
89
89
89
90
90
90
90
90
90
90
90
91
91
91
91
91
91
92
92
92
92
93
93
94
94
94
94
94
94
94
94
94
94
95
95
95
95
95
95
96
96
96
96
96
96
96
96
97
97
97
97
97
97
97
97
98
98
98
98
98
98
98
98
98
99
99
99
99
99
99
99
99
99
99
100
100
100
100
100
100
100
101
101
101
101
101
101
101
102
102
102
102
102
102
102
103
103
103
103
103
103
104
104
105
105
105
105
105
105
105
106
106
106
106
106
106
107
107
107
107
107
107
107
108
108
108
108
109
109
109
109
109
110
110
110
110
110
110
110
111
111
111
111
111
112
112
112
112
113
113
113
113
113
113
113
113
114
114
114
114
114
114
114
114
115
115
115
115
115
116
116
116
116
116
116
116
116
117
117
117
117
117
117
117
118
118
118
118
118
118
118
118
118
118
119
119
119
119
119
119
120
120
120
120
120
120
120
121
121
121
121
121
121
121
121
121
121
122
122
122
122
122
122
122
122
123
123
123
123
123
123
123
123
123
123
123
124
124
124
124
125
125
125
125
125
125
125
125
125
125
125
126
126
126
126
127
127
127
127
128
128
128
129
129
129
129
130
130
130
130
130
131
131
131
132
132
132
132
132
133
133
134
134
134
134
134
134
134
134
134
135
135
135
135
135
135
135
135
135
135
136
136
136
136
136
136
136
137
137
137
137
137
137
137
137
137
138
138
138
139
139
139
140
140
140
140
140
140
140
140
141
141
141
141
141
141
142
142
142
142
142
142
142
143
143
143
143
144
144
144
144
144
144
144
144
145
145
145
145
145
145
145
145
145
146
146
146
146
146
146
146
146
147
147
147
147
147
147
147
147
148
148
148
148
148
148
148
148
149
149
149
149
149
150
150
150
150
150
150
150
150
150
151
151
151
151
151
151
151
151
151
151
151
151
151
151
152
152
152
152
152
152
152
152
152
152
153
153
153
153
153
153
153
154
154
154
155
155
155
155
155
155
155
155
155
156
156
156
156
156
156
156
156
156
157
157
157
157
157
157
158
158
158
158
158
158
158
159
159
159
159
159
159
159
159
160
160
160
160
160
160
161
161
161
161
161
161
162
162
162
162
162
162
162
162
163
163
163
164
164
164
164
164
165
165
166
166
166
167
167
167
167
167
167
167
167
167
167
167
167
167
167
168
168
168
168
168
168
168
169
169
169
169
169
169
170
170
171
171
171
171
171
172
172
172
172
172
172
172
172
173
173
173
173
173
173
173
173
174
174
174
174
174
175
175
175
175
175
175
175
175
175
176
176
176
176
176
176
176
176
177
177
177
177
177
177
177
177
178
178
178
178
178
178
178
178
179
179
179
179
179
179
180
180
180
180
180
180
180
180
181
181
181
181
182
182
182
183
183
183
183
183
183
183
183
183
183
183
183
184
184
184
184
184
184
184
185
185
185
185
185
185
185
185
186
186
186
186
186
187
187
187
187
188
188
188
188
189
189
189
189
189
189
189
189
189
190
190
190
190
190
190
190
190
190
190
191
191
191
191
191
192
192
192
192
192
192
192
192
192
192
192
192
193
193
193
193
193
193
193
193
193
193
193
194
194
194
194
194
195
195
196
196
196
196
197
197
197
197
197
198
198
198
198
198
199
199
199
199
199
199
199
199
199
200
200
200
200
200
200
200
201
201
201
201
201
202
202
202
202
203
203
204
204
204
204
204
204
204
205
205
205
206
206
206
206
206
206
206
206
206
206
207
207
207
207
207
208
208
208
208
208
209
209
209
209
209
209
209
209
209
209
209
210
210
210
210
210
210
210
210
210
211
211
211
211
212
212
212
212
212
212
212
212
212
212
213
214
214
214
214
214
215
215
215
215
216
216
216
216
216
217
217
217
217
218
218
218
218
218
219
219
219
219
219
219
219
219
220
220
220
220
220
221
221
221
221
221
221
221
222
222
222
222
222
222
222
222
222
223
223
223
223
223
223
223
223
224
224
224
224
224
224
224
224
224
225
225
225
225
225
225
226
226
226
226
226
226
226
226
227
227
227
227
227
227
228
228
228
228
228
228
228
228
228
228
229
229
229
229
229
229
230
230
230
230
231
231
231
231
231
231
231
232
232
232
232
232
232
232
233
233
233
233
233
233
233
233
233
233
233
233
234
234
234
234
234
235
235
235
235
235
235
236
236
236
236
236
236
236
236
237
237
237
237
237
238
238
238
238
238
238
238
238
238
239
239
239
239
239
240
240
240
240
240
240
240
240
240
240
241
241
241
241
242
242
242
242
242
243
243
243
243
243
244
244
244
244
244
244
244
245
245
245
245
245
245
245
246
246
246
246
246
246
246
246
246
246
247
247
247
247
247
247
247
247
248
248
248
248
248
248
248
248
249
250
250
250
250
250
250
250
250
251
251
251
251
251
251
251
251
251
251
252
252
252
252
252
252
252
253
253
253
253
253
253
253
253
253
253
253
254
254
254
254
254
254
254
254
255
255
255
255
255
255
256
256
256
256
256
256
256
256
256
256
256
257
257
257
257
258
258
258
258
258
259
259
259
259
259
260
260
260
261
261
261
261
261
262
262
262
262
262
262
262
262
262
262
263
263
263
263
264
264
264
264
264
265
265
265
265
265
265
266
266
266
266
266
266
266
266
266
267
267
267
267
267
267
267
267
268
268
268
268
268
268
269
269
269
269
269
269
269
269
270
270
270
270
271
271
271
271
271
271
271
271
272
272
272
273
273
273
273
273
273
273
273
273
273
273
273
273
274
274
274
274
274
274
274
274
274
275
275
275
275
275
275
275
276
276
276
277
277
277
277
277
277
277
278
278
278
278
278
278
278
279
279
279
279
279
279
279
279
279
280
280
280
280
280
280
280
280
281
281
281
281
281
281
281
281
281
281
282
282
282
282
282
282
282
282
283
283
283
283
283
283
283
284
284
284
284
284
284
284
284
285
285
285
285
285
285
285
286
286
286
286
286
286
286
286
287
287
287
287
287
287
287
288
288
288
288
288
288
289
289
289
289
289
289
289
289
290
290
290
290
290
290
290
290
291
291
291
291
291
291
291
292
292
292
292
292
292
292
292
293
293
293
293
293
293
293
293
293
294
294
294
294
295
295
295
295
295
295
295
295
296
296
296
296
296
296
296
297
297
297
297
297
297
297
297
298
298
298
298
298
299
299
299
299
299
300
300
300
300
301
301
301
301
301
301
302
302
302
302
302
302
303
303
303
304
304
304
304
304
304
305
305
305
305
305
305
306
306
306
306
306
306
306
307
307
307
307
307
308
308
308
308
308
309
309
309
309
309
309
311
311
312
312
312
312
312
312
312
312
312
312
312
313
313
313
313
313
314
314
314
314
314
314
314
315
315
315
315
315
315
315
315
316
316
316
316
316
316
316
317
317
317
317
317
317
317
318
318
318
318
318
318
318
318
319
319
319
319
319
319
320
320
320
320
320
320
321
321
321
321
321
321
321
321
322
322
322
323
323
323
324
324
324
324
324
325
325
325
325
326
326
326
326
326
326
326
327
327
327
327
327
328
328
328
328
328
329
329
329
329
329
330
331
331
331
331
331
332
332
332
332
332
332
333
333
333
333
333
334
334
334
334
334
334
334
334
334
334
335
335
335
335
335
335
335
335
336
336
336
337
337
337
337
337
337
337
337
337
338
338
338
338
338
339
339
340
340
340
340
341
341
341
341
342
342
342
342
342
342
343
343
343
343
343
343
344
344
344
344
344
344
344
344
345
345
345
345
346
346
346
346
346
346
346
346
347
347
347
347
347
347
348
348
348
348
348
348
348
349
349
349
350
350
350
350
350
350
351
351
351
351
351
351
351
352
352
352
352
352
352
352
352
352
353
353
353
353
353
353
353
353
354
354
354
354
354
355
355
355
355
355
356
356
356
356
356
356
356
356
357
357
357
357
357
357
357
357
357
357
358
358
358
358
358
358
358
359
359
359
359
359
360
360
360
360
360
360
360
360
360
361
361
361
361
361
361
362
362
363
363
363
363
363
363
363
363
363
364
364
364
364
364
365
365
365
365
365
366
366
366
366
366
367
367
367
367
367
367
367
368
368
368
368
368
368
368
368
368
368
368
368
368
369
369
369
369
369
369
370
370
370
370
370
371
371
371
371
371
372
372
372
372
372
372
372
372
372
373
373
373
373
373
373
374
374
374
374
374
374
375
375
375
375
375
375
375
375
376
376
377
377
377
377
378
378
378
378
378
378
378
378
378
379
379
379
379
379
379
379
379
380
380
380
380
380
380
380
380
381
381
381
381
381
381
381
381
382
382
382
382
383
383
383
383
383
383
383
383
383
383
384
384
384
384
384
384
385
385
385
385
385
385
386
386
386
386
386
386
387
387
387
387
387
387
387
388
388
388
388
388
388
388
388
388
389
389
389
389
389
389
389
389
389
389
389
389
390
390
390
391
391
391
391
391
391
391
391
391
392
392
392
393
393
393
393
393
394
394
394
395
396
396
396
396
396
396
396
396
396
396
396
397
397
397
398
398
398
398
398
398
398
399
399
400
400
400
400
400
400
401
401
401
401
401
401
401
401
401
402
402
402
402
402
402
402
402
403
403
403
403
403
403
403
403
404
404
404
404
404
404
404
405
405
405
405
405
405
405
406
406
406
406
406
406
406
407
407
407
407
407
407
407
407
408
408
408
408
408
408
408
409
409
409
409
409
409
409
409
409
409
410
410
410
410
410
410
410
411
411
411
411
411
411
411
411
411
411
411
411
412
412
412
412
412
412
413
413
413
413
413
413
413
414
414
414
414
414
414
414
414
414
415
415
415
415
416
416
416
416
417
417
417
417
417
417
417
417
418
418
418
418
418
418
418
419
419
419
419
419
419
419
419
419
419
419
420
421
421
421
421
422
422
422
422
422
422
423
423
423
423
423
424
424
424
424
424
424
424
424
424
425
425
425
425
425
425
425
426
426
426
426
426
426
426
426
426
426
427
427
427
427
428
428
428
428
429
429
429
429
429
429
429
429
429
429
429
430
430
430
430
430
430
430
430
430
430
430
431
431
431
431
431
432
432
432
432
433
433
433
433
433
433
433
434
434
434
434
434
434
435
435
435
436
436
436
436
436
436
436
436
437
437
438
438
438
438
438
439
439
439
439
439
439
439
440
440
440
440
440
440
441
441
441
441
441
441
442
442
442
442
442
442
443
443
443
443
443
443
443
443
444
444
444
444
444
445
445
445
445
445
446
446
446
446
446
446
446
446
446
447
447
447
447
447
447
447
447
447
447
448
448
448
448
448
448
449
449
449
449
449
449
449
449
449
450
450
450
450
450
450
451
451
451
451
451
452
452
452
452
453
453
453
453
453
453
453
454
454
454
454
455
455
455
455
455
455
455
455
455
456
456
456
456
456
456
456
456
457
457
457
457
457
457
457
458
458
458
458
458
458
459
459
459
459
460
460
460
460
460
461
461
461
461
461
461
461
461
461
462
462
462
462
462
462
463
463
463
463
463
463
464
464
464
464
464
464
465
465
466
466
466
466
466
466
466
466
467
467
467
467
467
467
467
467
468
468
468
468
468
469
469
469
469
469
469
469
469
469
470
470
470
470
470
470
470
470
471
471
471
471
472
472
472
473
473
473
473
473
473
474
474
474
474
474
474
474
474
475
475
475
475
476
476
476
476
476
476
477
477
477
477
477
478
478
478
478
478
478
478
478
478
478
479
479
479
479
479
479
479
479
479
479
479
479
479
479
480
480
480
480
480
481
481
481
481
481
481
481
481
481
481
482
482
482
482
482
482
482
482
483
483
483
483
483
483
483
483
483
483
483
483
483
483
484
484
484
484
485
485
485
485
485
486
486
486
487
487
487
487
487
487
487
487
488
488
488
488
488
489
489
489
489
490
490
490
491
491
491
491
491
491
491
492
492
492
492
492
492
492
492
493
493
493
493
493
493
493
494
494
495
496
496
496
496
496
496
496
496
496
497
497
497
497
497
498
498
498
498
498
498
498
498
498
499
499
499
499
500
500
500
500
500
500
500
501
501
501
501
501
501
501
501
501
501
501
501
502
502
502
502
502
502
503
503
503
504
504
504
504
504
504
504
504
505
505
505
505
506
506
506
506
506
506
506
507
507
507
507
507
507
507
507
507
507
507
508
508
508
508
508
508
508
508
508
509
509
509
509
509
509
509
510
510
510
510
510
510
510
510
511
511
511
511
511
511
511
512
512
512
512
512
512
512
512
512
512
513
513
513
513
514
514
514
514
514
515
515
515
515
515
516
516
516
516
516
516
516
516
516
516
517
517
517
517
517
517
517
517
517
518
518
518
518
518
518
518
519
519
519
519
519
519
519
519
519
520
520
520
520
520
520
520
520
520
520
521
521
521
521
521
521
521
522
522
522
522
522
523
523
523
523
523
523
523
523
523
523
523
523
523
523
524
524
524
525
525
525
526
526
526
526
526
526
526
526
527
527
527
527
527
528
528
529
529
529
529
529
530
530
530
530
531
531
531
531
531
531
531
532
532
532
532
532
533
533
533
533
533
533
533
533
534
534
534
534
534
534
535
535
535
535
535
535
536
536
536
536
536
536
536
537
537
537
537
537
537
537
537
538
538
538
538
539
539
539
539
539
539
539
539
540
540
540
540
540
540
540
541
541
541
541
541
541
542
542
542
542
542
542
543
543
543
543
543
543
543
543
544
544
544
545
545
545
545
545
545
546
546
546
546
546
546
546
547
547
547
547
547
547
548
548
548
548
548
548
549
549
549
549
549
549
549
549
550
550
550
550
550
550
550
550
550
551
551
551
551
551
551
551
551
551
551
552
552
552
552
552
552
552
552
552
552
552
553
553
553
553
553
553
554
554
554
554
554
554
555
555
555
555
556
556
556
556
556
556
556
557
557
557
557
557
557
558
558
558
558
558
558
558
559
559
559
559
559
559
560
560
560
560
560
561
561
561
561
561
561
561
562
562
562
562
562
562
562
562
563
563
563
564
564
564
564
564
564
564
564
565
565
565
565
565
565
566
566
566
566
566
566
566
567
567
567
567
567
567
567
568
568
568
568
568
569
569
569
570
570
570
570
570
570
571
571
572
572
572
572
572
572
573
573
573
573
573
574
574
574
574
575
575
575
575
576
576
576
576
576
576
577
577
577
577
577
577
578
578
578
578
578
579
579
579
580
580
580
580
580
581
581
581
582
582
582
582
582
582
582
583
583
583
583
583
583
584
584
584
584
584
584
585
585
585
586
586
586
586
586
586
586
587
587
587
587
587
587
588
588
589
589
589
589
589
590
590
590
590
590
590
591
591
591
591
591
591
591
591
592
592
592
592
592
592
592
592
592
592
593
593
593
593
593
593
593
593
594
594
594
594
595
595
595
595
595
595
595
595
595
595
596
596
596
596
597
597
597
597
598
598
598
598
598
599
599
599
599
599
599
599
600
600
600
600
600
600
600
600
601
601
602
602
602
602
602
602
603
603
603
604
604
604
604
604
604
605
605
605
605
605
605
605
605
605
606
606
606
606
606
606
606
607
607
607
607
607
608
608
608
608
608
609
609
609
609
609
609
609
609
610
610
610
610
610
611
611
611
611
611
611
612
612
612
612
612
612
612
612
613
613
613
613
613
613
613
613
614
614
614
614
614
614
614
614
615
615
615
615
615
615
615
615
615
615
615
615
615
615
616
616
616
617
617
617
617
617
618
618
618
618
618
618
619
619
619
620
620
620
620
620
620
620
620
620
621
621
621
621
621
621
621
621
622
622
622
622
622
622
623
623
623
623
623
623
623
623
623
623
623
624
624
624
624
624
624
625
625
625
625
625
625
625
625
625
625
625
625
625
626
626
626
626
626
626
626
627
627
628
628
628
628
628
628
628
629
629
629
629
629
629
629
629
629
630
630
630
630
630
630
630
630
631
631
631
631
631
631
631
631
631
631
632
632
632
632
632
633
633
633
633
633
633
633
633
633
634
634
634
634
634
634
635
635
635
635
635
635
635
636
636
636
636
636
636
636
636
637
637
637
637
637
637
638
638
638
638
638
639
639
639
639
639
639
639
639
640
640
640
640
640
640
641
641
641
642
642
642
642
642
642
643
643
643
643
644
644
644
644
644
644
644
644
645
645
645
645
645
645
645
645
646
646
646
646
646
647
647
647
647
647
647
647
647
648
648
648
648
648
648
649
649
649
649
649
649
649
649
650
650
650
650
650
650
650
651
651
651
651
651
651
652
652
652
652
652
652
652
652
653
653
653
653
654
654
654
654
654
654
654
654
654
654
654
655
655
655
655
655
655
655
655
656
656
656
656
657
657
657
657
657
658
658
658
658
658
658
658
658
658
659
659
659
659
660
660
660
660
660
660
660
660
660
661
661
661
661
661
661
661
661
661
661
662
662
662
663
663
664
664
664
664
665
665
665
665
666
666
666
666
666
666
667
667
667
667
668
668
668
668
668
668
668
668
669
669
669
669
669
669
669
669
670
670
670
670
670
670
671
671
671
671
671
671
671
671
671
671
671
671
672
672
672
672
672
672
672
672
672
673
673
673
673
673
673
673
673
674
674
674
674
674
675
675
675
675
675
675
676
676
676
676
676
676
676
677
677
677
677
677
677
677
678
678
678
678
678
678
678
679
679
679
679
679
679
679
679
680
680
680
680
680
681
681
681
681
681
681
681
681
682
682
682
682
682
682
682
683
683
683
684
684
684
684
684
684
684
685
685
685
685
685
685
685
685
685
686
686
686
686
687
687
687
687
688
688
688
688
688
688
689
689
689
689
689
689
689
689
689
689
690
690
691
691
691
691
691
691
692
692
692
692
692
692
692
692
692
692
693
693
693
693
693
693
693
693
693
693
694
694
694
694
694
694
694
695
695
695
695
695
695
695
695
695
695
696
696
696
696
696
696
696
696
696
697
697
697
697
697
697
697
697
697
697
697
697
698
698
698
698
698
698
698
698
698
698
699
699
699
699
699
699
700
700
700
700
700
700
700
700
701
701
701
701
701
702
702
702
702
702
702
702
702
703
703
703
703
703
703
703
703
704
704
704
704
704
704
704
704
705
705
705
705
705
705
705
705
705
705
706
706
706
706
706
707
707
707
707
707
707
707
707
708
708
708
708
708
708
708
708
709
709
709
709
709
709
710
710
710
710
711
711
711
711
711
711
711
712
712
712
713
713
713
713
713
713
713
714
714
714
714
714
714
715
715
715
715
715
715
715
715
716
716
716
716
716
716
716
716
716
717
717
717
717
717
718
718
718
718
718
719
719
719
719
719
719
719
720
720
720
720
720
721
721
721
721
721
721
722
722
722
722
722
722
722
723
723
724
724
724
724
724
724
724
725
725
725
725
726
726
727
727
727
727
727
727
728
728
728
729
729
729
729
729
729
729
729
729
730
730
730
730
730
730
730
731
731
731
731
731
732
732
732
732
733
733
733
733
734
734
734
734
735
735
735
735
736
736
737
737
737
737
737
738
738
738
738
738
738
739
739
739
739
739
739
739
739
740
740
740
741
741
741
741
741
741
741
741
741
741
741
741
741
741
741
742
742
742
742
742
742
742
742
742
742
742
743
743
743
743
743
743
743
743
743
743
744
744
744
744
744
744
744
744
744
744
745
745
745
745
745
745
746
746
746
746
746
747
747
747
747
747
748
748
748
748
748
748
748
749
749
749
749
750
750
750
750
751
751
751
751
751
751
752
752
752
752
753
753
753
753
753
754
754
754
754
754
754
755
755
755
755
755
756
756
756
756
756
756
756
757
757
757
757
758
758
758
759
759
759
760
760
760
760
760
760
760
760
760
760
761
761
761
761
761
761
761
762
762
762
762
762
762
763
764
764
764
764
764
765
765
765
765
765
765
765
766
766
766
766
766
766
766
766
766
766
766
767
767
767
767
767
767
768
768
768
768
768
768
768
768
768
769
769
769
769
769
769
769
769
769
769
769
769
769
770
770
770
770
770
771
771
771
771
771
771
771
771
771
772
772
772
772
772
772
773
773
773
773
773
774
774
774
774
774
774
775
775
775
775
775
775
775
775
776
776
776
777
777
777
777
777
777
777
777
777
778
778
778
778
778
778
778
779
779
779
779
779
779
779
779
780
780
780
780
780
780
780
780
780
780
780
781
781
781
781
781
781
781
781
782
782
782
782
782
782
782
782
783
783
783
783
783
783
783
783
784
784
784
784
784
784
785
785
785
785
785
785
785
785
786
786
786
786
786
786
786
786
786
787
787
787
787
787
787
788
788
788
788
788
788
788
789
789
789
789
789
789
790
790
790
790
790
790
791
791
791
791
791
791
791
791
791
792
792
792
792
792
793
793
793
793
794
794
794
794
794
794
794
794
794
795
795
795
795
795
795
795
795
795
795
796
796
796
796
796
796
796
796
796
796
797
797
797
797
798
798
798
798
798
799
799
799
799
799
799
799
799
799
800
800
800
800
800
800
800
801
801
801
801
801
801
801
801
801
802
802
802
802
802
802
802
802
803
803
803
803
803
803
803
803
803
803
803
803
804
804
804
804
805
805
805
805
805
805
806
806
806
806
806
806
806
806
806
807
807
807
807
807
807
807
807
808
808
808
808
808
809
809
809
809
809
809
809
810
810
810
810
810
811
811
811
811
812
812
812
812
813
813
813
813
814
814
814
814
814
814
814
814
815
815
815
815
815
816
816
816
816
816
816
817
817
817
817
817
817
817
817
817
818
818
818
818
819
819
819
819
819
819
819
819
819
819
820
820
821
821
821
821
821
821
822
822
822
822
822
823
823
823
823
823
823
823
824
824
824
824
824
824
824
824
824
824
824
825
825
825
825
825
825
825
826
826
826
826
826
827
827
827
827
828
828
828
828
828
828
829
829
829
829
829
829
829
829
829
829
830
830
830
830
830
831
831
831
831
832
832
832
832
832
832
832
833
833
833
833
833
834
834
834
835
835
835
836
836
836
837
837
837
837
837
837
837
837
837
837
837
838
838
838
838
839
839
839
839
839
840
840
840
840
840
841
841
841
841
841
841
841
841
841
841
841
841
841
842
842
842
842
842
842
842
842
843
843
843
844
844
844
844
844
844
844
844
844
845
845
845
845
845
845
845
846
846
846
846
847
847
847
847
847
848
848
848
848
848
848
848
849
849
849
849
849
849
850
850
850
851
851
851
851
851
851
852
852
852
852
852
853
853
853
853
853
854
854
854
854
854
855
855
855
855
856
856
856
856
857
857
857
857
858
858
858
858
858
858
858
858
858
858
858
859
859
859
859
859
859
860
860
860
860
860
860
860
860
861
861
861
861
861
861
861
862
862
862
862
862
862
862
862
863
863
863
863
864
864
864
864
864
864
864
864
864
865
865
865
865
865
865
866
866
866
866
866
866
866
866
866
866
867
867
867
868
868
868
868
868
868
868
868
868
868
868
868
868
868
869
869
869
870
870
870
871
871
871
871
871
872
872
872
873
873
873
873
873
873
874
874
874
874
875
875
875
875
875
875
876
876
876
876
876
876
876
876
876
877
877
877
877
877
877
877
878
878
878
878
878
878
878
878
878
878
879
879
879
879
880
880
880
881
881
881
881
881
882
882
882
883
883
883
883
883
883
883
884
884
884
884
884
884
885
885
885
885
885
885
885
885
885
885
886
886
886
886
886
886
886
887
887
887
887
887
887
887
887
888
888
888
888
888
888
889
889
889
889
889
890
890
890
891
891
891
891
891
891
891
891
891
891
892
892
892
892
892
892
892
893
893
893
893
893
893
894
894
894
894
894
894
894
894
894
895
895
895
895
895
895
896
896
896
896
896
896
897
897
897
897
897
897
897
897
899
899
899
899
899
899
900
900
900
900
900
900
900
901
901
901
901
901
901
902
902
902
902
903
903
903
903
903
903
903
904
904
904
904
904
904
904
904
905
905
905
905
905
905
905
906
906
906
906
906
906
907
907
907
907
907
908
908
908
908
909
909
909
909
909
909
909
910
910
910
910
910
910
910
911
911
911
911
911
911
912
912
912
912
912
912
913
913
913
913
913
914
914
914
914
914
914
916
916
916
916
916
916
916
916
917
917
917
917
917
917
918
918
918
918
918
919
919
919
920
920
920
921
921
921
921
921
922
923
923
923
923
923
923
923
924
924
924
924
924
924
925
925
925
925
925
926
926
926
926
926
926
926
927
927
927
927
927
927
927
928
928
928
928
928
928
928
928
928
928
928
928
929
929
929
929
929
930
930
930
930
930
930
930
930
930
931
931
931
931
931
931
931
931
931
931
931
932
932
932
932
933
933
933
933
933
934
934
934
934
934
935
935
935
935
935
935
935
935
936
936
936
936
936
936
936
937
937
937
937
937
937
938
938
938
938
938
938
938
938
939
939
939
939
939
939
939
939
940
940
940
940
940
940
940
940
940
940
941
941
941
941
941
942
942
942
943
943
943
943
943
943
943
944
944
944
944
944
944
945
945
945
945
945
945
945
946
946
946
946
946
946
947
947
947
947
948
948
948
948
948
948
948
948
949
949
949
949
949
949
950
950
950
951
951
951
951
951
951
951
951
951
951
951
952
952
952
952
952
952
953
953
953
953
953
953
953
954
954
954
954
954
954
954
954
955
955
955
955
955
955
955
956
956
957
957
957
957
958
958
958
958
959
959
959
959
959
959
959
960
960
960
960
960
961
961
962
962
962
962
963
963
963
963
963
964
964
964
965
965
965
965
966
966
966
966
966
966
966
966
967
967
967
967
967
967
967
967
968
968
968
968
968
969
969
969
969
970
970
970
970
970
971
971
971
971
971
971
971
971
971
971
972
972
972
972
972
972
972
972
972
973
973
973
973
973
973
973
973
974
974
974
974
975
975
975
975
975
975
975
975
975
975
975
975
976
976
976
976
976
976
977
977
977
977
977
977
977
978
978
978
978
979
979
979
979
979
979
979
979
980
980
980
980
981
981
981
982
982
982
982
982
982
982
983
983
983
983
983
983
983
983
984
984
984
985
985
985
985
985
985
986
986
986
986
986
986
986
986
986
987
987
987
987
987
987
987
987
987
988
988
988
988
988
989
989
989
989
989
989
990
990
990
990
990
990
990
991
991
991
991
991
991
991
992
992
992
992
992
992
992
993
993
993
993
994
994
994
994
994
994
994
994
994
995
995
995
995
995
995
996
996
996
996
996
996
996
996
997
997
997
997
997
997
998
998
998
998
998
998
998
998
998
999
999
999
999
999
1000
1000
1000
1001
1001
1001
1001
1001
1001
1001
1001
1001
1002
1002
1002
1002
1002
1002
1002
1002
1002
1003
1003
1003
1003
1003
1004
1004
1004
1004
1004
1004
1004
1004
1004
1004
1004
1004
1005
1005
1005
1005
1005
1005
1005
1005
1005
1005
1005
1005
1005
1005
1006
1006
1006
1006
1006
1006
1007
1007
1007
1007
1007
1007
1007
1008
1008
1008
1008
1008
1009
1009
1010
1010
1010
1011
1011
1011
1011
1011
1012
1012
1012
1012
1012
1012
1012
1013
1013
1013
1013
1013
1013
1014
1014
1015
1015
1015
1015
1016
1016
1016
1016
1016
1016
1016
1016
1016
1016
1017
1017
1017
1017
1017
1017
1017
1017
1017
1017
1017
1018
1018
1018
1018
1018
1019
1019
1019
1019
1019
1019
1019
1020
1020
1020
1021
1021
1021
1022
1022
1022
1022
1022
1022
1022
1022
1022
1022
1022
1023
1023
1023
1023
1023
1024
1024
1024
1024
1024
1024
1024
1024
1024
1024
1025
1025
1025
1025
1025
1025
1025
1025
1025
1026
1026
1026
1027
1027
1027
1027
1027
1027
1028
1028
1028
1028
1028
1029
1029
1029
1029
1029
1030
1030
1030
1031
1031
1031
1031
1031
1031
1031
1031
1031
1031
1032
1032
1032
1032
1032
1032
1032
1032
1032
1032
1033
1033
1033
1033
1033
1033
1033
1034
1034
1034
1034
1034
1034
1034
1034
1034
1035
1035
1035
1035
1035
1035
1036
1036
1036
1036
1036
1036
1036
1036
1037
1037
1038
1038
1038
1038
1039
1039
1039
1039
1039
1039
1040
1040
1040
1040
1040
1040
1040
1041
1041
1041
1041
1041
1041
1041
1042
1042
1042
1042
1042
1042
1042
1042
1042
1043
1043
1043
1043
1043
1043
1043
1043
1043
1044
1044
1044
1044
1044
1044
1044
1045
1045
1045
1045
1045
1046
1046
1046
1046
1047
1047
1047
1047
1047
1047
1047
1047
1048
1048
1048
1048
1048
1048
1049
1049
1049
1049
1049
1049
1049
1050
1050
1050
1050
1050
1050
1050
1050
1051
1051
1051
1051
1051
1052
1052
1052
1052
1052
1052
1052
1053
1053
1053
1053
1054
1054
1054
1054
1054
1055
1055
1055
1055
1055
1055
1055
1056
1056
1056
1056
1056
1056
1056
1056
1056
1057
1057
1057
1057
1057
1057
1057
1058
1058
1058
1058
1059
1059
1059
1059
1060
1060
1060
1060
1060
1060
1060
1060
1061
1061
1061
1061
1061
1061
1061
1061
1062
1062
1062
1062
1062
1062
1062
1062
1062
1062
1062
1063
1063
1063
1063
1063
1063
1063
1064
1064
1064
1064
1064
1064
1064
1064
1064
1065
1065
1065
1065
1065
1065
1065
1066
1066
1066
1066
1067
1067
1067
1067
1068
1068
1068
1068
1068
1068
1068
1069
1069
1069
1069
1070
1070
1070
1070
1070
1070
1071
1071
1071
1071
1071
1071
1072
1072
1072
1072
1072
1072
1072
1072
1073
1073
1073
1074
1074
1074
1074
1074
1075
1075
1075
1075
1075
1076
1076
1076
1076
1076
1077
1077
1077
1077
1077
1078
1078
1078
1078
1078
1078
1078
1078
1078
1079
1079
1079
1079
1080
1080
1080
1080
1081
1081
1081
1082
1082
1082
1082
1082
1082
1082
1082
1083
1083
1083
1083
1083
1083
1084
1084
1084
1084
1084
1085
1085
1085
1085
1085
1085
1085
1086
1086
1086
1086
1086
1086
1086
1087
1087
1087
1087
1087
1087
1088
1088
1088
1088
1088
1088
1089
1089
1089
1089
1089
1089
1089
1089
1089
1089
1089
1090
1090
1090
1090
1090
1090
1091
1091
1091
1091
1091
1091
1091
1092
1092
1092
1092
1092
1092
1093
1093
1093
1093
1093
1094
1094
1094
1094
1094
1094
1094
1094
1094
1094
1095
1095
1095
1095
1095
1095
1096
1096
1096
1096
1096
1097
1097
1097
1097
1097
1097
1097
1098
1098
1098
1098
1098
1098
1098
1098
1099
1099
1099
1099
1099
1099
1099
1099
1099
1099
1099
1099
1100
1100
1100
1100
1100
1100
1100
1100
1101
1101
1101
1101
1101
1102
1102
1102
1102
1102
1102
1102
1102
1102
1103
1103
1103
1103
1103
1104
1104
1104
1104
1104
1104
1104
1104
1104
1104
1105
1105
1105
1106
1106
1106
1106
1106
1106
1106
1107
1107
1107
1107
1107
1107
1107
1107
1107
1107
1107
1108
1108
1108
1108
1108
1109
1109
1109
1109
1109
1109
1109
1109
1110
1110
1110
1110
1110
1111
1111
1111
1111
1111
1111
1111
1112
1112
1112
1112
1112
1112
1112
1113
1113
1113
1113
1113
1113
1114
1114
1114
1114
1114
1114
1114
1114
1114
1114
1114
1114
1115
1115
1116
1116
1116
1116
1116
1116
1116
1116
1116
1117
1117
1117
1117
1117
1117
1117
1118
1118
1118
1118
1118
1118
1118
1119
1119
1119
1119
1119
1119
1119
1120
1120
1120
1120
1120
1120
1120
1120
1120
1121
1121
1121
1121
1121
1121
1122
1122
1123
1123
1123
1123
1123
1123
1124
1124
1124
1124
1124
1124
1124
1124
1124
1124
1124
1125
1125
1125
1125
1125
1125
1125
1125
1125
1126
1126
1126
1126
1126
1126
1126
1126
1126
1126
1126
1126
1126
1126
1126
1127
1127
1127
1127
1127
1127
1127
1128
1128
1128
1128
1128
1129
1129
1129
1129
1129
1130
1130
1130
1130
1131
1131
1131
1131
1131
1131
1132
1132
1132
1132
1132
1133
1133
1133
1133
1133
1133
1133
1133
1133
1133
1133
1134
1134
1134
1134
1134
1134
1134
1134
1134
1134
1135
1135
1135
1135
1135
1135
1135
1135
1136
1136
1136
1136
1136
1136
1136
1136
1136
1136
1137
1137
1137
1137
1137
1137
1138
1138
1138
1138
1138
1139
1139
1139
1139
1139
1139
1139
1140
1140
1140
1140
1140
1140
1140
1140
1141
1141
1141
1141
1141
1141
1141
1141
1141
1142
1142
1142
1142
1142
1142
1142
1142
1143
1143
1143
1143
1143
1143
1144
1144
1144
1144
1144
1144
1144
1144
1145
1145
1145
1145
1146
1146
1146
1146
1146
1146
1146
1146
1146
1146
1147
1147
1147
1147
1147
1147
1147
1148
1148
1148
1148
1148
1148
1148
1149
1149
1149
1149
1149
1149
1149
1149
1149
1149
1149
1150
1150
1151
1151
1151
1152
1152
1152
1152
1152
1152
1152
1152
1152
1152
1152
1152
1153
1153
1153
1153
1153
1153
1153
1153
1153
1154
1154
1154
1154
1154
1154
1154
1154
1154
1154
1154
1155
1155
1155
1155
1155
1155
1155
1156
1156
1156
1156
1156
1156
1157
1157
1157
1157
1157
1157
1158
1158
1158
1158
1158
1158
1158
1158
1159
1159
1159
1159
1159
1159
1159
1159
1160
1160
1160
1160
1160
1160
1160
1160
1161
1161
1161
1161
1161
1161
1161
1161
1162
1162
1162
1162
1162
1162
1162
1162
1162
1163
1163
1164
1164
1164
1164
1164
1165
1165
1165
1165
1165
1166
1166
1166
1166
1166
1167
1167
1167
1167
1167
1168
1168
1168
1168
1168
1168
1168
1168
1168
1169
1169
1169
1169
1170
1170
1170
1170
1171
1171
1171
1171
1171
1171
1171
1172
1172
1172
1172
1172
1172
1172
1172
1173
1173
1173
1173
1174
1174
1174
1174
1174
1175
1175
1175
1175
1175
1175
1175
1175
1176
1176
1176
1176
1176
1177
1177
1177
1177
1178
1178
1178
1178
1178
1178
1178
1178
1179
1179
1179
1180
1180
1180
1180
1180
1180
1180
1180
1180
1180
1180
1181
1181
1181
1181
1181
1182
1182
1182
1182
1183
1183
1183
1183
1183
1183
1183
1183
1184
1184
1184
1184
1185
1185
1185
1185
1186
1186
1186
1186
1187
1187
1187
1187
1187
1187
1187
1188
1188
1188
1188
1188
1188
1188
1188
1188
1188
1188
1189
1189
1189
1189
1190
1190
1190
1190
1190
1190
1190
1191
1191
1191
1191
1191
1191
1192
1192
1192
1192
1193
1193
1193
1193
1194
1194
1194
1194
1194
1194
1194
1195
1195
1195
1195
1195
1195
1195
1195
1195
1196
1196
1196
1196
1196
1196
1196
1196
1197
1197
1198
1198
1198
1198
1199
1199
1199
1199
1199
1199
1199
1199
1199
1200
1200
1200
1200
1201
1201
1201
1201
1201
1201
1201
1202
1202
1202
1202
1202
1202
1202
1202
1203
1203
1203
1203
1203
1204
1204
1204
1204
1204
1204
1205
1205
1205
1205
1205
1205
1206
1206
1206
1206
1206
1207
1207
1207
1207
1207
1207
1207
1207
1207
1207
1208
1208
1208
1208
1208
1209
1209
1209
1209
1209
1209
1209
1209
1209
1209
1210
1210
1210
1210
1210
1210
1210
1210
1210
1210
1211
1211
1212
1212
1212
1212
1212
1212
1212
1213
1213
1213
1213
1214
1214
1214
1214
1214
1214
1214
1215
1215
1215
1215
1215
1216
1216
1216
1216
1216
1216
1216
1216
1216
1216
1216
1217
1217
1217
1217
1217
1217
1217
1217
1218
1218
1218
1218
1218
1218
1218
1218
1218
1218
1218
1219
1219
1219
1219
1219
1219
1220
1220
1220
1221
1221
1221
1221
1221
1222
1222
1222
1222
1222
1222
1223
1223
1223
1223
1224
1224
1224
1224
1224
1224
1224
1224
1224
1225
1225
1225
1225
1225
1225
1225
1226
1226
1226
1226
1227
1227
1227
1227
1227
1227
1227
1227
1228
1228
1228
1228
1228
1228
1228
1228
1228
1228
1229
1229
1229
1230
1230
1230
1230
1231
1231
1231
1231
1231
1232
1232
1232
1232
1232
1232
1232
1232
1233
1233
1233
1234
1234
1235
1235
1235
1236
1236
1236
1236
1236
1236
1236
1237
1237
1237
1238
1238
1238
1239
1239
1239
1239
1239
1239
1239
1239
1239
1239
1240
1240
1240
1240
1240
1241
1241
1241
1241
1241
1242
1242
1242
1242
1242
1243
1243
1243
1243
1244
1244
1244
1244
1244
1244
1244
1245
1245
1245
1245
1246
1246
1246
1246
1246
1246
1246
1246
1246
1246
1247
1247
1247
1247
1248
1248
1248
1248
1248
1249
1249
1249
1249
1249
1249
1249
1249
1250
1250
1250
1250
1250
1250
1250
1250
1250
1251
1251
1251
1251
1251
1251
1252
1252
1252
1252
1252
1252
1252
1252
1252
1252
1252
1253
1253
1253
1253
1253
1253
1254
1254
1254
1254
1254
1255
1255
1255
1255
1255
1255
1255
1255
1256
1256
1257
1257
1257
1257
1257
1257
1258
1258
1258
1258
1259
1259
1259
1260
1260
1260
1260
1260
1260
1260
1260
1260
1261
1261
1261
1261
1261
1261
1262
1262
1262
1262
1262
1262
1262
1262
1263
1263
1263
1263
1263
1263
1263
1263
1263
1263
1264
1264
1264
1264
1264
1265
1265
1265
1265
1265
1265
1266
1266
1266
1266
1266
1266
1266
1267
1267
1267
1267
1268
1268
1268
1268
1268
1268
1268
1268
1269
1269
1269
1269
1269
1269
1269
1270
1270
1270
1270
1270
1270
1270
1270
1270
1270
1270
1271
1271
1271
1271
1272
1272
1272
1272
1272
1273
1273
1273
1273
1273
1273
1273
1273
1273
1274
1274
1274
1274
1274
1274
1275
1275
1275
1275
1275
1275
1276
1276
1276
1276
1276
1276
1276
1276
1277
1277
1277
1277
1277
1277
1278
1278
1278
1278
1278
1278
1278
1278
1278
1279
1279
1279
1280
1280
1280
1280
1281
1281
1281
1281
1282
1282
1282
1282
1282
1282
1282
1283
1283
1283
1283
1283
1283
1283
1284
1284
1284
1284
1284
1284
1284
1285
1285
1285
1285
1285
1285
1285
1285
1286
1286
1286
1286
1286
1287
1287
1287
1287
1287
1287
1287
1287
1287
1287
1287
1287
1287
1288
1288
1288
1288
1288
1288
1288
1289
1289
1289
1290
1290
1290
1290
1290
1291
1291
1291
1291
1292
1292
1292
1292
1292
1292
1293
1293
1293
1293
1293
1293
1293
1294
1294
1294
1294
1294
1295
1295
1295
1295
1295
1295
1295
1295
1296
1296
1296
1296
1296
1296
1296
1297
1297
1297
1298
1298
1298
1299
1299
1299
1299
1299
1299
1299
1299
1300
1300
1300
1300
1300
1300
1300
1300
1301
1301
1301
1301
1301
1301
1302
1302
1302
1302
1302
1303
1303
1303
1303
1303
1303
1303
1303
1303
1303
1303
1303
1303
1304
1304
1304
1304
1304
1304
1304
1304
1304
1304
1304
1305
1306
1306
1306
1306
1306
1306
1307
1307
1307
1307
1307
1308
1308
1308
1309
1309
1309
1309
1310
1310
1310
1310
1310
1310
1310
1310
1311
1311
1311
1311
1311
1312
1312
1312
1312
1312
1312
1312
1312
1312
1313
1313
1313
1313
1313
1313
1313
1313
1313
1314
1314
1314
1314
1314
1315
1315
1316
1316
1317
1317
1317
1317
1317
1318
1318
1318
1318
1318
1318
1318
1319
1319
1319
1319
1319
1319
1319
1320
1320
1320
1320
1320
1320
1320
1320
1320
1321
1321
1321
1321
1322
1322
1322
1322
1322
1322
1322
1322
1322
1323
1323
1323
1323
1323
1323
1323
1323
1323
1323
1324
1324
1324
1324
1324
1324
1325
1325
1325
1325
1325
1325
1325
1325
1326
1326
1326
1327
1327
1327
1327
1328
1328
1328
1328
1329
1329
1329
1329
1329
1329
1329
1329
1330
1330
1330
1330
1330
1330
1330
1331
1331
1331
1331
1331
1331
1331
1332
1332
1332
1332
1332
1332
1332
1333
1333
1333
1333
1333
1333
1333
1333
1334
1334
1334
1334
1334
1335
1335
1335
1335
1335
1335
1335
1335
1335
1336
1336
1336
1336
1336
1337
1337
1337
1337
1337
1337
1337
1337
1337
1337
1337
1337
1338
1338
1339
1339
1339
1339
1339
1339
1339
1339
1340
1340
1340
1340
1340
1340
1340
1340
1340
1340
1340
1340
1340
1340
1341
1341
1341
1341
1341
1341
1341
1342
1342
1342
1342
1342
1342
1342
1342
1343
1343
1343
1343
1343
1344
1344
1344
1344
1345
1345
1346
1346
1346
1346
1346
1346
1346
1347
1347
1347
1347
1348
1348
1348
1349
1349
1350
1350
1350
1350
1350
1350
1351
1351
1351
1351
1351
1352
1352
1352
1352
1353
1353
1353
1353
1353
1353
1354
1354
1354
1354
1354
1354
1354
1355
1355
1355
1355
1355
1355
1355
1355
1355
1356
1356
1356
1356
1356
1356
1356
1356
1356
1357
1357
1358
1358
1358
1358
1358
1358
1358
1358
1358
1358
1358
1358
1358
1358
1358
1358
1358
1359
1359
1359
1359
1359
1359
1359
1360
1360
1360
1360
1361
1361
1361
1361
1362
1362
1362
1362
1362
1362
1363
1363
1363
1363
1363
1363
1363
1364
1364
1364
1364
1364
1364
1364
1365
1365
1365
1365
1365
1365
1365
1365
1365
1365
1366
1366
1366
1366
1366
1367
1367
1367
1368
1368
1368
1368
1368
1368
1368
1368
1368
1368
1369
1369
1369
1369
1369
1369
1369
1369
1369
1369
1370
1370
1370
1370
1370
1370
1370
1370
1370
1370
1370
1371
1371
1371
1371
1371
1371
1371
1371
1372
1372
1372
1372
1372
1372
1372
1372
1373
1373
1373
1373
1373
1373
1374
1374
1374
1374
1374
1374
1374
1374
1374
1374
1374
1375
1375
1375
1376
1376
1376
1376
1376
1377
1377
1377
1377
1377
1377
1377
1377
1378
1378
1378
1378
1378
1378
1378
1378
1378
1379
1379
1379
1379
1379
1379
1379
1379
1379
1380
1380
1380
1380
1380
1381
1381
1381
1381
1381
1381
1381
1381
1382
1382
1382
1382
1383
1383
1383
1383
1383
1383
1384
1384
1384
1384
1384
1384
1385
1385
1385
1385
1385
1385
1385
1386
1386
1386
1386
1386
1386
1386
1386
1387
1387
1387
1387
1387
1387
1388
1388
1388
1388
1388
1389
1389
1389
1389
1389
1389
1389
1389
1389
1390
1390
1390
1390
1390
1390
1390
1391
1391
1391
1391
1391
1392
1392
1392
1392
1393
1393
1393
1393
1393
1393
1394
1394
1394
1394
1394
1394
1394
1394
1394
1395
1395
1395
1395
1395
1395
1395
1395
1396
1396
1396
1396
1396
1396
1396
1396
1397
1397
1397
1397
1397
1397
1397
1397
1397
1397
1397
1397
1397
1398
1398
1398
1398
1398
1398
1398
1398
1399
1399
1399
1399
1399
1400
1400
1400
1400
1400
1400
1400
1400
1401
1401
1401
1401
1401
1401
1401
1402
1402
1402
1402
1402
1403
1403
1403
1403
1404
1404
1404
1404
1405
1405
1405
1405
1405
1405
1405
1406
1406
1406
1406
1406
1406
1406
1406
1406
1406
1407
1407
1407
1407
1407
1407
1408
1408
1408
1408
1408
1408
1408
1408
1408
1409
1409
1409
1409
1409
1409
1409
1410
1410
1410
1410
1410
1411
1411
1411
1411
1411
1411
1411
1412
1412
1412
1412
1412
1413
1413
1413
1413
1413
1413
1413
1413
1414
1414
1414
1414
1414
1414
1414
1414
1414
1414
1414
1415
1415
1415
1415
1416
1416
1416
1416
1416
1416
1416
1416
1417
1417
1417
1417
1417
1417
1418
1418
1418
1418
1418
1419
1419
1419
1419
1419
1420
1420
1420
1420
1420
1420
1420
1421
1421
1421
1421
1422
1422
1422
1422
1422
1422
1422
1423
1423
1423
1423
1423
1423
1423
1424
1424
1424
1424
1424
1424
1424
1424
1424
1425
1425
1425
1425
1425
1426
1426
1426
1426
1426
1426
1426
1427
1427
1428
1428
1428
1429
1429
1429
1429
1429
1430
1430
1430
1430
1430
1430
1431
1431
1431
1431
1431
1431
1431
1432
1432
1432
1432
1432
1432
1432
1432
1433
1433
1433
1433
1433
1433
1433
1433
1433
1434
1434
1434
1434
1434
1434
1435
1435
1435
1435
1435
1435
1435
1435
1436
1436
1436
1436
1436
1436
1436
1436
1436
1437
1437
1437
1437
1437
1437
1437
1437
1437
1438
1438
1438
1438
1438
1438
1438
1439
1439
1439
1439
1439
1439
1439
1439
1440
1440
1440
1440
1440
1440
1440
1440
1441
1441
1441
1441
1441
1441
1441
1441
1442
1442
1442
1442
1442
1442
1442
1442
1443
1443
1443
1443
1443
1444
1444
1444
1444
1444
1444
1444
1445
1445
1445
1445
1445
1445
1445
1445
1445
1445
1447
1447
1448
1448
1448
1448
1448
1449
1449
1450
1450
1450
1450
1450
1451
1451
1451
1451
1451
1451
1451
1451
1451
1451
1451
1451
1451
1452
1452
1452
1453
1453
1453
1453
1453
1453
1454
1454
1454
1454
1454
1454
1454
1454
1454
1454
1455
1455
1455
1455
1455
1455
1455
1455
1456
1456
1456
1457
1457
1457
1457
1457
1457
1457
1457
1457
1458
1458
1458
1458
1458
1458
1458
1459
1459
1459
1459
1460
1460
1460
1460
1460
1460
1460
1460
1461
1461
1461
1462
1462
1462
1462
1463
1463
1463
1463
1463
1463
1463
1463
1464
1464
1464
1464
1464
1464
1464
1464
1465
1465
1465
1465
1465
1465
1466
1466
1466
1466
1466
1466
1467
1467
1467
1467
1467
1467
1467
1468
1468
1468
1468
1468
1469
1469
1469
1469
1469
1470
1470
1470
1470
1470
1470
1471
1471
1471
1471
1471
1471
1471
1472
1472
1472
1472
1472
1472
1472
1472
1472
1473
1473
1473
1473
1474
1474
1474
1474
1475
1475
1475
1475
1475
1475
1475
1475
1476
1476
1476
1476
1476
1476
1476
1476
1476
1477
1477
1477
1477
1477
1478
1478
1478
1478
1478
1478
1478
1479
1479
1479
1479
1479
1479
1480
1480
1480
1480
1481
1481
1481
1482
1482
1482
1482
1482
1482
1482
1482
1482
1483
1483
1483
1484
1484
1485
1485
1485
1485
1485
1485
1485
1486
1486
1486
1486
1486
1486
1486
1487
1487
1487
1488
1488
1488
1488
1488
1488
1488
1488
1489
1489
1489
1489
1489
1489
1490
1490
1490
1490
1490
1490
1490
1491
1491
1491
1491
1491
1491
1491
1492
1492
1492
1492
1492
1492
1492
1493
1493
1493
1493
1493
1494
1494
1494
1494
1495
1495
1495
1495
1496
1496
1496
1496
1496
1496
1496
1496
1497
1497
1497
1498
1498
1498
1498
1498
1498
1498
1498
1498
1498
1499
1499
1499
1499
1499
1499
1499
1499
1499
1500
1500
1500
1500
1500
1500
1500
1500
1500
1500
1500
1501
1501
1501
1501
1501
1502
1502
1502
1502
1502
1502
1502
1502
1503
1503
1503
1503
1503
1503
1503
1503
1503
1504
1504
1504
1504
1504
1504
1504
1504
1504
1504
1505
1505
1505
1506
1506
1506
1506
1506
1506
1506
1507
1507
1507
1507
1508
1508
1508
1508
1508
1508
1508
1508
1508
1508
1508
1508
1509
1509
1509
1510
1510
1510
1510
1510
1510
1510
1510
1511
1511
1511
1511
1511
1511
1511
1511
1511
1511
1512
1512
1512
1512
1512
1512
1513
1513
1513
1513
1514
1514
1514
1514
1514
1514
1514
1514
1514
1515
1515
1515
1516
1516
1516
1516
1516
1516
1517
1517
1517
1517
1517
1517
1517
1517
1518
1518
1518
1518
1518
1519
1519
1519
1520
1520
1520
1520
1520
1520
1520
1520
1521
1521
1522
1522
1522
1522
1522
1522
1522
1523
1523
1523
1523
1523
1523
1524
1524
1524
1525
1525
1525
1525
1525
1525
1525
1525
1526
1526
1526
1526
1526
1526
1527
1527
1527
1527
1527
1527
1527
1527
1528
1528
1528
1529
1529
1529
1529
1530
1530
1530
1530
1530
1531
1531
1531
1532
1532
1532
1533
1533
1533
1533
1534
1534
1534
1534
1535
1535
1535
1535
1535
1535
1535
1536
1536
1537
1537
1537
1537
1537
1537
1538
1538
1538
1538
1538
1538
1539
1539
1539
1539
1539
1539
1539
1539
1539
1539
1540
1540
1540
1541
1541
1541
1541
1541
1542
1542
1542
1542
1543
1543
1543
1543
1543
1543
1543
1543
1544
1544
1544
1544
1544
1544
1544
1544
1544
1544
1544
1545
1545
1545
1545
1545
1546
1546
1546
1546
1547
1547
1547
1547
1548
1548
1548
1548
1548
1548
1548
1548
1548
1548
1549
1549
1550
1550
1550
1550
1551
1551
1551
1551
1551
1551
1551
1551
1551
1552
1552
1552
1553
1553
1553
1553
1553
1553
1553
1553
1553
1553
1554
1554
1554
1554
1554
1554
1554
1555
1555
1555
1555
1555
1555
1555
1556
1556
1556
1556
1556
1556
1556
1557
1557
1557
1557
1557
1558
1558
1558
1558
1558
1559
1559
1559
1559
1559
1559
1559
1559
1559
1559
1559
1559
1560
1560
1560
1560
1561
1561
1561
1561
1562
1562
1562
1563
1563
1563
1563
1563
1563
1563
1563
1563
1564
1564
1564
1564
1564
1565
1565
1565
1565
1565
1565
1565
1565
1566
1566
1566
1566
1567
1567
1568
1568
1569
1569
1569
1570
1570
1570
1570
1570
1570
1570
1570
1570
1570
1571
1571
1571
1571
1571
1572
1572
1572
1573
1573
1573
1573
1573
1573
1573
1573
1573
1573
1573
1574
1574
1574
1574
1574
1575
1575
1575
1575
1575
1575
1576
1576
1576
1576
1576
1576
1577
1577
1578
1578
1578
1578
1578
1578
1578
1579
1579
1579
1579
1579
1580
1580
1580
1580
1580
1580
1580
1580
1580
1581
1581
1581
1581
1581
1581
1582
1582
1583
1583
1583
1583
1583
1583
1583
1584
1584
1584
1584
1584
1584
1584
1584
1585
1585
1585
1585
1586
1586
1587
1587
1587
1587
1587
1587
1587
1587
1587
1588
1588
1588
1588
1588
1588
1588
1588
1588
1588
1589
1589
1589
1589
1589
1589
1589
1589
1589
1589
1589
1590
1590
1590
1590
1590
1590
1590
1591
1591
1591
1591
1592
1592
1592
1592
1592
1592
1593
1593
1593
1593
1593
1593
1593
1593
1594
1594
1594
1594
1595
1595
1595
1595
1595
1595
1595
1595
1595
1596
1596
1596
1596
1596
1596
1596
1596
1596
1596
1597
1597
1597
1597
1597
1597
1597
1598
1598
1598
1598
1598
1598
1598
1598
1598
1599
1599
1599
1599
1599
1600
1600
1600
1600
1600
1600
1601
1601
1601
1601
1602
1602
1603
1603
1603
1603
1603
1603
1603
1603
1603
1604
1604
1604
1604
1604
1605
1605
1605
1605
1605
1605
1605
1606
1606
1606
1607
1607
1607
1607
1607
1607
1607
1607
1607
1607
1608
1608
1608
1608
1609
1609
1609
1609
1609
1609
1609
1610
1610
1610
1610
1611
1611
1611
1611
1612
1612
1612
1612
1612
1613
1613
1613
1613
1613
1613
1614
1614
1614
1614
1614
1614
1614
1615
1615
1615
1615
1615
1615
1615
1615
1615
1615
1616
1616
1616
1616
1616
1616
1616
1617
1617
1617
1618
1618
1618
1618
1618
1618
1619
1619
1619
1619
1619
1619
1619
1619
1619
1619
1619
1620
1620
1620
1620
1620
1620
1620
1620
1620
1620
1620
1621
1621
1621
1621
1621
1621
1622
1622
1622
1622
1622
1622
1622
1622
1622
1622
1622
1622
1622
1622
1623
1623
1623
1623
1623
1624
1624
1624
1624
1624
1624
1624
1625
1625
1625
1625
1625
1625
1625
1626
1627
1627
1627
1627
1628
1628
1628
1628
1628
1628
1629
1629
1629
1629
1629
1629
1630
1630
1630
1630
1630
1630
1631
1631
1631
1631
1631
1631
1631
1631
1631
1632
1632
1632
1632
1632
1632
1633
1633
1633
1633
1633
1633
1633
1633
1634
1634
1634
1634
1634
1634
1635
1635
1635
1636
1636
1637
1637
1637
1637
1637
1637
1637
1638
1638
1638
1638
1638
1638
1638
1638
1639
1639
1639
1639
1639
1639
1640
1640
1640
1640
1640
1640
1641
1641
1641
1641
1642
1642
1642
1642
1642
1642
1642
1642
1642
1643
1643
1643
1643
1643
1643
1643
1644
1644
1644
1645
1645
1645
1645
1646
1646
1646
1646
1646
1647
1647
1647
1647
1647
1647
1647
1647
1647
1647
1648
1648
1648
1648
1648
1648
1648
1648
1648
1648
1649
1649
1649
1649
1649
1649
1650
1650
1651
1651
1651
1652
1652
1652
1652
1652
1653
1653
1653
1654
1654
1654
1654
1654
1654
1654
1654
1654
1655
1655
1655
1655
1655
1655
1655
1656
1656
1656
1656
1656
1656
1656
1656
1657
1658
1658
1658
1658
1658
1658
1659
1659
1660
1660
1660
1660
1660
1661
1661
1661
1661
1661
1661
1661
1661
1661
1662
1662
1662
1662
1662
1662
1662
1662
1662
1662
1663
1664
1664
1664
1664
1664
1664
1664
1664
1664
1664
1665
1665
1666
1666
1667
1667
1667
1667
1667
1667
1667
1668
1668
1668
1668
1668
1668
1668
1668
1669
1669
1669
1669
1669
1670
1670
1670
1670
1671
1671
1671
1672
1672
1672
1672
1672
1672
1673
1673
1673
1673
1673
1673
1673
1674
1674
1674
1674
1674
1674
1674
1674
1675
1675
1675
1675
1675
1675
1675
1675
1675
1676
1676
1676
1676
1677
1677
1677
1677
1677
1677
1678
1678
1678
1678
1678
1678
1679
1679
1679
1679
1679
1679
1679
1679
1679
1679
1680
1680
1680
1680
1680
1680
1680
1680
1680
1680
1681
1681
1681
1681
1681
1682
1682
1682
1682
1683
1683
1683
1683
1683
1683
1684
1684
1684
1684
1684
1684
1684
1684
1684
1684
1684
1685
1685
1685
1685
1685
1685
1685
1685
1686
1687
1687
1687
1688
1688
1688
1688
1688
1688
1688
1689
1689
1689
1689
1689
1689
1689
1690
1690
1690
1690
1690
1690
1690
1690
1690
1690
1690
1690
1691
1691
1691
1691
1691
1691
1691
1692
1692
1692
1692
1692
1692
1692
1692
1692
1693
1693
1693
1693
1693
1693
1694
1694
1694
1694
1694
1695
1695
1695
1696
1696
1696
1696
1696
1696
1696
1696
1696
1697
1697
1697
1697
1697
1697
1697
1697
1697
1697
1697
1698
1698
1698
1698
1698
1698
1698
1699
1699
1699
1699
1699
1699
1699
1700
1700
1700
1700
1700
1700
1700
1701
1701
1701
1701
1701
1701
1701
1702
1702
1702
1702
1702
1702
1702
1703
1703
1703
1703
1703
1703
1704
1704
1704
1704
1704
1704
1704
1704
1705
1705
1705
1705
1705
1705
1705
1706
1706
1706
1706
1706
1706
1706
1706
1707
1707
1707
1707
1708
1708
1708
1708
1708
1708
1708
1709
1709
1709
1709
1709
1709
1710
1710
1710
1711
1711
1711
1711
1711
1711
1712
1712
1712
1712
1712
1712
1712
1712
1713
1713
1713
1713
1713
1713
1713
1713
1714
1714
1714
1714
1714
1714
1714
1714
1714
1714
1715
1715
1715
1715
1715
1715
1715
1715
1715
1716
1716
1716
1716
1716
1716
1717
1717
1717
1718
1718
1718
1718
1718
1718
1718
1718
1718
1718
1718
1718
1718
1719
1719
1719
1719
1720
1720
1720
1720
1721
1721
1721
1721
1721
1721
1722
1722
1722
1722
1722
1722
1723
1723
1723
1723
1723
1723
1723
1723
1724
1724
1724
1724
1724
1724
1724
1724
1724
1724
1724
1725
1725
1725
1726
1726
1726
1726
1726
1726
1726
1726
1727
1727
1727
1727
1727
1727
1727
1728
1728
1728
1728
1728
1729
1729
1729
1730
1730
1730
1730
1730
1731
1731
1731
1732
1732
1732
1732
1732
1732
1732
1733
1733
1733
1733
1733
1734
1734
1734
1734
1734
1734
1735
1735
1735
1735
1735
1735
1735
1735
1735
1736
1736
1737
1737
1737
1737
1737
1737
1737
1737
1738
1738
1738
1738
1738
1739
1739
1739
1739
1739
1739
1739
1739
1740
1740
1740
1740
1740
1740
1740
1740
1741
1741
1741
1741
1742
1742
1742
1742
1742
1742
1743
1743
1744
1744
1744
1744
1744
1744
1745
1745
1745
1745
1745
1745
1746
1746
1746
1746
1746
1746
1746
1746
1746
1746
1747
1747
1747
1748
1748
1748
1748
1748
1748
1748
1748
1748
1749
1749
1749
1749
1749
1749
1749
1749
1749
1750
1750
1750
1750
1750
1750
1750
1751
1751
1751
1751
1751
1751
1752
1752
1752
1752
1752
1752
1752
1752
1753
1753
1753
1753
1753
1753
1753
1753
1753
1753
1753
1753
1754
1754
1754
1754
1755
1755
1755
1755
1755
1755
1755
1755
1755
1756
1756
1756
1756
1756
1756
1756
1757
1757
1757
1757
1757
1758
1758
1758
1758
1758
1759
1759
1759
1759
1759
1760
1760
1760
1760
1760
1760
1761
1761
1761
1761
1761
1761
1762
1762
1762
1762
1762
1762
1763
1763
1763
1763
1763
1763
1763
1764
1764
1764
1764
1764
1764
1764
1765
1765
1765
1765
1765
1765
1765
1765
1765
1765
1765
1765
1766
1766
1766
1766
1766
1767
1767
1767
1767
1767
1767
1768
1768
1768
1768
1768
1768
1768
1768
1768
1768
1768
1769
1769
1769
1769
1769
1769
1769
1770
1770
1770
1770
1770
1770
1770
1770
1771
1771
1771
1771
1771
1772
1772
1772
1772
1772
1772
1773
1773
1773
1773
1773
1773
1773
1773
1773
1773
1774
1774
1774
1774
1774
1775
1775
1775
1775
1775
1775
1775
1775
1776
1776
1776
1776
1776
1776
1776
1776
1777
1777
1777
1777
1777
1778
1778
1778
1779
1779
1779
1779
1779
1779
1779
1780
1780
1780
1780
1780
1780
1781
1781
1781
1781
1781
1781
1781
1781
1781
1782
1782
1782
1782
1782
1783
1783
1783
1783
1783
1784
1784
1784
1784
1784
1784
1784
1784
1784
1785
1785
1785
1785
1785
1785
1785
1785
1785
1786
1786
1786
1786
1786
1786
1786
1786
1786
1786
1787
1787
1787
1787
1787
1787
1788
1788
1788
1788
1788
1788
1788
1789
1789
1789
1789
1789
1789
1790
1790
1790
1790
1790
1790
1790
1790
1790
1791
1791
1791
1791
1791
1791
1791
1791
1792
1792
1792
1792
1792
1792
1792
1792
1792
1792
1792
1792
1793
1793
1793
1794
1794
1794
1795
1795
1795
1795
1795
1795
1796
1796
1796
1796
1796
1796
1796
1796
1796
1797
1797
1797
1797
1797
1797
1797
1798
1798
1798
1798
1799
1799
1799
1799
1799
1799
1800
1800
1800
1800
1800
1800
1801
1801
1801
1802
1802
1802
1802
1803
1803
1803
1803
1803
1803
1803
1804
1804
1804
1804
1804
1804
1804
1804
1804
1804
1805
1805
1805
1806
1806
1806
1806
1806
1806
1806
1807
1807
1807
1807
1807
1808
1808
1808
1808
1808
1808
1808
1808
1808
1808
1808
1808
1808
1809
1809
1809
1809
1809
1809
1809
1809
1809
1810
1810
1810
1811
1811
1811
1811
1811
1811
1811
1812
1812
1812
1812
1812
1812
1812
1812
1812
1812
1812
1812
1812
1813
1813
1813
1814
1814
1814
1814
1814
1814
1814
1815
1815
1815
1815
1815
1815
1815
1816
1816
1816
1816
1817
1817
1817
1817
1818
1818
1818
1818
1819
1819
1819
1820
1820
1820
1820
1821
1821
1821
1821
1822
1822
1822
1822
1822
1822
1822
1823
1823
1823
1823
1823
1823
1823
1823
1824
1824
1824
1824
1824
1824
1824
1824
1825
1825
1825
1825
1825
1825
1826
1826
1826
1826
1826
1826
1826
1826
1827
1827
1827
1827
1827
1827
1827
1827
1828
1828
1828
1828
1828
1828
1829
1829
1829
1829
1829
1830
1830
1830
1830
1830
1830
1831
1831
1831
1831
1831
1831
1831
1831
1831
1832
1832
1832
1832
1832
1833
1833
1833
1833
1833
1834
1834
1834
1834
1834
1834
1834
1835
1836
1836
1836
1836
1836
1837
1837
1837
1837
1837
1837
1837
1837
1837
1837
1838
1838
1838
1838
1838
1838
1838
1838
1838
1839
1839
1839
1840
1840
1840
1840
1840
1840
1840
1840
1840
1841
1841
1841
1841
1841
1841
1841
1841
1842
1842
1842
1842
1842
1842
1843
1843
1843
1843
1843
1844
1844
1844
1844
1844
1845
1845
1845
1845
1845
1845
1845
1845
1845
1845
1846
1846
1846
1846
1846
1846
1847
1847
1847
1847
1847
1847
1848
1848
1848
1848
1848
1849
1849
1849
1849
1849
1849
1849
1850
1850
1850
1851
1851
1851
1851
1851
1851
1851
1852
1852
1852
1852
1853
1853
1853
1853
1853
1853
1853
1854
1854
1854
1854
1854
1854
1854
1854
1855
1855
1855
1855
1855
1855
1856
1856
1856
1857
1857
1857
1857
1857
1857
1857
1857
1857
1858
1858
1858
1858
1859
1859
1859
1859
1859
1859
1860
1860
1860
1860
1860
1860
1860
1860
1860
1861
1861
1861
1861
1861
1861
1861
1861
1861
1862
1862
1862
1862
1862
1862
1863
1863
1863
1863
1864
1865
1865
1865
1865
1865
1865
1865
1866
1866
1866
1866
1866
1867
1867
1867
1867
1867
1867
1867
1867
1868
1868
1868
1868
1868
1868
1868
1869
1869
1869
1869
1870
1870
1870
1870
1870
1871
1871
1871
1871
1872
1872
1872
1872
1872
1872
1873
1873
1873
1873
1873
1873
1874
1874
1874
1874
1874
1874
1874
1874
1875
1875
1875
1875
1876
1876
1876
1876
1876
1876
1876
1877
1877
1877
1877
1877
1877
1877
1878
1878
1878
1878
1878
1878
1879
1879
1879
1879
1879
1879
1879
1880
1880
1880
1881
1881
1881
1881
1881
1881
1881
1881
1882
1882
1882
1883
1883
1883
1883
1883
1883
1884
1884
1884
1884
1884
1884
1885
1885
1885
1885
1886
1886
1886
1886
1886
1886
1887
1887
1887
1887
1887
1887
1888
1888
1888
1888
1889
1889
1889
1889
1889
1889
1889
1889
1889
1889
1890
1890
1890
1890
1890
1890
1890
1891
1891
1891
1891
1891
1891
1891
1891
1891
1891
1892
1892
1892
1892
1892
1892
1892
1892
1893
1894
1894
1894
1894
1894
1894
1894
1894
1894
1894
1895
1895
1895
1895
1896
1896
1896
1896
1896
1896
1896
1896
1896
1896
1896
1896
1897
1897
1897
1897
1897
1897
1897
1897
1897
1898
1898
1898
1898
1898
1898
1898
1898
1898
1899
1900
1900
1900
1900
1900
1900
1900
1900
1901
1901
1901
1901
1901
1901
1901
1902
1902
1902
1903
1903
1903
1903
1904
1904
1904
1904
1904
1904
1904
1904
1905
1905
1905
1905
1905
1905
1905
1906
1906
1906
1906
1906
1906
1906
1906
1907
1907
1907
1907
1908
1908
1908
1908
1908
1908
1909
1909
1909
1909
1910
1910
1910
1910
1910
1910
1911
1911
1911
1911
1911
1911
1911
1911
1911
1912
1913
1913
1913
1913
1913
1913
1913
1913
1913
1914
1914
1914
1914
1914
1914
1914
1915
1915
1915
1915
1915
1915
1915
1915
1916
1916
1916
1916
1916
1916
1916
1916
1916
1917
1917
1917
1917
1917
1917
1917
1918
1918
1918
1918
1919
1919
1919
1919
1919
1919
1919
1919
1920
1920
1920
1921
1921
1921
1921
1921
1921
1921
1922
1922
1922
1922
1922
1922
1922
1922
1922
1923
1923
1923
1923
1923
1923
1923
1924
1924
1924
1924
1924
1925
1925
1925
1925
1925
1925
1925
1925
1925
1925
1925
1925
1925
1926
1926
1926
1926
1926
1926
1926
1926
1926
1926
1926
1927
1927
1927
1927
1927
1927
1927
1927
1927
1927
1928
1928
1929
1929
1929
1930
1930
1930
1931
1931
1931
1931
1931
1931
1931
1932
1933
1933
1933
1933
1933
1933
1933
1934
1934
1934
1934
1934
1934
1935
1935
1935
1935
1935
1935
1935
1935
1935
1935
1936
1936
1936
1936
1936
1936
1937
1937
1937
1937
1937
1937
1937
1937
1937
1938
1938
1938
1938
1939
1939
1939
1939
1939
1939
1940
1940
1940
1940
1940
1940
1940
1940
1941
1941
1941
1942
1942
1942
1942
1942
1942
1942
1942
1942
1943
1943
1943
1943
1943
1943
1943
1944
1944
1944
1944
1944
1944
1945
1945
1945
1945
1946
1946
1946
1946
1946
1946
1947
1947
1947
1947
1947
1947
1947
1947
1948
1948
1948
1949
1949
1949
1949
1949
1949
1949
1950
1950
1950
1950
1951
1951
1951
1951
1951
1951
1951
1952
1952
1952
1952
1952
1952
1952
1952
1953
1953
1953
1953
1953
1953
1953
1953
1954
1954
1954
1954
1954
1954
1954
1955
1955
1955
1955
1955
1955
1956
1956
1956
1956
1956
1956
1956
1956
1957
1957
1957
1957
1957
1957
1957
1957
1957
1957
1957
1958
1958
1958
1958
1958
1958
1958
1958
1959
1959
1959
1959
1959
1959
1959
1959
1960
1960
1960
1960
1960
1961
1961
1961
1961
1961
1961
1961
1961
1961
1961
1962
1962
1962
1962
1962
1963
1963
1963
1963
1963
1963
1964
1964
1964
1964
1964
1964
1965
1965
1965
1965
1966
1966
1966
1966
1966
1966
1966
1966
1967
1967
1967
1967
1967
1967
1967
1967
1968
1968
1968
1968
1968
1969
1969
1969
1969
1969
1969
1970
1970
1970
1970
1971
1971
1971
1971
1971
1971
1971
1972
1972
1972
1972
1972
1972
1972
1972
1972
1972
1973
1973
1973
1973
1973
1974
1974
1974
1974
1974
1975
1975
1975
1975
1975
1975
1975
1975
1975
1975
1976
1976
1976
1976
1977
1977
1977
1977
1977
1977
1977
1977
1977
1978
1978
1978
1978
1978
1978
1978
1979
1979
1979
1980
1980
1980
1980
1980
1980
1981
1981
1981
1981
1981
1982
1982
1982
1982
1982
1982
1982
1982
1982
1982
1982
1982
1983
1983
1983
1984
1984
1984
1984
1984
1984
1984
1984
1984
1984
1985
1985
1985
1985
1985
1985
1985
1986
1986
1986
1986
1986
1987
1987
1987
1987
1988
1988
1988
1988
1988
1988
1988
1988
1988
1988
1989
1989
1989
1989
1989
1989
1989
1990
1990
1990
1990
1990
1990
1990
1990
1991
1991
1991
1991
1991
1991
1991
1991
1992
1992
1992
1992
1992
1992
1993
1993
1993
1993
1993
1994
1994
1994
1994
1994
1994
1994
1994
1994
1995
1995
1995
1995
1995
1995
1995
1995
1995
1995
1995
1996
1996
1996
1996
1996
1996
1996
1996
1996
1996
1996
1996
1997
1997
1997
1997
1998
1998
1998
1998
1998
1998
1998
1999
1999
1999
1999
1999
1999
1999
2000
2000
2000
2000
2000
2000
2000
