
5875
408321
173056
363609
254016
908209
212521
71289
72361
61009
242064
427716
162409
73441
553536
611524
264196
185761
162409
23716
412164
669124
698896
261121
12321
63001
779689
988036
495616
628849
11664
279841
65536
414736
731025
338724
582169
788544
90000
900601
755161
970225
142884
84681
168100
57121
43264
338724
553536
183184
702244
199809
540225
103684
731025
27225
275625
236196
221841
776161
915849
42436
149769
103041
65025
238144
734449
19881
360000
660969
42436
672400
240100
492804
267289
241081
638401
688900
455625
646416
160000
620944
937024
906304
57600
476100
599076
346921
36481
60025
944784
213444
24025
528529
908209
246016
393129
380689
412164
100489
197136
291600
974169
370881
223729
266256
260100
357604
675684
527076
26569
978121
104329
292681
910116
46225
509796
933156
964324
94249
404496
379456
126025
157609
417316
405769
708964
996004
273529
43681
20736
195364
546121
582169
99225
106276
646416
363609
236196
11664
121104
124609
381924
893025
211600
755161
61009
65536
802816
826281
330625
887364
240100
166464
252004
672400
12321
960400
213444
189225
828100
264196
815409
18225
576081
201601
22500
192721
156025
133225
32761
316969
480249
688900
57121
297025
280900
98596
919681
113569
484416
330625
425104
16641
476100
767376
38416
528529
72361
329476
18496
121801
558009
67081
749956
474721
57600
577600
33489
628849
204304
97969
17956
106276
374544
73441
501264
660969
65025
779689
863041
729316
106929
866761
76729
512656
519841
67600
97969
594441
331776
158404
305809
616225
848241
165649
344569
19600
876096
603729
15876
685584
602176
11449
357604
16900
179776
113569
797449
853776
58564
461041
550564
321489
470596
367236
207025
242064
350464
412164
201601
295936
209764
769129
609961
276676
128881
358801
46656
76176
170569
21904
692224
57600
140625
369664
178084
919681
720801
318096
262144
703921
562500
992016
938961
37249
405769
131044
974169
155236
10000
355216
925444
887364
556516
788544
54756
491401
813604
258064
67600
484416
613089
108900
327184
456976
336400
145161
62500
31329
207936
85849
64009
744769
362404
41209
73441
840889
121801
915849
986049
258064
994009
736164
94864
65536
579121
47961
727609
11025
921600
432964
582169
495616
294849
262144
929296
595984
57600
62001
646416
45369
311364
110224
451584
434281
762129
88804
38416
139129
364816
763876
984064
31684
762129
992016
17689
846400
300304
154449
39601
285156
16900
67081
558009
67600
498436
32400
372100
877969
921600
127449
649636
22801
226576
37249
178929
538756
19600
40804
64516
119716
330625
241081
187489
211600
120409
46225
261121
111556
1000000
102400
208849
467856
111556
36100
372100
80656
804609
221841
10609
331776
770884
60025
465124
279841
64516
258064
515524
669124
497025
553536
58564
799236
412164
305809
929296
61009
97969
404496
690561
879844
614656
725904
885481
732736
478864
193600
192721
315844
242064
258064
160000
602176
739600
95481
611524
651249
20449
863041
677329
259081
25600
605284
646416
633616
242064
272484
291600
266256
622521
48841
283024
779689
463761
148225
95481
454276
56169
770884
123904
494209
638401
857476
12769
27889
379456
153664
19600
44944
952576
45796
158404
506944
591361
426409
734449
698896
11236
10609
272484
231361
781456
136161
48841
669124
891136
442225
90000
22500
177241
15625
21025
992016
438244
386884
866761
65536
274576
164025
45369
1000000
725904
638401
32761
327184
518400
781456
275625
176400
321489
75625
896809
592900
72361
11025
21025
11025
769129
11449
38025
589824
777924
705600
346921
77841
751689
173889
537289
613089
364816
55696
200704
260100
669124
28900
189225
828100
265225
893025
528529
585225
150544
13924
680625
195364
824464
216225
171396
416025
885481
279841
49284
96721
404496
268324
119716
24649
11236
556516
476100
535824
25281
44944
444889
35344
24964
298116
952576
669124
116964
799236
494209
258064
16384
180625
308025
732736
431649
756900
813604
100489
680625
26569
184041
600625
196249
241081
491401
685584
297025
652864
46656
491401
712336
305809
826281
184041
619369
725904
17689
63001
36100
698896
93636
763876
101761
110889
715716
173889
386884
207936
660969
391876
341056
962361
279841
149769
270400
247009
259081
927369
537289
167281
739600
537289
14161
491401
45369
90000
367236
195364
376996
305809
501264
225625
538756
872356
30276
484416
467856
549081
20164
156025
535824
83521
62001
327184
345744
93025
483025
258064
40804
272484
372100
625681
65025
660969
427716
76729
461041
134689
133956
196249
459684
39204
703921
792100
47524
305809
334084
648025
314721
893025
760384
98596
588289
996004
275625
184900
112225
50176
219961
250000
188356
330625
748225
106929
279841
861184
68121
996004
703921
160801
962361
190969
600625
81225
138384
540225
893025
96721
160000
855625
753424
11025
850084
305809
361201
96100
252004
872356
54756
448900
16384
417316
26569
917764
720801
339889
136900
518400
467856
302500
465124
139876
188356
15129
879844
220900
28561
50625
777924
620944
837225
887364
495616
17161
18225
885481
190096
246016
784996
132496
158404
114921
104329
370881
109561
290521
619369
476100
61009
605284
339889
21609
46656
120409
318096
107584
483025
396900
279841
71289
268324
583696
919681
446224
935089
481636
391876
370881
480249
416025
229441
12544
319225
173056
495616
376996
11025
565504
251001
12996
672400
265225
585225
456976
256036
288369
455625
133956
879844
119716
24964
595984
22500
946729
208849
121104
541696
363609
121104
59536
436921
762129
13456
16384
447561
248004
102400
369664
210681
769129
204304
450241
669124
648025
561001
321489
78961
562500
417316
162409
322624
649636
891136
38809
722500
264196
646416
682276
443556
15876
558009
271441
687241
848241
617796
31684
469225
577600
564001
51984
221841
753424
889249
937024
165649
222784
938961
772641
492804
34596
196249
731025
611524
41209
221841
286225
547600
199809
337561
270400
277729
344569
476100
222784
703921
304704
876096
115600
227529
431649
96100
889249
52441
925444
161604
142129
202500
417316
20164
308025
153664
659344
492804
326041
521284
376996
217156
605284
86436
708964
502681
403225
485809
683929
12321
756900
344569
262144
27556
391876
59536
134689
321489
123201
190096
729316
34225
15876
48841
784996
80089
774400
148225
908209
197136
184900
465124
343396
16129
41209
283024
122500
751689
640000
422500
111556
608400
237169
292681
80656
78400
12996
46225
369664
664225
379456
110889
321489
80656
96721
274576
597529
470596
50176
508369
189225
613089
15625
12321
315844
628849
145161
135424
443556
313600
17424
669124
863041
461041
330625
256036
258064
233289
898704
47961
28561
146689
136161
902500
438244
242064
43681
48400
173056
50176
461041
717409
238144
33489
817216
525625
75076
429025
60516
648025
66049
172225
38025
808201
432964
10816
76729
171396
49284
799236
184900
330625
334084
93025
992016
329476
540225
171396
199809
617796
184900
831744
940900
207025
24025
22500
904401
23409
749956
817216
336400
45369
175561
990025
381924
516961
469225
261121
117649
185761
98596
316969
450241
130321
242064
88804
958441
889249
456976
355216
70225
804609
97969
877969
776161
72900
34225
846400
802816
69696
141376
220900
112896
108241
568516
958441
443556
180625
984064
408321
35721
828100
375769
976144
144400
95481
183184
331776
320356
163216
749956
960400
91809
39601
181476
933156
848241
291600
400689
115600
935089
925444
106929
117649
509796
60025
820836
529984
276676
707281
172225
100489
48400
532900
30976
866761
157609
17424
217156
534361
948676
739600
559504
15625
283024
255025
112896
71824
540225
278784
659344
458329
565504
401956
87616
591361
940900
648025
134689
41209
762129
231361
760384
161604
149769
326041
664225
78961
360000
844561
617796
184900
184900
401956
813604
341056
870489
86436
39204
54756
781456
29241
599076
80089
251001
674041
153664
285156
396900
813604
268324
644809
126025
34596
375769
594441
16641
962361
21025
682276
138384
777924
51076
695556
77841
24336
419904
958441
361201
143641
386884
378225
150544
356409
528529
592900
356409
685584
576081
195364
278784
756900
707281
164025
95481
60025
801025
87025
167281
540225
133956
266256
16129
57121
212521
355216
213444
781456
378225
172225
126025
515524
306916
917764
100489
274576
84100
285156
23716
181476
499849
54289
401956
123201
680625
564001
26244
16641
994009
25281
82944
438244
644809
933156
677329
473344
606841
756900
11664
121801
912025
105625
910116
168921
690561
30276
36100
322624
511225
820836
570025
16129
998001
38809
633616
298116
14161
948676
239121
49729
174724
175561
399424
883600
640000
864900
443556
121801
455625
257049
152881
570025
68121
175561
121801
55225
24336
105625
511225
266256
263169
22801
904401
725904
118336
149769
217156
120409
185761
547600
277729
30976
252004
125316
541696
274576
87025
65025
102400
396900
16641
512656
638401
537289
207025
562500
313600
119716
763876
1000000
586756
846400
30625
118336
166464
142884
519841
444889
527076
662596
158404
176400
535824
952576
931225
128881
321489
135424
488601
52441
898704
184900
193600
91809
11664
174724
86436
573049
68644
393129
931225
678976
465124
819025
50625
22500
617796
115600
28561
731025
246016
244036
214369
429025
582169
288369
198025
54289
804609
69169
870489
134689
522729
227529
564001
831744
266256
555025
998001
45796
817216
412164
305809
896809
458329
92416
582169
245025
942841
286225
370881
251001
851929
561001
33856
331776
736164
331776
398161
223729
998001
258064
514089
698896
734449
42025
10201
222784
719104
315844
66564
67600
580644
497025
65025
29929
174724
492804
874225
111556
962361
660969
570025
400689
326041
585225
376996
244036
994009
190969
34225
508369
339889
469225
933156
585225
484416
344569
133956
366025
343396
996004
506944
422500
72361
300304
43264
261121
863041
974169
512656
102400
627264
665856
48400
600625
372100
408321
375769
240100
688900
702244
79524
23409
599076
755161
840889
338724
49729
308025
31684
330625
748225
126736
69696
421201
128881
749956
389376
142129
917764
291600
731025
36864
968256
267289
177241
20449
731025
839056
356409
132496
152881
446224
306916
801025
990025
717409
412164
67600
998001
92416
236196
501264
272484
505521
370881
859329
690561
323761
502681
23716
142129
535824
62001
61009
808201
739600
237169
77841
28224
784996
20736
18225
33856
720801
811801
66049
630436
306916
95481
13689
304704
258064
741321
64516
47089
63504
170569
609961
80656
505521
784996
927369
20736
181476
929296
159201
84681
145924
819025
326041
22201
511225
24964
72900
215296
119716
409600
703921
30276
341056
49729
719104
116964
125316
100489
887364
732736
410881
123201
568516
121104
469225
937024
157609
559504
21609
624100
55696
19881
75625
55225
80656
896809
57121
828100
436921
69169
18225
499849
481636
167281
50176
174724
708964
571536
185761
271441
898704
133225
374544
702244
62001
625681
46225
32400
44944
16129
894916
450241
648025
485809
173056
851929
16129
910116
619369
13456
133225
250000
24964
625681
163216
541696
802816
215296
13689
576081
64516
66564
227529
224676
79524
271441
164836
431649
808201
815409
921600
193600
898704
619369
17956
222784
265225
277729
467856
708964
31684
388129
295936
47961
811801
316969
348100
362404
23104
824464
152100
245025
206116
636804
39601
210681
898704
152100
443556
528529
455625
540225
235225
217156
465124
239121
528529
349281
675684
342225
448900
167281
259081
648025
67600
12544
439569
636804
241081
116964
149769
872356
459684
148996
165649
61504
549081
491401
262144
150544
815409
524176
692224
628849
145161
40401
38416
76729
770884
219024
627264
16641
24964
76729
62500
25600
842724
776161
968256
937024
700569
896809
885481
423801
21025
801025
877969
248004
473344
26896
829921
374544
401956
693889
76729
667489
498436
355216
17956
314721
131044
568516
358801
717409
698896
651249
942841
148225
896809
17689
363609
299209
956484
357604
124609
146689
395641
24649
45369
18769
331776
261121
602176
54289
30276
293764
18496
418609
434281
580644
611524
262144
14641
151321
208849
731025
669124
815409
837225
25600
633616
383161
279841
703921
87616
219961
777924
755161
894916
74529
16129
326041
73984
923521
724201
929296
954529
72361
287296
544644
338724
407044
674041
128881
439569
11236
722500
19321
488601
636804
77841
521284
36481
290521
225625
153664
393129
215296
931225
321489
988036
394384
92416
484416
418609
121104
80656
64009
22500
855625
330625
436921
155236
177241
763876
29241
840889
12100
105625
320356
90000
152881
131044
817216
49284
101761
34969
38025
305809
423801
22801
294849
128881
13689
524176
155236
383161
900601
478864
339889
260100
78400
156816
819025
744769
729316
53824
613089
148996
447561
672400
753424
237169
25281
192721
12544
781456
20736
434281
678976
986049
28224
66049
17689
179776
889249
532900
109561
758641
40804
504100
196249
127449
89401
126736
705600
974169
76176
522729
66564
229441
271441
431649
273529
234256
763876
61504
63504
48841
840889
682276
271441
286225
831744
649636
160801
285156
561001
698896
145924
529984
19321
45369
75625
224676
810000
180625
64009
887364
734449
786769
630436
806404
96721
458329
193600
494209
326041
26569
620944
322624
86436
32041
853776
476100
244036
904401
17689
609961
361201
931225
129600
21904
964324
46656
537289
112896
956484
250000
327184
59536
850084
310249
198916
455625
477481
11881
202500
418609
659344
106929
976144
108900
281961
19044
734449
153664
73441
622521
336400
155236
872356
203401
788544
145924
893025
203401
327184
409600
491401
160801
131044
313600
34225
599076
92416
316969
50176
455625
42849
249001
859329
291600
877969
108241
49729
65025
366025
58081
60025
214369
817216
956484
57600
855625
93025
469225
291600
294849
990025
53361
291600
491401
63001
90000
915849
550564
535824
349281
16641
734449
294849
173889
833569
39204
326041
915849
92416
199809
195364
552049
284089
1000000
996004
722500
516961
136161
435600
47089
885481
82944
253009
767376
238144
41616
710649
729316
126736
524176
203401
511225
602176
103684
646416
288369
835396
51984
231361
74529
243049
152100
38025
87025
220900
46656
173056
675684
378225
414736
885481
125316
146689
592900
378225
126025
986049
683929
151321
48400
413449
471969
158404
28224
76176
173889
56169
403225
674041
559504
617796
946729
883600
416025
64009
758641
357604
968256
88804
335241
332929
288369
88804
736164
442225
65025
505521
614656
110889
34596
73984
917764
90000
249001
147456
917764
891136
141376
90601
198025
521284
281961
725904
980100
608400
462400
274576
49284
130321
185761
58081
356409
672400
117649
24964
811801
303601
195364
12996
788544
99225
61009
138384
331776
859329
47089
784996
620944
678976
245025
444889
438244
783225
700569
14161
531441
221841
90601
354025
54756
30976
122500
24964
429025
170569
51076
80656
935089
169744
483025
139129
16641
779689
103041
765625
595984
240100
167281
55225
857476
42849
21904
48841
469225
29584
456976
64516
893025
39601
16900
278784
776161
400689
230400
263169
129600
311364
342225
207936
283024
94249
786769
100489
137641
31684
432964
674041
567009
288369
310249
758641
919681
120409
329476
456976
524176
948676
60516
725904
349281
518400
346921
913936
181476
164836
326041
193600
274576
98596
155236
769129
974169
87616
695556
494209
64009
309136
100489
303601
12769
238144
140625
724201
207936
85849
502681
15876
82944
219024
360000
181476
783225
132496
970225
164025
786769
272484
77841
946729
285156
156025
817216
498436
519841
118336
442225
71289
128164
363609
13225
327184
811801
108900
910116
611524
43264
237169
90000
19881
264196
737881
471969
241081
641601
741321
524176
648025
197136
258064
635209
335241
390625
881721
313600
56644
599076
508369
355216
154449
136161
710649
324900
249001
218089
122500
13456
50176
19600
592900
18496
153664
47524
734449
753424
632025
124609
189225
874225
99856
51529
169744
21609
10404
833569
577600
38025
120409
651249
388129
26569
23104
36100
829921
248004
45796
19044
734449
848241
810000
169744
659344
52441
109561
84681
178929
67081
458329
879844
167281
90601
223729
535824
712336
301401
113569
150544
586756
906304
187489
38025
59049
143641
546121
487204
39204
343396
18225
311364
201601
11881
252004
824464
917764
715716
211600
53824
215296
130321
241081
197136
323761
524176
254016
117649
456976
891136
864900
289444
289444
188356
529984
344569
497025
108241
772641
674041
474721
532900
358801
105625
976144
41209
70225
431649
305809
62001
173889
933156
51529
246016
546121
202500
271441
164836
516961
363609
585225
476100
842724
194481
910116
21904
75625
131044
126025
442225
521284
59049
247009
837225
942841
656100
88804
412164
300304
389376
285156
303601
219024
204304
218089
235225
654481
16129
21609
12544
26569
454276
295936
232324
58081
374544
114244
40804
720801
174724
360000
97344
649636
444889
822649
672400
157609
744769
212521
31329
50176
60025
857476
207025
672400
797449
231361
462400
414736
603729
11025
56644
55225
574564
549081
219024
118336
968256
73441
850084
50625
136161
534361
675684
360000
831744
573049
66049
894916
119025
910116
683929
893025
720801
306916
632025
418609
561001
228484
749956
290521
139876
40804
749956
418609
150544
169744
219961
121801
938961
851929
685584
879844
956484
669124
861184
133225
839056
326041
30976
339889
674041
461041
13924
331776
319225
13924
12769
978121
286225
310249
205209
85264
301401
808201
254016
648025
59049
300304
30976
462400
301401
95481
14161
115600
152881
700569
465124
38416
724201
262144
586756
197136
680625
646416
192721
573049
36864
16900
118336
220900
567009
270400
28224
407044
280900
466489
234256
381924
210681
998001
692224
811801
592900
744769
906304
368449
84100
410881
19321
617796
373321
537289
748225
101761
994009
594441
497025
842724
664225
24964
16900
678976
751689
990025
547600
78961
20736
532900
430336
561001
613089
646416
763876
648025
357604
700569
439569
57121
512656
95481
60516
585225
87025
715716
702244
13456
25921
156816
595984
355216
76176
851929
87616
256036
269361
51984
564001
15129
68644
715716
851929
53824
219024
17424
206116
88209
17424
265225
88209
219024
586756
837225
110224
900601
271441
366025
18496
110889
429025
620944
104976
558009
366025
633616
26569
10201
412164
627264
751689
942841
67081
398161
16384
190096
654481
45369
427716
298116
968256
863041
744769
358801
83521
220900
675684
32041
97344
874225
541696
508369
813604
448900
345744
702244
720801
403225
92416
381924
43681
690561
28900
454276
100489
13225
61009
93636
297025
25281
719104
218089
760384
714025
819025
904401
142129
582169
978121
588289
22500
758641
900601
112896
28561
342225
249001
808201
14161
69696
178929
992016
97969
413449
192721
308025
41616
65536
14641
59536
68644
463761
91204
178929
12100
364816
215296
31684
310249
11236
558009
128164
55225
52441
161604
512656
244036
498436
21025
169744
130321
36864
946729
876096
828100
32041
342225
783225
250000
255025
950625
18496
101124
992016
375769
78400
44521
233289
50176
238144
268324
466489
193600
107584
345744
297025
227529
51076
751689
131044
802816
179776
65025
185761
183184
316969
793881
343396
38416
60025
707281
74529
26896
38025
66564
92416
364816
320356
678976
286225
734449
30976
235225
529984
341056
576081
224676
250000
216225
77284
103041
597529
64009
218089
594441
732736
528529
940900
49284
375769
488601
720801
194481
73984
141376
522729
703921
767376
270400
915849
27889
505521
568516
168100
252004
80089
84681
72361
783225
34969
984064
396900
835396
434281
672400
501264
876096
851929
643204
741321
698896
23716
322624
459684
511225
19881
697225
877969
755161
295936
187489
40804
687241
675684
725904
851929
434281
12100
306916
73984
88209
60516
304704
502681
829921
389376
142129
451584
461041
98596
571536
283024
154449
577600
99225
502681
549081
210681
672400
67081
38809
950625
288369
734449
378225
559504
94249
40401
30976
187489
719104
727609
440896
230400
110889
76729
38809
141376
425104
200704
944784
195364
588289
915849
970225
808201
29241
537289
256036
92416
47524
665856
680625
42436
53824
902500
29584
720801
168100
361201
788544
287296
170569
851929
727609
331776
394384
168100
477481
172225
24025
165649
247009
212521
218089
462400
398161
737881
156816
348100
17161
247009
844561
242064
746496
440896
355216
16641
60516
251001
822649
829921
151321
609961
114921
462400
236196
248004
866761
76176
369664
389376
153664
935089
115600
29929
188356
146689
998001
461041
418609
291600
52441
968256
42025
55225
171396
94864
348100
714025
994009
622521
293764
69696
383161
624100
14641
592900
122500
23716
10816
680625
553536
46225
654481
64516
904401
902500
272484
223729
175561
185761
209764
258064
583696
167281
304704
11664
160000
481636
744769
11881
643204
93636
451584
853776
463761
273529
241081
357604
93025
654481
439569
88804
820836
280900
801025
565504
717409
177241
244036
501264
220900
127449
478864
408321
175561
306916
866761
115600
14884
702244
149769
690561
272484
56644
525625
132496
456976
70225
478864
861184
524176
148996
714025
108241
44521
10816
345744
145924
252004
352836
451584
260100
915849
258064
42436
217156
122500
328329
374544
592900
73984
308025
683929
18769
462400
329476
960400
57121
900601
221841
844561
116281
705600
361201
430336
357604
223729
29929
597529
138384
25921
168100
273529
18225
298116
184041
394384
160801
44521
275625
705600
209764
638401
889249
12769
260100
16641
155236
388129
378225
109561
877969
373321
528529
565504
43264
879844
183184
697225
851929
826281
876096
42849
34969
204304
48400
225625
36100
267289
937024
274576
375769
608400
649636
13924
828100
134689
15876
194481
418609
209764
80656
715716
201601
33856
132496
190096
450241
781456
443556
795664
739600
10201
436921
412164
36864
32400
104976
669124
115600
44100
688900
97344
58564
421201
921600
164025
14161
11236
450241
26244
52900
980100
568516
130321
245025
280900
455625
31684
20736
357604
164025
177241
48400
829921
654481
806404
24964
40000
547600
130321
59049
964324
138384
434281
165649
984064
68644
211600
16384
592900
487204
250000
36864
423801
669124
199809
11881
579121
938961
902500
896809
788544
508369
904401
40000
92416
95481
38416
734449
499849
83521
506944
24964
99225
470596
26244
418609
731025
344569
48841
18225
594441
927369
643204
12100
73441
538756
708964
602176
434281
77841
797449
158404
164025
580644
889249
268324
15376
145924
26244
942841
966289
251001
56169
603729
20449
23104
32400
32761
853776
305809
87025
996004
315844
82944
599076
17161
717409
565504
879844
73984
186624
163216
119025
16900
27889
56644
27556
236196
194481
881721
56169
97969
268324
430336
335241
300304
62001
874225
101761
258064
544644
579121
173056
110889
116281
160801
261121
38025
12769
20449
119025
86436
195364
779689
98596
931225
131044
123904
275625
190096
547600
638401
152881
61504
26244
38416
732736
654481
454276
990025
616225
337561
318096
99225
38809
77284
357604
31329
123904
10000
813604
255025
692224
32400
213444
937024
165649
129600
390625
919681
577600
355216
603729
603729
51529
788544
327184
202500
342225
51984
77841
660969
147456
984064
592900
409600
65025
756900
176400
131769
574564
154449
190096
269361
857476
11236
553536
56644
109561
458329
231361
43681
132496
284089
355216
944784
774400
667489
343396
206116
249001
249001
131769
421201
275625
224676
927369
414736
168100
258064
588289
617796
614656
405769
756900
43681
459684
553536
90000
362404
737881
116964
13689
552049
859329
848241
121801
243049
839056
181476
900601
85849
230400
454276
543169
315844
769129
336400
409600
197136
146689
76176
537289
414736
360000
494209
326041
426409
32400
172225
218089
15129
657721
547600
280900
87616
36481
942841
93025
851929
583696
10816
152100
14400
506944
208849
172225
435600
262144
235225
168921
344569
285156
224676
12321
674041
477481
254016
763876
328329
297025
259081
833569
614656
250000
390625
38809
290521
37249
35721
17424
343396
30276
156816
609961
524176
22201
207936
226576
193600
597529
974169
13456
674041
727609
912025
104976
828100
34225
369664
137641
553536
881721
407044
299209
564001
26244
89401
221841
31329
32761
151321
15625
80656
515524
180625
21609
509796
567009
249001
68644
103041
190969
196249
850084
295936
408321
339889
17161
304704
195364
19600
99225
32761
767376
919681
958441
58081
113569
170569
253009
351649
393129
405769
421201
741321
111556
50625
966289
810000
24649
996004
636804
272484
87025
652864
904401
114244
944784
314721
136161
251001
316969
65536
10816
51076
616225
166464
11236
351649
837225
226576
206116
311364
620944
201601
79524
73441
156025
71289
337561
910116
22201
859329
304704
375769
440896
813604
95481
27556
561001
162409
12100
58564
26896
483025
559504
559504
148996
198025
492804
272484
746496
783225
964324
139129
430336
418609
451584
477481
323761
954529
233289
202500
363609
291600
368449
115600
919681
532900
731025
14641
356409
26896
199809
677329
45796
683929
40401
748225
885481
210681
430336
94249
654481
391876
887364
627264
680625
20164
219024
443556
80089
576081
26896
27889
141376
20736
417316
360000
13924
808201
150544
451584
91809
390625
180625
748225
36864
300304
641601
378225
207936
850084
14884
36864
151321
46656
10000
299209
148996
146689
492804
370881
360000
50176
260100
167281
964324
68644
178929
431649
95481
65025
304704
67081
902500
148225
688900
962361
972196
669124
476100
127449
555025
180625
75625
330625
87616
960400
47961
171396
550564
848241
97969
331776
267289
324900
188356
44521
369664
994009
416025
988036
755161
286225
583696
160801
80656
136161
811801
974169
26244
577600
40804
190096
519841
976144
122500
574564
72361
39204
753424
88804
165649
678976
894916
362404
26896
432964
467856
101124
413449
238144
532900
822649
840889
968256
528529
67081
156025
133956
576081
454276
842724
83521
288369
853776
328329
39601
41209
25281
62001
50625
42849
66564
861184
13456
25281
950625
419904
743044
952576
744769
13924
617796
56644
42436
519841
113569
43681
10201
857476
329476
690561
265225
78961
49284
385641
749956
193600
60025
407044
632025
431649
214369
241081
509796
436921
217156
401956
452929
942841
518400
552049
976144
443556
130321
265225
804609
619369
326041
459684
451584
50625
14641
183184
303601
283024
221841
592900
210681
318096
547600
770884
966289
568516
129600
708964
28561
938961
82369
654481
305809
828100
603729
211600
69696
410881
123904
755161
376996
779689
712336
215296
524176
421201
65536
793881
230400
38809
219961
553536
801025
38416
352836
118336
14400
824464
229441
248004
748225
954529
39601
81225
28561
996004
739600
50176
84681
44944
481636
121104
502681
234256
116281
28900
978121
26896
125316
139876
915849
293764
77841
220900
274576
683929
720801
66049
137641
92416
142884
205209
414736
11664
80656
126736
21316
364816
128881
34225
328329
12996
44521
203401
577600
211600
698896
16384
734449
148225
561001
315844
254016
543169
48841
44944
521284
184900
440896
65025
42025
844561
772641
613089
11664
22201
619369
466489
435600
582169
474721
13225
583696
75625
646416
175561
322624
700569
148225
476100
589824
264196
815409
978121
394384
284089
35721
710649
133956
237169
131769
549081
27225
47961
373321
495616
990025
270400
664225
802816
599076
777924
277729
599076
842724
207936
597529
158404
22500
954529
450241
444889
524176
36481
404496
632025
586756
573049
343396
33124
755161
467856
697225
927369
63001
10404
262144
35721
24964
61504
89401
20164
28224
597529
260100
950625
535824
14161
900601
338724
34969
617796
372100
793881
662596
21316
319225
628849
641601
31329
948676
218089
120409
793881
48841
203401
46656
253009
528529
272484
37636
240100
476100
683929
30276
538756
26244
835396
435600
813604
176400
558009
106276
33124
418609
329476
154449
982081
104329
662596
265225
450241
573049
799236
184900
17956
107584
91809
51984
216225
410881
246016
284089
419904
573049
550564
541696
829921
777924
835396
326041
88209
190969
729316
670761
55225
908209
23409
434281
651249
570025
678976
440896
442225
28224
55225
26896
115600
89401
439569
505521
687241
508369
40804
173056
254016
28561
139129
413449
558009
549081
60025
385641
815409
717409
217156
532900
120409
34225
917764
490000
835396
435600
391876
20164
868624
43681
41616
527076
279841
960400
501264
313600
294849
839056
35721
274576
846400
710649
297025
813604
737881
362404
531441
494209
212521
36481
337561
84681
48400
440896
624100
96100
501264
131769
599076
103684
80089
700569
30276
42436
135424
202500
202500
110224
942841
763876
59536
136900
24964
360000
250000
363609
451584
386884
35721
529984
714025
26569
908209
272484
281961
168100
10404
657721
28561
562500
484416
707281
887364
143641
244036
126025
763876
21904
177241
236196
450241
556516
504100
817216
185761
142884
123904
268324
26896
204304
494209
638401
583696
418609
558009
729316
616225
913936
737881
494209
913936
697225
63504
522729
40804
291600
665856
620944
831744
58081
755161
904401
231361
12321
195364
34969
851929
37636
130321
439569
751689
119025
111556
123904
41616
19044
136161
363609
364816
178929
802816
470596
218089
99225
767376
729316
303601
998001
184900
635209
159201
749956
609961
855625
64009
26896
53361
37249
200704
680625
290521
44944
343396
710649
656100
310249
83521
10404
408321
595984
509796
101124
24025
136161
1000000
132496
370881
972196
94249
786769
984064
55696
61009
117649
11881
568516
667489
278784
20736
571536
126736
164025
115600
14161
206116
769129
797449
665856
27225
108241
541696
42849
456976
853776
221841
585225
323761
40401
26896
91809
385641
140625
253009
38416
425104
902500
343396
731025
56169
478864
88209
82944
14884
715716
194481
868624
767376
263169
305809
811801
591361
982081
393129
705600
946729
146689
833569
288369
571536
213444
806404
348100
45796
874225
55225
763876
18225
334084
469225
532900
18225
937024
197136
96721
829921
872356
150544
467856
233289
541696
187489
685584
213444
19600
160000
205209
418609
180625
404496
19321
103041
356409
234256
381924
354025
491401
69169
719104
351649
567009
52900
40401
213444
327184
833569
319225
49729
558009
147456
274576
390625
72361
268324
21025
134689
197136
40804
69696
485809
808201
129600
443556
27889
263169
942841
20449
813604
82369
497025
784996
214369
152881
184041
18769
960400
425104
140625
139129
341056
519841
240100
586756
793881
421201
178929
144400
651249
632025
119025
583696
164836
155236
492804
436921
902500
12100
217156
519841
942841
367236
783225
87025
919681
38809
902500
311364
817216
656100
22500
988036
162409
33856
996004
786769
170569
423801
729316
469225
853776
643204
485809
48400
257049
59049
16900
57121
80089
725904
619369
134689
14884
37249
266256
279841
360000
75076
36481
318096
370881
153664
396900
220900
34225
115600
216225
446224
595984
512656
47089
844561
792100
466489
893025
275625
86436
127449
71289
66049
571536
170569
40401
10201
14641
25281
66564
210681
36864
28900
344569
113569
592900
207936
96100
603729
123904
114244
321489
715716
760384
910116
300304
485809
168100
970225
343396
547600
877969
407044
583696
498436
78400
171396
99225
70225
112225
504100
92416
36100
389376
99225
273529
170569
632025
20164
986049
51529
166464
767376
131769
12321
417316
342225
335241
355216
461041
58081
853776
521284
685584
155236
819025
24649
369664
261121
27889
302500
644809
154449
405769
100489
214369
25600
660969
145161
223729
72361
571536
366025
898704
471969
421201
80656
828100
291600
692224
62500
61009
779689
600625
152100
494209
741321
141376
39204
682276
22801
76729
20164
933156
106276
135424
54756
848241
643204
751689
19321
748225
76729
181476
323761
851929
82944
125316
929296
103684
267289
29929
70756
148996
112225
71289
128164
117649
498436
72361
104329
61009
504100
153664
484416
11449
524176
828100
24649
567009
769129
233289
719104
685584
651249
401956
173056
14161
522729
611524
24649
487204
40401
664225
483025
123904
908209
104329
19321
200704
88209
85264
19881
207025
31329
725904
379456
297025
990025
792100
204304
582169
35344
166464
213444
502681
165649
819025
85264
13225
896809
79524
528529
135424
90601
248004
72900
252004
454276
597529
266256
518400
245025
31329
153664
518400
63001
144400
349281
321489
128881
462400
736164
160000
375769
688900
259081
950625
45796
248004
228484
125316
407044
160801
66564
685584
891136
459684
121801
702244
243049
12100
19881
746496
242064
27556
313600
195364
395641
310249
223729
13689
303601
652864
734449
501264
163216
39204
199809
585225
364816
553536
299209
839056
12996
664225
226576
48841
837225
62001
925444
725904
737881
413449
908209
664225
321489
95481
672400
354025
65025
622521
774400
239121
518400
677329
564001
129600
29241
54756
760384
144400
394384
20736
506944
345744
859329
561001
253009
44100
463761
178929
336400
58564
543169
262144
434281
273529
769129
21316
216225
693889
60025
234256
213444
695556
60025
483025
674041
82944
180625
576081
458329
185761
799236
705600
444889
659344
71289
145924
164836
146689
24025
960400
672400
133956
275625
777924
77841
451584
40804
142129
41616
404496
332929
436921
39601
98596
328329
976144
44100
267289
386884
276676
906304
573049
41616
829921
113569
988036
17956
988036
48841
501264
866761
693889
400689
16641
826281
91204
407044
395641
302500
92416
96100
792100
339889
574564
31684
436921
383161
408321
881721
38416
316969
322624
233289
664225
10609
509796
137641
779689
772641
868624
393129
541696
179776
142884
61504
380689
158404
326041
81796
73984
185761
94249
169744
781456
52441
36481
984064
739600
34969
837225
547600
81225
390625
986049
774400
438244
384400
49284
343396
133956
640000
165649
828100
574564
36864
49729
541696
300304
702244
103041
485809
35344
697225
756900
141376
505521
256036
302500
293764
744769
156816
473344
492804
13225
879844
305809
313600
100489
202500
171396
136900
904401
38025
34596
45369
255025
470596
357604
78400
765625
609961
252004
861184
674041
43264
23716
722500
429025
62001
429025
129600
30625
227529
137641
136161
933156
24649
567009
38809
483025
237169
111556
44521
305809
470596
567009
346921
828100
32041
430336
11664
311364
443556
99225
263169
408321
80089
203401
298116
227529
831744
71824
850084
68121
378225
469225
328329
237169
504100
940900
92416
408321
90601
396900
42025
487204
986049
61009
833569
724201
176400
355216
388129
683929
697225
448900
378225
853776
680625
51529
252004
252004
160000
187489
427716
859329
422500
237169
725904
488601
139129
201601
429025
13225
20164
368449
138384
139129
603729
36864
212521
635209
842724
71824
118336
99856
338724
115600
795664
58081
477481
64009
872356
350464
514089
33489
749956
727609
175561
797449
189225
25281
540225
213444
110889
198916
338724
182329
583696
937024
644809
962361
576081
501264
269361
422500
71289
992016
980100
412164
170569
131044
58081
321489
36100
94249
215296
769129
442225
525625
808201
84681
190969
192721
719104
10404
674041
72361
102400
213444
1000000
118336
220900
239121
97969
41209
777924
912025
573049
628849
715716
142129
219961
98596
352836
413449
304704
662596
17689
904401
568516
210681
861184
167281
606841
927369
192721
54756
620944
288369
111556
790321
564001
165649
17424
345744
331776
29929
522729
72900
64009
656100
632025
172225
597529
72900
553536
588289
514089
755161
436921
687241
942841
753424
674041
385641
284089
247009
874225
616225
644809
23104
149769
531441
649636
130321
90000
448900
491401
426409
322624
145161
148225
499849
222784
20736
840889
763876
27556
237169
942841
620944
715716
831744
680625
425104
10816
641601
351649
23409
31329
842724
175561
879844
518400
298116
378225
851929
128164
583696
320356
187489
212521
558009
82944
346921
180625
56169
252004
110224
799236
467856
717409
47961
958441
32761
10816
734449
346921
544644
147456
413449
913936
61009
327184
229441
19044
384400
579121
844561
323761
662596
779689
848241
846400
300304
88804
306916
264196
13225
801025
370881
744769
44521
154449
213444
84681
857476
63001
549081
338724
473344
784996
495616
153664
52441
291600
407044
208849
17424
620944
53824
194481
168100
497025
595984
47524
534361
156816
695556
950625
27225
20736
133225
60516
10404
139129
361201
368449
859329
15625
401956
66564
147456
270400
234256
53824
828100
331776
261121
126025
379456
685584
494209
298116
769129
524176
88209
811801
29241
41209
268324
84100
10404
272484
502681
978121
790321
739600
257049
483025
484416
458329
994009
792100
583696
917764
633616
101124
364816
64009
381924
304704
50176
190096
181476
93025
58081
857476
746496
248004
779689
378225
133225
112225
47089
881721
839056
47961
92416
662596
69696
135424
92416
222784
685584
373321
52441
931225
332929
132496
219961
23104
525625
38416
83521
295936
538756
22500
208849
12321
94864
664225
106276
274576
722500
893025
982081
524176
216225
399424
323761
685584
157609
75076
39601
172225
13924
372100
191844
855625
163216
960400
777924
652864
22201
506944
870489
927369
164025
30976
293764
142129
781456
968256
970225
369664
898704
678976
976144
38025
21025
20449
348100
346921
491401
804609
179776
102400
919681
105625
470596
223729
53824
28224
531441
710649
67600
26244
173889
166464
167281
913936
978121
85849
24964
339889
396900
555025
29241
485809
15876
808201
664225
217156
250000
75076
240100
14641
992016
352836
78961
169744
846400
108241
537289
105625
864900
65025
78961
931225
23716
416025
669124
976144
227529
258064
342225
558009
88209
239121
958441
19044
329476
185761
21025
632025
100489
104329
1000000
452929
362404
848241
695556
97969
16384
163216
41616
933156
964324
429025
804609
724201
859329
857476
31329
828100
755161
521284
217156
56644
339889
284089
476100
361201
10609
26569
708964
308025
887364
28900
208849
758641
568516
187489
32400
790321
328329
16900
301401
76176
454276
416025
919681
60025
175561
11664
52441
436921
75625
302500
156816
786769
141376
100489
32041
136161
659344
184900
40000
229441
31684
465124
990025
577600
819025
321489
669124
193600
992016
56169
304704
32041
192721
327184
678976
225625
75076
21025
976144
50625
758641
26244
502681
50625
923521
692224
118336
29584
399424
491401
786769
155236
463761
12769
269361
407044
622521
416025
133956
801025
85849
32041
106276
451584
27889
638401
88209
14641
220900
116964
136161
853776
11664
139129
305809
942841
305809
165649
107584
137641
202500
345744
54756
278784
976144
366025
395641
261121
44100
418609
184041
248004
556516
494209
12996
537289
15129
133225
454276
120409
390625
97344
112896
256036
491401
190969
247009
178929
17689
69696
65536
174724
664225
383161
13225
388129
24025
651249
272484
469225
183184
240100
532900
954529
589824
422500
192721
537289
998001
64516
456976
902500
894916
356409
736164
358801
298116
23104
446224
339889
672400
531441
235225
994009
85264
935089
132496
644809
840889
608400
908209
42025
173889
797449
719104
81796
793881
459684
25600
495616
101124
490000
933156
524176
91809
87025
889249
293764
114244
23409
235225
641601
152100
781456
1000000
912025
648025
70756
620944
115600
665856
700569
722500
291600
1000000
811801
404496
174724
354025
606841
627264
35721
119025
148996
632025
177241
300304
12544
303601
573049
817216
833569
121104
101761
729316
312481
131769
549081
267289
480249
131769
187489
297025
21904
311364
207025
921600
565504
644809
906304
238144
417316
300304
952576
833569
458329
346921
131044
198025
543169
487204
250000
86436
722500
519841
175561
56644
418609
42025
57600
369664
366025
304704
79524
456976
469225
799236
339889
144400
413449
940900
937024
144400
403225
48841
116281
27889
516961
707281
128881
224676
136161
78961
22201
151321
501264
641601
446224
18496
737881
17424
509796
46656
874225
112225
89401
97344
896809
707281
222784
480249
822649
13924
820836
58081
891136
675684
483025
384400
51076
22801
518400
434281
984064
518400
31684
793881
531441
51984
534361
894916
59536
505521
226576
228484
680625
206116
751689
13924
695556
986049
521284
403225
904401
273529
324900
170569
110889
12769
21025
128881
16384
605284
558009
128881
342225
748225
436921
662596
595984
33856
83521
151321
434281
355216
327184
136900
234256
342225
85849
622521
421201
13456
870489
73441
423801
720801
17689
87616
194481
211600
544644
349281
251001
396900
715716
154449
974169
76729
58081
253009
121104
824464
779689
147456
24964
198025
139129
346921
72361
842724
705600
984064
958441
577600
73441
88209
80089
81796
142129
168921
115600
22500
292681
20164
57600
968256
123904
140625
41209
795664
837225
193600
769129
318096
97969
529984
383161
168100
17424
692224
179776
1
8
27
64
125
216
343
512
729
1000
1331
1728
2197
2744
3375
4096
4913
5832
6859
8000
9261
10648
12167
13824
15625
17576
19683
21952
24389
27000
29791
32768
35937
39304
42875
46656
50653
54872
59319
64000
68921
74088
79507
85184
91125
97336
103823
110592
117649
125000
132651
140608
148877
157464
166375
175616
185193
195112
205379
216000
226981
238328
250047
262144
274625
287496
300763
314432
328509
343000
357911
373248
389017
405224
421875
438976
456533
474552
493039
512000
531441
551368
571787
592704
614125
636056
658503
681472
704969
729000
753571
778688
804357
830584
857375
884736
912673
941192
970299
1000000
1030301
1061208
1092727
1124864
1157625
1191016
1225043
1259712
1295029
1331000
1367631
1404928
1442897
1481544
1520875
1560896
1601613
1643032
1685159
1728000
1771561
1815848
1860867
1906624
1953125
2000376
2048383
2097152
2146689
2197000
2248091
2299968
2352637
2406104
2460375
2515456
2571353
2628072
2685619
2744000
2803221
2863288
2924207
2985984
3048625
3112136
3176523
3241792
3307949
3375000
3442951
3511808
3581577
3652264
3723875
3796416
3869893
3944312
4019679
4096000
4173281
4251528
4330747
4410944
4492125
4574296
4657463
4741632
4826809
4913000
5000211
5088448
5177717
5268024
5359375
5451776
5545233
5639752
5735339
5832000
5929741
6028568
6128487
6229504
6331625
6434856
6539203
6644672
6751269
6859000
6967871
7077888
7189057
7301384
7414875
7529536
7645373
7762392
7880599
8000000
8120601
8242408
8365427
8489664
8615125
8741816
8869743
8998912
9129329
9261000
9393931
9528128
9663597
9800344
9938375
10077696
10218313
10360232
10503459
10648000
10793861
10941048
11089567
11239424
11390625
11543176
11697083
11852352
12008989
12167000
12326391
12487168
12649337
12812904
12977875
13144256
13312053
13481272
13651919
13824000
13997521
14172488
14348907
14526784
14706125
14886936
15069223
15252992
15438249
15625000
15813251
16003008
16194277
16387064
16581375
16777216
16974593
17173512
17373979
17576000
17779581
17984728
18191447
18399744
18609625
18821096
19034163
19248832
19465109
19683000
19902511
20123648
20346417
20570824
20796875
21024576
21253933
21484952
21717639
21952000
22188041
22425768
22665187
22906304
23149125
23393656
23639903
23887872
24137569
24389000
24642171
24897088
25153757
25412184
25672375
25934336
26198073
26463592
26730899
27000000
27270901
27543608
27818127
28094464
28372625
28652616
28934443
29218112
29503629
29791000
30080231
30371328
30664297
30959144
31255875
31554496
31855013
32157432
32461759
32768000
33076161
33386248
33698267
34012224
34328125
34645976
34965783
35287552
35611289
35937000
36264691
36594368
36926037
37259704
37595375
37933056
38272753
38614472
38958219
39304000
39651821
40001688
40353607
40707584
41063625
41421736
41781923
42144192
42508549
42875000
43243551
43614208
43986977
44361864
44738875
45118016
45499293
45882712
46268279
46656000
47045881
47437928
47832147
48228544
48627125
49027896
49430863
49836032
50243409
50653000
51064811
51478848
51895117
52313624
52734375
53157376
53582633
54010152
54439939
54872000
55306341
55742968
56181887
56623104
57066625
57512456
57960603
58411072
58863869
59319000
59776471
60236288
60698457
61162984
61629875
62099136
62570773
63044792
63521199
64000000
64481201
64964808
65450827
65939264
66430125
66923416
67419143
67917312
68417929
68921000
69426531
69934528
70444997
70957944
71473375
71991296
72511713
73034632
73560059
74088000
74618461
75151448
75686967
76225024
76765625
77308776
77854483
78402752
78953589
79507000
80062991
80621568
81182737
81746504
82312875
82881856
83453453
84027672
84604519
85184000
85766121
86350888
86938307
87528384
88121125
88716536
89314623
89915392
90518849
91125000
91733851
92345408
92959677
93576664
94196375
94818816
95443993
96071912
96702579
97336000
97972181
98611128
99252847
99897344
100544625
101194696
101847563
102503232
103161709
103823000
104487111
105154048
105823817
106496424
107171875
107850176
108531333
109215352
109902239
110592000
111284641
111980168
112678587
113379904
114084125
114791256
115501303
116214272
116930169
117649000
118370771
119095488
119823157
120553784
121287375
122023936
122763473
123505992
124251499
125000000
125751501
126506008
127263527
128024064
128787625
129554216
130323843
131096512
131872229
132651000
133432831
134217728
135005697
135796744
136590875
137388096
138188413
138991832
139798359
140608000
141420761
142236648
143055667
143877824
144703125
145531576
146363183
147197952
148035889
148877000
149721291
150568768
151419437
152273304
153130375
153990656
154854153
155720872
156590819
157464000
158340421
159220088
160103007
160989184
161878625
162771336
163667323
164566592
165469149
166375000
167284151
168196608
169112377
170031464
170953875
171879616
172808693
173741112
174676879
175616000
176558481
177504328
178453547
179406144
180362125
181321496
182284263
183250432
184220009
185193000
186169411
187149248
188132517
189119224
190109375
191102976
192100033
193100552
194104539
195112000
196122941
197137368
198155287
199176704
200201625
201230056
202262003
203297472
204336469
205379000
206425071
207474688
208527857
209584584
210644875
211708736
212776173
213847192
214921799
216000000
217081801
218167208
219256227
220348864
221445125
222545016
223648543
224755712
225866529
226981000
228099131
229220928
230346397
231475544
232608375
233744896
234885113
236029032
237176659
238328000
239483061
240641848
241804367
242970624
244140625
245314376
246491883
247673152
248858189
250047000
251239591
252435968
253636137
254840104
256047875
257259456
258474853
259694072
260917119
262144000
263374721
264609288
265847707
267089984
268336125
269586136
270840023
272097792
273359449
274625000
275894451
277167808
278445077
279726264
281011375
282300416
283593393
284890312
286191179
287496000
288804781
290117528
291434247
292754944
294079625
295408296
296740963
298077632
299418309
300763000
302111711
303464448
304821217
306182024
307546875
308915776
310288733
311665752
313046839
314432000
315821241
317214568
318611987
320013504
321419125
322828856
324242703
325660672
327082769
328509000
329939371
331373888
332812557
334255384
335702375
337153536
338608873
340068392
341532099
343000000
344472101
345948408
347428927
348913664
350402625
351895816
353393243
354894912
356400829
357911000
359425431
360944128
362467097
363994344
365525875
367061696
368601813
370146232
371694959
373248000
374805361
376367048
377933067
379503424
381078125
382657176
384240583
385828352
387420489
389017000
390617891
392223168
393832837
395446904
397065375
398688256
400315553
401947272
403583419
405224000
406869021
408518488
410172407
411830784
413493625
415160936
416832723
418508992
420189749
421875000
423564751
425259008
426957777
428661064
430368875
432081216
433798093
435519512
437245479
438976000
440711081
442450728
444194947
445943744
447697125
449455096
451217663
452984832
454756609
456533000
458314011
460099648
461889917
463684824
465484375
467288576
469097433
470910952
472729139
474552000
476379541
478211768
480048687
481890304
483736625
485587656
487443403
489303872
491169069
493039000
494913671
496793088
498677257
500566184
502459875
504358336
506261573
508169592
510082399
512000000
513922401
515849608
517781627
519718464
521660125
523606616
525557943
527514112
529475129
531441000
533411731
535387328
537367797
539353144
541343375
543338496
545338513
547343432
549353259
551368000
553387661
555412248
557441767
559476224
561515625
563559976
565609283
567663552
569722789
571787000
573856191
575930368
578009537
580093704
582182875
584277056
586376253
588480472
590589719
592704000
594823321
596947688
599077107
601211584
603351125
605495736
607645423
609800192
611960049
614125000
616295051
618470208
620650477
622835864
625026375
627222016
629422793
631628712
633839779
636056000
638277381
640503928
642735647
644972544
647214625
649461896
651714363
653972032
656234909
658503000
660776311
663054848
665338617
667627624
669921875
672221376
674526133
676836152
679151439
681472000
683797841
686128968
688465387
690807104
693154125
695506456
697864103
700227072
702595369
704969000
707347971
709732288
712121957
714516984
716917375
719323136
721734273
724150792
726572699
729000000
731432701
733870808
736314327
738763264
741217625
743677416
746142643
748613312
751089429
753571000
756058031
758550528
761048497
763551944
766060875
768575296
771095213
773620632
776151559
778688000
781229961
783777448
786330467
788889024
791453125
794022776
796597983
799178752
801765089
804357000
806954491
809557568
812166237
814780504
817400375
820025856
822656953
825293672
827936019
830584000
833237621
835896888
838561807
841232384
843908625
846590536
849278123
851971392
854670349
857375000
860085351
862801408
865523177
868250664
870983875
873722816
876467493
879217912
881974079
884736000
887503681
890277128
893056347
895841344
898632125
901428696
904231063
907039232
909853209
912673000
915498611
918330048
921167317
924010424
926859375
929714176
932574833
935441352
938313739
941192000
944076141
946966168
949862087
952763904
955671625
958585256
961504803
964430272
967361669
970299000
973242271
976191488
979146657
982107784
985074875
988047936
991026973
994011992
997002999
1000000000
1003003001
1006012008
1009027027
1012048064
1015075125
1018108216
1021147343
1024192512
1027243729
1030301000
1033364331
1036433728
1039509197
1042590744
1045678375
1048772096
1051871913
1054977832
1058089859
1061208000
1064332261
1067462648
1070599167
1073741824
1076890625
1080045576
1083206683
1086373952
1089547389
1092727000
1095912791
1099104768
1102302937
1105507304
1108717875
1111934656
1115157653
1118386872
1121622319
1124864000
1128111921
1131366088
1134626507
1137893184
1141166125
1144445336
1147730823
1151022592
1154320649
1157625000
1160935651
1164252608
1167575877
1170905464
1174241375
1177583616
1180932193
1184287112
1187648379
1191016000
1194389981
1197770328
1201157047
1204550144
1207949625
1211355496
1214767763
1218186432
1221611509
1225043000
1228480911
1231925248
1235376017
1238833224
1242296875
1245766976
1249243533
1252726552
1256216039
1259712000
1263214441
1266723368
1270238787
1273760704
1277289125
1280824056
1284365503
1287913472
1291467969
1295029000
1298596571
1302170688
1305751357
1309338584
1312932375
1316532736
1320139673
1323753192
1327373299
1331000000
1334633301
1338273208
1341919727
1345572864
1349232625
1352899016
1356572043
1360251712
1363938029
1367631000
1371330631
1375036928
1378749897
1382469544
1386195875
1389928896
1393668613
1397415032
1401168159
1404928000
1408694561
1412467848
1416247867
1420034624
1423828125
1427628376
1431435383
1435249152
1439069689
1442897000
1446731091
1450571968
1454419637
1458274104
1462135375
1466003456
1469878353
1473760072
1477648619
1481544000
1485446221
1489355288
1493271207
1497193984
1501123625
1505060136
1509003523
1512953792
1516910949
1520875000
1524845951
1528823808
1532808577
1536800264
1540798875
1544804416
1548816893
1552836312
1556862679
1560896000
1564936281
1568983528
1573037747
1577098944
1581167125
1585242296
1589324463
1593413632
1597509809
1601613000
1605723211
1609840448
1613964717
1618096024
1622234375
1626379776
1630532233
1634691752
1638858339
1643032000
1647212741
1651400568
1655595487
1659797504
1664006625
1668222856
1672446203
1676676672
1680914269
1685159000
1689410871
1693669888
1697936057
1702209384
1706489875
1710777536
1715072373
1719374392
1723683599
1728000000
1732323601
1736654408
1740992427
1745337664
1749690125
1754049816
1758416743
1762790912
1767172329
1771561000
1775956931
1780360128
1784770597
1789188344
1793613375
1798045696
1802485313
1806932232
1811386459
1815848000
1820316861
1824793048
1829276567
1833767424
1838265625
1842771176
1847284083
1851804352
1856331989
1860867000
1865409391
1869959168
1874516337
1879080904
1883652875
1888232256
1892819053
1897413272
1902014919
1906624000
1911240521
1915864488
1920495907
1925134784
1929781125
1934434936
1939096223
1943764992
1948441249
1953125000
1957816251
1962515008
1967221277
1971935064
1976656375
1981385216
1986121593
1990865512
1995616979
2000376000
2005142581
2009916728
2014698447
2019487744
2024284625
2029089096
2033901163
2038720832
2043548109
2048383000
2053225511
2058075648
2062933417
2067798824
2072671875
2077552576
2082440933
2087336952
2092240639
2097152000
2102071041
2106997768
2111932187
2116874304
2121824125
2126781656
2131746903
2136719872
2141700569
2146689000
2151685171
2156689088
2161700757
2166720184
2171747375
2176782336
2181825073
2186875592
2191933899
2197000000
2202073901
2207155608
2212245127
2217342464
2222447625
2227560616
2232681443
2237810112
2242946629
2248091000
2253243231
2258403328
2263571297
2268747144
2273930875
2279122496
2284322013
2289529432
2294744759
2299968000
2305199161
2310438248
2315685267
2320940224
2326203125
2331473976
2336752783
2342039552
2347334289
2352637000
2357947691
2363266368
2368593037
2373927704
2379270375
2384621056
2389979753
2395346472
2400721219
2406104000
2411494821
2416893688
2422300607
2427715584
2433138625
2438569736
2444008923
2449456192
2454911549
2460375000
2465846551
2471326208
2476813977
2482309864
2487813875
2493326016
2498846293
2504374712
2509911279
2515456000
2521008881
2526569928
2532139147
2537716544
2543302125
2548895896
2554497863
2560108032
2565726409
2571353000
2576987811
2582630848
2588282117
2593941624
2599609375
2605285376
2610969633
2616662152
2622362939
2628072000
2633789341
2639514968
2645248887
2650991104
2656741625
2662500456
2668267603
2674043072
2679826869
2685619000
2691419471
2697228288
2703045457
2708870984
2714704875
2720547136
2726397773
2732256792
2738124199
2744000000
2749884201
2755776808
2761677827
2767587264
2773505125
2779431416
2785366143
2791309312
2797260929
2803221000
2809189531
2815166528
2821151997
2827145944
2833148375
2839159296
2845178713
2851206632
2857243059
2863288000
2869341461
2875403448
2881473967
2887553024
2893640625
2899736776
2905841483
2911954752
2918076589
2924207000
2930345991
2936493568
2942649737
2948814504
2954987875
2961169856
2967360453
2973559672
2979767519
2985984000
2992209121
2998442888
3004685307
3010936384
3017196125
3023464536
3029741623
3036027392
3042321849
3048625000
3054936851
3061257408
3067586677
3073924664
3080271375
3086626816
3092990993
3099363912
3105745579
3112136000
3118535181
3124943128
3131359847
3137785344
3144219625
3150662696
3157114563
3163575232
3170044709
3176523000
3183010111
3189506048
3196010817
3202524424
3209046875
3215578176
3222118333
3228667352
3235225239
3241792000
3248367641
3254952168
3261545587
3268147904
3274759125
3281379256
3288008303
3294646272
3301293169
3307949000
3314613771
3321287488
3327970157
3334661784
3341362375
3348071936
3354790473
3361517992
3368254499
3375000000
3381754501
3388518008
3395290527
3402072064
3408862625
3415662216
3422470843
3429288512
3436115229
3442951000
3449795831
3456649728
3463512697
3470384744
3477265875
3484156096
3491055413
3497963832
3504881359
3511808000
3518743761
3525688648
3532642667
3539605824
3546578125
3553559576
3560550183
3567549952
3574558889
3581577000
3588604291
3595640768
3602686437
3609741304
3616805375
3623878656
3630961153
3638052872
3645153819
3652264000
3659383421
3666512088
3673650007
3680797184
3687953625
3695119336
3702294323
3709478592
3716672149
3723875000
3731087151
3738308608
3745539377
3752779464
3760028875
3767287616
3774555693
3781833112
3789119879
3796416000
3803721481
3811036328
3818360547
3825694144
3833037125
3840389496
3847751263
3855122432
3862503009
3869893000
3877292411
3884701248
3892119517
3899547224
3906984375
3914430976
3921887033
3929352552
3936827539
3944312000
3951805941
3959309368
3966822287
3974344704
3981876625
3989418056
3996969003
4004529472
4012099469
4019679000
4027268071
4034866688
4042474857
4050092584
4057719875
4065356736
4073003173
4080659192
4088324799
4096000000
4103684801
4111379208
4119083227
4126796864
4134520125
4142253016
4149995543
4157747712
4165509529
4173281000
4181062131
4188852928
4196653397
4204463544
4212283375
4220112896
4227952113
4235801032
4243659659
4251528000
4259406061
4267293848
4275191367
4283098624
4291015625
4298942376
4306878883
4314825152
4322781189
4330747000
4338722591
4346707968
4354703137
4362708104
4370722875
4378747456
4386781853
4394826072
4402880119
4410944000
4419017721
4427101288
4435194707
4443297984
4451411125
4459534136
4467667023
4475809792
4483962449
4492125000
4500297451
4508479808
4516672077
4524874264
4533086375
4541308416
4549540393
4557782312
4566034179
4574296000
4582567781
4590849528
4599141247
4607442944
4615754625
4624076296
4632407963
4640749632
4649101309
4657463000
4665834711
4674216448
4682608217
4691010024
4699421875
4707843776
4716275733
4724717752
4733169839
4741632000
4750104241
4758586568
4767078987
4775581504
4784094125
4792616856
4801149703
4809692672
4818245769
4826809000
4835382371
4843965888
4852559557
4861163384
4869777375
4878401536
4887035873
4895680392
4904335099
4913000000
4921675101
4930360408
4939055927
4947761664
4956477625
4965203816
4973940243
4982686912
4991443829
5000211000
5008988431
5017776128
5026574097
5035382344
5044200875
5053029696
5061868813
5070718232
5079577959
5088448000
5097328361
5106219048
5115120067
5124031424
5132953125
5141885176
5150827583
5159780352
5168743489
5177717000
5186700891
5195695168
5204699837
5213714904
5222740375
5231776256
5240822553
5249879272
5258946419
5268024000
5277112021
5286210488
5295319407
5304438784
5313568625
5322708936
5331859723
5341020992
5350192749
5359375000
5368567751
5377771008
5386984777
5396209064
5405443875
5414689216
5423945093
5433211512
5442488479
5451776000
5461074081
5470382728
5479701947
5489031744
5498372125
5507723096
5517084663
5526456832
5535839609
5545233000
5554637011
5564051648
5573476917
5582912824
5592359375
5601816576
5611284433
5620762952
5630252139
5639752000
5649262541
5658783768
5668315687
5677858304
5687411625
5696975656
5706550403
5716135872
5725732069
5735339000
5744956671
5754585088
5764224257
5773874184
5783534875
5793206336
5802888573
5812581592
5822285399
5832000000
5841725401
5851461608
5861208627
5870966464
5880735125
5890514616
5900304943
5910106112
5919918129
5929741000
5939574731
5949419328
5959274797
5969141144
5979018375
5988906496
5998805513
6008715432
6018636259
6028568000
6038510661
6048464248
6058428767
6068404224
6078390625
6088387976
6098396283
6108415552
6118445789
6128487000
6138539191
6148602368
6158676537
6168761704
6178857875
6188965056
6199083253
6209212472
6219352719
6229504000
6239666321
6249839688
6260024107
6270219584
6280426125
6290643736
6300872423
6311112192
6321363049
6331625000
6341898051
6352182208
6362477477
6372783864
6383101375
6393430016
6403769793
6414120712
6424482779
6434856000
6445240381
6455635928
6466042647
6476460544
6486889625
6497329896
6507781363
6518244032
6528717909
6539203000
6549699311
6560206848
6570725617
6581255624
6591796875
6602349376
6612913133
6623488152
6634074439
6644672000
6655280841
6665900968
6676532387
6687175104
6697829125
6708494456
6719171103
6729859072
6740558369
6751269000
6761990971
6772724288
6783468957
6794224984
6804992375
6815771136
6826561273
6837362792
6848175699
6859000000
6869835701
6880682808
6891541327
6902411264
6913292625
6924185416
6935089643
6946005312
6956932429
6967871000
6978821031
6989782528
7000755497
7011739944
7022735875
7033743296
7044762213
7055792632
7066834559
7077888000
7088952961
7100029448
7111117467
7122217024
7133328125
7144450776
7155584983
7166730752
7177888089
7189057000
7200237491
7211429568
7222633237
7233848504
7245075375
7256313856
7267563953
7278825672
7290099019
7301384000
7312680621
7323988888
7335308807
7346640384
7357983625
7369338536
7380705123
7392083392
7403473349
7414875000
7426288351
7437713408
7449150177
7460598664
7472058875
7483530816
7495014493
7506509912
7518017079
7529536000
7541066681
7552609128
7564163347
7575729344
7587307125
7598896696
7610498063
7622111232
7633736209
7645373000
7657021611
7668682048
7680354317
7692038424
7703734375
7715442176
7727161833
7738893352
7750636739
7762392000
7774159141
7785938168
7797729087
7809531904
7821346625
7833173256
7845011803
7856862272
7868724669
7880599000
7892485271
7904383488
7916293657
7928215784
7940149875
7952095936
7964053973
7976023992
7988005999
8000000000
8012006001
8024024008
8036054027
8048096064
8060150125
8072216216
8084294343
8096384512
8108486729
8120601000
8132727331
8144865728
8157016197
8169178744
8181353375
8193540096
8205738913
8217949832
8230172859
8242408000
8254655261
8266914648
8279186167
8291469824
8303765625
8316073576
8328393683
8340725952
8353070389
8365427000
8377795791
8390176768
8402569937
8414975304
8427392875
8439822656
8452264653
8464718872
8477185319
8489664000
8502154921
8514658088
8527173507
8539701184
8552241125
8564793336
8577357823
8589934592
8602523649
8615125000
8627738651
8640364608
8653002877
8665653464
8678316375
8690991616
8703679193
8716379112
8729091379
8741816000
8754552981
8767302328
8780064047
8792838144
8805624625
8818423496
8831234763
8844058432
8856894509
8869743000
8882603911
8895477248
8908363017
8921261224
8934171875
8947094976
8960030533
8972978552
8985939039
8998912000
9011897441
9024895368
9037905787
9050928704
9063964125
9077012056
9090072503
9103145472
9116230969
9129329000
9142439571
9155562688
9168698357
9181846584
9195007375
9208180736
9221366673
9234565192
9247776299
9261000000
9274236301
9287485208
9300746727
9314020864
9327307625
9340607016
9353919043
9367243712
9380581029
9393931000
9407293631
9420668928
9434056897
9447457544
9460870875
9474296896
9487735613
9501187032
9514651159
9528128000
9541617561
9555119848
9568634867
9582162624
9595703125
9609256376
9622822383
9636401152
9649992689
9663597000
9677214091
9690843968
9704486637
9718142104
9731810375
9745491456
9759185353
9772892072
9786611619
9800344000
9814089221
9827847288
9841618207
9855401984
9869198625
9883008136
9896830523
9910665792
9924513949
9938375000
9952248951
9966135808
9980035577
9993948264
10007873875
10021812416
10035763893
10049728312
10063705679
10077696000
10091699281
10105715528
10119744747
10133786944
10147842125
10161910296
10175991463
10190085632
10204192809
10218313000
10232446211
10246592448
10260751717
10274924024
10289109375
10303307776
10317519233
10331743752
10345981339
10360232000
10374495741
10388772568
10403062487
10417365504
10431681625
10446010856
10460353203
10474708672
10489077269
10503459000
10517853871
10532261888
10546683057
10561117384
10575564875
10590025536
10604499373
10618986392
10633486599
10648000000
10662526601
10677066408
10691619427
10706185664
10720765125
10735357816
10749963743
10764582912
10779215329
10793861000
10808519931
10823192128
10837877597
10852576344
10867288375
10882013696
10896752313
10911504232
10926269459
10941048000
10955839861
10970645048
10985463567
11000295424
11015140625
11029999176
11044871083
11059756352
11074654989
11089567000
11104492391
11119431168
11134383337
11149348904
11164327875
11179320256
11194326053
11209345272
11224377919
11239424000
11254483521
11269556488
11284642907
11299742784
11314856125
11329982936
11345123223
11360276992
11375444249
11390625000
11405819251
11421027008
11436248277
11451483064
11466731375
11481993216
11497268593
11512557512
11527859979
11543176000
11558505581
11573848728
11589205447
11604575744
11619959625
11635357096
11650768163
11666192832
11681631109
11697083000
11712548511
11728027648
11743520417
11759026824
11774546875
11790080576
11805627933
11821188952
11836763639
11852352000
11867954041
11883569768
11899199187
11914842304
11930499125
11946169656
11961853903
11977551872
11993263569
12008989000
12024728171
12040481088
12056247757
12072028184
12087822375
12103630336
12119452073
12135287592
12151136899
12167000000
12182876901
12198767608
12214672127
12230590464
12246522625
12262468616
12278428443
12294402112
12310389629
12326391000
12342406231
12358435328
12374478297
12390535144
12406605875
12422690496
12438789013
12454901432
12471027759
12487168000
12503322161
12519490248
12535672267
12551868224
12568078125
12584301976
12600539783
12616791552
12633057289
12649337000
12665630691
12681938368
12698260037
12714595704
12730945375
12747309056
12763686753
12780078472
12796484219
12812904000
12829337821
12845785688
12862247607
12878723584
12895213625
12911717736
12928235923
12944768192
12961314549
12977875000
12994449551
13011038208
13027640977
13044257864
13060888875
13077534016
13094193293
13110866712
13127554279
13144256000
13160971881
13177701928
13194446147
13211204544
13227977125
13244763896
13261564863
13278380032
13295209409
13312053000
13328910811
13345782848
13362669117
13379569624
13396484375
13413413376
13430356633
13447314152
13464285939
13481272000
13498272341
13515286968
13532315887
13549359104
13566416625
13583488456
13600574603
13617675072
13634789869
13651919000
13669062471
13686220288
13703392457
13720578984
13737779875
13754995136
13772224773
13789468792
13806727199
13824000000
13841287201
13858588808
13875904827
13893235264
13910580125
13927939416
13945313143
13962701312
13980103929
13997521000
14014952531
14032398528
14049858997
14067333944
14084823375
14102327296
14119845713
14137378632
14154926059
14172488000
14190064461
14207655448
14225260967
14242881024
14260515625
14278164776
14295828483
14313506752
14331199589
14348907000
14366628991
14384365568
14402116737
14419882504
14437662875
14455457856
14473267453
14491091672
14508930519
14526784000
14544652121
14562534888
14580432307
14598344384
14616271125
14634212536
14652168623
14670139392
14688124849
14706125000
14724139851
14742169408
14760213677
14778272664
14796346375
14814434816
14832537993
14850655912
14868788579
14886936000
14905098181
14923275128
14941466847
14959673344
14977894625
14996130696
15014381563
15032647232
15050927709
15069223000
15087533111
15105858048
15124197817
15142552424
15160921875
15179306176
15197705333
15216119352
15234548239
15252992000
15271450641
15289924168
15308412587
15326915904
15345434125
15363967256
15382515303
15401078272
15419656169
15438249000
15456856771
15475479488
15494117157
15512769784
15531437375
15550119936
15568817473
15587529992
15606257499
15625000000
15643757501
15662530008
15681317527
15700120064
15718937625
15737770216
15756617843
15775480512
15794358229
15813251000
15832158831
15851081728
15870019697
15888972744
15907940875
15926924096
15945922413
15964935832
15983964359
16003008000
16022066761
16041140648
16060229667
16079333824
16098453125
16117587576
16136737183
16155901952
16175081889
16194277000
16213487291
16232712768
16251953437
16271209304
16290480375
16309766656
16329068153
16348384872
16367716819
16387064000
16406426421
16425804088
16445197007
16464605184
16484028625
16503467336
16522921323
16542390592
16561875149
16581375000
16600890151
16620420608
16639966377
16659527464
16679103875
16698695616
16718302693
16737925112
16757562879
16777216000
16796884481
16816568328
16836267547
16855982144
16875712125
16895457496
16915218263
16934994432
16954786009
16974593000
16994415411
17014253248
17034106517
17053975224
17073859375
17093758976
17113674033
17133604552
17153550539
17173512000
17193488941
17213481368
17233489287
17253512704
17273551625
17293606056
17313676003
17333761472
17353862469
17373979000
17394111071
17414258688
17434421857
17454600584
17474794875
17495004736
17515230173
17535471192
17555727799
17576000000
17596287801
17616591208
17636910227
17657244864
17677595125
17697961016
17718342543
17738739712
17759152529
17779581000
17800025131
17820484928
17840960397
17861451544
17881958375
17902480896
17923019113
17943573032
17964142659
17984728000
18005329061
18025945848
18046578367
18067226624
18087890625
18108570376
18129265883
18149977152
18170704189
18191447000
18212205591
18232979968
18253770137
18274576104
18295397875
18316235456
18337088853
18357958072
18378843119
18399744000
18420660721
18441593288
18462541707
18483505984
18504486125
18525482136
18546494023
18567521792
18588565449
18609625000
18630700451
18651791808
18672899077
18694022264
18715161375
18736316416
18757487393
18778674312
18799877179
18821096000
18842330781
18863581528
18884848247
18906130944
18927429625
18948744296
18970074963
18991421632
19012784309
19034163000
19055557711
19076968448
19098395217
19119838024
19141296875
19162771776
19184262733
19205769752
19227292839
19248832000
19270387241
19291958568
19313545987
19335149504
19356769125
19378404856
19400056703
19421724672
19443408769
19465109000
19486825371
19508557888
19530306557
19552071384
19573852375
19595649536
19617462873
19639292392
19661138099
19683000000
19704878101
19726772408
19748682927
19770609664
19792552625
19814511816
19836487243
19858478912
19880486829
19902511000
19924551431
19946608128
19968681097
19990770344
20012875875
20034997696
20057135813
20079290232
20101460959
20123648000
20145851361
20168071048
20190307067
20212559424
20234828125
20257113176
20279414583
20301732352
20324066489
20346417000
20368783891
20391167168
20413566837
20435982904
20458415375
20480864256
20503329553
20525811272
20548309419
20570824000
20593355021
20615902488
20638466407
20661046784
20683643625
20706256936
20728886723
20751532992
20774195749
20796875000
20819570751
20842283008
20865011777
20887757064
20910518875
20933297216
20956092093
20978903512
21001731479
21024576000
21047437081
21070314728
21093208947
21116119744
21139047125
21161991096
21184951663
21207928832
21230922609
21253933000
21276960011
21300003648
21323063917
21346140824
21369234375
21392344576
21415471433
21438614952
21461775139
21484952000
21508145541
21531355768
21554582687
21577826304
21601086625
21624363656
21647657403
21670967872
21694295069
21717639000
21740999671
21764377088
21787771257
21811182184
21834609875
21858054336
21881515573
21904993592
21928488399
21952000000
21975528401
21999073608
22022635627
22046214464
22069810125
22093422616
22117051943
22140698112
22164361129
22188041000
22211737731
22235451328
22259181797
22282929144
22306693375
22330474496
22354272513
22378087432
22401919259
22425768000
22449633661
22473516248
22497415767
22521332224
22545265625
22569215976
22593183283
22617167552
22641168789
22665187000
22689222191
22713274368
22737343537
22761429704
22785532875
22809653056
22833790253
22857944472
22882115719
22906304000
22930509321
22954731688
22978971107
23003227584
23027501125
23051791736
23076099423
23100424192
23124766049
23149125000
23173501051
23197894208
23222304477
23246731864
23271176375
23295638016
23320116793
23344612712
23369125779
23393656000
23418203381
23442767928
23467349647
23491948544
23516564625
23541197896
23565848363
23590516032
23615200909
23639903000
23664622311
23689358848
23714112617
23738883624
23763671875
23788477376
23813300133
23838140152
23862997439
23887872000
23912763841
23937672968
23962599387
23987543104
24012504125
24037482456
24062478103
24087491072
24112521369
24137569000
24162633971
24187716288
24212815957
24237932984
24263067375
24288219136
24313388273
24338574792
24363778699
24389000000
24414238701
24439494808
24464768327
24490059264
24515367625
24540693416
24566036643
24591397312
24616775429
24642171000
24667584031
24693014528
24718462497
24743927944
24769410875
24794911296
24820429213
24845964632
24871517559
24897088000
24922675961
24948281448
24973904467
24999545024
25025203125
25050878776
25076571983
25102282752
25128011089
25153757000
25179520491
25205301568
25231100237
25256916504
25282750375
25308601856
25334470953
25360357672
25386262019
25412184000
25438123621
25464080888
25490055807
25516048384
25542058625
25568086536
25594132123
25620195392
25646276349
25672375000
25698491351
25724625408
25750777177
25776946664
25803133875
25829338816
25855561493
25881801912
25908060079
25934336000
25960629681
25986941128
26013270347
26039617344
26065982125
26092364696
26118765063
26145183232
26171619209
26198073000
26224544611
26251034048
26277541317
26304066424
26330609375
26357170176
26383748833
26410345352
26436959739
26463592000
26490242141
26516910168
26543596087
26570299904
26597021625
26623761256
26650518803
26677294272
26704087669
26730899000
26757728271
26784575488
26811440657
26838323784
26865224875
26892143936
26919080973
26946035992
26973008999
27000000000
27027009001
27054036008
27081081027
27108144064
27135225125
27162324216
27189441343
27216576512
27243729729
27270901000
27298090331
27325297728
27352523197
27379766744
27407028375
27434308096
27461605913
27488921832
27516255859
27543608000
27570978261
27598366648
27625773167
27653197824
27680640625
27708101576
27735580683
27763077952
27790593389
27818127000
27845678791
27873248768
27900836937
27928443304
27956067875
27983710656
28011371653
28039050872
28066748319
28094464000
28122197921
28149950088
28177720507
28205509184
28233316125
28261141336
28288984823
28316846592
28344726649
28372625000
28400541651
28428476608
28456429877
28484401464
28512391375
28540399616
28568426193
28596471112
28624534379
28652616000
28680715981
28708834328
28736971047
28765126144
28793299625
28821491496
28849701763
28877930432
28906177509
28934443000
28962726911
28991029248
29019350017
29047689224
29076046875
29104422976
29132817533
29161230552
29189662039
29218112000
29246580441
29275067368
29303572787
29332096704
29360639125
29389200056
29417779503
29446377472
29474993969
29503629000
29532282571
29560954688
29589645357
29618354584
29647082375
29675828736
29704593673
29733377192
29762179299
29791000000
29819839301
29848697208
29877573727
29906468864
29935382625
29964315016
29993266043
30022235712
30051224029
30080231000
30109256631
30138300928
30167363897
30196445544
30225545875
30254664896
30283802613
30312959032
30342134159
30371328000
30400540561
30429771848
30459021867
30488290624
30517578125
30546884376
30576209383
30605553152
30634915689
30664297000
30693697091
30723115968
30752553637
30782010104
30811485375
30840979456
30870492353
30900024072
30929574619
30959144000
30988732221
31018339288
31047965207
31077609984
31107273625
31136956136
31166657523
31196377792
31226116949
31255875000
31285651951
31315447808
31345262577
31375096264
31404948875
31434820416
31464710893
31494620312
31524548679
31554496000
31584462281
31614447528
31644451747
31674474944
31704517125
31734578296
31764658463
31794757632
31824875809
31855013000
31885169211
31915344448
31945538717
31975752024
32005984375
32036235776
32066506233
32096795752
32127104339
32157432000
32187778741
32218144568
32248529487
32278933504
32309356625
32339798856
32370260203
32400740672
32431240269
32461759000
32492296871
32522853888
32553430057
32584025384
32614639875
32645273536
32675926373
32706598392
32737289599
32768000000
32798729601
32829478408
32860246427
32891033664
32921840125
32952665816
32983510743
33014374912
33045258329
33076161000
33107082931
33138024128
33168984597
33199964344
33230963375
33261981696
33293019313
33324076232
33355152459
33386248000
33417362861
33448497048
33479650567
33510823424
33542015625
33573227176
33604458083
33635708352
33666977989
33698267000
33729575391
33760903168
33792250337
33823616904
33855002875
33886408256
33917833053
33949277272
33980740919
34012224000
34043726521
34075248488
34106789907
34138350784
34169931125
34201530936
34233150223
34264788992
34296447249
34328125000
34359822251
34391539008
34423275277
34455031064
34486806375
34518601216
34550415593
34582249512
34614102979
34645976000
34677868581
34709780728
34741712447
34773663744
34805634625
34837625096
34869635163
34901664832
34933714109
34965783000
34997871511
35029979648
35062107417
35094254824
35126421875
35158608576
35190814933
35223040952
35255286639
35287552000
35319837041
35352141768
35384466187
35416810304
35449174125
35481557656
35513960903
35546383872
35578826569
35611289000
35643771171
35676273088
35708794757
35741336184
35773897375
35806478336
35839079073
35871699592
35904339899
35937000000
35969679901
36002379608
36035099127
36067838464
36100597625
36133376616
36166175443
36198994112
36231832629
36264691000
36297569231
36330467328
36363385297
36396323144
36429280875
36462258496
36495256013
36528273432
36561310759
36594368000
36627445161
36660542248
36693659267
36726796224
36759953125
36793129976
36826326783
36859543552
36892780289
36926037000
36959313691
36992610368
37025927037
37059263704
37092620375
37125997056
37159393753
37192810472
37226247219
37259704000
37293180821
37326677688
37360194607
37393731584
37427288625
37460865736
37494462923
37528080192
37561717549
37595375000
37629052551
37662750208
37696467977
37730205864
37763963875
37797742016
37831540293
37865358712
37899197279
37933056000
37966934881
38000833928
38034753147
38068692544
38102652125
38136631896
38170631863
38204652032
38238692409
38272753000
38306833811
38340934848
38375056117
38409197624
38443359375
38477541376
38511743633
38545966152
38580208939
38614472000
38648755341
38683058968
38717382887
38751727104
38786091625
38820476456
38854881603
38889307072
38923752869
38958219000
38992705471
39027212288
39061739457
39096286984
39130854875
39165443136
39200051773
39234680792
39269330199
39304000000
39338690201
39373400808
39408131827
39442883264
39477655125
39512447416
39547260143
39582093312
39616946929
39651821000
39686715531
39721630528
39756565997
39791521944
39826498375
39861495296
39896512713
39931550632
39966609059
40001688000
40036787461
40071907448
40107047967
40142209024
40177390625
40212592776
40247815483
40283058752
40318322589
40353607000
40388911991
40424237568
40459583737
40494950504
40530337875
40565745856
40601174453
40636623672
40672093519
40707584000
40743095121
40778626888
40814179307
40849752384
40885346125
40920960536
40956595623
40992251392
41027927849
41063625000
41099342851
41135081408
41170840677
41206620664
41242421375
41278242816
41314084993
41349947912
41385831579
41421736000
41457661181
41493607128
41529573847
41565561344
41601569625
41637598696
41673648563
41709719232
41745810709
41781923000
41818056111
41854210048
41890384817
41926580424
41962796875
41999034176
42035292333
42071571352
42107871239
42144192000
42180533641
42216896168
42253279587
42289683904
42326109125
42362555256
42399022303
42435510272
42472019169
42508549000
42545099771
42581671488
42618264157
42654877784
42691512375
42728167936
42764844473
42801541992
42838260499
42875000000
42911760501
42948542008
42985344527
43022168064
43059012625
43095878216
43132764843
43169672512
43206601229
43243551000
43280521831
43317513728
43354526697
43391560744
43428615875
43465692096
43502789413
43539907832
43577047359
43614208000
43651389761
43688592648
43725816667
43763061824
43800328125
43837615576
43874924183
43912253952
43949604889
43986977000
44024370291
44061784768
44099220437
44136677304
44174155375
44211654656
44249175153
44286716872
44324279819
44361864000
44399469421
44437096088
44474744007
44512413184
44550103625
44587815336
44625548323
44663302592
44701078149
44738875000
44776693151
44814532608
44852393377
44890275464
44928178875
44966103616
45004049693
45042017112
45080005879
45118016000
45156047481
45194100328
45232174547
45270270144
45308387125
45346525496
45384685263
45422866432
45461069009
45499293000
45537538411
45575805248
45614093517
45652403224
45690734375
45729086976
45767461033
45805856552
45844273539
45882712000
45921171941
45959653368
45998156287
46036680704
46075226625
46113794056
46152383003
46190993472
46229625469
46268279000
46306954071
46345650688
46384368857
46423108584
46461869875
46500652736
46539457173
46578283192
46617130799
46656000000
46694890801
46733803208
46772737227
46811692864
46850670125
46889669016
46928689543
46967731712
47006795529
47045881000
47084988131
47124116928
47163267397
47202439544
47241633375
47280848896
47320086113
47359345032
47398625659
47437928000
47477252061
47516597848
47555965367
47595354624
47634765625
47674198376
47713652883
47753129152
47792627189
47832147000
47871688591
47911251968
47950837137
47990444104
48030072875
48069723456
48109395853
48149090072
48188806119
48228544000
48268303721
48308085288
48347888707
48387713984
48427561125
48467430136
48507321023
48547233792
48587168449
48627125000
48667103451
48707103808
48747126077
48787170264
48827236375
48867324416
48907434393
48947566312
48987720179
49027896000
49068093781
49108313528
49148555247
49188818944
49229104625
49269412296
49309741963
49350093632
49390467309
49430863000
49471280711
49511720448
49552182217
49592666024
49633171875
49673699776
49714249733
49754821752
49795415839
49836032000
49876670241
49917330568
49958012987
49998717504
50039444125
50080192856
50120963703
50161756672
50202571769
50243409000
50284268371
50325149888
50366053557
50406979384
50447927375
50488897536
50529889873
50570904392
50611941099
50653000000
50694081101
50735184408
50776309927
50817457664
50858627625
50899819816
50941034243
50982270912
51023529829
51064811000
51106114431
51147440128
51188788097
51230158344
51271550875
51312965696
51354402813
51395862232
51437343959
51478848000
51520374361
51561923048
51603494067
51645087424
51686703125
51728341176
51770001583
51811684352
51853389489
51895117000
51936866891
51978639168
52020433837
52062250904
52104090375
52145952256
52187836553
52229743272
52271672419
52313624000
52355598021
52397594488
52439613407
52481654784
52523718625
52565804936
52607913723
52650044992
52692198749
52734375000
52776573751
52818795008
52861038777
52903305064
52945593875
52987905216
53030239093
53072595512
53114974479
53157376000
53199800081
53242246728
53284715947
53327207744
53369722125
53412259096
53454818663
53497400832
53540005609
53582633000
53625283011
53667955648
53710650917
53753368824
53796109375
53838872576
53881658433
53924466952
53967298139
54010152000
54053028541
54095927768
54138849687
54181794304
54224761625
54267751656
54310764403
54353799872
54396858069
54439939000
54483042671
54526169088
54569318257
54612490184
54655684875
54698902336
54742142573
54785405592
54828691399
54872000000
54915331401
54958685608
55002062627
55045462464
55088885125
55132330616
55175798943
55219290112
55262804129
55306341000
55349900731
55393483328
55437088797
55480717144
55524368375
55568042496
55611739513
55655459432
55699202259
55742968000
55786756661
55830568248
55874402767
55918260224
55962140625
56006043976
56049970283
56093919552
56137891789
56181887000
56225905191
56269946368
56314010537
56358097704
56402207875
56446341056
56490497253
56534676472
56578878719
56623104000
56667352321
56711623688
56755918107
56800235584
56844576125
56888939736
56933326423
56977736192
57022169049
57066625000
57111104051
57155606208
57200131477
57244679864
57289251375
57333846016
57378463793
57423104712
57467768779
57512456000
57557166381
57601899928
57646656647
57691436544
57736239625
57781065896
57825915363
57870788032
57915683909
57960603000
58005545311
58050510848
58095499617
58140511624
58185546875
58230605376
58275687133
58320792152
58365920439
58411072000
58456246841
58501444968
58546666387
58591911104
58637179125
58682470456
58727785103
58773123072
58818484369
58863869000
58909276971
58954708288
59000162957
59045640984
59091142375
59136667136
59182215273
59227786792
59273381699
59319000000
59364641701
59410306808
59455995327
59501707264
59547442625
59593201416
59638983643
59684789312
59730618429
59776471000
59822347031
59868246528
59914169497
59960115944
60006085875
60052079296
60098096213
60144136632
60190200559
60236288000
60282398961
60328533448
60374691467
60420873024
60467078125
60513306776
60559558983
60605834752
60652134089
60698457000
60744803491
60791173568
60837567237
60883984504
60930425375
60976889856
61023377953
61069889672
61116425019
61162984000
61209566621
61256172888
61302802807
61349456384
61396133625
61442834536
61489559123
61536307392
61583079349
61629875000
61676694351
61723537408
61770404177
61817294664
61864208875
61911146816
61958108493
62005093912
62052103079
62099136000
62146192681
62193273128
62240377347
62287505344
62334657125
62381832696
62429032063
62476255232
62523502209
62570773000
62618067611
62665386048
62712728317
62760094424
62807484375
62854898176
62902335833
62949797352
62997282739
63044792000
63092325141
63139882168
63187463087
63235067904
63282696625
63330349256
63378025803
63425726272
63473450669
63521199000
63568971271
63616767488
63664587657
63712431784
63760299875
63808191936
63856107973
63904047992
63952011999
64000000000
64048012001
64096048008
64144108027
64192192064
64240300125
64288432216
64336588343
64384768512
64432972729
64481201000
64529453331
64577729728
64626030197
64674354744
64722703375
64771076096
64819472913
64867893832
64916338859
64964808000
65013301261
65061818648
65110360167
65158925824
65207515625
65256129576
65304767683
65353429952
65402116389
65450827000
65499561791
65548320768
65597103937
65645911304
65694742875
65743598656
65792478653
65841382872
65890311319
65939264000
65988240921
66037242088
66086267507
66135317184
66184391125
66233489336
66282611823
66331758592
66380929649
66430125000
66479344651
66528588608
66577856877
66627149464
66676466375
66725807616
66775173193
66824563112
66873977379
66923416000
66972878981
67022366328
67071878047
67121414144
67170974625
67220559496
67270168763
67319802432
67369460509
67419143000
67468849911
67518581248
67568337017
67618117224
67667921875
67717750976
67767604533
67817482552
67867385039
67917312000
67967263441
68017239368
68067239787
68117264704
68167314125
68217388056
68267486503
68317609472
68367756969
68417929000
68468125571
68518346688
68568592357
68618862584
68669157375
68719476736
68769820673
68820189192
68870582299
68921000000
68971442301
69021909208
69072400727
69122916864
69173457625
69224023016
69274613043
69325227712
69375867029
69426531000
69477219631
69527932928
69578670897
69629433544
69680220875
69731032896
69781869613
69832731032
69883617159
69934528000
69985463561
70036423848
70087408867
70138418624
70189453125
70240512376
70291596383
70342705152
70393838689
70444997000
70496180091
70547387968
70598620637
70649878104
70701160375
70752467456
70803799353
70855156072
70906537619
70957944000
71009375221
71060831288
71112312207
71163817984
71215348625
71266904136
71318484523
71370089792
71421719949
71473375000
71525054951
71576759808
71628489577
71680244264
71732023875
71783828416
71835657893
71887512312
71939391679
71991296000
72043225281
72095179528
72147158747
72199162944
72251192125
72303246296
72355325463
72407429632
72459558809
72511713000
72563892211
72616096448
72668325717
72720580024
72772859375
72825163776
72877493233
72929847752
72982227339
73034632000
73087061741
73139516568
73191996487
73244501504
73297031625
73349586856
73402167203
73454772672
73507403269
73560059000
73612739871
73665445888
73718177057
73770933384
73823714875
73876521536
73929353373
73982210392
74035092599
74088000000
74140932601
74193890408
74246873427
74299881664
74352915125
74405973816
74459057743
74512166912
74565301329
74618461000
74671645931
74724856128
74778091597
74831352344
74884638375
74937949696
74991286313
75044648232
75098035459
75151448000
75204885861
75258349048
75311837567
75365351424
75418890625
75472455176
75526045083
75579660352
75633300989
75686967000
75740658391
75794375168
75848117337
75901884904
75955677875
76009496256
76063340053
76117209272
76171103919
76225024000
76278969521
76332940488
76386936907
76440958784
76495006125
76549078936
76603177223
76657300992
76711450249
76765625000
76819825251
76874051008
76928302277
76982579064
77036881375
77091209216
77145562593
77199941512
77254345979
77308776000
77363231581
77417712728
77472219447
77526751744
77581309625
77635893096
77690502163
77745136832
77799797109
77854483000
77909194511
77963931648
78018694417
78073482824
78128296875
78183136576
78238001933
78292892952
78347809639
78402752000
78457720041
78512713768
78567733187
78622778304
78677849125
78732945656
78788067903
78843215872
78898389569
78953589000
79008814171
79064065088
79119341757
79174644184
79229972375
79285326336
79340706073
79396111592
79451542899
79507000000
79562482901
79617991608
79673526127
79729086464
79784672625
79840284616
79895922443
79951586112
80007275629
80062991000
80118732231
80174499328
80230292297
80286111144
80341955875
80397826496
80453723013
80509645432
80565593759
80621568000
80677568161
80733594248
80789646267
80845724224
80901828125
80957957976
81014113783
81070295552
81126503289
81182737000
81238996691
81295282368
81351594037
81407931704
81464295375
81520685056
81577100753
81633542472
81690010219
81746504000
81803023821
81859569688
81916141607
81972739584
82029363625
82086013736
82142689923
82199392192
82256120549
82312875000
82369655551
82426462208
82483294977
82540153864
82597038875
82653950016
82710887293
82767850712
82824840279
82881856000
82938897881
82995965928
83053060147
83110180544
83167327125
83224499896
83281698863
83338924032
83396175409
83453453000
83510756811
83568086848
83625443117
83682825624
83740234375
83797669376
83855130633
83912618152
83970131939
84027672000
84085238341
84142830968
84200449887
84258095104
84315766625
84373464456
84431188603
84488939072
84546715869
84604519000
84662348471
84720204288
84778086457
84835994984
84893929875
84951891136
85009878773
85067892792
85125933199
85184000000
85242093201
85300212808
85358358827
85416531264
85474730125
85532955416
85591207143
85649485312
85707789929
85766121000
85824478531
85882862528
85941272997
85999709944
86058173375
86116663296
86175179713
86233722632
86292292059
86350888000
86409510461
86468159448
86526834967
86585537024
86644265625
86703020776
86761802483
86820610752
86879445589
86938307000
86997194991
87056109568
87115050737
87174018504
87233012875
87292033856
87351081453
87410155672
87469256519
87528384000
87587538121
87646718888
87705926307
87765160384
87824421125
87883708536
87943022623
88002363392
88061730849
88121125000
88180545851
88239993408
88299467677
88358968664
88418496375
88478050816
88537631993
88597239912
88656874579
88716536000
88776224181
88835939128
88895680847
88955449344
89015244625
89075066696
89134915563
89194791232
89254693709
89314623000
89374579111
89434562048
89494571817
89554608424
89614671875
89674762176
89734879333
89795023352
89855194239
89915392000
89975616641
90035868168
90096146587
90156451904
90216784125
90277143256
90337529303
90397942272
90458382169
90518849000
90579342771
90639863488
90700411157
90760985784
90821587375
90882215936
90942871473
91003553992
91064263499
91125000000
91185763501
91246554008
91307371527
91368216064
91429087625
91489986216
91550911843
91611864512
91672844229
91733851000
91794884831
91855945728
91917033697
91978148744
92039290875
92100460096
92161656413
92222879832
92284130359
92345408000
92406712761
92468044648
92529403667
92590789824
92652203125
92713643576
92775111183
92836605952
92898127889
92959677000
93021253291
93082856768
93144487437
93206145304
93267830375
93329542656
93391282153
93453048872
93514842819
93576664000
93638512421
93700388088
93762291007
93824221184
93886178625
93948163336
94010175323
94072214592
94134281149
94196375000
94258496151
94320644608
94382820377
94445023464
94507253875
94569511616
94631796693
94694109112
94756448879
94818816000
94881210481
94943632328
95006081547
95068558144
95131062125
95193593496
95256152263
95318738432
95381352009
95443993000
95506661411
95569357248
95632080517
95694831224
95757609375
95820414976
95883248033
95946108552
96008996539
96071912000
96134854941
96197825368
96260823287
96323848704
96386901625
96449982056
96513090003
96576225472
96639388469
96702579000
96765797071
96829042688
96892315857
96955616584
97018944875
97082300736
97145684173
97209095192
97272533799
97336000000
97399493801
97463015208
97526564227
97590140864
97653745125
97717377016
97781036543
97844723712
97908438529
97972181000
98035951131
98099748928
98163574397
98227427544
98291308375
98355216896
98419153113
98483117032
98547108659
98611128000
98675175061
98739249848
98803352367
98867482624
98931640625
98995826376
99060039883
99124281152
99188550189
99252847000
99317171591
99381523968
99445904137
99510312104
99574747875
99639211456
99703702853
99768222072
99832769119
99897344000
99961946721
100026577288
100091235707
100155921984
100220636125
100285378136
100350148023
100414945792
100479771449
100544625000
100609506451
100674415808
100739353077
100804318264
100869311375
100934332416
100999381393
101064458312
101129563179
101194696000
101259856781
101325045528
101390262247
101455506944
101520779625
101586080296
101651408963
101716765632
101782150309
101847563000
101913003711
101978472448
102043969217
102109494024
102175046875
102240627776
102306236733
102371873752
102437538839
102503232000
102568953241
102634702568
102700479987
102766285504
102832119125
102897980856
102963870703
103029788672
103095734769
103161709000
103227711371
103293741888
103359800557
103425887384
103492002375
103558145536
103624316873
103690516392
103756744099
103823000000
103889284101
103955596408
104021936927
104088305664
104154702625
104221127816
104287581243
104354062912
104420572829
104487111000
104553677431
104620272128
104686895097
104753546344
104820225875
104886933696
104953669813
105020434232
105087226959
105154048000
105220897361
105287775048
105354681067
105421615424
105488578125
105555569176
105622588583
105689636352
105756712489
105823817000
105890949891
105958111168
106025300837
106092518904
106159765375
106227040256
106294343553
106361675272
106429035419
106496424000
106563841021
106631286488
106698760407
106766262784
106833793625
106901352936
106968940723
107036556992
107104201749
107171875000
107239576751
107307307008
107375065777
107442853064
107510668875
107578513216
107646386093
107714287512
107782217479
107850176000
107918163081
107986178728
108054222947
108122295744
108190397125
108258527096
108326685663
108394872832
108463088609
108531333000
108599606011
108667907648
108736237917
108804596824
108872984375
108941400576
109009845433
109078318952
109146821139
109215352000
109283911541
109352499768
109421116687
109489762304
109558436625
109627139656
109695871403
109764631872
109833421069
109902239000
109971085671
110039961088
110108865257
110177798184
110246759875
110315750336
110384769573
110453817592
110522894399
110592000000
110661134401
110730297608
110799489627
110868710464
110937960125
111007238616
111076545943
111145882112
111215247129
111284641000
111354063731
111423515328
111492995797
111562505144
111632043375
111701610496
111771206513
111840831432
111910485259
111980168000
112049879661
112119620248
112189389767
112259188224
112329015625
112398871976
112468757283
112538671552
112608614789
112678587000
112748588191
112818618368
112888677537
112958765704
113028882875
113099029056
113169204253
113239408472
113309641719
113379904000
113450195321
113520515688
113590865107
113661243584
113731651125
113802087736
113872553423
113943048192
114013572049
114084125000
114154707051
114225318208
114295958477
114366627864
114437326375
114508054016
114578810793
114649596712
114720411779
114791256000
114862129381
114933031928
115003963647
115074924544
115145914625
115216933896
115287982363
115359060032
115430166909
115501303000
115572468311
115643662848
115714886617
115786139624
115857421875
115928733376
116000074133
116071444152
116142843439
116214272000
116285729841
116357216968
116428733387
116500279104
116571854125
116643458456
116715092103
116786755072
116858447369
116930169000
117001919971
117073700288
117145509957
117217348984
117289217375
117361115136
117433042273
117504998792
117576984699
117649000000
117721044701
117793118808
117865222327
117937355264
118009517625
118081709416
118153930643
118226181312
118298461429
118370771000
118443110031
118515478528
118587876497
118660303944
118732760875
118805247296
118877763213
118950308632
119022883559
119095488000
119168121961
119240785448
119313478467
119386201024
119458953125
119531734776
119604545983
119677386752
119750257089
119823157000
119896086491
119969045568
120042034237
120115052504
120188100375
120261177856
120334284953
120407421672
120480588019
120553784000
120627009621
120700264888
120773549807
120846864384
120920208625
120993582536
121066986123
121140419392
121213882349
121287375000
121360897351
121434449408
121508031177
121581642664
121655283875
121728954816
121802655493
121876385912
121950146079
122023936000
122097755681
122171605128
122245484347
122319393344
122393332125
122467300696
122541299063
122615327232
122689385209
122763473000
122837590611
122911738048
122985915317
123060122424
123134359375
123208626176
123282922833
123357249352
123431605739
123505992000
123580408141
123654854168
123729330087
123803835904
123878371625
123952937256
124027532803
124102158272
124176813669
124251499000
124326214271
124400959488
124475734657
124550539784
124625374875
124700239936
124775134973
124850059992
124925014999
125000000000
125075015001
125150060008
125225135027
125300240064
125375375125
125450540216
125525735343
125600960512
125676215729
125751501000
125826816331
125902161728
125977537197
126052942744
126128378375
126203844096
126279339913
126354865832
126430421859
126506008000
126581624261
126657270648
126732947167
126808653824
126884390625
126960157576
127035954683
127111781952
127187639389
127263527000
127339444791
127415392768
127491370937
127567379304
127643417875
127719486656
127795585653
127871714872
127947874319
128024064000
128100283921
128176534088
128252814507
128329125184
128405466125
128481837336
128558238823
128634670592
128711132649
128787625000
128864147651
128940700608
129017283877
129093897464
129170541375
129247215616
129323920193
129400655112
129477420379
129554216000
129631041981
129707898328
129784785047
129861702144
129938649625
130015627496
130092635763
130169674432
130246743509
130323843000
130400972911
130478133248
130555324017
130632545224
130709796875
130787078976
130864391533
130941734552
131019108039
131096512000
131173946441
131251411368
131328906787
131406432704
131483989125
131561576056
131639193503
131716841472
131794519969
131872229000
131949968571
132027738688
132105539357
132183370584
132261232375
132339124736
132417047673
132495001192
132572985299
132651000000
132729045301
132807121208
132885227727
132963364864
133041532625
133119731016
133197960043
133276219712
133354510029
133432831000
133511182631
133589564928
133667977897
133746421544
133824895875
133903400896
133981936613
134060503032
134139100159
134217728000
134296386561
134375075848
134453795867
134532546624
134611328125
134690140376
134768983383
134847857152
134926761689
135005697000
135084663091
135163659968
135242687637
135321746104
135400835375
135479955456
135559106353
135638288072
135717500619
135796744000
135876018221
135955323288
136034659207
136114025984
136193423625
136272852136
136352311523
136431801792
136511322949
136590875000
136670457951
136750071808
136829716577
136909392264
136989098875
137068836416
137148604893
137228404312
137308234679
137388096000
137467988281
137547911528
137627865747
137707850944
137787867125
137867914296
137947992463
138028101632
138108241809
138188413000
138268615211
138348848448
138429112717
138509408024
138589734375
138670091776
138750480233
138830899752
138911350339
138991832000
139072344741
139152888568
139233463487
139314069504
139394706625
139475374856
139556074203
139636804672
139717566269
139798359000
139879182871
139960037888
140040924057
140121841384
140202789875
140283769536
140364780373
140445822392
140526895599
140608000000
140689135601
140770302408
140851500427
140932729664
141013990125
141095281816
141176604743
141257958912
141339344329
141420761000
141502208931
141583688128
141665198597
141746740344
141828313375
141909917696
141991553313
142073220232
142154918459
142236648000
142318408861
142400201048
142482024567
142563879424
142645765625
142727683176
142809632083
142891612352
142973623989
143055667000
143137741391
143219847168
143301984337
143384152904
143466352875
143548584256
143630847053
143713141272
143795466919
143877824000
143960212521
144042632488
144125083907
144207566784
144290081125
144372626936
144455204223
144537812992
144620453249
144703125000
144785828251
144868563008
144951329277
145034127064
145116956375
145199817216
145282709593
145365633512
145448588979
145531576000
145614594581
145697644728
145780726447
145863839744
145946984625
146030161096
146113369163
146196608832
146279880109
146363183000
146446517511
146529883648
146613281417
146696710824
146780171875
146863664576
146947188933
147030744952
147114332639
147197952000
147281603041
147365285768
147449000187
147532746304
147616524125
147700333656
147784174903
147868047872
147951952569
148035889000
148119857171
148203857088
148287888757
148371952184
148456047375
148540174336
148624333073
148708523592
148792745899
148877000000
148961285901
149045603608
149129953127
149214334464
149298747625
149383192616
149467669443
149552178112
149636718629
149721291000
149805895231
149890531328
149975199297
150059899144
150144630875
150229394496
150314190013
150399017432
150483876759
150568768000
150653691161
150738646248
150823633267
150908652224
150993703125
151078785976
151163900783
151249047552
151334226289
151419437000
151504679691
151589954368
151675261037
151760599704
151845970375
151931373056
152016807753
152102274472
152187773219
152273304000
152358866821
152444461688
152530088607
152615747584
152701438625
152787161736
152872916923
152958704192
153044523549
153130375000
153216258551
153302174208
153388121977
153474101864
153560113875
153646158016
153732234293
153818342712
153904483279
153990656000
154076860881
154163097928
154249367147
154335668544
154422002125
154508367896
154594765863
154681196032
154767658409
154854153000
154940679811
155027238848
155113830117
155200453624
155287109375
155373797376
155460517633
155547270152
155634054939
155720872000
155807721341
155894602968
155981516887
156068463104
156155441625
156242452456
156329495603
156416571072
156503678869
156590819000
156677991471
156765196288
156852433457
156939702984
157027004875
157114339136
157201705773
157289104792
157376536199
157464000000
157551496201
157639024808
157726585827
157814179264
157901805125
157989463416
158077154143
158164877312
158252632929
158340421000
158428241531
158516094528
158603979997
158691897944
158779848375
158867831296
158955846713
159043894632
159131975059
159220088000
159308233461
159396411448
159484621967
159572865024
159661140625
159749448776
159837789483
159926162752
160014568589
160103007000
160191477991
160279981568
160368517737
160457086504
160545687875
160634321856
160722988453
160811687672
160900419519
160989184000
161077981121
161166810888
161255673307
161344568384
161433496125
161522456536
161611449623
161700475392
161789533849
161878625000
161967748851
162056905408
162146094677
162235316664
162324571375
162413858816
162503178993
162592531912
162681917579
162771336000
162860787181
162950271128
163039787847
163129337344
163218919625
163308534696
163398182563
163487863232
163577576709
163667323000
163757102111
163846914048
163936758817
164026636424
164116546875
164206490176
164296466333
164386475352
164476517239
164566592000
164656699641
164746840168
164837013587
164927219904
165017459125
165107731256
165198036303
165288374272
165378745169
165469149000
165559585771
165650055488
165740558157
165831093784
165921662375
166012263936
166102898473
166193565992
166284266499
166375000000
166465766501
166556566008
166647398527
166738264064
166829162625
166920094216
167011058843
167102056512
167193087229
167284151000
167375247831
167466377728
167557540697
167648736744
167739965875
167831228096
167922523413
168013851832
168105213359
168196608000
168288035761
168379496648
168470990667
168562517824
168654078125
168745671576
168837298183
168928957952
169020650889
169112377000
169204136291
169295928768
169387754437
169479613304
169571505375
169663430656
169755389153
169847380872
169939405819
170031464000
170123555421
170215680088
170307838007
170400029184
170492253625
170584511336
170676802323
170769126592
170861484149
170953875000
171046299151
171138756608
171231247377
171323771464
171416328875
171508919616
171601543693
171694201112
171786891879
171879616000
171972373481
172065164328
172157988547
172250846144
172343737125
172436661496
172529619263
172622610432
172715635009
172808693000
172901784411
172994909248
173088067517
173181259224
173274484375
173367742976
173461035033
173554360552
173647719539
173741112000
173834537941
173927997368
174021490287
174115016704
174208576625
174302170056
174395797003
174489457472
174583151469
174676879000
174770640071
174864434688
174958262857
175052124584
175146019875
175239948736
175333911173
175427907192
175521936799
175616000000
175710096801
175804227208
175898391227
175992588864
176086820125
176181085016
176275383543
176369715712
176464081529
176558481000
176652914131
176747380928
176841881397
176936415544
177030983375
177125584896
177220220113
177314889032
177409591659
177504328000
177599098061
177693901848
177788739367
177883610624
177978515625
178073454376
178168426883
178263433152
178358473189
178453547000
178548654591
178643795968
178738971137
178834180104
178929422875
179024699456
179120009853
179215354072
179310732119
179406144000
179501589721
179597069288
179692582707
179788129984
179883711125
179979326136
180074975023
180170657792
180266374449
180362125000
180457909451
180553727808
180649580077
180745466264
180841386375
180937340416
181033328393
181129350312
181225406179
181321496000
181417619781
181513777528
181609969247
181706194944
181802454625
181898748296
181995075963
182091437632
182187833309
182284263000
182380726711
182477224448
182573756217
182670322024
182766921875
182863555776
182960223733
183056925752
183153661839
183250432000
183347236241
183444074568
183540946987
183637853504
183734794125
183831768856
183928777703
184025820672
184122897769
184220009000
184317154371
184414333888
184511547557
184608795384
184706077375
184803393536
184900743873
184998128392
185095547099
185193000000
185290487101
185388008408
185485563927
185583153664
185680777625
185778435816
185876128243
185973854912
186071615829
186169411000
186267240431
186365104128
186463002097
186560934344
186658900875
186756901696
186854936813
186953006232
187051109959
187149248000
187247420361
187345627048
187443868067
187542143424
187640453125
187738797176
187837175583
187935588352
188034035489
188132517000
188231032891
188329583168
188428167837
188526786904
188625440375
188724128256
188822850553
188921607272
189020398419
189119224000
189218084021
189316978488
189415907407
189514870784
189613868625
189712900936
189811967723
189911068992
190010204749
190109375000
190208579751
190307819008
190407092777
190506401064
190605743875
190705121216
190804533093
190903979512
191003460479
191102976000
191202526081
191302110728
191401729947
191501383744
191601072125
191700795096
191800552663
191900344832
192000171609
192100033000
192199929011
192299859648
192399824917
192499824824
192599859375
192699928576
192800032433
192900170952
193000344139
193100552000
193200794541
193301071768
193401383687
193501730304
193602111625
193702527656
193802978403
193903463872
194003984069
194104539000
194205128671
194305753088
194406412257
194507106184
194607834875
194708598336
194809396573
194910229592
195011097399
195112000000
195212937401
195313909608
195414916627
195515958464
195617035125
195718146616
195819292943
195920474112
196021690129
196122941000
196224226731
196325547328
196426902797
196528293144
196629718375
196731178496
196832673513
196934203432
197035768259
197137368000
197239002661
197340672248
197442376767
197544116224
197645890625
197747699976
197849544283
197951423552
198053337789
198155287000
198257271191
198359290368
198461344537
198563433704
198665557875
198767717056
198869911253
198972140472
199074404719
199176704000
199279038321
199381407688
199483812107
199586251584
199688726125
199791235736
199893780423
199996360192
200098975049
200201625000
200304310051
200407030208
200509785477
200612575864
200715401375
200818262016
200921157793
201024088712
201127054779
201230056000
201333092381
201436163928
201539270647
201642412544
201745589625
201848801896
201952049363
202055332032
202158649909
202262003000
202365391311
202468814848
202572273617
202675767624
202779296875
