
7000
149769
416025
211600
579121
276676
597529
201601
52900
23716
139129
16900
224676
11449
49729
155236
241081
247009
369664
659344
285156
719104
58081
853776
10201
756900
715716
649636
205209
112225
17424
12100
859329
889249
56644
76176
831744
288369
980100
974169
74529
748225
61009
514089
577600
243049
48400
251001
303601
264196
894916
252004
396900
929296
10201
211600
506944
101761
65025
112225
868624
413449
342225
501264
660969
13924
418609
739600
483025
82944
24649
375769
204304
378225
859329
241081
33856
29241
913936
62001
198025
831744
490000
145924
336400
427716
859329
705600
412164
73441
54756
21609
266256
297025
304704
579121
72900
954529
137641
62500
444889
321489
213444
603729
107584
656100
430336
336400
103041
178929
134689
72361
106276
889249
801025
47961
925444
586756
429025
456976
835396
28224
471969
62001
264196
85849
870489
187489
18769
112896
93025
385641
326041
341056
376996
379456
34969
616225
88804
242064
495616
505521
131769
52441
636804
724201
804609
134689
116964
269361
465124
440896
635209
202500
275625
444889
81225
21316
208849
108241
485809
196249
16900
876096
33856
148225
145924
54756
863041
297025
669124
531441
42436
23409
32761
106929
152881
179776
311364
181476
295936
13689
824464
31329
952576
160801
595984
781456
36864
540225
21904
58564
501264
389376
39204
839056
770884
372100
436921
508369
962361
534361
725904
161604
114921
306916
116281
326041
52900
13924
142129
660969
190969
41209
247009
129600
233289
293764
62500
187489
57600
968256
114921
12996
139876
669124
20164
954529
417316
104329
121801
324900
813604
174724
385641
682276
139876
129600
80656
765625
85849
538756
760384
162409
537289
36481
12996
85264
12100
855625
751689
167281
649636
119025
483025
28224
80656
79524
366025
894916
978121
33124
62500
14884
477481
532900
707281
776161
790321
10816
674041
90000
93636
494209
442225
970225
43681
720801
166464
196249
80089
427716
178084
22500
619369
168100
354025
769129
77841
714025
278784
329476
889249
19881
29241
147456
99225
210681
157609
108241
966289
116964
61504
336400
75625
38809
19600
910116
77841
501264
608400
266256
403225
427716
660969
910116
226576
50176
18225
56169
75625
574564
53824
874225
714025
518400
309136
66049
260100
311364
501264
760384
233289
912025
111556
10201
770884
47524
310249
187489
609961
988036
41616
80089
124609
36100
850084
389376
341056
69696
67081
839056
458329
419904
203401
491401
204304
154449
688900
30276
384400
20164
96100
401956
367236
293764
937024
88804
133225
522729
88804
516961
261121
78961
769129
470596
33124
14641
136900
495616
451584
857476
104976
630436
87616
793881
298116
67600
85849
66564
19600
394384
84100
744769
753424
758641
635209
649636
546121
300304
18769
10201
228484
183184
28900
32041
527076
50176
167281
106276
19881
541696
197136
714025
705600
242064
662596
883600
16641
497025
632025
697225
568516
168921
988036
407044
114244
131769
974169
103684
362404
12996
693889
14161
131769
992016
966289
239121
710649
685584
853776
138384
131044
619369
241081
73984
456976
705600
531441
22801
538756
667489
499849
403225
570025
252004
504100
341056
410881
106929
254016
57600
272484
272484
106276
717409
519841
73984
452929
948676
10816
720801
328329
541696
269361
11881
50176
51529
81796
444889
506944
75076
512656
417316
31329
73441
384400
43681
630436
643204
793881
309136
952576
944784
762129
688900
102400
436921
251001
91809
329476
167281
217156
85264
910116
558009
349281
662596
368449
91204
438244
32761
556516
451584
488601
558009
321489
31329
10000
343396
49284
120409
960400
767376
44100
306916
521284
502681
174724
678976
143641
155236
864900
649636
332929
45796
819025
512656
471969
76176
22500
756900
230400
944784
184900
732736
276676
124609
358801
227529
889249
311364
703921
194481
69169
737881
444889
25921
47961
226576
29929
195364
309136
152100
190969
744769
48400
698896
177241
278784
198916
139876
497025
84681
417316
154449
682276
829921
810000
232324
48400
707281
553536
58564
370881
158404
622521
498436
12544
103041
16641
124609
112225
753424
27889
110889
344569
109561
139876
427716
32761
20449
660969
595984
824464
519841
839056
595984
129600
260100
942841
42025
294849
86436
346921
88804
67600
204304
974169
62500
664225
209764
630436
851929
165649
51984
361201
831744
45796
851929
13924
494209
461041
844561
687241
687241
131044
275625
498436
362404
283024
846400
727609
15876
34225
27556
543169
403225
55225
937024
323761
651249
189225
224676
687241
76176
62500
115600
624100
654481
110889
72361
68121
697225
358801
93636
259081
16900
60516
582169
372100
931225
731025
47961
432964
602176
1000000
491401
291600
385641
303601
46225
948676
228484
181476
824464
646416
343396
646416
218089
24964
168100
156025
103041
117649
13456
36100
555025
165649
573049
34225
760384
815409
801025
992016
765625
41616
466489
30625
331776
135424
30276
682276
779689
249001
32400
628849
368449
744769
777924
40000
215296
968256
667489
36100
29584
76176
89401
508369
33856
501264
101124
319225
559504
40401
156025
984064
77841
81225
77841
108900
90000
564001
410881
69696
105625
153664
17956
43681
717409
808201
192721
51529
687241
502681
36100
119025
230400
22500
13225
90601
654481
515524
379456
51076
198025
207936
42025
329476
144400
982081
156025
136161
602176
389376
443556
605284
34596
409600
131769
123904
793881
142884
898704
31329
519841
47089
267289
291600
652864
136161
218089
28561
715716
988036
68644
89401
237169
527076
108900
492804
44521
119025
573049
291600
29241
11881
885481
297025
15625
904401
567009
462400
163216
725904
840889
43681
10201
23716
833569
91809
322624
250000
280900
349281
13225
410881
153664
175561
372100
65536
966289
348100
662596
88209
597529
994009
540225
218089
151321
484416
247009
306916
43264
277729
43264
90000
60025
516961
851929
391876
54756
986049
700569
46656
25281
447561
96100
974169
213444
488601
573049
72900
1000000
497025
322624
77841
595984
119025
93636
36864
310249
47961
312481
238144
538756
152100
532900
261121
116964
524176
605284
16384
265225
23104
573049
261121
11449
435600
16900
330625
65536
330625
14161
422500
632025
121104
749956
40401
121801
588289
670761
19044
697225
273529
269361
255025
396900
659344
994009
408321
240100
774400
24649
913936
200704
145924
695556
341056
88804
311364
206116
223729
33124
14641
45369
173889
299209
722500
284089
302500
687241
793881
509796
804609
146689
127449
138384
559504
760384
173889
687241
813604
21316
835396
166464
707281
190096
678976
256036
135424
284089
958441
164025
34596
234256
19044
339889
549081
156816
145924
474721
427716
494209
350464
306916
559504
541696
26244
452929
70756
299209
44944
627264
376996
946729
774400
595984
22801
81225
245025
349281
27225
31684
597529
485809
423801
385641
44521
236196
414736
810000
724201
67600
498436
114921
47961
558009
996004
844561
32041
491401
233289
643204
104976
568516
101761
528529
391876
488601
87025
195364
874225
156025
571536
62500
760384
342225
219961
190969
246016
804609
193600
298116
280900
22500
306916
135424
62500
962361
627264
611524
567009
138384
527076
583696
413449
434281
863041
77841
414736
683929
244036
393129
664225
874225
88209
872356
19600
491401
348100
357604
267289
715716
148996
366025
485809
135424
524176
906304
88804
620944
592900
249001
499849
343396
17689
42436
164836
169744
244036
135424
176400
576081
271441
516961
960400
516961
74529
447561
677329
182329
106276
40804
938961
40000
360000
278784
181476
1000000
927369
417316
690561
564001
147456
260100
436921
915849
330625
743044
300304
133225
126736
770884
316969
124609
636804
490000
790321
497025
994009
143641
274576
32761
739600
130321
248004
410881
45369
712336
931225
100489
458329
436921
692224
80656
583696
429025
122500
577600
82369
112225
363609
518400
491401
139129
88804
93636
960400
328329
423801
670761
319225
813604
23104
153664
144400
48841
252004
678976
720801
580644
956484
797449
39204
59049
767376
643204
553536
26896
400689
372100
158404
170569
518400
22500
42436
14400
135424
218089
339889
131044
48400
779689
52441
788544
10201
91204
148225
736164
927369
876096
10000
762129
39204
462400
431649
15625
197136
399424
870489
434281
349281
112896
217156
121104
14641
211600
242064
116281
444889
39601
494209
329476
304704
162409
902500
385641
156025
474721
508369
300304
656100
135424
10201
432964
685584
506944
14641
306916
23716
458329
256036
27225
648025
321489
522729
23409
250000
429025
47961
23409
301401
43681
851929
564001
577600
345744
732736
123904
519841
362404
20164
528529
19321
357604
323761
266256
278784
28224
30976
266256
264196
65025
254016
110889
442225
657721
394384
117649
17424
370881
39601
306916
491401
962361
367236
915849
152100
74529
935089
962361
12769
90601
822649
744769
419904
594441
237169
452929
329476
10404
91809
111556
151321
21316
659344
96721
630436
257049
84681
606841
461041
613089
204304
129600
18496
720801
28561
853776
23409
18225
24649
230400
553536
55696
729316
356409
118336
488601
311364
84681
90601
28224
22201
242064
181476
34596
367236
958441
276676
121104
26244
609961
17956
56169
29929
66564
21904
797449
531441
516961
588289
913936
47089
207025
498436
820836
570025
410881
577600
624100
54756
10609
336400
207936
10404
93636
54289
73984
456976
124609
283024
630436
14161
144400
211600
259081
864900
259081
550564
69169
190096
408321
249001
49284
929296
822649
64516
635209
40401
276676
635209
717409
774400
972196
477481
524176
16129
476100
942841
96721
931225
66564
497025
17689
440896
635209
33856
514089
345744
14884
680625
611524
108241
369664
76729
408321
229441
760384
802816
27556
502681
300304
712336
970225
635209
774400
198025
22500
218089
195364
555025
954529
571536
169744
266256
876096
65025
595984
22500
138384
168921
784996
817216
48400
44100
388129
625681
885481
303601
164025
644809
268324
47961
97344
320356
286225
617796
17689
917764
15625
114244
583696
413449
254016
678976
30276
450241
692224
40804
52900
25281
826281
379456
409600
729316
605284
576081
876096
910116
126025
178084
749956
669124
555025
970225
337561
20164
260100
20449
71824
34969
720801
93636
419904
95481
25281
65536
968256
974169
553536
49729
219024
51984
47089
982081
227529
173056
223729
525625
375769
211600
435600
356409
194481
58564
20164
148225
160801
77284
259081
101761
984064
893025
94864
725904
531441
28224
21025
425104
558009
66049
172225
815409
195364
18769
246016
245025
71289
763876
276676
319225
29241
21025
55225
49729
707281
12100
502681
39601
388129
680625
915849
96100
55696
305809
251001
485809
12769
229441
933156
219024
13456
414736
23716
927369
927369
145161
104329
535824
683929
935089
143641
577600
194481
66564
78400
136900
332929
262144
77841
43681
142884
630436
373321
182329
212521
425104
720801
521284
54756
121104
553536
17424
51984
11881
962361
116964
72900
140625
152881
659344
156816
210681
327184
611524
73441
346921
119025
360000
352836
664225
331776
114244
231361
829921
714025
160000
459684
57600
267289
848241
329476
381924
506944
597529
33124
18769
435600
804609
855625
249001
39601
47961
58564
73984
933156
502681
80656
27889
935089
169744
770884
366025
145924
840889
184900
19044
244036
245025
223729
192721
806404
37249
484416
71289
346921
990025
313600
237169
518400
408321
21609
33124
323761
138384
140625
13225
93025
302500
833569
157609
944784
157609
11881
804609
30625
498436
538756
736164
564001
218089
329476
62001
98596
287296
440896
57121
94249
925444
221841
777924
152881
33856
828100
627264
206116
425104
409600
59536
161604
161604
32761
52441
822649
990025
259081
49284
152881
900601
815409
375769
256036
254016
835396
511225
311364
332929
249001
622521
703921
197136
515524
644809
487204
106929
440896
152100
883600
93636
855625
580644
739600
912025
829921
58564
124609
73441
71289
763876
29241
51076
458329
502681
917764
21609
603729
330625
656100
44100
458329
753424
408321
12321
635209
149769
819025
549081
61504
168100
14884
602176
627264
151321
96100
168921
58081
21904
487204
381924
279841
868624
324900
111556
749956
808201
683929
142129
70756
99856
628849
552049
391876
603729
140625
817216
570025
968256
85849
837225
36100
87616
116281
166464
908209
570025
57121
147456
14884
86436
185761
1000000
597529
243049
227529
18225
57121
310249
113569
59536
73984
770884
328329
36481
68644
811801
34596
295936
605284
223729
613089
385641
61009
921600
76729
795664
364816
381924
654481
44521
38416
908209
501264
380689
793881
633616
21025
458329
135424
91809
646416
309136
32400
804609
756900
440896
14400
25921
874225
649636
354025
224676
262144
627264
328329
398161
42849
275625
102400
229441
933156
702244
21316
28900
309136
110889
158404
935089
364816
20449
366025
53824
758641
195364
682276
763876
63504
707281
802816
163216
473344
195364
192721
277729
837225
378225
56169
672400
183184
900601
51529
652864
160000
121801
940900
700569
291600
13924
41616
511225
675684
925444
84100
118336
367236
613089
620944
207025
49284
454276
306916
970225
986049
360000
358801
795664
356409
337561
273529
10404
42436
736164
182329
60025
683929
962361
885481
521284
83521
302500
184041
792100
304704
407044
237169
311364
32761
107584
450241
18496
357604
22201
501264
225625
749956
42436
419904
334084
471969
236196
287296
257049
448900
29584
69169
889249
153664
469225
467856
972196
221841
59049
996004
364816
702244
25600
70225
321489
252004
638401
143641
553536
176400
13924
34225
540225
148996
883600
459684
108900
674041
173056
801025
286225
881721
25921
393129
600625
266256
904401
495616
978121
288369
104329
473344
53824
324900
46656
34225
303601
535824
128881
161604
142129
22801
326041
372100
942841
388129
426409
245025
491401
131044
21904
125316
189225
18496
120409
321489
205209
458329
450241
455625
715716
859329
540225
28224
26244
894916
272484
662596
881721
13689
253009
135424
133956
792100
136161
54289
244036
829921
669124
988036
275625
336400
360000
393129
743044
390625
758641
46656
893025
147456
242064
68121
60516
753424
47524
54756
259081
11664
15625
73441
28900
532900
929296
646416
266256
404496
88209
624100
786769
765625
851929
188356
16641
762129
277729
290521
474721
762129
129600
577600
164836
112896
185761
921600
413449
451584
408321
660969
21904
245025
121104
861184
82944
189225
495616
22801
810000
15876
199809
436921
334084
285156
717409
434281
568516
685584
799236
25600
628849
532900
335241
107584
528529
126736
497025
619369
16641
801025
191844
339889
66049
41616
303601
251001
519841
41209
88804
463761
374544
187489
576081
17956
217156
866761
77841
648025
887364
243049
436921
72361
20449
18769
741321
640000
306916
974169
330625
373321
215296
192721
364816
68121
635209
93636
616225
179776
110889
14400
509796
648025
326041
167281
651249
744769
108900
534361
10201
606841
829921
60516
278784
556516
770884
35721
14161
225625
23716
328329
388129
274576
588289
748225
556516
656100
374544
230400
386884
168100
224676
715716
54756
146689
625681
124609
226576
185761
15876
857476
287296
776161
24649
362404
48841
795664
161604
801025
591361
336400
187489
23716
848241
573049
302500
528529
521284
204304
815409
195364
935089
446224
396900
76729
412164
501264
285156
455625
398161
674041
349281
99856
69169
643204
287296
505521
788544
430336
223729
568516
582169
139129
15129
145161
288369
10609
889249
176400
693889
273529
288369
51529
599076
32041
167281
487204
407044
870489
734449
140625
933156
395641
790321
47524
509796
118336
71289
49729
87025
235225
505521
227529
123904
87025
968256
564001
672400
294849
80656
318096
40000
53824
454276
335241
404496
198025
127449
104329
18496
69169
281961
38025
891136
35721
191844
346921
864900
502681
79524
352836
44521
12769
12321
160801
15876
309136
271441
91204
214369
972196
12100
25600
142884
43681
853776
682276
175561
47961
178929
27225
641601
17424
54756
906304
156025
450241
337561
996004
300304
207025
101761
344569
670761
272484
46225
461041
15625
246016
36864
334084
705600
68121
833569
756900
10404
685584
303601
868624
213444
10000
39204
174724
685584
27225
958441
902500
962361
776161
413449
544644
10609
60516
25281
34225
547600
741321
131769
266256
27225
135424
32041
147456
54756
248004
339889
524176
946729
894916
169744
276676
360000
219024
334084
193600
501264
368449
664225
988036
38025
866761
200704
662596
627264
966289
422500
594441
148996
13456
121104
524176
376996
505521
318096
24025
10609
321489
657721
154449
954529
27889
544644
555025
51529
350464
362404
95481
525625
155236
105625
514089
797449
160000
77284
555025
29241
13225
180625
958441
30976
480249
261121
130321
570025
243049
450241
19321
393129
994009
494209
190969
88804
992016
502681
1000000
820836
712336
665856
925444
202500
851929
443556
22801
24336
343396
727609
380689
133956
219024
488601
562500
112225
492804
439569
84681
927369
399424
149769
758641
56169
163216
85264
725904
632025
17956
403225
970225
294849
142129
574564
19044
20736
360000
295936
213444
21904
819025
254016
332929
386884
432964
299209
27889
125316
231361
675684
190096
149769
12321
491401
118336
712336
27889
49729
638401
929296
648025
70225
15376
126736
192721
765625
434281
133956
883600
391876
837225
982081
968256
190096
744769
624100
717409
123904
114921
68121
75625
43681
434281
74529
358801
148225
26896
236196
222784
379456
403225
45796
481636
76729
82369
210681
64009
904401
376996
195364
996004
583696
129600
480249
395641
739600
341056
193600
196249
968256
19600
599076
153664
126736
57121
788544
389376
502681
844561
600625
237169
52441
602176
65536
662596
146689
221841
356409
731025
288369
19321
756900
126025
179776
48841
17689
61009
722500
214369
185761
116281
700569
398161
247009
175561
777924
16900
416025
207025
669124
450241
802816
185761
522729
421201
933156
167281
263169
418609
351649
28561
180625
562500
474721
494209
848241
459684
435600
368449
21025
164836
859329
277729
492804
419904
10609
15129
543169
221841
55225
264196
80089
154449
129600
32041
10609
59536
24336
28900
599076
480249
774400
131769
391876
499849
77284
189225
781456
72900
257049
185761
657721
525625
301401
346921
913936
125316
47961
21316
876096
763876
980100
403225
72900
113569
717409
597529
417316
19044
248004
88804
28561
91809
15129
134689
163216
685584
312481
17424
923521
37636
106929
142129
77284
355216
514089
306916
139876
327184
525625
600625
781456
53361
304704
32041
80656
148996
336400
381924
633616
390625
239121
228484
555025
250000
760384
191844
763876
627264
896809
370881
461041
266256
469225
239121
913936
64516
471969
758641
577600
417316
559504
124609
314721
224676
383161
538756
485809
12544
198025
990025
90601
334084
672400
481636
156816
22801
28561
78400
722500
435600
42436
11025
400689
370881
287296
16129
498436
727609
904401
40000
193600
238144
104976
89401
564001
156816
378225
806404
842724
145924
887364
281961
477481
537289
10609
123904
127449
189225
281961
889249
286225
700569
866761
252004
273529
90000
164836
521284
130321
62500
678976
409600
652864
440896
627264
106276
11449
203401
41209
923521
617796
855625
413449
744769
154449
185761
319225
835396
362404
257049
383161
801025
21316
481636
28224
119716
94864
231361
60516
370881
36864
599076
42436
603729
908209
776161
25921
980100
857476
247009
760384
103041
398161
685584
577600
326041
271441
33124
264196
925444
190969
102400
38416
171396
123201
678976
630436
904401
205209
111556
964324
418609
18225
349281
173889
494209
431649
40401
143641
73984
515524
690561
326041
748225
770884
349281
448900
61504
351649
499849
894916
178929
84100
599076
162409
915849
13456
12100
502681
429025
374544
141376
693889
431649
157609
148225
84100
35344
89401
94249
72900
476100
107584
189225
148225
946729
312481
350464
62500
52441
534361
379456
190096
128881
305809
244036
729316
178084
100489
106929
744769
172225
40000
400689
737881
47524
156025
77841
848241
191844
10609
160000
501264
111556
112896
344569
410881
44100
12321
638401
24649
373321
65536
62500
613089
52441
107584
241081
275625
143641
278784
214369
688900
149769
784996
998001
568516
861184
85849
16900
103684
97969
71824
60025
698896
929296
772641
958441
306916
748225
220900
52441
454276
249001
413449
12769
850084
260100
384400
399424
200704
829921
357604
839056
98596
232324
372100
88209
970225
656100
316969
725904
962361
434281
925444
90601
702244
725904
802816
251001
286225
591361
758641
952576
341056
168100
41616
26569
306916
454276
46656
455625
426409
958441
44100
844561
255025
398161
124609
595984
25921
589824
32761
335241
55225
525625
151321
139876
602176
90000
432964
589824
383161
214369
394384
13225
801025
16129
743044
729316
506944
630436
471969
54289
467856
632025
954529
12321
480249
505521
130321
413449
477481
802816
736164
670761
324900
40804
527076
45369
38025
201601
84681
772641
915849
925444
483025
77841
321489
923521
589824
14641
186624
737881
781456
232324
273529
169744
206116
644809
162409
135424
21025
120409
643204
168100
89401
17956
476100
996004
167281
357604
259081
298116
62001
833569
376996
170569
923521
408321
625681
412164
495616
47524
143641
131044
212521
85264
846400
844561
739600
271441
277729
59049
22801
948676
65536
40000
19044
940900
65536
189225
116964
390625
205209
390625
93636
855625
889249
218089
412164
606841
595984
11881
94249
59049
894916
131044
624100
850084
844561
715716
68644
697225
351649
103041
16641
166464
318096
362404
95481
164836
100489
573049
555025
212521
21316
108900
640000
435600
198916
459684
245025
275625
874225
512656
58564
41209
622521
702244
792100
316969
712336
136900
378225
176400
293764
65025
96721
525625
112896
444889
303601
39204
253009
458329
186624
178929
262144
218089
450241
119716
714025
345744
17689
15129
906304
159201
478864
795664
444889
87025
597529
171396
451584
700569
831744
70225
490000
556516
135424
528529
93636
188356
267289
199809
70225
515524
568516
195364
675684
567009
214369
746496
748225
863041
427716
165649
196249
435600
128164
135424
643204
31684
114244
998001
23409
185761
160801
190096
210681
187489
103041
13456
22201
559504
964324
364816
958441
144400
396900
591361
772641
874225
46225
770884
925444
41209
18225
153664
166464
99856
276676
24964
19881
422500
17956
976144
622521
61009
123201
16641
108241
281961
749956
831744
73984
921600
373321
336400
185761
11664
664225
697225
795664
244036
385641
419904
178084
310249
883600
450241
558009
192721
591361
17956
885481
966289
316969
797449
390625
357604
69169
839056
817216
77841
915849
196249
300304
944784
128881
550564
80089
342225
91809
154449
292681
205209
801025
638401
446224
851929
12769
714025
218089
24964
480249
329476
32761
544644
564001
386884
354025
234256
248004
75625
508369
944784
26244
737881
281961
408321
473344
470596
51984
89401
40401
487204
504100
303601
594441
89401
125316
80656
204304
917764
67600
14641
599076
459684
898704
211600
625681
272484
455625
29584
364816
390625
80089
690561
184900
538756
101761
219961
842724
680625
893025
44944
524176
524176
50625
14641
672400
320356
611524
432964
813604
368449
265225
753424
173056
543169
820836
490000
129600
840889
314721
86436
395641
448900
173056
355216
964324
288369
15625
423801
426409
181476
81796
339889
216225
160000
102400
221841
842724
842724
485809
257049
246016
360000
292681
116281
556516
643204
633616
654481
698896
514089
84681
309136
239121
270400
547600
15376
43681
323761
56644
185761
391876
739600
322624
592900
323761
107584
502681
276676
91809
262144
126025
273529
835396
222784
39601
362404
46225
207936
781456
589824
491401
636804
579121
105625
73441
322624
71824
11449
298116
170569
101124
495616
795664
617796
62500
173056
139876
43264
994009
580644
156025
594441
921600
73441
178084
22801
729316
822649
33856
240100
17956
47089
412164
316969
18225
715716
180625
117649
36481
783225
703921
611524
51076
87616
14400
212521
189225
511225
656100
42849
270400
27556
170569
494209
274576
245025
695556
219024
722500
925444
352836
64516
71289
124609
29929
495616
244036
223729
350464
806404
964324
59049
77284
107584
22201
490000
675684
33124
148225
228484
538756
66564
18769
1000000
588289
592900
298116
972196
308025
51529
152100
117649
1000000
350464
591361
99225
202500
305809
879844
508369
269361
746496
168921
582169
34596
21904
646416
857476
105625
952576
602176
599076
617796
622521
27889
288369
748225
132496
638401
44521
95481
12544
398161
591361
439569
656100
839056
784996
438244
100489
256036
137641
443556
386884
833569
83521
38416
335241
546121
17161
456976
156025
672400
322624
485809
121104
49729
70225
620944
15876
864900
462400
111556
27225
103041
543169
451584
315844
108241
26569
15625
476100
837225
813604
19044
212521
508369
779689
339889
154449
30625
136161
724201
910116
514089
831744
407044
729316
422500
592900
537289
145924
638401
549081
104976
896809
50176
286225
181476
931225
96100
455625
855625
11664
287296
935089
56169
622521
297025
63001
231361
360000
15876
781456
471969
641601
343396
110889
544644
41616
285156
316969
988036
145161
106276
286225
104976
212521
408321
217156
71289
101124
277729
184900
223729
133225
37249
73984
23104
68644
138384
731025
66049
276676
76729
67600
622521
262144
870489
332929
702244
527076
544644
786769
35344
537289
104976
50176
605284
50625
349281
373321
239121
755161
10000
585225
643204
126025
104976
122500
459684
63504
16900
69169
565504
269361
111556
148225
163216
850084
459684
902500
34969
160801
767376
24964
116281
34969
216225
145161
174724
330625
861184
87025
227529
148225
331776
191844
630436
90601
379456
770884
308025
53824
770884
164025
855625
524176
974169
45796
97344
53824
75625
912025
719104
105625
870489
588289
236196
469225
53824
11236
229441
178929
839056
12100
33856
793881
749956
998001
46656
651249
446224
263169
357604
399424
34225
870489
15625
495616
103684
74529
806404
535824
749956
455625
33489
448900
494209
492804
848241
112896
10609
605284
419904
555025
299209
75076
705600
459684
204304
739600
356409
27225
751689
799236
114244
41616
874225
108241
131044
535824
284089
677329
178929
79524
31329
311364
305809
93636
200704
405769
100489
118336
244036
131044
984064
73441
950625
346921
160801
19044
257049
833569
329476
540225
644809
670761
62500
235225
781456
25281
61009
372100
394384
173056
190969
855625
291600
74529
114921
982081
894916
364816
177241
480249
64516
123201
242064
163216
682276
547600
322624
67600
55225
41616
616225
259081
630436
43681
256036
26569
755161
373321
480249
49284
310249
848241
720801
139129
113569
14641
674041
20164
891136
562500
119025
14400
22801
277729
620944
792100
447561
32761
806404
33856
390625
669124
349281
790321
906304
624100
710649
70756
749956
595984
126025
273529
190096
181476
806404
13456
42436
498436
675684
295936
40401
366025
32041
257049
966289
898704
39601
777924
13225
237169
828100
14641
446224
737881
910116
188356
131769
630436
106929
194481
853776
288369
641601
534361
173056
219024
443556
616225
577600
664225
75625
362404
119716
810000
577600
848241
506944
960400
577600
314721
184900
167281
656100
422500
527076
431649
176400
350464
678976
267289
421201
173056
799236
797449
30276
664225
27556
27556
23409
611524
923521
481636
580644
54289
16384
541696
425104
580644
309136
306916
198916
16641
49729
223729
640000
12996
99225
24649
45369
153664
13456
927369
866761
502681
40401
131044
904401
874225
412164
906304
362404
403225
368449
51984
16129
132496
146689
378225
236196
638401
148996
363609
234256
279841
454276
212521
799236
960400
41616
561001
274576
132496
130321
398161
198025
571536
246016
589824
369664
432964
279841
10201
756900
644809
811801
659344
27225
328329
75076
471969
408321
248004
703921
276676
715716
178084
81225
313600
123904
547600
281961
86436
376996
33856
462400
49284
465124
573049
17424
620944
53824
253009
249001
17424
24336
833569
850084
469225
700569
285156
214369
146689
110224
368449
82369
76729
49729
937024
310249
736164
609961
11449
558009
96721
32400
893025
124609
186624
910116
356409
106276
451584
937024
173889
11449
103041
67600
18225
196249
16384
156816
912025
423801
63504
119716
27889
822649
118336
266256
776161
125316
29929
334084
19044
588289
488601
23716
48841
863041
48841
21025
988036
58564
219024
501264
44100
324900
565504
400689
172225
270400
49729
352836
519841
88804
148225
34596
863041
68121
346921
60025
71824
64516
362404
19044
748225
770884
297025
21025
91809
986049
680625
565504
329476
808201
27889
776161
66049
958441
33124
70756
110889
100489
342225
670761
297025
633616
659344
119716
225625
58564
192721
351649
112896
145924
183184
984064
635209
929296
237169
222784
693889
91204
521284
950625
872356
112225
264196
281961
960400
180625
261121
592900
469225
904401
889249
669124
125316
33856
171396
215296
116964
32400
58081
964324
408321
635209
65536
41616
885481
151321
63001
683929
171396
192721
376996
659344
762129
13924
183184
547600
124609
404496
246016
868624
108241
831744
29241
33856
346921
31329
40401
591361
249001
86436
224676
850084
25600
851929
937024
24336
577600
925444
240100
131044
239121
585225
534361
831744
485809
887364
292681
335241
770884
310249
246016
34225
544644
69696
586756
87616
700569
28561
874225
802816
40401
925444
30625
161604
122500
518400
33124
85849
43264
970225
495616
234256
986049
429025
727609
49729
624100
366025
65025
319225
22201
93636
490000
619369
181476
577600
357604
121104
101124
471969
473344
935089
92416
271441
42849
219961
278784
543169
46225
77841
297025
13689
25600
74529
120409
281961
205209
42849
254016
12996
674041
864900
583696
477481
398161
857476
126025
469225
193600
304704
22500
506944
964324
78961
159201
270400
571536
160000
319225
774400
219961
68644
33489
56169
603729
32400
864900
640000
223729
26244
820836
17424
66564
394384
33489
942841
119025
215296
594441
755161
386884
968256
788544
12100
492804
180625
923521
173889
760384
127449
722500
34969
252004
263169
320356
497025
373321
195364
224676
305809
521284
412164
260100
861184
962361
343396
395641
219961
334084
429025
19600
589824
152100
919681
167281
364816
205209
341056
90601
90000
994009
561001
15376
452929
887364
89401
913936
166464
267289
321489
11881
15129
23409
276676
422500
992016
896809
476100
156025
779689
106929
451584
368449
840889
962361
576081
188356
31684
904401
80089
215296
769129
57600
184900
519841
244036
22801
126025
51529
879844
656100
758641
99225
484416
670761
386884
864900
324900
128881
465124
980100
34596
792100
427716
22500
127449
185761
304704
10201
235225
776161
50625
267289
522729
97344
30976
45369
755161
309136
257049
399424
649636
466489
48400
309136
795664
170569
135424
660969
72900
201601
77284
146689
130321
77841
321489
550564
751689
354025
314721
636804
27556
541696
657721
648025
158404
585225
17161
624100
443556
110889
342225
16900
687241
476100
66049
864900
210681
944784
33124
582169
64009
271441
498436
765625
919681
473344
576081
717409
373321
159201
1000000
80656
26244
230400
362404
101124
218089
646416
337561
416025
692224
414736
640000
802816
120409
855625
597529
665856
20736
395641
12544
982081
687241
506944
219024
423801
913936
38416
258064
49284
10201
840889
86436
269361
92416
229441
363609
413449
24964
59049
902500
846400
251001
73984
177241
561001
613089
78400
435600
312481
732736
24964
734449
10404
786769
23409
923521
104976
756900
404496
30276
474721
169744
24336
217156
484416
839056
348100
715716
426409
986049
407044
240100
490000
266256
511225
559504
555025
727609
381924
628849
662596
233289
81225
698896
682276
32400
921600
399424
946729
398161
379456
169744
664225
220900
956484
129600
683929
919681
297025
262144
462400
515524
230400
660969
157609
643204
643204
320356
121801
145161
140625
378225
147456
107584
481636
529984
323761
68644
21025
13689
351649
184900
195364
191844
439569
456976
484416
352836
34225
131769
984064
128881
705600
71289
178929
78961
115600
167281
447561
589824
219961
130321
12100
232324
205209
70225
308025
906304
362404
120409
391876
130321
104976
82369
207025
334084
88209
384400
399424
104329
954529
316969
447561
214369
755161
228484
776161
219961
753424
885481
70756
670761
373321
393129
367236
24025
64009
552049
558009
255025
228484
537289
269361
842724
59536
257049
119716
874225
300304
247009
641601
698896
811801
289444
309136
60516
933156
674041
17689
134689
21904
153664
263169
72361
57121
203401
346921
31329
853776
251001
625681
154449
16641
968256
501264
964324
363609
35344
152100
84681
762129
398161
356409
64516
394384
25600
558009
70756
120409
336400
881721
106276
524176
662596
82944
952576
490000
160801
44521
573049
656100
870489
783225
161604
243049
279841
17424
929296
24649
220900
799236
692224
544644
81796
558009
254016
385641
389376
83521
751689
974169
19600
116964
760384
242064
870489
651249
984064
166464
22500
112896
685584
829921
244036
893025
931225
573049
316969
51076
390625
79524
45796
93636
831744
191844
13456
861184
692224
215296
116281
881721
71824
115600
17161
734449
156816
40401
652864
839056
700569
734449
438244
680625
15376
760384
320356
469225
185761
443556
256036
163216
12321
220900
220900
147456
234256
790321
15129
749956
765625
273529
808201
451584
483025
25281
779689
12769
82369
253009
28561
328329
889249
130321
474721
99856
755161
96100
119025
229441
224676
207025
81796
268324
49284
422500
657721
495616
232324
756900
863041
956484
192721
144400
121801
633616
295936
122500
60516
59536
138384
864900
53824
381924
352836
111556
44521
28224
93636
439569
422500
265225
24025
190969
19044
351649
38416
27556
877969
17424
680625
744769
48400
41209
215296
229441
559504
547600
216225
707281
298116
874225
26569
693889
302500
763876
599076
553536
99225
187489
313600
160801
994009
52900
190969
703921
527076
44521
321489
12100
855625
806404
327184
73441
48841
608400
115600
410881
863041
399424
614656
111556
620944
37249
638401
43681
38809
225625
558009
933156
33489
288369
883600
466489
187489
219024
760384
172225
756900
27225
241081
247009
139876
111556
602176
404496
105625
199809
267289
829921
413449
240100
606841
160000
564001
992016
970225
14884
15376
62001
73441
628849
292681
712336
767376
130321
505521
207025
193600
576081
720801
121104
552049
447561
380689
891136
913936
91809
695556
544644
368449
633616
45796
349281
685584
714025
91204
436921
64516
938961
96100
68644
257049
156816
10201
55696
364816
206116
24649
77841
616225
35721
463761
781456
643204
952576
384400
802816
87025
249001
724201
30625
22500
32761
110224
355216
927369
968256
481636
582169
369664
446224
515524
722500
824464
306916
527076
105625
657721
90601
44100
52441
86436
436921
76176
625681
695556
923521
386884
567009
25281
232324
374544
966289
264196
501264
534361
16129
277729
783225
21904
97969
703921
276676
208849
452929
66564
591361
30276
32041
504100
51984
414736
73441
319225
519841
25281
26569
879844
139129
367236
35344
111556
724201
772641
481636
155236
413449
108241
992016
184900
495616
272484
154449
540225
250000
42025
790321
529984
656100
707281
635209
95481
516961
237169
69696
532900
263169
544644
271441
760384
342225
234256
294849
840889
674041
315844
606841
29241
88804
52900
283024
210681
142884
204304
40000
183184
776161
562500
63504
324900
10816
872356
240100
677329
21316
978121
755161
454276
833569
923521
236196
15376
535824
26244
532900
935089
974169
64516
214369
203401
378225
241081
600625
23104
535824
777924
248004
56169
187489
408321
491401
641601
893025
927369
786769
344569
20736
833569
114244
799236
480249
529984
619369
198025
25921
454276
801025
904401
191844
505521
522729
15876
56644
538756
522729
511225
512656
491401
455625
902500
97344
861184
251001
241081
273529
384400
295936
790321
77284
203401
18225
336400
60516
288369
524176
87616
101761
521284
258064
974169
135424
208849
70225
286225
795664
697225
167281
171396
505521
885481
168100
19044
186624
412164
573049
703921
702244
355216
919681
717409
93636
254016
66564
556516
285156
156816
51076
669124
567009
427716
313600
877969
519841
34225
281961
59536
400689
273529
804609
705600
700569
447561
485809
251001
42436
25281
65025
894916
62001
272484
524176
512656
290521
412164
543169
225625
954529
927369
606841
700569
883600
38809
142884
140625
60516
136900
164836
605284
295936
473344
435600
15625
471969
181476
175561
263169
770884
25281
556516
674041
602176
665856
97969
101124
322624
702244
280900
990025
586756
707281
290521
386884
893025
336400
654481
685584
966289
145924
111556
633616
49729
46656
38025
33124
692224
218089
456976
288369
140625
398161
725904
112225
868624
227529
212521
227529
23104
342225
451584
614656
906304
52900
11664
287296
495616
490000
776161
191844
366025
65025
11449
264196
64516
710649
375769
205209
250000
430336
117649
715716
595984
466489
291600
29929
178929
12996
769129
33124
956484
338724
171396
13225
913936
450241
89401
345744
67081
660969
664225
56169
145924
822649
14161
273529
784996
191844
184041
698896
195364
938961
139129
395641
410881
625681
66564
145924
246016
592900
288369
60516
921600
552049
597529
570025
261121
627264
212521
126025
644809
717409
622521
13689
748225
664225
544644
866761
609961
88209
309136
518400
870489
121104
619369
42849
68121
950625
364816
29241
17689
348100
34225
176400
27556
469225
198916
927369
81796
245025
78400
986049
687241
44100
210681
374544
297025
116964
15625
781456
627264
81796
940900
462400
361201
577600
544644
14641
440896
756900
176400
594441
792100
135424
224676
776161
727609
53824
191844
375769
855625
797449
980100
508369
10000
813604
114921
180625
278784
93636
65025
968256
741321
908209
222784
714025
508369
354025
96100
302500
665856
685584
592900
115600
80656
158404
76176
228484
651249
122500
731025
44944
17689
837225
164836
58081
748225
946729
315844
99856
271441
235225
310249
101124
874225
290521
600625
73984
118336
495616
772641
470596
24649
118336
896809
265225
442225
458329
104976
219024
790321
11449
532900
92416
229441
929296
30625
77284
654481
519841
17689
640000
120409
77841
304704
568516
161604
42436
272484
917764
327184
784996
628849
28224
851929
848241
810000
609961
13225
505521
795664
300304
112225
273529
690561
748225
921600
16641
678976
857476
180625
49284
396900
335241
12769
561001
512656
56644
139876
461041
88209
20736
44100
688900
135424
474721
252004
659344
84100
707281
71289
210681
710649
320356
762129
153664
866761
848241
948676
168100
534361
348100
546121
190969
784996
104329
314721
293764
976144
60025
195364
293764
515524
935089
211600
984064
994009
514089
40000
344569
127449
944784
811801
51076
43264
495616
117649
992016
790321
341056
360000
289444
490000
240100
77841
20449
33124
94249
151321
30976
986049
355216
314721
864900
519841
44521
467856
362404
559504
348100
187489
850084
717409
769129
100489
898704
320356
321489
213444
114244
724201
80656
114921
960400
289444
617796
948676
499849
729316
729316
144400
715716
625681
495616
577600
451584
599076
191844
301401
109561
896809
330625
799236
49284
568516
698896
198916
687241
913936
622521
261121
656100
756900
12996
38809
982081
10000
452929
213444
608400
736164
842724
217156
12321
495616
153664
964324
100489
319225
677329
30976
24336
416025
677329
815409
155236
21316
29241
363609
227529
335241
44100
240100
474721
664225
119716
141376
42436
833569
290521
585225
87025
81796
660969
685584
763876
942841
826281
39204
142884
13225
853776
485809
367236
164836
341056
160000
982081
24025
192721
976144
695556
751689
219024
139129
239121
459684
143641
331776
80656
667489
403225
136900
762129
931225
20736
310249
470596
409600
360000
60516
829921
632025
26896
755161
51529
741321
488601
535824
116964
481636
131769
37636
116281
81225
210681
777924
265225
594441
25921
220900
106929
804609
37636
37249
312481
33489
174724
141376
498436
25281
10816
293764
720801
298116
37249
630436
640000
214369
11025
753424
189225
110224
708964
68121
179776
197136
10609
451584
988036
12996
116964
443556
477481
592900
837225
341056
960400
12544
410881
114921
394384
26244
366025
12996
269361
207936
33124
36481
27889
253009
254016
56169
982081
211600
927369
319225
10201
71824
145161
20164
734449
167281
887364
10609
802816
638401
311364
95481
346921
762129
473344
755161
123201
161604
641601
806404
270400
314721
207025
161604
555025
874225
46656
592900
910116
66049
112225
147456
219024
670761
555025
835396
26569
136161
290521
355216
34225
274576
664225
279841
760384
777924
717409
876096
866761
820836
609961
196249
446224
37249
722500
131044
263169
395641
859329
422500
265225
456976
103041
779689
48400
41616
769129
481636
38025
120409
133225
31684
321489
154449
767376
931225
139876
259081
306916
669124
622521
76729
116964
38809
692224
73984
192721
549081
944784
242064
331776
172225
294849
338724
16641
409600
652864
319225
12100
998001
96100
925444
39601
26244
152100
50625
998001
792100
599076
531441
278784
345744
18496
80656
434281
467856
83521
21609
919681
127449
929296
929296
47089
54756
111556
962361
978121
588289
640000
136900
135424
97344
591361
501264
44521
139876
659344
707281
583696
338724
178929
972196
450241
11236
452929
218089
456976
178084
606841
146689
535824
660969
518400
241081
75076
779689
319225
36100
670761
710649
833569
165649
105625
288369
522729
31329
165649
220900
462400
236196
505521
495616
278784
141376
336400
219961
743044
170569
48841
839056
80089
276676
746496
389376
300304
458329
465124
674041
358801
414736
34225
514089
720801
620944
78400
342225
896809
894916
354025
123201
216225
216225
249001
121801
47961
123201
280900
714025
102400
178929
643204
15876
518400
474721
454276
966289
881721
35721
305809
228484
664225
646416
419904
567009
589824
459684
144400
85849
248004
41616
458329
881721
512656
790321
71289
423801
184900
648025
19044
225625
451584
426409
1000000
201601
844561
400689
261121
112896
104329
831744
700569
820836
390625
463761
762129
439569
14641
13225
756900
343396
167281
15625
23716
109561
217156
582169
87616
508369
384400
52441
32400
505521
343396
241081
942841
940900
165649
630436
185761
313600
583696
495616
408321
452929
168100
446224
376996
298116
576081
363609
117649
90000
328329
42849
136161
502681
842724
401956
462400
602176
111556
790321
769129
490000
435600
157609
217156
484416
732736
611524
235225
414736
592900
511225
488601
19321
978121
106276
285156
345744
360000
12321
968256
285156
964324
26244
79524
283024
115600
11449
651249
416025
366025
763876
290521
63001
379456
143641
743044
219024
561001
394384
236196
27889
927369
982081
10000
124609
547600
182329
891136
617796
223729
308025
95481
33124
499849
586756
30625
667489
519841
239121
956484
41209
599076
756900
246016
22201
367236
51529
51529
327184
266256
501264
720801
996004
591361
13456
826281
534361
59049
11025
206116
136161
63504
855625
74529
478864
767376
579121
293764
769129
273529
338724
187489
123201
908209
481636
117649
26896
974169
121801
616225
26244
280900
148225
275625
435600
229441
47524
202500
122500
384400
927369
18225
683929
712336
774400
804609
16641
190096
857476
998001
67600
412164
824464
828100
599076
243049
10404
459684
30976
54756
367236
379456
184900
285156
481636
253009
606841
641601
751689
37249
290521
978121
21025
719104
617796
32400
919681
868624
352836
734449
117649
592900
144400
114921
408321
39204
27556
784996
434281
833569
254016
595984
739600
602176
339889
84681
799236
315844
290521
101761
27225
185761
527076
361201
810000
80656
956484
221841
302500
434281
741321
736164
199809
177241
201601
788544
271441
746496
28224
18496
339889
160000
693889
15625
211600
81225
10201
710649
116281
68644
842724
483025
121801
367236
14400
158404
705600
508369
205209
599076
358801
308025
73984
31329
748225
237169
318096
10816
101761
328329
34596
47961
133225
98596
198916
97969
331776
134689
435600
585225
515524
103041
386884
145924
628849
267289
736164
98596
431649
242064
139876
103041
904401
258064
297025
207025
68121
323761
419904
101761
912025
692224
127449
121801
344569
42025
617796
268324
174724
56644
139876
156816
608400
469225
605284
17161
142884
476100
173056
116281
57121
670761
222784
933156
592900
39204
451584
422500
364816
715716
788544
241081
469225
26569
561001
695556
707281
877969
30625
350464
47524
573049
384400
42849
531441
1000000
316969
143641
76729
683929
705600
131044
702244
399424
152881
488601
148225
364816
638401
613089
758641
883600
215296
204304
96721
793881
525625
195364
330625
36864
495616
630436
77841
470596
131044
64516
106929
115600
146689
741321
104329
32761
210681
968256
638401
306916
491401
207936
304704
846400
106276
992016
157609
180625
93025
643204
592900
741321
300304
358801
450241
770884
824464
64516
235225
91809
292681
336400
116964
24025
465124
573049
251001
119716
494209
541696
737881
466489
399424
877969
53361
568516
933156
105625
33489
16641
11881
66049
118336
328329
628849
900601
315844
286225
103041
426409
304704
95481
933156
338724
734449
10404
173889
114921
20449
335241
592900
174724
534361
491401
617796
321489
935089
568516
18225
690561
962361
619369
230400
806404
55696
767376
289444
154449
470596
111556
248004
54756
628849
562500
844561
106276
142129
29241
31329
172225
996004
646416
729316
14884
588289
27225
25281
573049
280900
291600
379456
94249
467856
380689
937024
229441
108900
425104
314721
18769
447561
292681
393129
51984
148225
73441
14884
132496
133225
68644
205209
505521
702244
491401
386884
889249
455625
49729
896809
12544
887364
60025
64009
280900
804609
409600
594441
844561
68644
373321
205209
211600
128164
51529
21609
331776
273529
117649
212521
381924
147456
154449
355216
360000
982081
350464
695556
43681
874225
164836
36481
284089
136900
228484
22801
114921
167281
717409
480249
506944
844561
55696
88209
50176
21025
788544
765625
80089
616225
779689
25281
256036
76729
209764
28224
589824
71824
736164
602176
69696
12100
404496
301401
788544
802816
56169
84100
94249
141376
25281
15129
222784
14641
476100
758641
78400
190969
527076
301401
281961
19600
942841
894916
638401
501264
148996
34969
165649
483025
134689
75076
22500
935089
288369
446224
339889
543169
725904
720801
677329
42025
555025
59536
13225
178084
136161
438244
585225
438244
755161
24025
102400
505521
294849
31329
208849
770884
722500
162409
564001
828100
11664
28561
675684
204304
25281
289444
190969
940900
10816
230400
556516
12100
213444
476100
101761
260100
205209
466489
313600
18225
592900
133956
734449
502681
960400
514089
258064
244036
401956
125316
346921
407044
349281
55225
134689
672400
454276
833569
112896
586756
793881
680625
148996
544644
63001
954529
535824
611524
608400
173889
259081
529984
774400
942841
687241
96721
514089
844561
45369
283024
104976
109561
10609
33489
91809
11881
833569
900601
17424
801025
375769
776161
10816
68121
29241
11449
75076
570025
268324
669124
91809
200704
646416
597529
379456
499849
239121
835396
399424
232324
627264
840889
727609
223729
326041
273529
20164
617796
145161
652864
966289
776161
105625
788544
292681
168100
418609
12996
313600
644809
46225
40401
79524
43264
204304
379456
27556
40804
891136
667489
498436
38025
357604
48400
495616
12769
741321
467856
772641
616225
157609
648025
350464
51076
36481
946729
811801
514089
562500
66564
568516
781456
848241
998001
185761
67600
743044
157609
562500
727609
39204
327184
97344
164836
121801
425104
288369
443556
29584
191844
200704
669124
139129
160801
55225
56644
27889
32041
609961
561001
253009
501264
54289
974169
374544
657721
308025
349281
390625
978121
116964
978121
806404
128164
414736
881721
99225
521284
751689
840889
600625
485809
106276
688900
287296
43681
996004
354025
141376
784996
159201
527076
784996
96721
521284
917764
181476
91809
374544
238144
937024
784996
191844
438244
274576
605284
56169
826281
693889
175561
219024
75076
224676
186624
652864
541696
685584
215296
833569
11025
69169
942841
950625
481636
180625
611524
625681
243049
207025
224676
114244
199809
990025
50625
511225
30276
211600
73984
797449
277729
455625
327184
290521
917764
719104
44944
256036
89401
430336
425104
293764
308025
664225
136161
343396
585225
300304
255025
52900
318096
617796
725904
88804
665856
176400
14884
49729
51984
175561
962361
36864
388129
238144
312481
16641
281961
160000
456976
118336
59049
58564
685584
131769
674041
522729
16900
131044
1
8
27
64
125
216
343
512
729
1000
1331
1728
2197
2744
3375
4096
4913
5832
6859
8000
9261
10648
12167
13824
15625
17576
19683
21952
24389
27000
29791
32768
35937
39304
42875
46656
50653
54872
59319
64000
68921
74088
79507
85184
91125
97336
103823
110592
117649
125000
132651
140608
148877
157464
166375
175616
185193
195112
205379
216000
226981
238328
250047
262144
274625
287496
300763
314432
328509
343000
357911
373248
389017
405224
421875
438976
456533
474552
493039
512000
531441
551368
571787
592704
614125
636056
658503
681472
704969
729000
753571
778688
804357
830584
857375
884736
912673
941192
970299
1000000
1030301
1061208
1092727
1124864
1157625
1191016
1225043
1259712
1295029
1331000
1367631
1404928
1442897
1481544
1520875
1560896
1601613
1643032
1685159
1728000
1771561
1815848
1860867
1906624
1953125
2000376
2048383
2097152
2146689
2197000
2248091
2299968
2352637
2406104
2460375
2515456
2571353
2628072
2685619
2744000
2803221
2863288
2924207
2985984
3048625
3112136
3176523
3241792
3307949
3375000
3442951
3511808
3581577
3652264
3723875
3796416
3869893
3944312
4019679
4096000
4173281
4251528
4330747
4410944
4492125
4574296
4657463
4741632
4826809
4913000
5000211
5088448
5177717
5268024
5359375
5451776
5545233
5639752
5735339
5832000
5929741
6028568
6128487
6229504
6331625
6434856
6539203
6644672
6751269
6859000
6967871
7077888
7189057
7301384
7414875
7529536
7645373
7762392
7880599
8000000
8120601
8242408
8365427
8489664
8615125
8741816
8869743
8998912
9129329
9261000
9393931
9528128
9663597
9800344
9938375
10077696
10218313
10360232
10503459
10648000
10793861
10941048
11089567
11239424
11390625
11543176
11697083
11852352
12008989
12167000
12326391
12487168
12649337
12812904
12977875
13144256
13312053
13481272
13651919
13824000
13997521
14172488
14348907
14526784
14706125
14886936
15069223
15252992
15438249
15625000
15813251
16003008
16194277
16387064
16581375
16777216
16974593
17173512
17373979
17576000
17779581
17984728
18191447
18399744
18609625
18821096
19034163
19248832
19465109
19683000
19902511
20123648
20346417
20570824
20796875
21024576
21253933
21484952
21717639
21952000
22188041
22425768
22665187
22906304
23149125
23393656
23639903
23887872
24137569
24389000
24642171
24897088
25153757
25412184
25672375
25934336
26198073
26463592
26730899
27000000
27270901
27543608
27818127
28094464
28372625
28652616
28934443
29218112
29503629
29791000
30080231
30371328
30664297
30959144
31255875
31554496
31855013
32157432
32461759
32768000
33076161
33386248
33698267
34012224
34328125
34645976
34965783
35287552
35611289
35937000
36264691
36594368
36926037
37259704
37595375
37933056
38272753
38614472
38958219
39304000
39651821
40001688
40353607
40707584
41063625
41421736
41781923
42144192
42508549
42875000
43243551
43614208
43986977
44361864
44738875
45118016
45499293
45882712
46268279
46656000
47045881
47437928
47832147
48228544
48627125
49027896
49430863
49836032
50243409
50653000
51064811
51478848
51895117
52313624
52734375
53157376
53582633
54010152
54439939
54872000
55306341
55742968
56181887
56623104
57066625
57512456
57960603
58411072
58863869
59319000
59776471
60236288
60698457
61162984
61629875
62099136
62570773
63044792
63521199
64000000
64481201
64964808
65450827
65939264
66430125
66923416
67419143
67917312
68417929
68921000
69426531
69934528
70444997
70957944
71473375
71991296
72511713
73034632
73560059
74088000
74618461
75151448
75686967
76225024
76765625
77308776
77854483
78402752
78953589
79507000
80062991
80621568
81182737
81746504
82312875
82881856
83453453
84027672
84604519
85184000
85766121
86350888
86938307
87528384
88121125
88716536
89314623
89915392
90518849
91125000
91733851
92345408
92959677
93576664
94196375
94818816
95443993
96071912
96702579
97336000
97972181
98611128
99252847
99897344
100544625
101194696
101847563
102503232
103161709
103823000
104487111
105154048
105823817
106496424
107171875
107850176
108531333
109215352
109902239
110592000
111284641
111980168
112678587
113379904
114084125
114791256
115501303
116214272
116930169
117649000
118370771
119095488
119823157
120553784
121287375
122023936
122763473
123505992
124251499
125000000
125751501
126506008
127263527
128024064
128787625
129554216
130323843
131096512
131872229
132651000
133432831
134217728
135005697
135796744
136590875
137388096
138188413
138991832
139798359
140608000
141420761
142236648
143055667
143877824
144703125
145531576
146363183
147197952
148035889
148877000
149721291
150568768
151419437
152273304
153130375
153990656
154854153
155720872
156590819
157464000
158340421
159220088
160103007
160989184
161878625
162771336
163667323
164566592
165469149
166375000
167284151
168196608
169112377
170031464
170953875
171879616
172808693
173741112
174676879
175616000
176558481
177504328
178453547
179406144
180362125
181321496
182284263
183250432
184220009
185193000
186169411
187149248
188132517
189119224
190109375
191102976
192100033
193100552
194104539
195112000
196122941
197137368
198155287
199176704
200201625
201230056
202262003
203297472
204336469
205379000
206425071
207474688
208527857
209584584
210644875
211708736
212776173
213847192
214921799
216000000
217081801
218167208
219256227
220348864
221445125
222545016
223648543
224755712
225866529
226981000
228099131
229220928
230346397
231475544
232608375
233744896
234885113
236029032
237176659
238328000
239483061
240641848
241804367
242970624
244140625
245314376
246491883
247673152
248858189
250047000
251239591
252435968
253636137
254840104
256047875
257259456
258474853
259694072
260917119
262144000
263374721
264609288
265847707
267089984
268336125
269586136
270840023
272097792
273359449
274625000
275894451
277167808
278445077
279726264
281011375
282300416
283593393
284890312
286191179
287496000
288804781
290117528
291434247
292754944
294079625
295408296
296740963
298077632
299418309
300763000
302111711
303464448
304821217
306182024
307546875
308915776
310288733
311665752
313046839
314432000
315821241
317214568
318611987
320013504
321419125
322828856
324242703
325660672
327082769
328509000
329939371
331373888
332812557
334255384
335702375
337153536
338608873
340068392
341532099
343000000
344472101
345948408
347428927
348913664
350402625
351895816
353393243
354894912
356400829
357911000
359425431
360944128
362467097
363994344
365525875
367061696
368601813
370146232
371694959
373248000
374805361
376367048
377933067
379503424
381078125
382657176
384240583
385828352
387420489
389017000
390617891
392223168
393832837
395446904
397065375
398688256
400315553
401947272
403583419
405224000
406869021
408518488
410172407
411830784
413493625
415160936
416832723
418508992
420189749
421875000
423564751
425259008
426957777
428661064
430368875
432081216
433798093
435519512
437245479
438976000
440711081
442450728
444194947
445943744
447697125
449455096
451217663
452984832
454756609
456533000
458314011
460099648
461889917
463684824
465484375
467288576
469097433
470910952
472729139
474552000
476379541
478211768
480048687
481890304
483736625
485587656
487443403
489303872
491169069
493039000
494913671
496793088
498677257
500566184
502459875
504358336
506261573
508169592
510082399
512000000
513922401
515849608
517781627
519718464
521660125
523606616
525557943
527514112
529475129
531441000
533411731
535387328
537367797
539353144
541343375
543338496
545338513
547343432
549353259
551368000
553387661
555412248
557441767
559476224
561515625
563559976
565609283
567663552
569722789
571787000
573856191
575930368
578009537
580093704
582182875
584277056
586376253
588480472
590589719
592704000
594823321
596947688
599077107
601211584
603351125
605495736
607645423
609800192
611960049
614125000
616295051
618470208
620650477
622835864
625026375
627222016
629422793
631628712
633839779
636056000
638277381
640503928
642735647
644972544
647214625
649461896
651714363
653972032
656234909
658503000
660776311
663054848
665338617
667627624
669921875
672221376
674526133
676836152
679151439
681472000
683797841
686128968
688465387
690807104
693154125
695506456
697864103
700227072
702595369
704969000
707347971
709732288
712121957
714516984
716917375
719323136
721734273
724150792
726572699
729000000
731432701
733870808
736314327
738763264
741217625
743677416
746142643
748613312
751089429
753571000
756058031
758550528
761048497
763551944
766060875
768575296
771095213
773620632
776151559
778688000
781229961
783777448
786330467
788889024
791453125
794022776
796597983
799178752
801765089
804357000
806954491
809557568
812166237
814780504
817400375
820025856
822656953
825293672
827936019
830584000
833237621
835896888
838561807
841232384
843908625
846590536
849278123
851971392
854670349
857375000
860085351
862801408
865523177
868250664
870983875
873722816
876467493
879217912
881974079
884736000
887503681
890277128
893056347
895841344
898632125
901428696
904231063
907039232
909853209
912673000
915498611
918330048
921167317
924010424
926859375
929714176
932574833
935441352
938313739
941192000
944076141
946966168
949862087
952763904
955671625
958585256
961504803
964430272
967361669
970299000
973242271
976191488
979146657
982107784
985074875
988047936
991026973
994011992
997002999
1000000000
1003003001
1006012008
1009027027
1012048064
1015075125
1018108216
1021147343
1024192512
1027243729
1030301000
1033364331
1036433728
1039509197
1042590744
1045678375
1048772096
1051871913
1054977832
1058089859
1061208000
1064332261
1067462648
1070599167
1073741824
1076890625
1080045576
1083206683
1086373952
1089547389
1092727000
1095912791
1099104768
1102302937
1105507304
1108717875
1111934656
1115157653
1118386872
1121622319
1124864000
1128111921
1131366088
1134626507
1137893184
1141166125
1144445336
1147730823
1151022592
1154320649
1157625000
1160935651
1164252608
1167575877
1170905464
1174241375
1177583616
1180932193
1184287112
1187648379
1191016000
1194389981
1197770328
1201157047
1204550144
1207949625
1211355496
1214767763
1218186432
1221611509
1225043000
1228480911
1231925248
1235376017
1238833224
1242296875
1245766976
1249243533
1252726552
1256216039
1259712000
1263214441
1266723368
1270238787
1273760704
1277289125
1280824056
1284365503
1287913472
1291467969
1295029000
1298596571
1302170688
1305751357
1309338584
1312932375
1316532736
1320139673
1323753192
1327373299
1331000000
1334633301
1338273208
1341919727
1345572864
1349232625
1352899016
1356572043
1360251712
1363938029
1367631000
1371330631
1375036928
1378749897
1382469544
1386195875
1389928896
1393668613
1397415032
1401168159
1404928000
1408694561
1412467848
1416247867
1420034624
1423828125
1427628376
1431435383
1435249152
1439069689
1442897000
1446731091
1450571968
1454419637
1458274104
1462135375
1466003456
1469878353
1473760072
1477648619
1481544000
1485446221
1489355288
1493271207
1497193984
1501123625
1505060136
1509003523
1512953792
1516910949
1520875000
1524845951
1528823808
1532808577
1536800264
1540798875
1544804416
1548816893
1552836312
1556862679
1560896000
1564936281
1568983528
1573037747
1577098944
1581167125
1585242296
1589324463
1593413632
1597509809
1601613000
1605723211
1609840448
1613964717
1618096024
1622234375
1626379776
1630532233
1634691752
1638858339
1643032000
1647212741
1651400568
1655595487
1659797504
1664006625
1668222856
1672446203
1676676672
1680914269
1685159000
1689410871
1693669888
1697936057
1702209384
1706489875
1710777536
1715072373
1719374392
1723683599
1728000000
1732323601
1736654408
1740992427
1745337664
1749690125
1754049816
1758416743
1762790912
1767172329
1771561000
1775956931
1780360128
1784770597
1789188344
1793613375
1798045696
1802485313
1806932232
1811386459
1815848000
1820316861
1824793048
1829276567
1833767424
1838265625
1842771176
1847284083
1851804352
1856331989
1860867000
1865409391
1869959168
1874516337
1879080904
1883652875
1888232256
1892819053
1897413272
1902014919
1906624000
1911240521
1915864488
1920495907
1925134784
1929781125
1934434936
1939096223
1943764992
1948441249
1953125000
1957816251
1962515008
1967221277
1971935064
1976656375
1981385216
1986121593
1990865512
1995616979
2000376000
2005142581
2009916728
2014698447
2019487744
2024284625
2029089096
2033901163
2038720832
2043548109
2048383000
2053225511
2058075648
2062933417
2067798824
2072671875
2077552576
2082440933
2087336952
2092240639
2097152000
2102071041
2106997768
2111932187
2116874304
2121824125
2126781656
2131746903
2136719872
2141700569
2146689000
2151685171
2156689088
2161700757
2166720184
2171747375
2176782336
2181825073
2186875592
2191933899
2197000000
2202073901
2207155608
2212245127
2217342464
2222447625
2227560616
2232681443
2237810112
2242946629
2248091000
2253243231
2258403328
2263571297
2268747144
2273930875
2279122496
2284322013
2289529432
2294744759
2299968000
2305199161
2310438248
2315685267
2320940224
2326203125
2331473976
2336752783
2342039552
2347334289
2352637000
2357947691
2363266368
2368593037
2373927704
2379270375
2384621056
2389979753
2395346472
2400721219
2406104000
2411494821
2416893688
2422300607
2427715584
2433138625
2438569736
2444008923
2449456192
2454911549
2460375000
2465846551
2471326208
2476813977
2482309864
2487813875
2493326016
2498846293
2504374712
2509911279
2515456000
2521008881
2526569928
2532139147
2537716544
2543302125
2548895896
2554497863
2560108032
2565726409
2571353000
2576987811
2582630848
2588282117
2593941624
2599609375
2605285376
2610969633
2616662152
2622362939
2628072000
2633789341
2639514968
2645248887
2650991104
2656741625
2662500456
2668267603
2674043072
2679826869
2685619000
2691419471
2697228288
2703045457
2708870984
2714704875
2720547136
2726397773
2732256792
2738124199
2744000000
2749884201
2755776808
2761677827
2767587264
2773505125
2779431416
2785366143
2791309312
2797260929
2803221000
2809189531
2815166528
2821151997
2827145944
2833148375
2839159296
2845178713
2851206632
2857243059
2863288000
2869341461
2875403448
2881473967
2887553024
2893640625
2899736776
2905841483
2911954752
2918076589
2924207000
2930345991
2936493568
2942649737
2948814504
2954987875
2961169856
2967360453
2973559672
2979767519
2985984000
2992209121
2998442888
3004685307
3010936384
3017196125
3023464536
3029741623
3036027392
3042321849
3048625000
3054936851
3061257408
3067586677
3073924664
3080271375
3086626816
3092990993
3099363912
3105745579
3112136000
3118535181
3124943128
3131359847
3137785344
3144219625
3150662696
3157114563
3163575232
3170044709
3176523000
3183010111
3189506048
3196010817
3202524424
3209046875
3215578176
3222118333
3228667352
3235225239
3241792000
3248367641
3254952168
3261545587
3268147904
3274759125
3281379256
3288008303
3294646272
3301293169
3307949000
3314613771
3321287488
3327970157
3334661784
3341362375
3348071936
3354790473
3361517992
3368254499
3375000000
3381754501
3388518008
3395290527
3402072064
3408862625
3415662216
3422470843
3429288512
3436115229
3442951000
3449795831
3456649728
3463512697
3470384744
3477265875
3484156096
3491055413
3497963832
3504881359
3511808000
3518743761
3525688648
3532642667
3539605824
3546578125
3553559576
3560550183
3567549952
3574558889
3581577000
3588604291
3595640768
3602686437
3609741304
3616805375
3623878656
3630961153
3638052872
3645153819
3652264000
3659383421
3666512088
3673650007
3680797184
3687953625
3695119336
3702294323
3709478592
3716672149
3723875000
3731087151
3738308608
3745539377
3752779464
3760028875
3767287616
3774555693
3781833112
3789119879
3796416000
3803721481
3811036328
3818360547
3825694144
3833037125
3840389496
3847751263
3855122432
3862503009
3869893000
3877292411
3884701248
3892119517
3899547224
3906984375
3914430976
3921887033
3929352552
3936827539
3944312000
3951805941
3959309368
3966822287
3974344704
3981876625
3989418056
3996969003
4004529472
4012099469
4019679000
4027268071
4034866688
4042474857
4050092584
4057719875
4065356736
4073003173
4080659192
4088324799
4096000000
4103684801
4111379208
4119083227
4126796864
4134520125
4142253016
4149995543
4157747712
4165509529
4173281000
4181062131
4188852928
4196653397
4204463544
4212283375
4220112896
4227952113
4235801032
4243659659
4251528000
4259406061
4267293848
4275191367
4283098624
4291015625
4298942376
4306878883
4314825152
4322781189
4330747000
4338722591
4346707968
4354703137
4362708104
4370722875
4378747456
4386781853
4394826072
4402880119
4410944000
4419017721
4427101288
4435194707
4443297984
4451411125
4459534136
4467667023
4475809792
4483962449
4492125000
4500297451
4508479808
4516672077
4524874264
4533086375
4541308416
4549540393
4557782312
4566034179
4574296000
4582567781
4590849528
4599141247
4607442944
4615754625
4624076296
4632407963
4640749632
4649101309
4657463000
4665834711
4674216448
4682608217
4691010024
4699421875
4707843776
4716275733
4724717752
4733169839
4741632000
4750104241
4758586568
4767078987
4775581504
4784094125
4792616856
4801149703
4809692672
4818245769
4826809000
4835382371
4843965888
4852559557
4861163384
4869777375
4878401536
4887035873
4895680392
4904335099
4913000000
4921675101
4930360408
4939055927
4947761664
4956477625
4965203816
4973940243
4982686912
4991443829
5000211000
5008988431
5017776128
5026574097
5035382344
5044200875
5053029696
5061868813
5070718232
5079577959
5088448000
5097328361
5106219048
5115120067
5124031424
5132953125
5141885176
5150827583
5159780352
5168743489
5177717000
5186700891
5195695168
5204699837
5213714904
5222740375
5231776256
5240822553
5249879272
5258946419
5268024000
5277112021
5286210488
5295319407
5304438784
5313568625
5322708936
5331859723
5341020992
5350192749
5359375000
5368567751
5377771008
5386984777
5396209064
5405443875
5414689216
5423945093
5433211512
5442488479
5451776000
5461074081
5470382728
5479701947
5489031744
5498372125
5507723096
5517084663
5526456832
5535839609
5545233000
5554637011
5564051648
5573476917
5582912824
5592359375
5601816576
5611284433
5620762952
5630252139
5639752000
5649262541
5658783768
5668315687
5677858304
5687411625
5696975656
5706550403
5716135872
5725732069
5735339000
5744956671
5754585088
5764224257
5773874184
5783534875
5793206336
5802888573
5812581592
5822285399
5832000000
5841725401
5851461608
5861208627
5870966464
5880735125
5890514616
5900304943
5910106112
5919918129
5929741000
5939574731
5949419328
5959274797
5969141144
5979018375
5988906496
5998805513
6008715432
6018636259
6028568000
6038510661
6048464248
6058428767
6068404224
6078390625
6088387976
6098396283
6108415552
6118445789
6128487000
6138539191
6148602368
6158676537
6168761704
6178857875
6188965056
6199083253
6209212472
6219352719
6229504000
6239666321
6249839688
6260024107
6270219584
6280426125
6290643736
6300872423
6311112192
6321363049
6331625000
6341898051
6352182208
6362477477
6372783864
6383101375
6393430016
6403769793
6414120712
6424482779
6434856000
6445240381
6455635928
6466042647
6476460544
6486889625
6497329896
6507781363
6518244032
6528717909
6539203000
6549699311
6560206848
6570725617
6581255624
6591796875
6602349376
6612913133
6623488152
6634074439
6644672000
6655280841
6665900968
6676532387
6687175104
6697829125
6708494456
6719171103
6729859072
6740558369
6751269000
6761990971
6772724288
6783468957
6794224984
6804992375
6815771136
6826561273
6837362792
6848175699
6859000000
6869835701
6880682808
6891541327
6902411264
6913292625
6924185416
6935089643
6946005312
6956932429
6967871000
6978821031
6989782528
7000755497
7011739944
7022735875
7033743296
7044762213
7055792632
7066834559
7077888000
7088952961
7100029448
7111117467
7122217024
7133328125
7144450776
7155584983
7166730752
7177888089
7189057000
7200237491
7211429568
7222633237
7233848504
7245075375
7256313856
7267563953
7278825672
7290099019
7301384000
7312680621
7323988888
7335308807
7346640384
7357983625
7369338536
7380705123
7392083392
7403473349
7414875000
7426288351
7437713408
7449150177
7460598664
7472058875
7483530816
7495014493
7506509912
7518017079
7529536000
7541066681
7552609128
7564163347
7575729344
7587307125
7598896696
7610498063
7622111232
7633736209
7645373000
7657021611
7668682048
7680354317
7692038424
7703734375
7715442176
7727161833
7738893352
7750636739
7762392000
7774159141
7785938168
7797729087
7809531904
7821346625
7833173256
7845011803
7856862272
7868724669
7880599000
7892485271
7904383488
7916293657
7928215784
7940149875
7952095936
7964053973
7976023992
7988005999
8000000000
8012006001
8024024008
8036054027
8048096064
8060150125
8072216216
8084294343
8096384512
8108486729
8120601000
8132727331
8144865728
8157016197
8169178744
8181353375
8193540096
8205738913
8217949832
8230172859
8242408000
8254655261
8266914648
8279186167
8291469824
8303765625
8316073576
8328393683
8340725952
8353070389
8365427000
8377795791
8390176768
8402569937
8414975304
8427392875
8439822656
8452264653
8464718872
8477185319
8489664000
8502154921
8514658088
8527173507
8539701184
8552241125
8564793336
8577357823
8589934592
8602523649
8615125000
8627738651
8640364608
8653002877
8665653464
8678316375
8690991616
8703679193
8716379112
8729091379
8741816000
8754552981
8767302328
8780064047
8792838144
8805624625
8818423496
8831234763
8844058432
8856894509
8869743000
8882603911
8895477248
8908363017
8921261224
8934171875
8947094976
8960030533
8972978552
8985939039
8998912000
9011897441
9024895368
9037905787
9050928704
9063964125
9077012056
9090072503
9103145472
9116230969
9129329000
9142439571
9155562688
9168698357
9181846584
9195007375
9208180736
9221366673
9234565192
9247776299
9261000000
9274236301
9287485208
9300746727
9314020864
9327307625
9340607016
9353919043
9367243712
9380581029
9393931000
9407293631
9420668928
9434056897
9447457544
9460870875
9474296896
9487735613
9501187032
9514651159
9528128000
9541617561
9555119848
9568634867
9582162624
9595703125
9609256376
9622822383
9636401152
9649992689
9663597000
9677214091
9690843968
9704486637
9718142104
9731810375
9745491456
9759185353
9772892072
9786611619
9800344000
9814089221
9827847288
9841618207
9855401984
9869198625
9883008136
9896830523
9910665792
9924513949
9938375000
9952248951
9966135808
9980035577
9993948264
10007873875
10021812416
10035763893
10049728312
10063705679
10077696000
10091699281
10105715528
10119744747
10133786944
10147842125
10161910296
10175991463
10190085632
10204192809
10218313000
10232446211
10246592448
10260751717
10274924024
10289109375
10303307776
10317519233
10331743752
10345981339
10360232000
10374495741
10388772568
10403062487
10417365504
10431681625
10446010856
10460353203
10474708672
10489077269
10503459000
10517853871
10532261888
10546683057
10561117384
10575564875
10590025536
10604499373
10618986392
10633486599
10648000000
10662526601
10677066408
10691619427
10706185664
10720765125
10735357816
10749963743
10764582912
10779215329
10793861000
10808519931
10823192128
10837877597
10852576344
10867288375
10882013696
10896752313
10911504232
10926269459
10941048000
10955839861
10970645048
10985463567
11000295424
11015140625
11029999176
11044871083
11059756352
11074654989
11089567000
11104492391
11119431168
11134383337
11149348904
11164327875
11179320256
11194326053
11209345272
11224377919
11239424000
11254483521
11269556488
11284642907
11299742784
11314856125
11329982936
11345123223
11360276992
11375444249
11390625000
11405819251
11421027008
11436248277
11451483064
11466731375
11481993216
11497268593
11512557512
11527859979
11543176000
11558505581
11573848728
11589205447
11604575744
11619959625
11635357096
11650768163
11666192832
11681631109
11697083000
11712548511
11728027648
11743520417
11759026824
11774546875
11790080576
11805627933
11821188952
11836763639
11852352000
11867954041
11883569768
11899199187
11914842304
11930499125
11946169656
11961853903
11977551872
11993263569
12008989000
12024728171
12040481088
12056247757
12072028184
12087822375
12103630336
12119452073
12135287592
12151136899
12167000000
12182876901
12198767608
12214672127
12230590464
12246522625
12262468616
12278428443
12294402112
12310389629
12326391000
12342406231
12358435328
12374478297
12390535144
12406605875
12422690496
12438789013
12454901432
12471027759
12487168000
12503322161
12519490248
12535672267
12551868224
12568078125
12584301976
12600539783
12616791552
12633057289
12649337000
12665630691
12681938368
12698260037
12714595704
12730945375
12747309056
12763686753
12780078472
12796484219
12812904000
12829337821
12845785688
12862247607
12878723584
12895213625
12911717736
12928235923
12944768192
12961314549
12977875000
12994449551
13011038208
13027640977
13044257864
13060888875
13077534016
13094193293
13110866712
13127554279
13144256000
13160971881
13177701928
13194446147
13211204544
13227977125
13244763896
13261564863
13278380032
13295209409
13312053000
13328910811
13345782848
13362669117
13379569624
13396484375
13413413376
13430356633
13447314152
13464285939
13481272000
13498272341
13515286968
13532315887
13549359104
13566416625
13583488456
13600574603
13617675072
13634789869
13651919000
13669062471
13686220288
13703392457
13720578984
13737779875
13754995136
13772224773
13789468792
13806727199
13824000000
13841287201
13858588808
13875904827
13893235264
13910580125
13927939416
13945313143
13962701312
13980103929
13997521000
14014952531
14032398528
14049858997
14067333944
14084823375
14102327296
14119845713
14137378632
14154926059
14172488000
14190064461
14207655448
14225260967
14242881024
14260515625
14278164776
14295828483
14313506752
14331199589
14348907000
14366628991
14384365568
14402116737
14419882504
14437662875
14455457856
14473267453
14491091672
14508930519
14526784000
14544652121
14562534888
14580432307
14598344384
14616271125
14634212536
14652168623
14670139392
14688124849
14706125000
14724139851
14742169408
14760213677
14778272664
14796346375
14814434816
14832537993
14850655912
14868788579
14886936000
14905098181
14923275128
14941466847
14959673344
14977894625
14996130696
15014381563
15032647232
15050927709
15069223000
15087533111
15105858048
15124197817
15142552424
15160921875
15179306176
15197705333
15216119352
15234548239
15252992000
15271450641
15289924168
15308412587
15326915904
15345434125
15363967256
15382515303
15401078272
15419656169
15438249000
15456856771
15475479488
15494117157
15512769784
15531437375
15550119936
15568817473
15587529992
15606257499
15625000000
15643757501
15662530008
15681317527
15700120064
15718937625
15737770216
15756617843
15775480512
15794358229
15813251000
15832158831
15851081728
15870019697
15888972744
15907940875
15926924096
15945922413
15964935832
15983964359
16003008000
16022066761
16041140648
16060229667
16079333824
16098453125
16117587576
16136737183
16155901952
16175081889
16194277000
16213487291
16232712768
16251953437
16271209304
16290480375
16309766656
16329068153
16348384872
16367716819
16387064000
16406426421
16425804088
16445197007
16464605184
16484028625
16503467336
16522921323
16542390592
16561875149
16581375000
16600890151
16620420608
16639966377
16659527464
16679103875
16698695616
16718302693
16737925112
16757562879
16777216000
16796884481
16816568328
16836267547
16855982144
16875712125
16895457496
16915218263
16934994432
16954786009
16974593000
16994415411
17014253248
17034106517
17053975224
17073859375
17093758976
17113674033
17133604552
17153550539
17173512000
17193488941
17213481368
17233489287
17253512704
17273551625
17293606056
17313676003
17333761472
17353862469
17373979000
17394111071
17414258688
17434421857
17454600584
17474794875
17495004736
17515230173
17535471192
17555727799
17576000000
17596287801
17616591208
17636910227
17657244864
17677595125
17697961016
17718342543
17738739712
17759152529
17779581000
17800025131
17820484928
17840960397
17861451544
17881958375
17902480896
17923019113
17943573032
17964142659
17984728000
18005329061
18025945848
18046578367
18067226624
18087890625
18108570376
18129265883
18149977152
18170704189
18191447000
18212205591
18232979968
18253770137
18274576104
18295397875
18316235456
18337088853
18357958072
18378843119
18399744000
18420660721
18441593288
18462541707
18483505984
18504486125
18525482136
18546494023
18567521792
18588565449
18609625000
18630700451
18651791808
18672899077
18694022264
18715161375
18736316416
18757487393
18778674312
18799877179
18821096000
18842330781
18863581528
18884848247
18906130944
18927429625
18948744296
18970074963
18991421632
19012784309
19034163000
19055557711
19076968448
19098395217
19119838024
19141296875
19162771776
19184262733
19205769752
19227292839
19248832000
19270387241
19291958568
19313545987
19335149504
19356769125
19378404856
19400056703
19421724672
19443408769
19465109000
19486825371
19508557888
19530306557
19552071384
19573852375
19595649536
19617462873
19639292392
19661138099
19683000000
19704878101
19726772408
19748682927
19770609664
19792552625
19814511816
19836487243
19858478912
19880486829
19902511000
19924551431
19946608128
19968681097
19990770344
20012875875
20034997696
20057135813
20079290232
20101460959
20123648000
20145851361
20168071048
20190307067
20212559424
20234828125
20257113176
20279414583
20301732352
20324066489
20346417000
20368783891
20391167168
20413566837
20435982904
20458415375
20480864256
20503329553
20525811272
20548309419
20570824000
20593355021
20615902488
20638466407
20661046784
20683643625
20706256936
20728886723
20751532992
20774195749
20796875000
20819570751
20842283008
20865011777
20887757064
20910518875
20933297216
20956092093
20978903512
21001731479
21024576000
21047437081
21070314728
21093208947
21116119744
21139047125
21161991096
21184951663
21207928832
21230922609
21253933000
21276960011
21300003648
21323063917
21346140824
21369234375
21392344576
21415471433
21438614952
21461775139
21484952000
21508145541
21531355768
21554582687
21577826304
21601086625
21624363656
21647657403
21670967872
21694295069
21717639000
21740999671
21764377088
21787771257
21811182184
21834609875
21858054336
21881515573
21904993592
21928488399
21952000000
21975528401
21999073608
22022635627
22046214464
22069810125
22093422616
22117051943
22140698112
22164361129
22188041000
22211737731
22235451328
22259181797
22282929144
22306693375
22330474496
22354272513
22378087432
22401919259
22425768000
22449633661
22473516248
22497415767
22521332224
22545265625
22569215976
22593183283
22617167552
22641168789
22665187000
22689222191
22713274368
22737343537
22761429704
22785532875
22809653056
22833790253
22857944472
22882115719
22906304000
22930509321
22954731688
22978971107
23003227584
23027501125
23051791736
23076099423
23100424192
23124766049
23149125000
23173501051
23197894208
23222304477
23246731864
23271176375
23295638016
23320116793
23344612712
23369125779
23393656000
23418203381
23442767928
23467349647
23491948544
23516564625
23541197896
23565848363
23590516032
23615200909
23639903000
23664622311
23689358848
23714112617
23738883624
23763671875
23788477376
23813300133
23838140152
23862997439
23887872000
23912763841
23937672968
23962599387
23987543104
24012504125
24037482456
24062478103
24087491072
24112521369
24137569000
24162633971
24187716288
24212815957
24237932984
24263067375
24288219136
24313388273
24338574792
24363778699
24389000000
24414238701
24439494808
24464768327
24490059264
24515367625
24540693416
24566036643
24591397312
24616775429
24642171000
24667584031
24693014528
24718462497
24743927944
24769410875
24794911296
24820429213
24845964632
24871517559
24897088000
24922675961
24948281448
24973904467
24999545024
25025203125
25050878776
25076571983
25102282752
25128011089
25153757000
25179520491
25205301568
25231100237
25256916504
25282750375
25308601856
25334470953
25360357672
25386262019
25412184000
25438123621
25464080888
25490055807
25516048384
25542058625
25568086536
25594132123
25620195392
25646276349
25672375000
25698491351
25724625408
25750777177
25776946664
25803133875
25829338816
25855561493
25881801912
25908060079
25934336000
25960629681
25986941128
26013270347
26039617344
26065982125
26092364696
26118765063
26145183232
26171619209
26198073000
26224544611
26251034048
26277541317
26304066424
26330609375
26357170176
26383748833
26410345352
26436959739
26463592000
26490242141
26516910168
26543596087
26570299904
26597021625
26623761256
26650518803
26677294272
26704087669
26730899000
26757728271
26784575488
26811440657
26838323784
26865224875
26892143936
26919080973
26946035992
26973008999
27000000000
27027009001
27054036008
27081081027
27108144064
27135225125
27162324216
27189441343
27216576512
27243729729
27270901000
27298090331
27325297728
27352523197
27379766744
27407028375
27434308096
27461605913
27488921832
27516255859
27543608000
27570978261
27598366648
27625773167
27653197824
27680640625
27708101576
27735580683
27763077952
27790593389
27818127000
27845678791
27873248768
27900836937
27928443304
27956067875
27983710656
28011371653
28039050872
28066748319
28094464000
28122197921
28149950088
28177720507
28205509184
28233316125
28261141336
28288984823
28316846592
28344726649
28372625000
28400541651
28428476608
28456429877
28484401464
28512391375
28540399616
28568426193
28596471112
28624534379
28652616000
28680715981
28708834328
28736971047
28765126144
28793299625
28821491496
28849701763
28877930432
28906177509
28934443000
28962726911
28991029248
29019350017
29047689224
29076046875
29104422976
29132817533
29161230552
29189662039
29218112000
29246580441
29275067368
29303572787
29332096704
29360639125
29389200056
29417779503
29446377472
29474993969
29503629000
29532282571
29560954688
29589645357
29618354584
29647082375
29675828736
29704593673
29733377192
29762179299
29791000000
29819839301
29848697208
29877573727
29906468864
29935382625
29964315016
29993266043
30022235712
30051224029
30080231000
30109256631
30138300928
30167363897
30196445544
30225545875
30254664896
30283802613
30312959032
30342134159
30371328000
30400540561
30429771848
30459021867
30488290624
30517578125
30546884376
30576209383
30605553152
30634915689
30664297000
30693697091
30723115968
30752553637
30782010104
30811485375
30840979456
30870492353
30900024072
30929574619
30959144000
30988732221
31018339288
31047965207
31077609984
31107273625
31136956136
31166657523
31196377792
31226116949
31255875000
31285651951
31315447808
31345262577
31375096264
31404948875
31434820416
31464710893
31494620312
31524548679
31554496000
31584462281
31614447528
31644451747
31674474944
31704517125
31734578296
31764658463
31794757632
31824875809
31855013000
31885169211
31915344448
31945538717
31975752024
32005984375
32036235776
32066506233
32096795752
32127104339
32157432000
32187778741
32218144568
32248529487
32278933504
32309356625
32339798856
32370260203
32400740672
32431240269
32461759000
32492296871
32522853888
32553430057
32584025384
32614639875
32645273536
32675926373
32706598392
32737289599
32768000000
32798729601
32829478408
32860246427
32891033664
32921840125
32952665816
32983510743
33014374912
33045258329
33076161000
33107082931
33138024128
33168984597
33199964344
33230963375
33261981696
33293019313
33324076232
33355152459
33386248000
33417362861
33448497048
33479650567
33510823424
33542015625
33573227176
33604458083
33635708352
33666977989
33698267000
33729575391
33760903168
33792250337
33823616904
33855002875
33886408256
33917833053
33949277272
33980740919
34012224000
34043726521
34075248488
34106789907
34138350784
34169931125
34201530936
34233150223
34264788992
34296447249
34328125000
34359822251
34391539008
34423275277
34455031064
34486806375
34518601216
34550415593
34582249512
34614102979
34645976000
34677868581
34709780728
34741712447
34773663744
34805634625
34837625096
34869635163
34901664832
34933714109
34965783000
34997871511
35029979648
35062107417
35094254824
35126421875
35158608576
35190814933
35223040952
35255286639
35287552000
35319837041
35352141768
35384466187
35416810304
35449174125
35481557656
35513960903
35546383872
35578826569
35611289000
35643771171
35676273088
35708794757
35741336184
35773897375
35806478336
35839079073
35871699592
35904339899
35937000000
35969679901
36002379608
36035099127
36067838464
36100597625
36133376616
36166175443
36198994112
36231832629
36264691000
36297569231
36330467328
36363385297
36396323144
36429280875
36462258496
36495256013
36528273432
36561310759
36594368000
36627445161
36660542248
36693659267
36726796224
36759953125
36793129976
36826326783
36859543552
36892780289
36926037000
36959313691
36992610368
37025927037
37059263704
37092620375
37125997056
37159393753
37192810472
37226247219
37259704000
37293180821
37326677688
37360194607
37393731584
37427288625
37460865736
37494462923
37528080192
37561717549
37595375000
37629052551
37662750208
37696467977
37730205864
37763963875
37797742016
37831540293
37865358712
37899197279
37933056000
37966934881
38000833928
38034753147
38068692544
38102652125
38136631896
38170631863
38204652032
38238692409
38272753000
38306833811
38340934848
38375056117
38409197624
38443359375
38477541376
38511743633
38545966152
38580208939
38614472000
38648755341
38683058968
38717382887
38751727104
38786091625
38820476456
38854881603
38889307072
38923752869
38958219000
38992705471
39027212288
39061739457
39096286984
39130854875
39165443136
39200051773
39234680792
39269330199
39304000000
39338690201
39373400808
39408131827
39442883264
39477655125
39512447416
39547260143
39582093312
39616946929
39651821000
39686715531
39721630528
39756565997
39791521944
39826498375
39861495296
39896512713
39931550632
39966609059
40001688000
40036787461
40071907448
40107047967
40142209024
40177390625
40212592776
40247815483
40283058752
40318322589
40353607000
40388911991
40424237568
40459583737
40494950504
40530337875
40565745856
40601174453
40636623672
40672093519
40707584000
40743095121
40778626888
40814179307
40849752384
40885346125
40920960536
40956595623
40992251392
41027927849
41063625000
41099342851
41135081408
41170840677
41206620664
41242421375
41278242816
41314084993
41349947912
41385831579
41421736000
41457661181
41493607128
41529573847
41565561344
41601569625
41637598696
41673648563
41709719232
41745810709
41781923000
41818056111
41854210048
41890384817
41926580424
41962796875
41999034176
42035292333
42071571352
42107871239
42144192000
42180533641
42216896168
42253279587
42289683904
42326109125
42362555256
42399022303
42435510272
42472019169
42508549000
42545099771
42581671488
42618264157
42654877784
42691512375
42728167936
42764844473
42801541992
42838260499
42875000000
42911760501
42948542008
42985344527
43022168064
43059012625
43095878216
43132764843
43169672512
43206601229
43243551000
43280521831
43317513728
43354526697
43391560744
43428615875
43465692096
43502789413
43539907832
43577047359
43614208000
43651389761
43688592648
43725816667
43763061824
43800328125
43837615576
43874924183
43912253952
43949604889
43986977000
44024370291
44061784768
44099220437
44136677304
44174155375
44211654656
44249175153
44286716872
44324279819
44361864000
44399469421
44437096088
44474744007
44512413184
44550103625
44587815336
44625548323
44663302592
44701078149
44738875000
44776693151
44814532608
44852393377
44890275464
44928178875
44966103616
45004049693
45042017112
45080005879
45118016000
45156047481
45194100328
45232174547
45270270144
45308387125
45346525496
45384685263
45422866432
45461069009
45499293000
45537538411
45575805248
45614093517
45652403224
45690734375
45729086976
45767461033
45805856552
45844273539
45882712000
45921171941
45959653368
45998156287
46036680704
46075226625
46113794056
46152383003
46190993472
46229625469
46268279000
46306954071
46345650688
46384368857
46423108584
46461869875
46500652736
46539457173
46578283192
46617130799
46656000000
46694890801
46733803208
46772737227
46811692864
46850670125
46889669016
46928689543
46967731712
47006795529
47045881000
47084988131
47124116928
47163267397
47202439544
47241633375
47280848896
47320086113
47359345032
47398625659
47437928000
47477252061
47516597848
47555965367
47595354624
47634765625
47674198376
47713652883
47753129152
47792627189
47832147000
47871688591
47911251968
47950837137
47990444104
48030072875
48069723456
48109395853
48149090072
48188806119
48228544000
48268303721
48308085288
48347888707
48387713984
48427561125
48467430136
48507321023
48547233792
48587168449
48627125000
48667103451
48707103808
48747126077
48787170264
48827236375
48867324416
48907434393
48947566312
48987720179
49027896000
49068093781
49108313528
49148555247
49188818944
49229104625
49269412296
49309741963
49350093632
49390467309
49430863000
49471280711
49511720448
49552182217
49592666024
49633171875
49673699776
49714249733
49754821752
49795415839
49836032000
49876670241
49917330568
49958012987
49998717504
50039444125
50080192856
50120963703
50161756672
50202571769
50243409000
50284268371
50325149888
50366053557
50406979384
50447927375
50488897536
50529889873
50570904392
50611941099
50653000000
50694081101
50735184408
50776309927
50817457664
50858627625
50899819816
50941034243
50982270912
51023529829
51064811000
51106114431
51147440128
51188788097
51230158344
51271550875
51312965696
51354402813
51395862232
51437343959
51478848000
51520374361
51561923048
51603494067
51645087424
51686703125
51728341176
51770001583
51811684352
51853389489
51895117000
51936866891
51978639168
52020433837
52062250904
52104090375
52145952256
52187836553
52229743272
52271672419
52313624000
52355598021
52397594488
52439613407
52481654784
52523718625
52565804936
52607913723
52650044992
52692198749
52734375000
52776573751
52818795008
52861038777
52903305064
52945593875
52987905216
53030239093
53072595512
53114974479
53157376000
53199800081
53242246728
53284715947
53327207744
53369722125
53412259096
53454818663
53497400832
53540005609
53582633000
53625283011
53667955648
53710650917
53753368824
53796109375
53838872576
53881658433
53924466952
53967298139
54010152000
54053028541
54095927768
54138849687
54181794304
54224761625
54267751656
54310764403
54353799872
54396858069
54439939000
54483042671
54526169088
54569318257
54612490184
54655684875
54698902336
54742142573
54785405592
54828691399
54872000000
54915331401
54958685608
55002062627
55045462464
55088885125
55132330616
55175798943
55219290112
55262804129
55306341000
55349900731
55393483328
55437088797
55480717144
55524368375
55568042496
55611739513
55655459432
55699202259
55742968000
55786756661
55830568248
55874402767
55918260224
55962140625
56006043976
56049970283
56093919552
56137891789
56181887000
56225905191
56269946368
56314010537
56358097704
56402207875
56446341056
56490497253
56534676472
56578878719
56623104000
56667352321
56711623688
56755918107
56800235584
56844576125
56888939736
56933326423
56977736192
57022169049
57066625000
57111104051
57155606208
57200131477
57244679864
57289251375
57333846016
57378463793
57423104712
57467768779
57512456000
57557166381
57601899928
57646656647
57691436544
57736239625
57781065896
57825915363
57870788032
57915683909
57960603000
58005545311
58050510848
58095499617
58140511624
58185546875
58230605376
58275687133
58320792152
58365920439
58411072000
58456246841
58501444968
58546666387
58591911104
58637179125
58682470456
58727785103
58773123072
58818484369
58863869000
58909276971
58954708288
59000162957
59045640984
59091142375
59136667136
59182215273
59227786792
59273381699
59319000000
59364641701
59410306808
59455995327
59501707264
59547442625
59593201416
59638983643
59684789312
59730618429
59776471000
59822347031
59868246528
59914169497
59960115944
60006085875
60052079296
60098096213
60144136632
60190200559
60236288000
60282398961
60328533448
60374691467
60420873024
60467078125
60513306776
60559558983
60605834752
60652134089
60698457000
60744803491
60791173568
60837567237
60883984504
60930425375
60976889856
61023377953
61069889672
61116425019
61162984000
61209566621
61256172888
61302802807
61349456384
61396133625
61442834536
61489559123
61536307392
61583079349
61629875000
61676694351
61723537408
61770404177
61817294664
61864208875
61911146816
61958108493
62005093912
62052103079
62099136000
62146192681
62193273128
62240377347
62287505344
62334657125
62381832696
62429032063
62476255232
62523502209
62570773000
62618067611
62665386048
62712728317
62760094424
62807484375
62854898176
62902335833
62949797352
62997282739
63044792000
63092325141
63139882168
63187463087
63235067904
63282696625
63330349256
63378025803
63425726272
63473450669
63521199000
63568971271
63616767488
63664587657
63712431784
63760299875
63808191936
63856107973
63904047992
63952011999
64000000000
64048012001
64096048008
64144108027
64192192064
64240300125
64288432216
64336588343
64384768512
64432972729
64481201000
64529453331
64577729728
64626030197
64674354744
64722703375
64771076096
64819472913
64867893832
64916338859
64964808000
65013301261
65061818648
65110360167
65158925824
65207515625
65256129576
65304767683
65353429952
65402116389
65450827000
65499561791
65548320768
65597103937
65645911304
65694742875
65743598656
65792478653
65841382872
65890311319
65939264000
65988240921
66037242088
66086267507
66135317184
66184391125
66233489336
66282611823
66331758592
66380929649
66430125000
66479344651
66528588608
66577856877
66627149464
66676466375
66725807616
66775173193
66824563112
66873977379
66923416000
66972878981
67022366328
67071878047
67121414144
67170974625
67220559496
67270168763
67319802432
67369460509
67419143000
67468849911
67518581248
67568337017
67618117224
67667921875
67717750976
67767604533
67817482552
67867385039
67917312000
67967263441
68017239368
68067239787
68117264704
68167314125
68217388056
68267486503
68317609472
68367756969
68417929000
68468125571
68518346688
68568592357
68618862584
68669157375
68719476736
68769820673
68820189192
68870582299
68921000000
68971442301
69021909208
69072400727
69122916864
69173457625
69224023016
69274613043
69325227712
69375867029
69426531000
69477219631
69527932928
69578670897
69629433544
69680220875
69731032896
69781869613
69832731032
69883617159
69934528000
69985463561
70036423848
70087408867
70138418624
70189453125
70240512376
70291596383
70342705152
70393838689
70444997000
70496180091
70547387968
70598620637
70649878104
70701160375
70752467456
70803799353
70855156072
70906537619
70957944000
71009375221
71060831288
71112312207
71163817984
71215348625
71266904136
71318484523
71370089792
71421719949
71473375000
71525054951
71576759808
71628489577
71680244264
71732023875
71783828416
71835657893
71887512312
71939391679
71991296000
72043225281
72095179528
72147158747
72199162944
72251192125
72303246296
72355325463
72407429632
72459558809
72511713000
72563892211
72616096448
72668325717
72720580024
72772859375
72825163776
72877493233
72929847752
72982227339
73034632000
73087061741
73139516568
73191996487
73244501504
73297031625
73349586856
73402167203
73454772672
73507403269
73560059000
73612739871
73665445888
73718177057
73770933384
73823714875
73876521536
73929353373
73982210392
74035092599
74088000000
74140932601
74193890408
74246873427
74299881664
74352915125
74405973816
74459057743
74512166912
74565301329
74618461000
74671645931
74724856128
74778091597
74831352344
74884638375
74937949696
74991286313
75044648232
75098035459
75151448000
75204885861
75258349048
75311837567
75365351424
75418890625
75472455176
75526045083
75579660352
75633300989
75686967000
75740658391
75794375168
75848117337
75901884904
75955677875
76009496256
76063340053
76117209272
76171103919
76225024000
76278969521
76332940488
76386936907
76440958784
76495006125
76549078936
76603177223
76657300992
76711450249
76765625000
76819825251
76874051008
76928302277
76982579064
77036881375
77091209216
77145562593
77199941512
77254345979
77308776000
77363231581
77417712728
77472219447
77526751744
77581309625
77635893096
77690502163
77745136832
77799797109
77854483000
77909194511
77963931648
78018694417
78073482824
78128296875
78183136576
78238001933
78292892952
78347809639
78402752000
78457720041
78512713768
78567733187
78622778304
78677849125
78732945656
78788067903
78843215872
78898389569
78953589000
79008814171
79064065088
79119341757
79174644184
79229972375
79285326336
79340706073
79396111592
79451542899
79507000000
79562482901
79617991608
79673526127
79729086464
79784672625
79840284616
79895922443
79951586112
80007275629
80062991000
80118732231
80174499328
80230292297
80286111144
80341955875
80397826496
80453723013
80509645432
80565593759
80621568000
80677568161
80733594248
80789646267
80845724224
80901828125
80957957976
81014113783
81070295552
81126503289
81182737000
81238996691
81295282368
81351594037
81407931704
81464295375
81520685056
81577100753
81633542472
81690010219
81746504000
81803023821
81859569688
81916141607
81972739584
82029363625
82086013736
82142689923
82199392192
82256120549
82312875000
82369655551
82426462208
82483294977
82540153864
82597038875
82653950016
82710887293
82767850712
82824840279
82881856000
82938897881
82995965928
83053060147
83110180544
83167327125
83224499896
83281698863
83338924032
83396175409
83453453000
83510756811
83568086848
83625443117
83682825624
83740234375
83797669376
83855130633
83912618152
83970131939
84027672000
84085238341
84142830968
84200449887
84258095104
84315766625
84373464456
84431188603
84488939072
84546715869
84604519000
84662348471
84720204288
84778086457
84835994984
84893929875
84951891136
85009878773
85067892792
85125933199
85184000000
85242093201
85300212808
85358358827
85416531264
85474730125
85532955416
85591207143
85649485312
85707789929
85766121000
85824478531
85882862528
85941272997
85999709944
86058173375
86116663296
86175179713
86233722632
86292292059
86350888000
86409510461
86468159448
86526834967
86585537024
86644265625
86703020776
86761802483
86820610752
86879445589
86938307000
86997194991
87056109568
87115050737
87174018504
87233012875
87292033856
87351081453
87410155672
87469256519
87528384000
87587538121
87646718888
87705926307
87765160384
87824421125
87883708536
87943022623
88002363392
88061730849
88121125000
88180545851
88239993408
88299467677
88358968664
88418496375
88478050816
88537631993
88597239912
88656874579
88716536000
88776224181
88835939128
88895680847
88955449344
89015244625
89075066696
89134915563
89194791232
89254693709
89314623000
89374579111
89434562048
89494571817
89554608424
89614671875
89674762176
89734879333
89795023352
89855194239
89915392000
89975616641
90035868168
90096146587
90156451904
90216784125
90277143256
90337529303
90397942272
90458382169
90518849000
90579342771
90639863488
90700411157
90760985784
90821587375
90882215936
90942871473
91003553992
91064263499
91125000000
91185763501
91246554008
91307371527
91368216064
91429087625
91489986216
91550911843
91611864512
91672844229
91733851000
91794884831
91855945728
91917033697
91978148744
92039290875
92100460096
92161656413
92222879832
92284130359
92345408000
92406712761
92468044648
92529403667
92590789824
92652203125
92713643576
92775111183
92836605952
92898127889
92959677000
93021253291
93082856768
93144487437
93206145304
93267830375
93329542656
93391282153
93453048872
93514842819
93576664000
93638512421
93700388088
93762291007
93824221184
93886178625
93948163336
94010175323
94072214592
94134281149
94196375000
94258496151
94320644608
94382820377
94445023464
94507253875
94569511616
94631796693
94694109112
94756448879
94818816000
94881210481
94943632328
95006081547
95068558144
95131062125
95193593496
95256152263
95318738432
95381352009
95443993000
95506661411
95569357248
95632080517
95694831224
95757609375
95820414976
95883248033
95946108552
96008996539
96071912000
96134854941
96197825368
96260823287
96323848704
96386901625
96449982056
96513090003
96576225472
96639388469
96702579000
96765797071
96829042688
96892315857
96955616584
97018944875
97082300736
97145684173
97209095192
97272533799
97336000000
97399493801
97463015208
97526564227
97590140864
97653745125
97717377016
97781036543
97844723712
97908438529
97972181000
98035951131
98099748928
98163574397
98227427544
98291308375
98355216896
98419153113
98483117032
98547108659
98611128000
98675175061
98739249848
98803352367
98867482624
98931640625
98995826376
99060039883
99124281152
99188550189
99252847000
99317171591
99381523968
99445904137
99510312104
99574747875
99639211456
99703702853
99768222072
99832769119
99897344000
99961946721
100026577288
100091235707
100155921984
100220636125
100285378136
100350148023
100414945792
100479771449
100544625000
100609506451
100674415808
100739353077
100804318264
100869311375
100934332416
100999381393
101064458312
101129563179
101194696000
101259856781
101325045528
101390262247
101455506944
101520779625
101586080296
101651408963
101716765632
101782150309
101847563000
101913003711
101978472448
102043969217
102109494024
102175046875
102240627776
102306236733
102371873752
102437538839
102503232000
102568953241
102634702568
102700479987
102766285504
102832119125
102897980856
102963870703
103029788672
103095734769
103161709000
103227711371
103293741888
103359800557
103425887384
103492002375
103558145536
103624316873
103690516392
103756744099
103823000000
103889284101
103955596408
104021936927
104088305664
104154702625
104221127816
104287581243
104354062912
104420572829
104487111000
104553677431
104620272128
104686895097
104753546344
104820225875
104886933696
104953669813
105020434232
105087226959
105154048000
105220897361
105287775048
105354681067
105421615424
105488578125
105555569176
105622588583
105689636352
105756712489
105823817000
105890949891
105958111168
106025300837
106092518904
106159765375
106227040256
106294343553
106361675272
106429035419
106496424000
106563841021
106631286488
106698760407
106766262784
106833793625
106901352936
106968940723
107036556992
107104201749
107171875000
107239576751
107307307008
107375065777
107442853064
107510668875
107578513216
107646386093
107714287512
107782217479
107850176000
107918163081
107986178728
108054222947
108122295744
108190397125
108258527096
108326685663
108394872832
108463088609
108531333000
108599606011
108667907648
108736237917
108804596824
108872984375
108941400576
109009845433
109078318952
109146821139
109215352000
109283911541
109352499768
109421116687
109489762304
109558436625
109627139656
109695871403
109764631872
109833421069
109902239000
109971085671
110039961088
110108865257
110177798184
110246759875
110315750336
110384769573
110453817592
110522894399
110592000000
110661134401
110730297608
110799489627
110868710464
110937960125
111007238616
111076545943
111145882112
111215247129
111284641000
111354063731
111423515328
111492995797
111562505144
111632043375
111701610496
111771206513
111840831432
111910485259
111980168000
112049879661
112119620248
112189389767
112259188224
112329015625
112398871976
112468757283
112538671552
112608614789
112678587000
112748588191
112818618368
112888677537
112958765704
113028882875
113099029056
113169204253
113239408472
113309641719
113379904000
113450195321
113520515688
113590865107
113661243584
113731651125
113802087736
113872553423
113943048192
114013572049
114084125000
114154707051
114225318208
114295958477
114366627864
114437326375
114508054016
114578810793
114649596712
114720411779
114791256000
114862129381
114933031928
115003963647
115074924544
115145914625
115216933896
115287982363
115359060032
115430166909
115501303000
115572468311
115643662848
115714886617
115786139624
115857421875
115928733376
116000074133
116071444152
116142843439
116214272000
116285729841
116357216968
116428733387
116500279104
116571854125
116643458456
116715092103
116786755072
116858447369
116930169000
117001919971
117073700288
117145509957
117217348984
117289217375
117361115136
117433042273
117504998792
117576984699
117649000000
117721044701
117793118808
117865222327
117937355264
118009517625
118081709416
118153930643
118226181312
118298461429
118370771000
118443110031
118515478528
118587876497
118660303944
118732760875
118805247296
118877763213
118950308632
119022883559
119095488000
119168121961
119240785448
119313478467
119386201024
119458953125
119531734776
119604545983
119677386752
119750257089
119823157000
119896086491
119969045568
120042034237
120115052504
120188100375
120261177856
120334284953
120407421672
120480588019
120553784000
120627009621
120700264888
120773549807
120846864384
120920208625
120993582536
121066986123
121140419392
121213882349
121287375000
121360897351
121434449408
121508031177
121581642664
121655283875
121728954816
121802655493
121876385912
121950146079
122023936000
122097755681
122171605128
122245484347
122319393344
122393332125
122467300696
122541299063
122615327232
122689385209
122763473000
122837590611
122911738048
122985915317
123060122424
123134359375
123208626176
123282922833
123357249352
123431605739
123505992000
123580408141
123654854168
123729330087
123803835904
123878371625
123952937256
124027532803
124102158272
124176813669
124251499000
124326214271
124400959488
124475734657
124550539784
124625374875
124700239936
124775134973
124850059992
124925014999
125000000000
125075015001
125150060008
125225135027
125300240064
125375375125
125450540216
125525735343
125600960512
125676215729
125751501000
125826816331
125902161728
125977537197
126052942744
126128378375
126203844096
126279339913
126354865832
126430421859
126506008000
126581624261
126657270648
126732947167
126808653824
126884390625
126960157576
127035954683
127111781952
127187639389
127263527000
127339444791
127415392768
127491370937
127567379304
127643417875
127719486656
127795585653
127871714872
127947874319
128024064000
128100283921
128176534088
128252814507
128329125184
128405466125
128481837336
128558238823
128634670592
128711132649
128787625000
128864147651
128940700608
129017283877
129093897464
129170541375
129247215616
129323920193
129400655112
129477420379
129554216000
129631041981
129707898328
129784785047
129861702144
129938649625
130015627496
130092635763
130169674432
130246743509
130323843000
130400972911
130478133248
130555324017
130632545224
130709796875
130787078976
130864391533
130941734552
131019108039
131096512000
131173946441
131251411368
131328906787
131406432704
131483989125
131561576056
131639193503
131716841472
131794519969
131872229000
131949968571
132027738688
132105539357
132183370584
132261232375
132339124736
132417047673
132495001192
132572985299
132651000000
132729045301
132807121208
132885227727
132963364864
133041532625
133119731016
133197960043
133276219712
133354510029
133432831000
133511182631
133589564928
133667977897
133746421544
133824895875
133903400896
133981936613
134060503032
134139100159
134217728000
134296386561
134375075848
134453795867
134532546624
134611328125
134690140376
134768983383
134847857152
134926761689
135005697000
135084663091
135163659968
135242687637
135321746104
135400835375
135479955456
135559106353
135638288072
135717500619
135796744000
135876018221
135955323288
136034659207
136114025984
136193423625
136272852136
136352311523
136431801792
136511322949
136590875000
136670457951
136750071808
136829716577
136909392264
136989098875
137068836416
137148604893
137228404312
137308234679
137388096000
137467988281
137547911528
137627865747
137707850944
137787867125
137867914296
137947992463
138028101632
138108241809
138188413000
138268615211
138348848448
138429112717
138509408024
138589734375
138670091776
138750480233
138830899752
138911350339
138991832000
139072344741
139152888568
139233463487
139314069504
139394706625
139475374856
139556074203
139636804672
139717566269
139798359000
139879182871
139960037888
140040924057
140121841384
140202789875
140283769536
140364780373
140445822392
140526895599
140608000000
140689135601
140770302408
140851500427
140932729664
141013990125
141095281816
141176604743
141257958912
141339344329
141420761000
141502208931
141583688128
141665198597
141746740344
141828313375
141909917696
141991553313
142073220232
142154918459
142236648000
142318408861
142400201048
142482024567
142563879424
142645765625
142727683176
142809632083
142891612352
142973623989
143055667000
143137741391
143219847168
143301984337
143384152904
143466352875
143548584256
143630847053
143713141272
143795466919
143877824000
143960212521
144042632488
144125083907
144207566784
144290081125
144372626936
144455204223
144537812992
144620453249
144703125000
144785828251
144868563008
144951329277
145034127064
145116956375
145199817216
145282709593
145365633512
145448588979
145531576000
145614594581
145697644728
145780726447
145863839744
145946984625
146030161096
146113369163
146196608832
146279880109
146363183000
146446517511
146529883648
146613281417
146696710824
146780171875
146863664576
146947188933
147030744952
147114332639
147197952000
147281603041
147365285768
147449000187
147532746304
147616524125
147700333656
147784174903
147868047872
147951952569
148035889000
148119857171
148203857088
148287888757
148371952184
148456047375
148540174336
148624333073
148708523592
148792745899
148877000000
148961285901
149045603608
149129953127
149214334464
149298747625
149383192616
149467669443
149552178112
149636718629
149721291000
149805895231
149890531328
149975199297
150059899144
150144630875
150229394496
150314190013
150399017432
150483876759
150568768000
150653691161
150738646248
150823633267
150908652224
150993703125
151078785976
151163900783
151249047552
151334226289
151419437000
151504679691
151589954368
151675261037
151760599704
151845970375
151931373056
152016807753
152102274472
152187773219
152273304000
152358866821
152444461688
152530088607
152615747584
152701438625
152787161736
152872916923
152958704192
153044523549
153130375000
153216258551
153302174208
153388121977
153474101864
153560113875
153646158016
153732234293
153818342712
153904483279
153990656000
154076860881
154163097928
154249367147
154335668544
154422002125
154508367896
154594765863
154681196032
154767658409
154854153000
154940679811
155027238848
155113830117
155200453624
155287109375
155373797376
155460517633
155547270152
155634054939
155720872000
155807721341
155894602968
155981516887
156068463104
156155441625
156242452456
156329495603
156416571072
156503678869
156590819000
156677991471
156765196288
156852433457
156939702984
157027004875
157114339136
157201705773
157289104792
157376536199
157464000000
157551496201
157639024808
157726585827
157814179264
157901805125
157989463416
158077154143
158164877312
158252632929
158340421000
158428241531
158516094528
158603979997
158691897944
158779848375
158867831296
158955846713
159043894632
159131975059
159220088000
159308233461
159396411448
159484621967
159572865024
159661140625
159749448776
159837789483
159926162752
160014568589
160103007000
160191477991
160279981568
160368517737
160457086504
160545687875
160634321856
160722988453
160811687672
160900419519
160989184000
161077981121
161166810888
161255673307
161344568384
161433496125
161522456536
161611449623
161700475392
161789533849
161878625000
161967748851
162056905408
162146094677
162235316664
162324571375
162413858816
162503178993
162592531912
162681917579
162771336000
162860787181
162950271128
163039787847
163129337344
163218919625
163308534696
163398182563
163487863232
163577576709
163667323000
163757102111
163846914048
163936758817
164026636424
164116546875
164206490176
164296466333
164386475352
164476517239
164566592000
164656699641
164746840168
164837013587
164927219904
165017459125
165107731256
165198036303
165288374272
165378745169
165469149000
165559585771
165650055488
165740558157
165831093784
165921662375
166012263936
166102898473
166193565992
166284266499
166375000000
166465766501
166556566008
166647398527
166738264064
166829162625
166920094216
167011058843
167102056512
167193087229
167284151000
167375247831
167466377728
167557540697
167648736744
167739965875
167831228096
167922523413
168013851832
168105213359
168196608000
168288035761
168379496648
168470990667
168562517824
168654078125
168745671576
168837298183
168928957952
169020650889
169112377000
169204136291
169295928768
169387754437
169479613304
169571505375
169663430656
169755389153
169847380872
169939405819
170031464000
170123555421
170215680088
170307838007
170400029184
170492253625
170584511336
170676802323
170769126592
170861484149
170953875000
171046299151
171138756608
171231247377
171323771464
171416328875
171508919616
171601543693
171694201112
171786891879
171879616000
171972373481
172065164328
172157988547
172250846144
172343737125
172436661496
172529619263
172622610432
172715635009
172808693000
172901784411
172994909248
173088067517
173181259224
173274484375
173367742976
173461035033
173554360552
173647719539
173741112000
173834537941
173927997368
174021490287
174115016704
174208576625
174302170056
174395797003
174489457472
174583151469
174676879000
174770640071
174864434688
174958262857
175052124584
175146019875
175239948736
175333911173
175427907192
175521936799
175616000000
175710096801
175804227208
175898391227
175992588864
176086820125
176181085016
176275383543
176369715712
176464081529
176558481000
176652914131
176747380928
176841881397
176936415544
177030983375
177125584896
177220220113
177314889032
177409591659
177504328000
177599098061
177693901848
177788739367
177883610624
177978515625
178073454376
178168426883
178263433152
178358473189
178453547000
178548654591
178643795968
178738971137
178834180104
178929422875
179024699456
179120009853
179215354072
179310732119
179406144000
179501589721
179597069288
179692582707
179788129984
179883711125
179979326136
180074975023
180170657792
180266374449
180362125000
180457909451
180553727808
180649580077
180745466264
180841386375
180937340416
181033328393
181129350312
181225406179
181321496000
181417619781
181513777528
181609969247
181706194944
181802454625
181898748296
181995075963
182091437632
182187833309
182284263000
182380726711
182477224448
182573756217
182670322024
182766921875
182863555776
182960223733
183056925752
183153661839
183250432000
183347236241
183444074568
183540946987
183637853504
183734794125
183831768856
183928777703
184025820672
184122897769
184220009000
184317154371
184414333888
184511547557
184608795384
184706077375
184803393536
184900743873
184998128392
185095547099
185193000000
185290487101
185388008408
185485563927
185583153664
185680777625
185778435816
185876128243
185973854912
186071615829
186169411000
186267240431
186365104128
186463002097
186560934344
186658900875
186756901696
186854936813
186953006232
187051109959
187149248000
187247420361
187345627048
187443868067
187542143424
187640453125
187738797176
187837175583
187935588352
188034035489
188132517000
188231032891
188329583168
188428167837
188526786904
188625440375
188724128256
188822850553
188921607272
189020398419
189119224000
189218084021
189316978488
189415907407
189514870784
189613868625
189712900936
189811967723
189911068992
190010204749
190109375000
190208579751
190307819008
190407092777
190506401064
190605743875
190705121216
190804533093
190903979512
191003460479
191102976000
191202526081
191302110728
191401729947
191501383744
191601072125
191700795096
191800552663
191900344832
192000171609
192100033000
192199929011
192299859648
192399824917
192499824824
192599859375
192699928576
192800032433
192900170952
193000344139
193100552000
193200794541
193301071768
193401383687
193501730304
193602111625
193702527656
193802978403
193903463872
194003984069
194104539000
194205128671
194305753088
194406412257
194507106184
194607834875
194708598336
194809396573
194910229592
195011097399
195112000000
195212937401
195313909608
195414916627
195515958464
195617035125
195718146616
195819292943
195920474112
196021690129
196122941000
196224226731
196325547328
196426902797
196528293144
196629718375
196731178496
196832673513
196934203432
197035768259
197137368000
197239002661
197340672248
197442376767
197544116224
197645890625
197747699976
197849544283
197951423552
198053337789
198155287000
198257271191
198359290368
198461344537
198563433704
198665557875
198767717056
198869911253
198972140472
199074404719
199176704000
199279038321
199381407688
199483812107
199586251584
199688726125
199791235736
199893780423
199996360192
200098975049
200201625000
200304310051
200407030208
200509785477
200612575864
200715401375
200818262016
200921157793
201024088712
201127054779
201230056000
201333092381
201436163928
201539270647
201642412544
201745589625
201848801896
201952049363
202055332032
202158649909
202262003000
202365391311
202468814848
202572273617
202675767624
202779296875
202882861376
202986461133
203090096152
203193766439
203297472000
203401212841
203504988968
203608800387
203712647104
203816529125
203920446456
204024399103
204128387072
204232410369
204336469000
204440562971
204544692288
204648856957
204753056984
204857292375
204961563136
205065869273
205170210792
205274587699
205379000000
205483447701
205587930808
205692449327
205797003264
205901592625
206006217416
206110877643
206215573312
206320304429
206425071000
206529873031
206634710528
206739583497
206844491944
206949435875
207054415296
207159430213
207264480632
207369566559
207474688000
207579844961
207685037448
207790265467
207895529024
208000828125
208106162776
208211532983
208316938752
208422380089
208527857000
208633369491
208738917568
208844501237
208950120504
209055775375
209161465856
209267191953
209372953672
209478751019
209584584000
209690452621
209796356888
209902296807
210008272384
210114283625
210220330536
210326413123
210432531392
210538685349
210644875000
210751100351
210857361408
210963658177
211069990664
211176358875
211282762816
211389202493
211495677912
211602189079
211708736000
211815318681
211921937128
212028591347
212135281344
212242007125
212348768696
212455566063
212562399232
212669268209
212776173000
212883113611
212990090048
213097102317
213204150424
213311234375
213418354176
213525509833
213632701352
213739928739
213847192000
213954491141
214061826168
214169197087
214276603904
214384046625
214491525256
214599039803
214706590272
214814176669
214921799000
215029457271
215137151488
215244881657
215352647784
215460449875
215568287936
215676161973
215784071992
215892017999
216000000000
216108018001
216216072008
216324162027
216432288064
216540450125
216648648216
216756882343
216865152512
216973458729
217081801000
217190179331
217298593728
217407044197
217515530744
217624053375
217732612096
217841206913
217949837832
218058504859
218167208000
218275947261
218384722648
218493534167
218602381824
218711265625
218820185576
218929141683
219038133952
219147162389
219256227000
219365327791
219474464768
219583637937
219692847304
219802092875
219911374656
220020692653
220130046872
220239437319
220348864000
220458326921
220567826088
220677361507
220786933184
220896541125
221006185336
221115865823
221225582592
221335335649
221445125000
221554950651
221664812608
221774710877
221884645464
221994616375
222104623616
222214667193
222324747112
222434863379
222545016000
222655204981
222765430328
222875692047
222985990144
223096324625
223206695496
223317102763
223427546432
223538026509
223648543000
223759095911
223869685248
223980311017
224090973224
224201671875
224312406976
224423178533
224533986552
224644831039
224755712000
224866629441
224977583368
225088573787
225199600704
225310664125
225421764056
225532900503
225644073472
225755282969
225866529000
225977811571
226089130688
226200486357
226311878584
226423307375
226534772736
226646274673
226757813192
226869388299
226981000000
227092648301
227204333208
227316054727
227427812864
227539607625
227651439016
227763307043
227875211712
227987153029
228099131000
228211145631
228323196928
228435284897
228547409544
228659570875
228771768896
228884003613
228996275032
229108583159
229220928000
229333309561
229445727848
229558182867
229670674624
229783203125
229895768376
230008370383
230121009152
230233684689
230346397000
230459146091
230571931968
230684754637
230797614104
230910510375
231023443456
231136413353
231249420072
231362463619
231475544000
231588661221
231701815288
231815006207
231928233984
232041498625
232154800136
232268138523
232381513792
232494925949
232608375000
232721860951
232835383808
232948943577
233062540264
233176173875
233289844416
233403551893
233517296312
233631077679
233744896000
233858751281
233972643528
234086572747
234200538944
234314542125
234428582296
234542659463
234656773632
234770924809
234885113000
234999338211
235113600448
235227899717
235342236024
235456609375
235571019776
235685467233
235799951752
235914473339
236029032000
236143627741
236258260568
236372930487
236487637504
236602381625
236717162856
236831981203
236946836672
237061729269
237176659000
237291625871
237406629888
237521671057
237636749384
237751864875
237867017536
237982207373
238097434392
238212698599
238328000000
238443338601
238558714408
238674127427
238789577664
238905065125
239020589816
239136151743
239251750912
239367387329
239483061000
239598771931
239714520128
239830305597
239946128344
240061988375
240177885696
240293820313
240409792232
240525801459
240641848000
240757931861
240874053048
240990211567
241106407424
241222640625
241338911176
241455219083
241571564352
241687946989
241804367000
241920824391
242037319168
242153851337
242270420904
242387027875
242503672256
242620354053
242737073272
242853829919
242970624000
243087455521
243204324488
243321230907
243438174784
243555156125
243672174936
243789231223
243906324992
244023456249
244140625000
244257831251
244375075008
244492356277
244609675064
244727031375
244844425216
244961856593
245079325512
245196831979
245314376000
245431957581
245549576728
245667233447
245784927744
245902659625
246020429096
246138236163
246256080832
246373963109
246491883000
246609840511
246727835648
246845868417
246963938824
247082046875
247200192576
247318375933
247436596952
247554855639
247673152000
247791486041
247909857768
248028267187
248146714304
248265199125
248383721656
248502281903
248620879872
248739515569
248858189000
248976900171
249095649088
249214435757
249333260184
249452122375
249571022336
249689960073
249808935592
249927948899
250047000000
250166088901
250285215608
250404380127
250523582464
250642822625
250762100616
250881416443
251000770112
251120161629
251239591000
251359058231
251478563328
251598106297
251717687144
251837305875
251956962496
252076657013
252196389432
252316159759
252435968000
252555814161
252675698248
252795620267
252915580224
253035578125
253155613976
253275687783
253395799552
253515949289
253636137000
253756362691
253876626368
253996928037
254117267704
254237645375
254358061056
254478514753
254599006472
254719536219
254840104000
254960709821
255081353688
255202035607
255322755584
255443513625
255564309736
255685143923
255806016192
255926926549
256047875000
256168861551
256289886208
256410948977
256532049864
256653188875
256774366016
256895581293
257016834712
257138126279
257259456000
257380823881
257502229928
257623674147
257745156544
257866677125
257988235896
258109832863
258231468032
258353141409
258474853000
258596602811
258718390848
258840217117
258962081624
259083984375
259205925376
259327904633
259449922152
259571977939
259694072000
259816204341
259938374968
260060583887
260182831104
260305116625
260427440456
260549802603
260672203072
260794641869
260917119000
261039634471
261162188288
261284780457
261407410984
261530079875
261652787136
261775532773
261898316792
262021139199
262144000000
262266899201
262389836808
262512812827
262635827264
262758880125
262881971416
263005101143
263128269312
263251475929
263374721000
263498004531
263621326528
263744686997
263868085944
263991523375
264114999296
264238513713
264362066632
264485658059
264609288000
264732956461
264856663448
264980408967
265104193024
265228015625
265351876776
265475776483
265599714752
265723691589
265847707000
265971760991
266095853568
266219984737
266344154504
266468362875
266592609856
266716895453
266841219672
266965582519
267089984000
267214424121
267338902888
267463420307
267587976384
267712571125
267837204536
267961876623
268086587392
268211336849
268336125000
268460951851
268585817408
268710721677
268835664664
268960646375
269085666816
269210725993
269335823912
269460960579
269586136000
269711350181
269836603128
269961894847
270087225344
270212594625
270338002696
270463449563
270588935232
270714459709
270840023000
270965625111
271091266048
271216945817
271342664424
271468421875
271594218176
271720053333
271845927352
271971840239
272097792000
272223782641
272349812168
272475880587
272601987904
272728134125
272854319256
272980543303
273106806272
273233108169
273359449000
273485828771
273612247488
273738705157
273865201784
273991737375
274118311936
274244925473
274371577992
274498269499
274625000000
274751769501
274878578008
275005425527
275132312064
275259237625
275386202216
275513205843
275640248512
275767330229
275894451000
276021610831
276148809728
276276047697
276403324744
276530640875
276657996096
276785390413
276912823832
277040296359
277167808000
277295358761
277422948648
277550577667
277678245824
277805953125
277933699576
278061485183
278189309952
278317173889
278445077000
278573019291
278701000768
278829021437
278957081304
279085180375
279213318656
279341496153
279469712872
279597968819
279726264000
279854598421
279982972088
280111385007
280239837184
280368328625
280496859336
280625429323
280754038592
280882687149
281011375000
281140102151
281268868608
281397674377
281526519464
281655403875
281784327616
281913290693
282042293112
282171334879
282300416000
282429536481
282558696328
282687895547
282817134144
282946412125
283075729496
283205086263
283334482432
283463918009
283593393000
283722907411
283852461248
283982054517
284111687224
284241359375
284371070976
284500822033
284630612552
284760442539
284890312000
285020220941
285150169368
285280157287
285410184704
285540251625
285670358056
285800504003
285930689472
286060914469
286191179000
286321483071
286451826688
286582209857
286712632584
286843094875
286973596736
287104138173
287234719192
287365339799
287496000000
287626699801
287757439208
287888218227
288019036864
288149895125
288280793016
288411730543
288542707712
288673724529
288804781000
288935877131
289067012928
289198188397
289329403544
289460658375
289591952896
289723287113
289854661032
289986074659
290117528000
290249021061
290380553848
290512126367
290643738624
290775390625
290907082376
291038813883
291170585152
291302396189
291434247000
291566137591
291698067968
291830038137
291962048104
292094097875
292226187456
292358316853
292490486072
292622695119
292754944000
292887232721
293019561288
293151929707
293284337984
293416786125
293549274136
293681802023
293814369792
293946977449
294079625000
294212312451
294345039808
294477807077
294610614264
294743461375
294876348416
295009275393
295142242312
295275249179
295408296000
295541382781
295674509528
295807676247
295940882944
296074129625
296207416296
296340742963
296474109632
296607516309
296740963000
296874449711
297007976448
297141543217
297275150024
297408796875
297542483776
297676210733
297809977752
297943784839
298077632000
298211519241
298345446568
298479413987
298613421504
298747469125
298881556856
299015684703
299149852672
299284060769
299418309000
299552597371
299686925888
299821294557
299955703384
300090152375
300224641536
300359170873
300493740392
300628350099
300763000000
300897690101
301032420408
301167190927
301302001664
301436852625
301571743816
301706675243
301841646912
301976658829
302111711000
302246803431
302381936128
302517109097
302652322344
302787575875
302922869696
303058203813
303193578232
303328992959
303464448000
303599943361
303735479048
303871055067
304006671424
304142328125
304278025176
304413762583
304549540352
304685358489
304821217000
304957115891
305093055168
305229034837
305365054904
305501115375
305637216256
305773357553
305909539272
306045761419
306182024000
306318327021
306454670488
306591054407
306727478784
306863943625
307000448936
307136994723
307273580992
307410207749
307546875000
307683582751
307820331008
307957119777
308093949064
308230818875
308367729216
308504680093
308641671512
308778703479
308915776000
309052889081
309190042728
309327236947
309464471744
309601747125
309739063096
309876419663
310013816832
310151254609
310288733000
310426252011
310563811648
310701411917
310839052824
310976734375
311114456576
311252219433
311390022952
311527867139
311665752000
311803677541
311941643768
312079650687
312217698304
312355786625
312493915656
312632085403
312770295872
312908547069
313046839000
313185171671
313323545088
313461959257
313600414184
313738909875
313877446336
314016023573
314154641592
314293300399
314432000000
314570740401
314709521608
314848343627
314987206464
315126110125
315265054616
315404039943
315543066112
315682133129
315821241000
315960389731
316099579328
316238809797
316378081144
316517393375
316656746496
316796140513
316935575432
317075051259
317214568000
317354125661
317493724248
317633363767
317773044224
317912765625
318052527976
318192331283
318332175552
318472060789
318611987000
318751954191
318891962368
319032011537
319172101704
319312232875
319452405056
319592618253
319732872472
319873167719
320013504000
320153881321
320294299688
320434759107
320575259584
320715801125
320856383736
320997007423
321137672192
321278378049
321419125000
321559913051
321700742208
321841612477
321982523864
322123476375
322264470016
322405504793
322546580712
322687697779
322828856000
322970055381
323111295928
323252577647
323393900544
323535264625
323676669896
323818116363
323959604032
324101132909
324242703000
324384314311
324525966848
324667660617
324809395624
324951171875
325092989376
325234848133
325376748152
325518689439
325660672000
325802695841
325944760968
326086867387
326229015104
326371204125
326513434456
326655706103
326798019072
326940373369
327082769000
327225205971
327367684288
327510203957
327652764984
327795367375
327938011136
328080696273
328223422792
328366190699
328509000000
328651850701
328794742808
328937676327
329080651264
329223667625
329366725416
329509824643
329652965312
329796147429
329939371000
330082636031
330225942528
330369290497
330512679944
330656110875
330799583296
330943097213
331086652632
331230249559
331373888000
331517567961
331661289448
331805052467
331948857024
332092703125
332236590776
332380519983
332524490752
332668503089
332812557000
332956652491
333100789568
333244968237
333389188504
333533450375
333677753856
333822098953
333966485672
334110914019
334255384000
334399895621
334544448888
334689043807
334833680384
334978358625
335123078536
335267840123
335412643392
335557488349
335702375000
335847303351
335992273408
336137285177
336282338664
336427433875
336572570816
336717749493
336862969912
337008232079
337153536000
337298881681
337444269128
337589698347
337735169344
337880682125
338026236696
338171833063
338317471232
338463151209
338608873000
338754636611
338900442048
339046289317
339192178424
339338109375
339484082176
339630096833
339776153352
339922251739
340068392000
340214574141
340360798168
340507064087
340653371904
340799721625
340946113256
341092546803
341239022272
341385539669
341532099000
341678700271
341825343488
341972028657
342118755784
342265524875
342412335936
342559188973
342706083992
342853020999
343000000000
