
8125
32041
34596
95481
156816
114244
139129
737881
935089
777924
304704
142129
96721
518400
458329
819025
624100
375769
229441
21025
41616
727609
900601
423801
727609
703921
970225
540225
130321
293764
429025
933156
724201
38025
25600
687241
840889
329476
879844
944784
12769
218089
431649
351649
514089
101761
384400
396900
685584
952576
17956
483025
620944
1000000
310249
465124
54289
458329
935089
431649
68644
828100
190969
376996
451584
370881
570025
124609
990025
429025
755161
184900
399424
160801
937024
87025
189225
404496
106929
171396
144400
942841
585225
254016
58564
53361
52441
198916
933156
24964
10000
664225
246016
61009
56169
537289
808201
64009
29241
17161
262144
37636
23104
338724
680625
992016
46225
877969
720801
414736
656100
54756
156816
337561
304704
315844
249001
891136
942841
702244
450241
861184
79524
966289
20449
119025
34225
143641
514089
978121
734449
603729
358801
611524
739600
863041
336400
10201
956484
85849
310249
256036
380689
471969
30276
77284
966289
34596
850084
63504
191844
908209
323761
685584
705600
53824
418609
516961
15376
96100
108900
702244
96100
352836
220900
608400
732736
386884
910116
772641
75625
61504
18496
52900
719104
96721
591361
301401
649636
568516
14884
237169
30276
567009
41616
370881
743044
13456
185761
93636
466489
316969
81225
46225
458329
376996
41616
840889
168100
79524
363609
964324
214369
349281
157609
990025
303601
92416
883600
349281
407044
915849
71824
758641
108900
562500
616225
970225
125316
952576
16641
13225
680625
310249
58081
15129
622521
657721
284089
868624
85849
198916
984064
772641
77841
620944
360000
98596
69169
168921
268324
40000
707281
436921
360000
242064
263169
97969
98596
478864
75625
444889
600625
165649
933156
544644
178929
343396
532900
675684
41209
416025
708964
383161
732736
657721
264196
656100
515524
349281
275625
695556
240100
94864
432964
935089
57600
625681
152881
710649
112896
380689
73984
81796
927369
505521
556516
458329
727609
641601
996004
85849
310249
106929
356409
41616
164836
891136
772641
927369
417316
182329
143641
495616
419904
12100
337561
630436
91204
817216
964324
418609
26896
329476
680625
40401
956484
67600
290521
857476
870489
734449
883600
220900
443556
538756
970225
32761
455625
770884
190969
481636
419904
13689
136900
12544
815409
582169
251001
611524
330625
451584
160801
540225
324900
42436
483025
487204
52441
120409
549081
790321
988036
142884
422500
11881
294849
147456
508369
651249
908209
474721
52441
203401
401956
292681
63001
826281
614656
180625
381924
119025
72900
168100
462400
276676
10609
148225
167281
17161
469225
196249
177241
49284
205209
198916
21316
537289
40401
908209
553536
10404
422500
567009
126736
80656
98596
298116
119716
139129
85849
117649
693889
806404
13689
413449
910116
672400
835396
25281
47089
933156
316969
270400
384400
63504
538756
18225
617796
552049
364816
198916
384400
192721
306916
51076
32400
51529
303601
286225
246016
230400
846400
236196
438244
748225
488601
103041
576081
47089
549081
855625
17424
188356
400689
107584
51984
19600
33856
33124
982081
515524
116281
184041
628849
292681
760384
643204
14161
309136
927369
703921
66564
117649
95481
633616
53824
529984
505521
18769
891136
44100
478864
345744
620944
902500
301401
291600
885481
229441
380689
491401
39204
906304
112896
17424
492804
565504
762129
50625
128164
962361
62500
664225
193600
17956
408321
580644
44100
659344
570025
267289
185761
603729
199809
281961
700569
448900
42025
94864
504100
497025
131044
51529
399424
403225
46656
208849
173889
729316
400689
454276
328329
522729
228484
207025
253009
506944
177241
956484
480249
990025
54756
115600
38416
710649
414736
923521
24336
178929
497025
497025
184041
23409
178929
797449
32400
53361
34596
889249
164836
722500
85264
452929
285156
108241
47524
145161
855625
467856
938961
157609
113569
693889
34225
24649
229441
399424
427716
372100
760384
690561
135424
252004
652864
160000
360000
506944
27556
74529
826281
276676
114244
32761
370881
306916
133225
419904
281961
667489
52900
252004
524176
257049
272484
14641
972196
541696
234256
358801
364816
164025
685584
242064
853776
249001
495616
66564
885481
929296
512656
480249
44521
134689
182329
228484
498436
151321
913936
361201
38025
929296
986049
218089
844561
913936
346921
51076
61009
477481
94249
927369
986049
121801
232324
219961
465124
336400
960400
781456
51076
300304
826281
196249
16129
996004
425104
126736
64009
219024
609961
136900
75625
14161
456976
665856
463761
101124
465124
36100
705600
549081
29584
123904
614656
128881
53361
779689
772641
273529
23104
58564
429025
900601
367236
279841
48400
352836
442225
115600
367236
799236
896809
349281
912025
531441
170569
741321
168100
53361
786769
543169
417316
399424
60025
68644
81225
579121
250000
657721
675684
67081
680625
300304
121801
28900
412164
168100
114921
498436
20164
14641
737881
850084
334084
664225
416025
263169
568516
128164
75076
710649
762129
27889
506944
931225
20164
438244
24649
115600
133225
58564
356409
422500
219961
391876
870489
790321
194481
209764
159201
53361
958441
28561
148996
385641
887364
264196
462400
948676
960400
109561
705600
529984
630436
12769
249001
148996
312481
693889
956484
760384
474721
552049
848241
349281
440896
355216
120409
1000000
68644
474721
494209
49284
429025
27889
31684
515524
24336
657721
331776
543169
373321
62500
27556
996004
262144
908209
638401
62001
187489
15625
154449
361201
850084
452929
17956
47524
310249
21316
330625
215296
656100
781456
50625
284089
156025
537289
47961
381924
110889
221841
373321
844561
125316
268324
275625
133225
434281
326041
900601
61504
21316
499849
859329
107584
863041
543169
323761
37249
249001
859329
620944
92416
284089
54289
863041
103684
763876
912025
26896
531441
806404
431649
908209
53361
22801
281961
48400
630436
451584
36100
253009
915849
223729
77841
692224
881721
27556
51076
212521
99856
220900
26569
456976
648025
925444
960400
850084
241081
659344
894916
35344
248004
595984
152881
940900
172225
831744
251001
485809
252004
13689
846400
93636
345744
26896
22500
996004
23716
734449
111556
429025
484416
705600
25600
178929
375769
228484
403225
620944
883600
801025
60025
244036
366025
739600
525625
35721
151321
112896
665856
346921
17161
506944
169744
112896
32400
176400
452929
837225
170569
20736
870489
571536
586756
357604
268324
37249
717409
422500
17424
219024
22500
119716
169744
99856
315844
62001
36481
680625
998001
40401
439569
504100
585225
305809
244036
452929
156816
944784
224676
894916
71289
13924
222784
603729
921600
404496
611524
423801
311364
547600
204304
571536
855625
51529
367236
714025
31329
544644
62001
58564
762129
662596
114921
17424
22801
295936
83521
675684
204304
186624
202500
272484
208849
471969
625681
556516
185761
104976
77841
426409
24649
105625
76729
541696
237169
605284
94864
260100
62001
170569
434281
172225
136161
293764
990025
21025
42025
117649
51984
60516
898704
483025
71289
574564
900601
90000
649636
362404
1000000
272484
27225
55696
440896
515524
36100
218089
133225
122500
436921
20449
595984
390625
788544
729316
436921
13225
751689
187489
134689
781456
531441
672400
297025
643204
640000
146689
46656
190969
622521
14884
529984
669124
567009
115600
34225
583696
531441
958441
434281
313600
99225
78400
65025
90601
868624
298116
145924
682276
407044
29584
443556
641601
819025
32400
502681
58081
695556
17689
422500
576081
37636
410881
427716
929296
329476
50176
14161
480249
186624
680625
47089
174724
887364
904401
326041
915849
104329
695556
42849
458329
173889
521284
124609
152881
990025
11449
744769
470596
52900
15376
241081
139129
30625
129600
31329
290521
688900
547600
154449
15876
218089
980100
178084
23716
553536
326041
69169
657721
833569
55225
114244
76729
29241
695556
122500
76729
776161
442225
21609
582169
17956
96100
121104
19321
66049
10201
24964
12769
306916
592900
327184
876096
855625
336400
399424
239121
44521
145161
65536
474721
638401
219024
117649
968256
66049
813604
938961
42436
87616
817216
164836
559504
656100
67081
40401
323761
161604
501264
473344
212521
55225
176400
842724
624100
78400
217156
552049
306916
580644
935089
13689
93025
635209
389376
265225
444889
579121
417316
87025
88209
1000000
463761
697225
93636
322624
216225
724201
15876
16384
349281
322624
96721
824464
16900
158404
165649
948676
11025
751689
512656
160000
153664
603729
261121
30276
20736
74529
519841
508369
111556
767376
182329
435600
473344
362404
633616
670761
24649
173889
350464
857476
295936
391876
719104
63504
737881
478864
363609
393129
429025
829921
707281
543169
737881
144400
135424
320356
104329
17956
126736
613089
47089
859329
921600
370881
145924
259081
168100
316969
157609
196249
329476
20164
861184
123904
591361
69169
652864
538756
112896
49729
431649
625681
902500
59536
488601
180625
197136
345744
272484
258064
20164
173056
208849
26244
703921
281961
104976
998001
11664
56644
549081
53361
27556
400689
549081
654481
381924
408321
161604
274576
11236
200704
528529
44521
184041
781456
160000
674041
241081
527076
910116
649636
986049
57600
893025
163216
527076
505521
279841
994009
442225
826281
219961
664225
968256
352836
853776
78961
74529
515524
166464
63001
303601
490000
139876
736164
71289
62500
64009
147456
839056
208849
68644
425104
160801
58081
203401
117649
260100
26244
401956
69696
391876
368449
529984
929296
126736
46225
894916
164836
906304
241081
90601
840889
44944
894916
280900
579121
12769
82369
405769
366025
27889
540225
25921
16641
616225
485809
152881
123201
400689
352836
32041
443556
180625
22801
12544
59049
877969
412164
525625
247009
32761
767376
99225
327184
896809
960400
751689
913936
477481
562500
161604
687241
90601
695556
138384
881721
717409
330625
69169
469225
488601
708964
958441
253009
839056
20736
150544
71824
164025
952576
813604
378225
11664
30625
126025
842724
219024
672400
191844
537289
159201
651249
77284
96100
514089
751689
327184
518400
16641
241081
106276
265225
10816
640000
37636
863041
998001
320356
94249
737881
665856
77841
35344
334084
123201
753424
561001
817216
478864
75076
891136
925444
644809
667489
54289
68121
940900
677329
16384
779689
295936
613089
324900
144400
404496
142884
640000
608400
722500
753424
558009
11664
605284
697225
13924
69696
140625
283024
467856
44521
29584
477481
552049
579121
136161
270400
702244
831744
67081
964324
290521
36481
755161
861184
259081
395641
633616
840889
887364
439569
483025
232324
471969
21609
89401
292681
762129
63001
297025
24649
474721
580644
96721
717409
774400
777924
10201
476100
63001
379456
40000
509796
944784
14884
62001
163216
470596
138384
85264
86436
29241
20449
938961
91809
53824
294849
877969
537289
902500
381924
126025
425104
915849
674041
176400
354025
10201
705600
91204
770884
473344
117649
16641
944784
641601
292681
763876
588289
133956
312481
543169
14884
55225
231361
186624
218089
81796
106276
357604
94864
108241
121104
75625
521284
186624
104329
565504
806404
466489
173056
253009
32761
478864
896809
116281
309136
390625
521284
444889
22201
291600
300304
42025
115600
13689
760384
586756
534361
779689
641601
458329
80656
937024
96721
275625
416025
207936
644809
133225
20736
34969
925444
375769
824464
887364
73984
185761
56169
562500
625681
73984
15625
672400
10404
388129
776161
32400
474721
69696
168100
97969
410881
519841
194481
870489
772641
474721
27556
370881
515524
28561
488601
386884
748225
309136
276676
693889
108241
110224
18496
459684
279841
586756
366025
21316
755161
429025
56644
324900
687241
872356
56169
580644
10404
948676
937024
776161
976144
431649
173056
320356
343396
562500
229441
746496
316969
550564
51984
998001
619369
195364
164025
582169
592900
101124
622521
968256
16900
239121
364816
39601
61009
470596
51529
60025
309136
399424
53361
77841
225625
22801
67081
644809
529984
516961
145161
440896
16900
646416
55696
337561
690561
813604
435600
62001
678976
154449
312481
739600
114921
819025
189225
518400
842724
777924
755161
674041
354025
158404
19600
225625
69169
408321
388129
675684
748225
288369
57600
861184
34225
91809
50625
114244
891136
19881
341056
972196
48400
574564
164025
380689
160801
777924
143641
677329
20736
367236
298116
33856
267289
80089
120409
361201
842724
700569
182329
446224
474721
565504
131044
70225
125316
561001
669124
855625
244036
470596
44100
469225
87025
40401
412164
416025
589824
396900
687241
308025
292681
442225
354025
712336
97969
180625
471969
931225
283024
354025
249001
414736
27225
183184
20449
644809
748225
75076
700569
168921
469225
741321
24025
813604
524176
544644
150544
739600
86436
219024
16900
252004
769129
255025
80656
150544
24964
514089
51529
12100
71824
134689
16129
564001
315844
710649
119716
337561
876096
238144
751689
51076
515524
235225
360000
222784
815409
218089
749956
770884
370881
463761
712336
558009
739600
620944
833569
293764
749956
218089
319225
853776
36481
808201
103684
117649
318096
184041
12996
12544
168921
13456
962361
237169
205209
119716
37249
271441
214369
279841
966289
609961
284089
181476
448900
369664
33124
177241
996004
104976
121801
350464
719104
155236
16641
25921
27556
136900
135424
116281
93636
692224
504100
23716
298116
211600
22500
352836
351649
109561
85264
970225
133956
354025
675684
110889
261121
481636
42025
974169
913936
408321
106929
235225
964324
357604
338724
15376
200704
67600
573049
654481
341056
18769
223729
220900
173056
376996
729316
10404
42436
121104
42849
828100
252004
874225
400689
249001
357604
146689
559504
232324
376996
753424
948676
207025
34225
261121
166464
297025
722500
466489
700569
269361
104976
262144
966289
255025
136161
555025
50625
267289
781456
532900
22201
915849
656100
28561
52441
49284
568516
26896
178929
71289
695556
176400
395641
151321
120409
693889
36481
703921
314721
416025
24025
28900
122500
33124
571536
777924
562500
692224
887364
260100
399424
367236
21609
614656
372100
17161
280900
731025
96100
311364
161604
667489
725904
267289
257049
45369
288369
15625
346921
447561
76729
427716
316969
208849
494209
553536
14400
69169
92416
36864
223729
164025
833569
328329
172225
64009
51984
573049
622521
795664
225625
162409
141376
44521
170569
23409
264196
788544
831744
71289
199809
156025
137641
98596
802816
124609
923521
200704
245025
19321
115600
106929
546121
990025
61009
233289
243049
16900
588289
134689
327184
611524
954529
59536
952576
19600
799236
268324
760384
669124
159201
68644
16129
88209
48400
12321
36100
173056
82369
254016
817216
393129
26896
299209
58081
253009
225625
776161
17424
243049
839056
564001
46225
756900
246016
455625
707281
86436
421201
641601
640000
63504
101761
306916
69696
330625
12100
417316
984064
10000
80089
40000
389376
64009
887364
443556
192721
788544
462400
35721
260100
43681
762129
452929
257049
133225
558009
543169
101124
99225
43264
749956
692224
748225
96721
36100
680625
915849
108241
173889
859329
131769
781456
385641
408321
702244
24649
603729
866761
37636
342225
73984
126025
137641
30276
793881
87025
154449
430336
44944
632025
65536
368449
280900
690561
11664
568516
299209
534361
770884
241081
32041
178929
41616
614656
164836
487204
788544
376996
31329
692224
383161
659344
483025
109561
74529
700569
223729
659344
285156
123904
731025
21609
446224
22201
508369
250000
824464
688900
478864
978121
234256
222784
90601
150544
60516
174724
683929
72900
386884
861184
368449
549081
128164
20164
49284
52441
715716
156025
685584
462400
56169
966289
423801
405769
128164
83521
824464
743044
687241
831744
115600
739600
110889
47524
11881
185761
550564
685584
426409
228484
334084
348100
142884
45369
516961
811801
32400
504100
602176
609961
119716
211600
677329
881721
970225
80089
47524
26244
220900
459684
483025
49729
123904
640000
40401
419904
712336
67600
193600
412164
311364
14641
28561
429025
93636
121104
26569
714025
119025
297025
443556
51529
483025
580644
389376
462400
77284
142884
235225
427716
342225
309136
30625
652864
829921
986049
33856
125316
442225
180625
674041
779689
87616
118336
527076
822649
300304
249001
937024
430336
209764
670761
15376
874225
22201
480249
383161
461041
156816
171396
43264
134689
130321
254016
128164
87616
300304
559504
30276
123201
962361
105625
549081
38809
423801
255025
263169
664225
664225
758641
255025
270400
948676
501264
65536
111556
831744
101761
710649
695556
11881
802816
91809
427716
422500
516961
839056
14400
36481
51529
570025
573049
423801
27889
662596
259081
30625
826281
140625
458329
592900
332929
48841
15129
237169
765625
395641
91204
164836
648025
561001
207936
167281
281961
685584
876096
64516
262144
60516
132496
128164
180625
71824
430336
34225
203401
54289
91809
55225
110889
97969
147456
14641
535824
244036
925444
972196
75076
541696
43264
894916
123904
741321
155236
440896
597529
190969
40000
810000
256036
89401
226576
278784
724201
850084
677329
565504
235225
857476
39204
54289
425104
93025
166464
21609
574564
474721
58564
491401
702244
124609
93636
74529
88804
112225
30276
25921
128164
262144
998001
123201
163216
41209
600625
13456
25600
720801
355216
874225
383161
120409
677329
505521
389376
277729
67600
863041
272484
213444
525625
11025
688900
627264
360000
408321
602176
44944
248004
292681
680625
779689
552049
400689
422500
974169
12321
813604
12321
508369
318096
64516
39601
287296
68644
17424
40401
702244
591361
549081
287296
38025
640000
21025
110224
680625
355216
390625
93025
112896
114921
48400
822649
672400
808201
231361
185761
62001
866761
166464
352836
522729
389376
613089
288369
685584
263169
265225
722500
817216
194481
209764
222784
505521
121801
857476
338724
233289
422500
234256
243049
261121
34596
69169
935089
129600
55225
114921
133956
189225
235225
47089
366025
574564
360000
34969
476100
180625
614656
191844
136161
525625
193600
929296
586756
18225
30976
756900
872356
440896
197136
52900
381924
300304
885481
762129
35344
682276
447561
720801
245025
51076
393129
73441
76729
34969
495616
515524
534361
521284
804609
266256
625681
588289
53824
550564
31329
260100
102400
657721
255025
410881
39601
269361
332929
126025
208849
734449
372100
630436
270400
54756
266256
82369
30625
10404
170569
853776
257049
186624
174724
342225
235225
285156
937024
609961
24336
304704
608400
320356
893025
954529
281961
440896
525625
207025
198916
988036
381924
131044
56169
11025
605284
599076
101124
872356
18769
184041
160801
223729
195364
11664
52900
839056
550564
84681
762129
31684
810000
394384
14161
606841
126025
181476
273529
23716
65025
12996
43681
22801
582169
19600
541696
707281
564001
152100
799236
344569
146689
724201
352836
118336
672400
608400
767376
313600
262144
474721
44100
896809
972196
21316
152100
217156
355216
146689
714025
389376
842724
286225
462400
131044
779689
992016
331776
348100
49284
22801
483025
553536
248004
790321
528529
654481
286225
291600
215296
295936
302500
139129
390625
442225
613089
15625
495616
10816
27889
306916
474721
180625
683929
419904
896809
915849
116281
237169
705600
736164
300304
351649
652864
368449
29929
326041
41616
118336
234256
777924
10816
354025
499849
921600
54756
820836
497025
172225
142129
982081
509796
770884
97344
819025
144400
573049
669124
367236
840889
248004
116281
120409
279841
225625
431649
665856
574564
94864
271441
962361
341056
280900
79524
779689
743044
152100
725904
915849
283024
674041
781456
964324
36100
876096
66564
585225
427716
144400
490000
627264
237169
769129
562500
33489
853776
373321
488601
438244
904401
148996
122500
409600
990025
342225
178084
339889
283024
632025
887364
125316
66049
11881
142129
137641
115600
439569
43681
786769
717409
199809
538756
954529
17161
299209
97344
198025
627264
275625
19600
295936
395641
885481
237169
990025
470596
310249
102400
431649
620944
108241
848241
19881
69696
125316
10000
43681
660969
839056
78400
670761
168100
19600
404496
242064
795664
580644
996004
43681
16384
111556
881721
408321
45369
491401
480249
12544
822649
362404
417316
226576
960400
319225
450241
11664
942841
222784
69169
27225
157609
534361
220900
22201
850084
336400
996004
835396
559504
797449
777924
495616
31329
22801
589824
73984
958441
786769
763876
346921
128881
431649
390625
27225
635209
64516
559504
148225
17161
458329
591361
281961
501264
662596
491401
64516
38416
643204
260100
60516
682276
211600
34225
197136
310249
558009
172225
146689
180625
559504
243049
703921
24336
91809
240100
695556
268324
21316
15376
133225
280900
136900
96721
36864
192721
455625
28561
447561
956484
164025
786769
102400
148225
680625
430336
354025
209764
861184
407044
617796
11449
904401
113569
381924
541696
18769
139876
129600
416025
20164
277729
24964
751689
619369
65536
431649
94249
408321
492804
51076
10000
272484
725904
69696
81225
591361
606841
444889
372100
729316
310249
769129
444889
195364
208849
425104
919681
12321
32400
484416
97969
801025
369664
173056
162409
912025
222784
866761
799236
413449
71289
891136
998001
583696
391876
189225
802816
70756
288369
381924
893025
756900
594441
682276
657721
309136
868624
423801
42025
685584
135424
988036
103684
50625
322624
163216
810000
883600
193600
592900
495616
69696
275625
198916
56644
826281
145161
254016
123904
729316
700569
540225
710649
819025
67081
216225
571536
174724
148996
11449
850084
12100
483025
422500
582169
515524
18769
214369
426409
21316
478864
434281
225625
870489
360000
374544
17689
480249
660969
10404
395641
53824
76176
141376
436921
87025
225625
274576
917764
641601
17689
693889
44521
806404
206116
202500
527076
423801
254016
24649
148996
11236
751689
29929
55225
712336
356409
64009
819025
97344
801025
12100
297025
982081
383161
166464
419904
23716
141376
13689
188356
378225
628849
447561
354025
712336
66564
10000
574564
770884
595984
222784
682276
57121
850084
61009
327184
164836
664225
127449
72361
254016
627264
362404
799236
700569
118336
133956
95481
90601
412164
19881
78961
919681
667489
60516
795664
519841
628849
334084
390625
102400
434281
11881
589824
138384
22500
893025
30276
93636
171396
109561
461041
38809
104329
265225
121104
150544
253009
47961
352836
913936
291600
708964
804609
674041
298116
498436
236196
60025
11664
844561
664225
288369
170569
954529
462400
250000
293764
385641
606841
719104
564001
573049
398161
866761
1000000
121801
248004
483025
315844
88804
44944
625681
105625
19044
136161
680625
237169
678976
253009
657721
519841
171396
101124
488601
10000
251001
429025
336400
63504
56644
866761
246016
786769
946729
774400
283024
456976
760384
55225
44521
962361
41209
272484
41616
925444
291600
990025
44521
746496
111556
76176
640000
87616
184041
299209
925444
755161
106276
741321
361201
820836
859329
93025
36100
60025
138384
690561
10609
708964
319225
252004
178929
40000
470596
731025
515524
247009
595984
110889
399424
649636
705600
259081
580644
446224
477481
120409
34969
586756
276676
586756
12996
32041
281961
720801
178929
136161
364816
389376
116281
15376
244036
112225
319225
10000
121104
220900
313600
30625
38416
304704
67600
150544
227529
720801
98596
435600
372100
559504
65536
14161
142129
104976
23104
19044
16641
508369
101124
988036
364816
293764
702244
36100
417316
465124
844561
324900
112225
259081
994009
85264
708964
988036
866761
898704
128881
425104
357604
739600
220900
902500
294849
96100
439569
38416
439569
334084
108241
416025
83521
287296
477481
613089
10000
755161
519841
50625
447561
149769
956484
412164
940900
570025
175561
185761
118336
532900
219024
586756
616225
87025
617796
781456
564001
864900
574564
908209
142884
19881
22500
737881
534361
28224
408321
12769
37636
33489
168100
273529
246016
297025
344569
218089
439569
20449
485809
15876
32761
21904
20164
760384
257049
527076
16641
190096
388129
946729
703921
123201
10609
822649
237169
29929
698896
863041
483025
15876
198025
19600
12996
398161
295936
270400
51076
361201
321489
710649
238144
944784
912025
20736
567009
546121
541696
36100
116964
241081
616225
252004
223729
855625
139129
70756
320356
136900
859329
438244
233289
461041
501264
972196
732736
64516
134689
142129
455625
54289
386884
149769
11664
990025
574564
288369
950625
558009
114244
293764
348100
614656
904401
741321
616225
232324
352836
495616
756900
228484
350464
558009
253009
443556
46225
842724
622521
108900
36481
145161
48841
96721
160000
78400
202500
950625
833569
143641
276676
20164
751689
444889
597529
22801
190096
65536
714025
226576
179776
106276
123904
273529
46225
156816
935089
893025
144400
136900
289444
46225
589824
516961
758641
442225
241081
555025
680625
677329
606841
14641
11449
585225
859329
707281
301401
373321
91809
275625
462400
94249
151321
339889
300304
143641
998001
786769
670761
80089
367236
110889
106929
61504
491401
565504
495616
910116
574564
51076
306916
94249
161604
667489
310249
556516
725904
346921
933156
12100
777924
141376
35344
20736
235225
600625
568516
207936
100489
17956
595984
49284
877969
378225
952576
417316
194481
910116
702244
374544
78961
174724
537289
516961
727609
117649
853776
191844
12544
84100
260100
48841
839056
792100
50625
178929
145161
627264
67600
100489
436921
314721
597529
400689
136900
912025
403225
204304
257049
534361
46656
483025
724201
61009
97344
50176
367236
864900
47524
552049
134689
142129
295936
57600
455625
23409
310249
719104
248004
355216
940900
559504
303601
393129
366025
193600
278784
499849
558009
329476
60516
115600
879844
173056
455625
254016
85264
74529
332929
369664
72361
246016
741321
189225
811801
452929
35344
127449
315844
410881
40000
361201
172225
501264
303601
199809
654481
990025
984064
63504
93025
95481
181476
190096
80656
51076
864900
90000
152100
58564
92416
19321
53824
643204
915849
435600
223729
485809
447561
471969
595984
624100
183184
632025
370881
67081
369664
277729
348100
268324
966289
263169
122500
256036
546121
893025
176400
14400
153664
52441
802816
793881
506944
674041
222784
131044
534361
570025
512656
427716
92416
66564
483025
717409
31684
76176
31329
739600
751689
435600
274576
508369
815409
403225
379456
518400
173889
350464
219961
564001
815409
88804
734449
105625
874225
95481
351649
974169
249001
36481
207025
781456
156816
207936
640000
988036
44100
85849
219961
236196
354025
367236
837225
982081
126025
25600
17956
102400
393129
438244
956484
801025
628849
942841
501264
448900
159201
737881
908209
722500
628849
760384
292681
342225
758641
467856
119716
388129
693889
84100
284089
844561
20736
18496
633616
737881
946729
772641
12321
586756
70756
367236
416025
214369
262144
173889
872356
143641
657721
59536
80656
29584
802816
614656
47524
25600
52900
46225
10816
659344
172225
490000
636804
401956
544644
368449
173056
77841
112896
698896
431649
304704
450241
665856
10404
383161
313600
549081
205209
224676
810000
469225
861184
774400
15876
925444
635209
152881
137641
153664
51984
874225
189225
516961
998001
54756
42436
31684
698896
22201
65025
247009
110889
272484
324900
824464
609961
40401
45796
361201
88804
36864
66049
339889
158404
815409
418609
485809
56169
137641
33124
161604
56644
62500
342225
729316
121801
159201
144400
806404
328329
32761
61009
749956
161604
164025
491401
202500
230400
159201
994009
861184
609961
552049
105625
100489
235225
343396
426409
938961
534361
419904
423801
344569
116281
422500
142129
114921
466489
874225
776161
866761
230400
112225
277729
128164
455625
238144
84681
36864
678976
535824
285156
315844
238144
219961
56169
672400
10404
58564
168921
241081
646416
627264
25600
11025
917764
833569
93025
511225
638401
386884
488601
940900
278784
145924
720801
744769
763876
400689
49284
693889
40000
84100
53824
866761
218089
893025
431649
26569
123904
164836
597529
226576
889249
810000
25281
579121
127449
10816
22500
627264
128881
427716
153664
429025
133225
237169
39601
391876
149769
972196
680625
125316
408321
958441
24336
61504
12321
81796
546121
249001
309136
316969
518400
226576
527076
47089
62001
372100
208849
204304
586756
110224
966289
349281
145924
63001
917764
28224
29584
559504
354025
746496
644809
53361
422500
268324
861184
289444
344569
166464
744769
779689
438244
613089
656100
425104
312481
97344
291600
597529
638401
494209
432964
193600
521284
17161
515524
99225
142884
344569
235225
334084
86436
289444
731025
315844
962361
982081
277729
654481
688900
200704
440896
330625
495616
664225
962361
269361
28224
811801
136161
885481
45369
203401
297025
853776
261121
33856
986049
41209
921600
478864
717409
478864
318096
942841
126025
29929
51984
797449
630436
214369
85849
703921
574564
79524
12769
76176
312481
401956
197136
38809
921600
150544
21316
817216
119716
996004
63504
275625
20736
829921
99225
715716
23716
473344
313600
80656
137641
243049
863041
98596
254016
108900
401956
579121
494209
602176
186624
102400
646416
14400
66049
36481
913936
90601
331776
104329
487204
861184
751689
616225
828100
422500
358801
47961
318096
26896
135424
923521
34969
128881
21609
29241
101124
994009
677329
703921
574564
208849
362404
132496
374544
65025
657721
28900
138384
605284
719104
194481
31329
28224
531441
46656
808201
656100
667489
617796
106929
675684
609961
850084
622521
788544
737881
12996
288369
592900
842724
90601
67081
163216
345744
80089
826281
792100
156816
388129
381924
326041
316969
591361
206116
576081
817216
558009
339889
682276
32761
24336
62500
528529
32761
81225
619369
220900
565504
90000
362404
765625
846400
96100
67081
181476
14884
36864
60516
659344
268324
664225
543169
33856
191844
257049
35344
338724
697225
140625
412164
727609
145924
732736
27556
43264
968256
85849
986049
546121
870489
58564
398161
763876
966289
734449
553536
168921
216225
265225
628849
118336
743044
15625
160801
831744
22500
26244
948676
863041
23104
179776
74529
636804
61009
19881
571536
624100
840889
628849
190096
14641
499849
487204
112896
577600
12996
725904
556516
309136
25600
145924
476100
488601
938961
139129
13456
316969
844561
421201
857476
44521
722500
89401
602176
15129
164836
528529
635209
534361
90000
541696
379456
67600
990025
544644
698896
984064
125316
968256
199809
850084
12544
99225
12769
541696
535824
272484
683929
129600
47524
285156
915849
910116
360000
123201
34225
651249
815409
273529
17161
23716
476100
312481
369664
363609
403225
996004
381924
700569
342225
361201
36100
483025
580644
879844
923521
562500
368449
413449
55696
276676
702244
17161
532900
136161
605284
958441
824464
220900
199809
184900
372100
132496
438244
599076
765625
577600
664225
185761
193600
47961
27889
249001
436921
96721
829921
525625
893025
28561
731025
326041
185761
628849
108241
57121
76176
447561
57121
528529
625681
10816
341056
599076
62500
703921
998001
13225
85849
38809
60516
13456
358801
81225
695556
15376
160801
31684
820836
613089
400689
153664
682276
124609
23104
404496
583696
82944
102400
379456
948676
703921
506944
174724
44521
137641
54756
90601
348100
396900
968256
866761
147456
467856
284089
357604
38809
906304
223729
795664
923521
518400
498436
13689
670761
168100
751689
301401
120409
148225
243049
925444
119025
521284
18496
463761
174724
249001
498436
444889
255025
209764
870489
421201
194481
774400
948676
643204
571536
910116
176400
373321
354025
339889
207025
145924
72361
278784
55696
595984
341056
717409
857476
241081
980100
15376
14400
76176
133225
43264
153664
84100
938961
851929
467856
617796
407044
739600
316969
242064
338724
810000
290521
288369
525625
24025
546121
567009
98596
99856
116964
72361
104976
729316
483025
883600
293764
788544
99225
458329
12996
640000
538756
138384
300304
762129
162409
384400
644809
664225
763876
543169
90000
688900
588289
130321
108241
261121
41209
182329
299209
635209
154449
198916
181476
61504
338724
609961
485809
389376
68121
254016
746496
401956
404496
143641
186624
304704
432964
813604
258064
508369
315844
550564
57121
100489
683929
461041
344569
159201
303601
327184
283024
155236
665856
277729
606841
707281
974169
191844
369664
524176
275625
717409
829921
374544
588289
599076
252004
300304
315844
264196
107584
562500
792100
139876
55225
419904
17424
22201
257049
996004
600625
258064
606841
537289
820836
859329
859329
724201
101124
861184
27225
229441
447561
960400
300304
166464
337561
529984
988036
262144
145924
600625
14884
416025
264196
143641
332929
300304
866761
227529
501264
15876
817216
64009
254016
602176
302500
613089
423801
394384
356409
461041
925444
36481
692224
308025
446224
509796
558009
16641
169744
163216
455625
393129
562500
315844
218089
853776
241081
29929
239121
724201
67600
638401
210681
110889
602176
831744
628849
66049
66564
86436
23409
111556
249001
744769
14400
336400
200704
427716
154449
293764
401956
151321
79524
12100
879844
145924
776161
104976
670761
417316
310249
952576
893025
378225
168921
960400
891136
293764
714025
594441
481636
14884
21609
11236
195364
698896
184900
772641
896809
996004
184041
226576
515524
391876
68644
177241
24336
784996
492804
174724
465124
261121
363609
312481
848241
139876
173889
466489
866761
170569
10816
429025
17161
53361
133956
229441
465124
125316
900601
813604
38025
118336
373321
24336
35721
156025
57121
447561
198916
84681
622521
129600
112896
737881
332929
232324
86436
72361
233289
605284
87616
69169
580644
168921
367236
72361
452929
736164
182329
19881
91204
127449
166464
944784
429025
512656
77841
33489
339889
904401
454276
471969
139876
30625
116281
443556
189225
350464
231361
21904
559504
90000
116964
36100
894916
760384
318096
644809
341056
17689
48400
710649
58564
404496
509796
305809
341056
105625
528529
53361
521284
469225
68644
395641
91204
842724
396900
480249
320356
15876
63504
793881
112896
980100
857476
135424
77284
499849
345744
331776
181476
78961
342225
117649
287296
900601
304704
389376
116281
765625
84100
594441
309136
120409
488601
772641
68121
183184
143641
111556
470596
23104
649636
207025
172225
110224
68644
732736
322624
102400
815409
669124
594441
753424
80656
904401
204304
24964
950625
968256
511225
450241
937024
178929
164025
734449
25600
732736
11881
203401
206116
26569
182329
564001
187489
155236
73441
39204
861184
606841
729316
471969
576081
998001
59536
364816
966289
430336
544644
147456
36100
588289
588289
18496
594441
687241
304704
72900
34969
157609
27556
232324
962361
25921
14884
91809
70756
863041
212521
197136
110889
136900
567009
992016
29929
233289
301401
182329
635209
174724
203401
12544
614656
12321
697225
876096
21904
423801
600625
646416
207936
925444
463761
769129
948676
167281
24025
962361
281961
904401
859329
667489
29929
883600
606841
235225
781456
34225
829921
872356
833569
403225
670761
20449
839056
236196
262144
103684
535824
41209
896809
579121
896809
28224
43681
72361
664225
906304
439569
456976
755161
44944
95481
304704
52441
80089
180625
649636
281961
414736
275625
240100
521284
88804
851929
583696
444889
16384
85264
80089
729316
164836
940900
929296
576081
381924
455625
481636
603729
540225
183184
375769
77841
73441
944784
383161
199809
268324
72361
883600
303601
609961
643204
403225
89401
93636
461041
608400
538756
454276
30276
384400
501264
859329
262144
984064
774400
444889
75076
345744
725904
15625
157609
32400
659344
27889
136900
717409
370881
199809
478864
592900
308025
837225
232324
205209
164836
662596
278784
26896
241081
443556
101761
160801
120409
783225
91204
241081
628849
34969
241081
279841
106276
501264
369664
49284
829921
753424
708964
255025
197136
18225
400689
540225
27889
234256
384400
605284
984064
287296
304704
822649
760384
110224
320356
894916
98596
79524
94864
323761
361201
82944
40401
737881
149769
609961
40401
115600
669124
258064
85849
797449
944784
338724
535824
944784
193600
908209
355216
534361
104976
335241
876096
360000
183184
876096
24336
678976
148996
777924
474721
226576
619369
435600
191844
330625
589824
758641
426409
22801
29241
273529
334084
690561
786769
407044
96100
24649
710649
942841
912025
270400
372100
84681
367236
30276
367236
51529
469225
345744
470596
59049
63504
81796
636804
70225
910116
388129
57121
260100
53824
42025
236196
110224
23716
879844
822649
39204
238144
219024
128881
271441
360000
470596
204304
235225
628849
561001
448900
654481
744769
394384
23409
24025
262144
236196
290521
134689
695556
760384
101761
110889
935089
290521
129600
240100
868624
97344
85849
613089
233289
980100
77284
216225
442225
597529
606841
509796
466489
21904
504100
22500
611524
15625
86436
707281
39204
23104
11025
146689
409600
45369
245025
26244
145161
84681
36100
525625
255025
651249
374544
11236
529984
212521
659344
346921
194481
881721
657721
815409
314721
978121
364816
568516
330625
199809
937024
490000
356409
203401
278784
498436
305809
284089
11449
50176
470596
992016
172225
720801
685584
410881
195364
234256
385641
22801
18496
538756
56169
129600
670761
322624
288369
57600
183184
935089
327184
683929
776161
463761
78961
274576
328329
22801
341056
395641
249001
279841
232324
130321
863041
77841
829921
20736
126025
389376
864900
244036
274576
64009
508369
12996
11236
229441
93636
405769
209764
270400
534361
96721
42436
577600
35721
719104
844561
23716
112896
337561
632025
67081
36481
90000
45369
341056
249001
358801
83521
580644
311364
555025
54756
24964
10201
67081
840889
853776
799236
320356
872356
193600
640000
66564
729316
206116
944784
12321
155236
198025
95481
22801
110889
107584
540225
156025
921600
842724
134689
917764
191844
409600
14641
36481
648025
471969
739600
154449
107584
52441
466489
452929
39204
89401
36864
976144
239121
525625
319225
160801
529984
250000
121104
245025
304704
462400
672400
168100
923521
664225
231361
474721
811801
181476
179776
831744
683929
558009
444889
806404
902500
364816
695556
152100
329476
77841
24649
182329
444889
378225
58081
39204
290521
986049
753424
438244
100489
648025
954529
85264
400689
126025
774400
48400
24336
582169
910116
84100
380689
12769
885481
788544
14884
421201
342225
320356
236196
121801
199809
225625
595984
16641
68121
616225
384400
613089
265225
149769
923521
274576
342225
113569
488601
71824
170569
498436
641601
375769
311364
127449
822649
12996
822649
274576
61504
182329
770884
528529
348100
722500
255025
48841
262144
38416
529984
10404
240100
269361
85849
97969
161604
249001
164025
14400
119716
276676
101124
32761
150544
212521
521284
824464
477481
538756
160801
405769
996004
178929
620944
290521
54756
685584
24336
16641
361201
18225
58081
30625
396900
82369
49284
734449
110889
319225
456976
896809
334084
207025
173889
848241
921600
624100
208849
259081
70225
184041
625681
199809
861184
944784
511225
350464
801025
30625
334084
262144
295936
11449
103041
276676
57121
644809
24649
444889
737881
110889
952576
189225
434281
22500
396900
24025
311364
938961
649636
250000
933156
33124
802816
313600
986049
48400
95481
258064
10404
17161
269361
14884
254016
27889
64516
87616
476100
139876
327184
27225
182329
958441
12769
409600
715716
564001
366025
627264
67081
527076
389376
93025
71824
12996
69696
31684
42025
13689
767376
720801
241081
121801
982081
99856
870489
195364
446224
881721
155236
467856
804609
813604
141376
384400
739600
64516
367236
22201
294849
319225
42849
384400
46656
292681
485809
656100
36100
741321
168100
20449
99225
314721
877969
746496
74529
168921
22500
443556
887364
35721
147456
799236
203401
393129
250000
335241
175561
33489
111556
531441
234256
18225
55696
619369
714025
102400
683929
974169
688900
565504
29929
501264
423801
851929
123904
514089
47089
27225
175561
910116
522729
502681
143641
75076
648025
64009
95481
337561
33489
178929
483025
950625
59049
80656
448900
413449
36481
100489
33489
160801
30625
69696
292681
309136
156025
828100
416025
579121
61009
215296
350464
104976
281961
461041
948676
64009
268324
184900
401956
436921
147456
753424
137641
334084
968256
595984
37636
950625
190096
254016
483025
11881
68121
56169
797449
837225
126025
717409
60025
833569
185761
857476
440896
85849
84100
10201
685584
972196
582169
183184
767376
351649
923521
230400
980100
893025
820836
312481
720801
42849
19044
529984
40401
675684
474721
50176
864900
509796
54756
168100
11664
163216
109561
304704
597529
55225
801025
247009
304704
33124
514089
628849
385641
550564
586756
24649
18225
213444
654481
332929
476100
383161
105625
498436
222784
83521
368449
662596
657721
559504
795664
511225
525625
51076
57600
26896
727609
117649
298116
363609
37249
128881
970225
128881
436921
942841
244036
375769
968256
37636
813604
118336
258064
648025
461041
206116
87616
927369
904401
412164
205209
537289
103041
156025
660969
105625
19321
976144
777924
111556
17161
660969
511225
56644
471969
968256
556516
52441
15625
37249
18769
16900
308025
281961
284089
364816
87025
736164
63504
219024
44944
447561
218089
148996
635209
161604
189225
154449
829921
10000
469225
471969
24025
917764
436921
538756
680625
190096
788544
992016
89401
126736
980100
65025
54289
12321
263169
197136
792100
813604
216225
894916
85264
108241
811801
292681
656100
99225
398161
130321
172225
734449
82369
786769
512656
678976
487204
17161
370881
426409
362404
763876
996004
88804
984064
132496
26896
40401
51076
51529
933156
18225
829921
407044
77841
611524
339889
381924
772641
199809
20164
784996
226576
879844
129600
562500
174724
52441
14161
47524
874225
508369
164836
145161
101761
976144
118336
44944
238144
275625
154449
342225
828100
11025
96721
77841
251001
15376
667489
137641
256036
329476
76729
47961
27556
140625
148225
253009
372100
61009
418609
148225
321489
751689
16384
36864
384400
553536
988036
528529
253009
602176
196249
887364
511225
13225
611524
564001
438244
314721
297025
269361
381924
34225
95481
251001
300304
197136
522729
84100
784996
91809
145924
47961
178084
687241
242064
176400
330625
70225
861184
968256
399424
717409
27889
326041
521284
996004
595984
39204
33856
59049
22500
31329
275625
110889
50176
879844
717409
515524
78400
245025
312481
19881
463761
100489
65536
665856
440896
509796
994009
414736
515524
669124
868624
925444
19321
198916
488601
549081
235225
917764
381924
80656
22801
145924
915849
619369
906304
146689
220900
562500
101124
13924
571536
20449
91204
469225
141376
301401
383161
690561
161604
570025
91809
73984
736164
210681
980100
595984
17161
552049
763876
719104
25921
662596
10201
769129
760384
512656
292681
648025
412164
682276
121801
11881
238144
257049
613089
611524
516961
96721
230400
99225
93025
558009
97344
118336
950625
672400
91809
114244
579121
180625
662596
343396
874225
297025
185761
436921
674041
82944
70225
13456
65025
158404
802816
250000
61009
65025
30276
17424
194481
33489
855625
813604
586756
442225
49284
872356
187489
352836
22201
685584
409600
32400
978121
184041
266256
112896
106276
846400
39601
826281
142884
659344
379456
26569
942841
622521
762129
172225
736164
490000
808201
155236
412164
40804
119716
84681
725904
756900
215296
10609
264196
101124
116281
148996
970225
55225
145161
222784
252004
739600
784996
309136
665856
408321
145161
173889
521284
525625
583696
790321
24025
388129
97969
483025
94864
204304
280900
962361
308025
538756
466489
138384
235225
833569
233289
521284
192721
290521
458329
458329
86436
906304
44944
501264
257049
71289
656100
753424
473344
851929
570025
710649
203401
952576
217156
976144
26896
683929
374544
452929
239121
148225
366025
77841
267289
291600
714025
62001
586756
161604
748225
212521
516961
121104
622521
193600
808201
546121
246016
63001
954529
154449
443556
22801
605284
850084
151321
381924
921600
28900
662596
24649
223729
25921
356409
23409
736164
88804
543169
318096
97344
76176
126736
656100
12769
255025
68121
734449
810000
501264
293764
240100
25281
393129
50176
672400
115600
456976
46225
540225
244036
168100
324900
222784
121104
272484
439569
53361
234256
833569
23409
108900
72900
379456
13225
142884
118336
426409
12321
640000
146689
74529
702244
799236
124609
40804
788544
765625
855625
47089
619369
73441
99856
312481
119025
111556
255025
580644
275625
381924
220900
284089
77284
146689
490000
958441
452929
208849
369664
213444
198025
781456
206116
463761
756900
938961
302500
272484
133225
900601
190096
91809
753424
56644
88804
703921
582169
883600
649636
646416
35721
36100
150544
76176
495616
163216
432964
527076
379456
71289
451584
40804
143641
968256
509796
255025
47089
388129
469225
230400
670761
527076
33856
444889
680625
293764
478864
134689
891136
597529
611524
522729
568516
458329
529984
19881
355216
148996
600625
168100
405769
737881
88804
372100
46656
188356
448900
258064
267289
39204
385641
970225
143641
737881
85849
139129
624100
293764
440896
719104
10000
315844
487204
67081
189225
223729
106276
27225
638401
25281
152100
736164
26244
87616
564001
193600
253009
152881
644809
731025
24649
786769
80656
338724
648025
538756
801025
801025
210681
192721
189225
11236
51984
810000
431649
78961
900601
846400
299209
602176
746496
487204
641601
553536
112225
837225
998001
131044
446224
842724
147456
186624
490000
872356
290521
133956
111556
776161
190969
75625
419904
935089
613089
254016
409600
363609
649636
846400
14641
646416
121801
106276
401956
535824
524176
577600
784996
12544
605284
781456
970225
24025
18496
64516
762129
646416
187489
898704
937024
174724
933156
107584
804609
33489
219024
772641
11881
360000
33489
23716
361201
112896
410881
152881
765625
685584
491401
112225
398161
58081
893025
199809
379456
25600
248004
630436
454276
427716
171396
410881
230400
58081
567009
795664
455625
308025
210681
777924
243049
337561
498436
80089
628849
65536
58081
22201
760384
423801
815409
361201
819025
403225
28561
597529
47961
427716
407044
801025
657721
30276
289444
18225
35344
964324
483025
925444
844561
611524
35344
516961
705600
143641
444889
314721
837225
793881
753424
170569
390625
311364
132496
47961
558009
103684
381924
20736
59536
11449
594441
110889
76729
499849
133225
599076
212521
281961
448900
70225
488601
262144
237169
50176
58081
835396
824464
103041
129600
99856
511225
646416
47524
168100
49729
906304
755161
170569
207025
724201
171396
700569
39601
76729
946729
564001
31684
354025
43681
200704
660969
13689
381924
90601
279841
253009
313600
64516
948676
196249
697225
448900
153664
274576
335241
774400
824464
786769
58564
361201
487204
56169
240100
964324
189225
795664
588289
170569
92416
80656
111556
358801
215296
65025
707281
956484
781456
328329
329476
670761
106929
35721
29929
103041
687241
940900
577600
290521
245025
368449
627264
302500
17689
419904
42849
958441
322624
339889
207025
71824
553536
78400
25281
274576
91204
456976
306916
54756
567009
760384
41209
23716
692224
176400
32761
244036
469225
10609
250000
20449
33489
863041
400689
211600
608400
444889
515524
173056
306916
30625
372100
736164
672400
748225
75625
667489
446224
401956
458329
59536
697225
103041
55696
550564
727609
724201
141376
636804
139129
24649
63001
178084
357604
123201
160000
218089
281961
741321
891136
672400
22500
118336
85849
134689
819025
611524
15376
64009
104329
51984
851929
908209
793881
275625
439569
381924
375769
33124
43681
173889
158404
306916
840889
90601
891136
846400
99225
552049
505521
12544
15876
318096
470596
562500
558009
378225
106276
86436
308025
741321
644809
335241
164836
831744
857476
702244
162409
786769
540225
556516
833569
774400
38025
398161
14884
784996
85849
10201
51984
358801
160801
515524
19600
64009
64009
459684
71289
638401
335241
378225
316969
45796
524176
177241
303601
37249
258064
656100
556516
695556
504100
281961
13689
10201
743044
331776
203401
442225
70225
133225
396900
86436
434281
597529
42025
198025
51984
915849
535824
168921
524176
33856
99856
27889
795664
921600
561001
29241
29584
55696
535824
279841
211600
419904
586756
71824
252004
881721
208849
379456
195364
893025
184041
37636
205209
465124
312481
87025
51076
222784
24649
635209
174724
833569
900601
266256
829921
409600
44944
17956
784996
94249
345744
144400
259081
933156
300304
399424
45369
190096
139129
481636
17956
13456
617796
106929
521284
11664
166464
53824
115600
966289
189225
758641
133225
462400
891136
544644
929296
80089
564001
116964
321489
93025
369664
60516
831744
62500
760384
628849
819025
448900
964324
866761
71824
992016
69169
173889
130321
417316
864900
46225
790321
15876
692224
518400
81225
492804
608400
762129
150544
597529
727609
804609
358801
423801
292681
988036
682276
275625
259081
35344
91809
20736
135424
42849
756900
746496
21609
229441
35721
170569
651249
187489
17424
54756
260100
76729
10201
801025
124609
129600
935089
241081
262144
480249
956484
364816
383161
992016
988036
714025
582169
837225
198916
531441
112225
62500
205209
65025
19044
211600
62001
71824
801025
627264
850084
269361
21025
301401
393129
21025
813604
86436
50176
524176
390625
226576
638401
820836
257049
142129
502681
115600
133225
255025
31684
820836
362404
245025
247009
72900
651249
431649
801025
923521
138384
351649
114244
550564
483025
222784
269361
30276
872356
767376
181476
846400
116281
39601
497025
687241
23716
163216
15625
917764
23409
125316
68121
87025
622521
350464
109561
558009
656100
283024
10816
893025
17689
176400
68644
16384
919681
729316
946729
170569
876096
80656
61009
335241
165649
363609
935089
461041
18769
622521
675684
334084
417316
485809
207025
284089
19881
208849
455625
166464
55225
67600
315844
20736
89401
40000
669124
374544
498436
314721
56644
66564
516961
221841
432964
348100
229441
83521
106276
57121
795664
301401
73441
657721
369664
822649
725904
220900
375769
605284
67081
95481
24649
328329
242064
68121
732736
34225
597529
692224
106929
793881
72361
113569
180625
383161
675684
244036
467856
697225
748225
150544
134689
220900
792100
48841
839056
923521
28561
848241
674041
461041
15625
94249
976144
60025
146689
714025
859329
25281
130321
98596
829921
529984
165649
179776
964324
543169
277729
719104
394384
77284
343396
998001
619369
154449
720801
669124
153664
272484
103041
980100
80656
17424
224676
41209
15876
915849
688900
199809
316969
269361
88804
55696
698896
153664
47524
374544
27225
35344
828100
90601
260100
114244
92416
921600
117649
290521
304704
683929
693889
998001
39204
18225
178929
687241
152881
43264
251001
980100
576081
492804
404496
753424
132496
528529
97969
97969
308025
41209
614656
129600
227529
228484
527076
233289
52900
159201
793881
106929
334084
194481
440896
583696
386884
18769
756900
14641
25600
207936
498436
259081
361201
781456
389376
36481
22500
101761
280900
48841
986049
599076
294849
426409
407044
14884
104976
21904
669124
306916
556516
65025
788544
14400
78400
229441
435600
717409
183184
12321
423801
304704
24336
952576
547600
290521
948676
891136
502681
919681
589824
846400
603729
724201
13689
583696
10816
921600
32400
817216
378225
346921
256036
511225
30625
111556
106929
20449
239121
743044
582169
915849
116281
552049
33489
310249
42849
861184
461041
315844
231361
76176
769129
207936
950625
400689
958441
47524
603729
278784
826281
10000
562500
37249
197136
162409
330625
972196
40401
398161
600625
315844
310249
362404
505521
336400
367236
245025
298116
25600
151321
74529
705600
39601
13456
893025
30625
44944
917764
14161
39601
851929
456976
24964
200704
165649
322624
71289
13456
12321
822649
271441
891136
478864
52441
643204
24649
31684
804609
116281
409600
254016
185761
736164
777924
603729
565504
21904
169744
851929
454276
40401
188356
649636
83521
86436
664225
40401
25281
219024
767376
126736
33124
147456
58564
27556
44944
18769
788544
274576
173889
260100
268324
544644
117649
13689
386884
792100
232324
570025
193600
758641
58081
171396
13225
321489
115600
56644
260100
729316
31684
391876
190969
534361
946729
72900
390625
889249
14161
815409
891136
100489
79524
271441
529984
729316
44521
374544
972196
494209
103041
576081
737881
667489
984064
474721
77841
842724
414736
616225
492804
264196
396900
81796
409600
497025
152100
972196
42436
189225
654481
1000000
927369
356409
47524
74529
828100
674041
868624
311364
196249
350464
252004
299209
22801
473344
42849
114244
62500
173056
487204
968256
788544
171396
446224
122500
844561
112896
70756
49284
288369
211600
123904
133225
857476
217156
636804
600625
150544
139876
896809
430336
82369
921600
724201
960400
952576
37249
304704
134689
952576
35721
929296
38025
287296
755161
40000
148996
119716
541696
474721
591361
974169
670761
61504
669124
722500
866761
51529
153664
376996
53824
829921
231361
190969
67600
152100
56644
22801
82369
216225
27889
998001
12544
116281
674041
509796
427716
553536
29241
385641
399424
254016
52900
743044
799236
244036
29241
81225
66049
944784
77284
67600
256036
342225
225625
463761
906304
36481
11449
320356
400689
227529
559504
1000000
817216
410881
41209
12321
146689
659344
463761
383161
508369
717409
93636
285156
133956
199809
29241
23716
311364
39601
683929
254016
582169
418609
648025
168921
321489
220900
198916
27556
463761
80089
471969
544644
260100
207936
370881
112896
151321
37636
680625
290521
178084
300304
217156
935089
846400
956484
319225
110889
225625
356409
462400
338724
133956
876096
61504
498436
92416
385641
499849
630436
585225
375769
511225
319225
547600
33856
758641
810000
104329
966289
20449
122500
417316
519841
30276
454276
937024
230400
302500
462400
150544
34596
195364
205209
361201
450241
855625
822649
61009
92416
202500
439569
492804
49284
173056
693889
32400
14400
84681
244036
171396
422500
938961
182329
52441
46656
18769
864900
927369
442225
589824
22500
144400
160000
10000
24336
887364
438244
12100
583696
722500
178084
211600
375769
51076
110889
797449
104329
712336
358801
902500
338724
194481
285156
559504
927369
160000
659344
313600
18225
404496
810000
224676
19044
292681
568516
874225
156025
12321
202500
61504
925444
15376
369664
50176
556516
556516
23716
173889
36100
23409
89401
877969
120409
990025
261121
751689
632025
817216
246016
292681
184900
739600
617796
103041
338724
540225
744769
40401
149769
45369
125316
332929
75076
23409
386884
15129
17161
480249
822649
161604
106929
846400
810000
40000
889249
466489
183184
364816
250000
976144
136161
177241
835396
822649
67600
106276
14884
246016
209764
37249
12769
111556
17161
63001
119716
483025
59536
921600
763876
43264
656100
37636
23409
82369
80656
378225
674041
114244
485809
304704
31684
238144
494209
101761
47089
990025
79524
201601
205209
725904
774400
30976
76176
577600
62001
47961
580644
80656
94249
459684
627264
714025
378225
988036
714025
26244
772641
833569
27556
767376
431649
427716
474721
606841
403225
78961
851929
30276
63504
665856
786769
116964
158404
138384
122500
483025
788544
96721
179776
320356
14161
408321
525625
314721
842724
223729
82369
442225
128164
801025
32761
254016
383161
516961
652864
174724
191844
369664
540225
690561
327184
211600
20164
139876
116964
139876
21025
109561
20449
760384
27556
73441
640000
649636
248004
119025
62500
334084
131044
21609
53361
376996
383161
427716
264196
67600
672400
819025
613089
22801
792100
174724
492804
667489
13924
498436
549081
272484
45796
264196
344569
119025
257049
88209
134689
616225
69696
17424
57121
10201
714025
763876
156816
577600
31684
712336
793881
550564
491401
49284
724201
85849
438244
39601
348100
349281
93025
16900
419904
142884
777924
233289
10000
20736
506944
831744
641601
191844
378225
132496
94249
779689
906304
774400
450241
170569
896809
669124
213444
180625
260100
86436
263169
35344
64516
102400
363609
272484
19881
440896
316969
857476
349281
802816
589824
519841
25281
898704
348100
294849
363609
980100
644809
16384
746496
622521
36481
654481
105625
389376
362404
564001
104976
877969
366025
279841
680625
795664
10000
817216
923521
18769
194481
29929
418609
788544
946729
12544
26569
543169
574564
480249
69696
896809
591361
132496
200704
549081
62500
326041
954529
192721
319225
488601
1
8
27
64
125
216
343
512
729
1000
1331
1728
2197
2744
3375
4096
4913
5832
6859
8000
9261
10648
12167
13824
15625
17576
19683
21952
24389
27000
29791
32768
35937
39304
42875
46656
50653
54872
59319
64000
68921
74088
79507
85184
91125
97336
103823
110592
117649
125000
132651
140608
148877
157464
166375
175616
185193
195112
205379
216000
226981
238328
250047
262144
274625
287496
300763
314432
328509
343000
357911
373248
389017
405224
421875
438976
456533
474552
493039
512000
531441
551368
571787
592704
614125
636056
658503
681472
704969
729000
753571
778688
804357
830584
857375
884736
912673
941192
970299
1000000
1030301
1061208
1092727
1124864
1157625
1191016
1225043
1259712
1295029
1331000
1367631
1404928
1442897
1481544
1520875
1560896
1601613
1643032
1685159
1728000
1771561
1815848
1860867
1906624
1953125
2000376
2048383
2097152
2146689
2197000
2248091
2299968
2352637
2406104
2460375
2515456
2571353
2628072
2685619
2744000
2803221
2863288
2924207
2985984
3048625
3112136
3176523
3241792
3307949
3375000
3442951
3511808
3581577
3652264
3723875
3796416
3869893
3944312
4019679
4096000
4173281
4251528
4330747
4410944
4492125
4574296
4657463
4741632
4826809
4913000
5000211
5088448
5177717
5268024
5359375
5451776
5545233
5639752
5735339
5832000
5929741
6028568
6128487
6229504
6331625
6434856
6539203
6644672
6751269
6859000
6967871
7077888
7189057
7301384
7414875
7529536
7645373
7762392
7880599
8000000
8120601
8242408
8365427
8489664
8615125
8741816
8869743
8998912
9129329
9261000
9393931
9528128
9663597
9800344
9938375
10077696
10218313
10360232
10503459
10648000
10793861
10941048
11089567
11239424
11390625
11543176
11697083
11852352
12008989
12167000
12326391
12487168
12649337
12812904
12977875
13144256
13312053
13481272
13651919
13824000
13997521
14172488
14348907
14526784
14706125
14886936
15069223
15252992
15438249
15625000
15813251
16003008
16194277
16387064
16581375
16777216
16974593
17173512
17373979
17576000
17779581
17984728
18191447
18399744
18609625
18821096
19034163
19248832
19465109
19683000
19902511
20123648
20346417
20570824
20796875
21024576
21253933
21484952
21717639
21952000
22188041
22425768
22665187
22906304
23149125
23393656
23639903
23887872
24137569
24389000
24642171
24897088
25153757
25412184
25672375
25934336
26198073
26463592
26730899
27000000
27270901
27543608
27818127
28094464
28372625
28652616
28934443
29218112
29503629
29791000
30080231
30371328
30664297
30959144
31255875
31554496
31855013
32157432
32461759
32768000
33076161
33386248
33698267
34012224
34328125
34645976
34965783
35287552
35611289
35937000
36264691
36594368
36926037
37259704
37595375
37933056
38272753
38614472
38958219
39304000
39651821
40001688
40353607
40707584
41063625
41421736
41781923
42144192
42508549
42875000
43243551
43614208
43986977
44361864
44738875
45118016
45499293
45882712
46268279
46656000
47045881
47437928
47832147
48228544
48627125
49027896
49430863
49836032
50243409
50653000
51064811
51478848
51895117
52313624
52734375
53157376
53582633
54010152
54439939
54872000
55306341
55742968
56181887
56623104
57066625
57512456
57960603
58411072
58863869
59319000
59776471
60236288
60698457
61162984
61629875
62099136
62570773
63044792
63521199
64000000
64481201
64964808
65450827
65939264
66430125
66923416
67419143
67917312
68417929
68921000
69426531
69934528
70444997
70957944
71473375
71991296
72511713
73034632
73560059
74088000
74618461
75151448
75686967
76225024
76765625
77308776
77854483
78402752
78953589
79507000
80062991
80621568
81182737
81746504
82312875
82881856
83453453
84027672
84604519
85184000
85766121
86350888
86938307
87528384
88121125
88716536
89314623
89915392
90518849
91125000
91733851
92345408
92959677
93576664
94196375
94818816
95443993
96071912
96702579
97336000
97972181
98611128
99252847
99897344
100544625
101194696
101847563
102503232
103161709
103823000
104487111
105154048
105823817
106496424
107171875
107850176
108531333
109215352
109902239
110592000
111284641
111980168
112678587
113379904
114084125
114791256
115501303
116214272
116930169
117649000
118370771
119095488
119823157
120553784
121287375
122023936
122763473
123505992
124251499
125000000
125751501
126506008
127263527
128024064
128787625
129554216
130323843
131096512
131872229
132651000
133432831
134217728
135005697
135796744
136590875
137388096
138188413
138991832
139798359
140608000
141420761
142236648
143055667
143877824
144703125
145531576
146363183
147197952
148035889
148877000
149721291
150568768
151419437
152273304
153130375
153990656
154854153
155720872
156590819
157464000
158340421
159220088
160103007
160989184
161878625
162771336
163667323
164566592
165469149
166375000
167284151
168196608
169112377
170031464
170953875
171879616
172808693
173741112
174676879
175616000
176558481
177504328
178453547
179406144
180362125
181321496
182284263
183250432
184220009
185193000
186169411
187149248
188132517
189119224
190109375
191102976
192100033
193100552
194104539
195112000
196122941
197137368
198155287
199176704
200201625
201230056
202262003
203297472
204336469
205379000
206425071
207474688
208527857
209584584
210644875
211708736
212776173
213847192
214921799
216000000
217081801
218167208
219256227
220348864
221445125
222545016
223648543
224755712
225866529
226981000
228099131
229220928
230346397
231475544
232608375
233744896
234885113
236029032
237176659
238328000
239483061
240641848
241804367
242970624
244140625
245314376
246491883
247673152
248858189
250047000
251239591
252435968
253636137
254840104
256047875
257259456
258474853
259694072
260917119
262144000
263374721
264609288
265847707
267089984
268336125
269586136
270840023
272097792
273359449
274625000
275894451
277167808
278445077
279726264
281011375
282300416
283593393
284890312
286191179
287496000
288804781
290117528
291434247
292754944
294079625
295408296
296740963
298077632
299418309
300763000
302111711
303464448
304821217
306182024
307546875
308915776
310288733
311665752
313046839
314432000
315821241
317214568
318611987
320013504
321419125
322828856
324242703
325660672
327082769
328509000
329939371
331373888
332812557
334255384
335702375
337153536
338608873
340068392
341532099
343000000
344472101
345948408
347428927
348913664
350402625
351895816
353393243
354894912
356400829
357911000
359425431
360944128
362467097
363994344
365525875
367061696
368601813
370146232
371694959
373248000
374805361
376367048
377933067
379503424
381078125
382657176
384240583
385828352
387420489
389017000
390617891
392223168
393832837
395446904
397065375
398688256
400315553
401947272
403583419
405224000
406869021
408518488
410172407
411830784
413493625
415160936
416832723
418508992
420189749
421875000
423564751
425259008
426957777
428661064
430368875
432081216
433798093
435519512
437245479
438976000
440711081
442450728
444194947
445943744
447697125
449455096
451217663
452984832
454756609
456533000
458314011
460099648
461889917
463684824
465484375
467288576
469097433
470910952
472729139
474552000
476379541
478211768
480048687
481890304
483736625
485587656
487443403
489303872
491169069
493039000
494913671
496793088
498677257
500566184
502459875
504358336
506261573
508169592
510082399
512000000
513922401
515849608
517781627
519718464
521660125
523606616
525557943
527514112
529475129
531441000
533411731
535387328
537367797
539353144
541343375
543338496
545338513
547343432
549353259
551368000
553387661
555412248
557441767
559476224
561515625
563559976
565609283
567663552
569722789
571787000
573856191
575930368
578009537
580093704
582182875
584277056
586376253
588480472
590589719
592704000
594823321
596947688
599077107
601211584
603351125
605495736
607645423
609800192
611960049
614125000
616295051
618470208
620650477
622835864
625026375
627222016
629422793
631628712
633839779
636056000
638277381
640503928
642735647
644972544
647214625
649461896
651714363
653972032
656234909
658503000
660776311
663054848
665338617
667627624
669921875
672221376
674526133
676836152
679151439
681472000
683797841
686128968
688465387
690807104
693154125
695506456
697864103
700227072
702595369
704969000
707347971
709732288
712121957
714516984
716917375
719323136
721734273
724150792
726572699
729000000
731432701
733870808
736314327
738763264
741217625
743677416
746142643
748613312
751089429
753571000
756058031
758550528
761048497
763551944
766060875
768575296
771095213
773620632
776151559
778688000
781229961
783777448
786330467
788889024
791453125
794022776
796597983
799178752
801765089
804357000
806954491
809557568
812166237
814780504
817400375
820025856
822656953
825293672
827936019
830584000
833237621
835896888
838561807
841232384
843908625
846590536
849278123
851971392
854670349
857375000
860085351
862801408
865523177
868250664
870983875
873722816
876467493
879217912
881974079
884736000
887503681
890277128
893056347
895841344
898632125
901428696
904231063
907039232
909853209
912673000
915498611
918330048
921167317
924010424
926859375
929714176
932574833
935441352
938313739
941192000
944076141
946966168
949862087
952763904
955671625
958585256
961504803
964430272
967361669
970299000
973242271
976191488
979146657
982107784
985074875
988047936
991026973
994011992
997002999
1000000000
1003003001
1006012008
1009027027
1012048064
1015075125
1018108216
1021147343
1024192512
1027243729
1030301000
1033364331
1036433728
1039509197
1042590744
1045678375
1048772096
1051871913
1054977832
1058089859
1061208000
1064332261
1067462648
1070599167
1073741824
1076890625
1080045576
1083206683
1086373952
1089547389
1092727000
1095912791
1099104768
1102302937
1105507304
1108717875
1111934656
1115157653
1118386872
1121622319
1124864000
1128111921
1131366088
1134626507
1137893184
1141166125
1144445336
1147730823
1151022592
1154320649
1157625000
1160935651
1164252608
1167575877
1170905464
1174241375
1177583616
1180932193
1184287112
1187648379
1191016000
1194389981
1197770328
1201157047
1204550144
1207949625
1211355496
1214767763
1218186432
1221611509
1225043000
1228480911
1231925248
1235376017
1238833224
1242296875
1245766976
1249243533
1252726552
1256216039
1259712000
1263214441
1266723368
1270238787
1273760704
1277289125
1280824056
1284365503
1287913472
1291467969
1295029000
1298596571
1302170688
1305751357
1309338584
1312932375
1316532736
1320139673
1323753192
1327373299
1331000000
1334633301
1338273208
1341919727
1345572864
1349232625
1352899016
1356572043
1360251712
1363938029
1367631000
1371330631
1375036928
1378749897
1382469544
1386195875
1389928896
1393668613
1397415032
1401168159
1404928000
1408694561
1412467848
1416247867
1420034624
1423828125
1427628376
1431435383
1435249152
1439069689
1442897000
1446731091
1450571968
1454419637
1458274104
1462135375
1466003456
1469878353
1473760072
1477648619
1481544000
1485446221
1489355288
1493271207
1497193984
1501123625
1505060136
1509003523
1512953792
1516910949
1520875000
1524845951
1528823808
1532808577
1536800264
1540798875
1544804416
1548816893
1552836312
1556862679
1560896000
1564936281
1568983528
1573037747
1577098944
1581167125
1585242296
1589324463
1593413632
1597509809
1601613000
1605723211
1609840448
1613964717
1618096024
1622234375
1626379776
1630532233
1634691752
1638858339
1643032000
1647212741
1651400568
1655595487
1659797504
1664006625
1668222856
1672446203
1676676672
1680914269
1685159000
1689410871
1693669888
1697936057
1702209384
1706489875
1710777536
1715072373
1719374392
1723683599
1728000000
1732323601
1736654408
1740992427
1745337664
1749690125
1754049816
1758416743
1762790912
1767172329
1771561000
1775956931
1780360128
1784770597
1789188344
1793613375
1798045696
1802485313
1806932232
1811386459
1815848000
1820316861
1824793048
1829276567
1833767424
1838265625
1842771176
1847284083
1851804352
1856331989
1860867000
1865409391
1869959168
1874516337
1879080904
1883652875
1888232256
1892819053
1897413272
1902014919
1906624000
1911240521
1915864488
1920495907
1925134784
1929781125
1934434936
1939096223
1943764992
1948441249
1953125000
1957816251
1962515008
1967221277
1971935064
1976656375
1981385216
1986121593
1990865512
1995616979
2000376000
2005142581
2009916728
2014698447
2019487744
2024284625
2029089096
2033901163
2038720832
2043548109
2048383000
2053225511
2058075648
2062933417
2067798824
2072671875
2077552576
2082440933
2087336952
2092240639
2097152000
2102071041
2106997768
2111932187
2116874304
2121824125
2126781656
2131746903
2136719872
2141700569
2146689000
2151685171
2156689088
2161700757
2166720184
2171747375
2176782336
2181825073
2186875592
2191933899
2197000000
2202073901
2207155608
2212245127
2217342464
2222447625
2227560616
2232681443
2237810112
2242946629
2248091000
2253243231
2258403328
2263571297
2268747144
2273930875
2279122496
2284322013
2289529432
2294744759
2299968000
2305199161
2310438248
2315685267
2320940224
2326203125
2331473976
2336752783
2342039552
2347334289
2352637000
2357947691
2363266368
2368593037
2373927704
2379270375
2384621056
2389979753
2395346472
2400721219
2406104000
2411494821
2416893688
2422300607
2427715584
2433138625
2438569736
2444008923
2449456192
2454911549
2460375000
2465846551
2471326208
2476813977
2482309864
2487813875
2493326016
2498846293
2504374712
2509911279
2515456000
2521008881
2526569928
2532139147
2537716544
2543302125
2548895896
2554497863
2560108032
2565726409
2571353000
2576987811
2582630848
2588282117
2593941624
2599609375
2605285376
2610969633
2616662152
2622362939
2628072000
2633789341
2639514968
2645248887
2650991104
2656741625
2662500456
2668267603
2674043072
2679826869
2685619000
2691419471
2697228288
2703045457
2708870984
2714704875
2720547136
2726397773
2732256792
2738124199
2744000000
2749884201
2755776808
2761677827
2767587264
2773505125
2779431416
2785366143
2791309312
2797260929
2803221000
2809189531
2815166528
2821151997
2827145944
2833148375
2839159296
2845178713
2851206632
2857243059
2863288000
2869341461
2875403448
2881473967
2887553024
2893640625
2899736776
2905841483
2911954752
2918076589
2924207000
2930345991
2936493568
2942649737
2948814504
2954987875
2961169856
2967360453
2973559672
2979767519
2985984000
2992209121
2998442888
3004685307
3010936384
3017196125
3023464536
3029741623
3036027392
3042321849
3048625000
3054936851
3061257408
3067586677
3073924664
3080271375
3086626816
3092990993
3099363912
3105745579
3112136000
3118535181
3124943128
3131359847
3137785344
3144219625
3150662696
3157114563
3163575232
3170044709
3176523000
3183010111
3189506048
3196010817
3202524424
3209046875
3215578176
3222118333
3228667352
3235225239
3241792000
3248367641
3254952168
3261545587
3268147904
3274759125
3281379256
3288008303
3294646272
3301293169
3307949000
3314613771
3321287488
3327970157
3334661784
3341362375
3348071936
3354790473
3361517992
3368254499
3375000000
3381754501
3388518008
3395290527
3402072064
3408862625
3415662216
3422470843
3429288512
3436115229
3442951000
3449795831
3456649728
3463512697
3470384744
3477265875
3484156096
3491055413
3497963832
3504881359
3511808000
3518743761
3525688648
3532642667
3539605824
3546578125
3553559576
3560550183
3567549952
3574558889
3581577000
3588604291
3595640768
3602686437
3609741304
3616805375
3623878656
3630961153
3638052872
3645153819
3652264000
3659383421
3666512088
3673650007
3680797184
3687953625
3695119336
3702294323
3709478592
3716672149
3723875000
3731087151
3738308608
3745539377
3752779464
3760028875
3767287616
3774555693
3781833112
3789119879
3796416000
3803721481
3811036328
3818360547
3825694144
3833037125
3840389496
3847751263
3855122432
3862503009
3869893000
3877292411
3884701248
3892119517
3899547224
3906984375
3914430976
3921887033
3929352552
3936827539
3944312000
3951805941
3959309368
3966822287
3974344704
3981876625
3989418056
3996969003
4004529472
4012099469
4019679000
4027268071
4034866688
4042474857
4050092584
4057719875
4065356736
4073003173
4080659192
4088324799
4096000000
4103684801
4111379208
4119083227
4126796864
4134520125
4142253016
4149995543
4157747712
4165509529
4173281000
4181062131
4188852928
4196653397
4204463544
4212283375
4220112896
4227952113
4235801032
4243659659
4251528000
4259406061
4267293848
4275191367
4283098624
4291015625
4298942376
4306878883
4314825152
4322781189
4330747000
4338722591
4346707968
4354703137
4362708104
4370722875
4378747456
4386781853
4394826072
4402880119
4410944000
4419017721
4427101288
4435194707
4443297984
4451411125
4459534136
4467667023
4475809792
4483962449
4492125000
4500297451
4508479808
4516672077
4524874264
4533086375
4541308416
4549540393
4557782312
4566034179
4574296000
4582567781
4590849528
4599141247
4607442944
4615754625
4624076296
4632407963
4640749632
4649101309
4657463000
4665834711
4674216448
4682608217
4691010024
4699421875
4707843776
4716275733
4724717752
4733169839
4741632000
4750104241
4758586568
4767078987
4775581504
4784094125
4792616856
4801149703
4809692672
4818245769
4826809000
4835382371
4843965888
4852559557
4861163384
4869777375
4878401536
4887035873
4895680392
4904335099
4913000000
4921675101
4930360408
4939055927
4947761664
4956477625
4965203816
4973940243
4982686912
4991443829
5000211000
5008988431
5017776128
5026574097
5035382344
5044200875
5053029696
5061868813
5070718232
5079577959
5088448000
5097328361
5106219048
5115120067
5124031424
5132953125
5141885176
5150827583
5159780352
5168743489
5177717000
5186700891
5195695168
5204699837
5213714904
5222740375
5231776256
5240822553
5249879272
5258946419
5268024000
5277112021
5286210488
5295319407
5304438784
5313568625
5322708936
5331859723
5341020992
5350192749
5359375000
5368567751
5377771008
5386984777
5396209064
5405443875
5414689216
5423945093
5433211512
5442488479
5451776000
5461074081
5470382728
5479701947
5489031744
5498372125
5507723096
5517084663
5526456832
5535839609
5545233000
5554637011
5564051648
5573476917
5582912824
5592359375
5601816576
5611284433
5620762952
5630252139
5639752000
5649262541
5658783768
5668315687
5677858304
5687411625
5696975656
5706550403
5716135872
5725732069
5735339000
5744956671
5754585088
5764224257
5773874184
5783534875
5793206336
5802888573
5812581592
5822285399
5832000000
5841725401
5851461608
5861208627
5870966464
5880735125
5890514616
5900304943
5910106112
5919918129
5929741000
5939574731
5949419328
5959274797
5969141144
5979018375
5988906496
5998805513
6008715432
6018636259
6028568000
6038510661
6048464248
6058428767
6068404224
6078390625
6088387976
6098396283
6108415552
6118445789
6128487000
6138539191
6148602368
6158676537
6168761704
6178857875
6188965056
6199083253
6209212472
6219352719
6229504000
6239666321
6249839688
6260024107
6270219584
6280426125
6290643736
6300872423
6311112192
6321363049
6331625000
6341898051
6352182208
6362477477
6372783864
6383101375
6393430016
6403769793
6414120712
6424482779
6434856000
6445240381
6455635928
6466042647
6476460544
6486889625
6497329896
6507781363
6518244032
6528717909
6539203000
6549699311
6560206848
6570725617
6581255624
6591796875
6602349376
6612913133
6623488152
6634074439
6644672000
6655280841
6665900968
6676532387
6687175104
6697829125
6708494456
6719171103
6729859072
6740558369
6751269000
6761990971
6772724288
6783468957
6794224984
6804992375
6815771136
6826561273
6837362792
6848175699
6859000000
6869835701
6880682808
6891541327
6902411264
6913292625
6924185416
6935089643
6946005312
6956932429
6967871000
6978821031
6989782528
7000755497
7011739944
7022735875
7033743296
7044762213
7055792632
7066834559
7077888000
7088952961
7100029448
7111117467
7122217024
7133328125
7144450776
7155584983
7166730752
7177888089
7189057000
7200237491
7211429568
7222633237
7233848504
7245075375
7256313856
7267563953
7278825672
7290099019
7301384000
7312680621
7323988888
7335308807
7346640384
7357983625
7369338536
7380705123
7392083392
7403473349
7414875000
7426288351
7437713408
7449150177
7460598664
7472058875
7483530816
7495014493
7506509912
7518017079
7529536000
7541066681
7552609128
7564163347
7575729344
7587307125
7598896696
7610498063
7622111232
7633736209
7645373000
7657021611
7668682048
7680354317
7692038424
7703734375
7715442176
7727161833
7738893352
7750636739
7762392000
7774159141
7785938168
7797729087
7809531904
7821346625
7833173256
7845011803
7856862272
7868724669
7880599000
7892485271
7904383488
7916293657
7928215784
7940149875
7952095936
7964053973
7976023992
7988005999
8000000000
8012006001
8024024008
8036054027
8048096064
8060150125
8072216216
8084294343
8096384512
8108486729
8120601000
8132727331
8144865728
8157016197
8169178744
8181353375
8193540096
8205738913
8217949832
8230172859
8242408000
8254655261
8266914648
8279186167
8291469824
8303765625
8316073576
8328393683
8340725952
8353070389
8365427000
8377795791
8390176768
8402569937
8414975304
8427392875
8439822656
8452264653
8464718872
8477185319
8489664000
8502154921
8514658088
8527173507
8539701184
8552241125
8564793336
8577357823
8589934592
8602523649
8615125000
8627738651
8640364608
8653002877
8665653464
8678316375
8690991616
8703679193
8716379112
8729091379
8741816000
8754552981
8767302328
8780064047
8792838144
8805624625
8818423496
8831234763
8844058432
8856894509
8869743000
8882603911
8895477248
8908363017
8921261224
8934171875
8947094976
8960030533
8972978552
8985939039
8998912000
9011897441
9024895368
9037905787
9050928704
9063964125
9077012056
9090072503
9103145472
9116230969
9129329000
9142439571
9155562688
9168698357
9181846584
9195007375
9208180736
9221366673
9234565192
9247776299
9261000000
9274236301
9287485208
9300746727
9314020864
9327307625
9340607016
9353919043
9367243712
9380581029
9393931000
9407293631
9420668928
9434056897
9447457544
9460870875
9474296896
9487735613
9501187032
9514651159
9528128000
9541617561
9555119848
9568634867
9582162624
9595703125
9609256376
9622822383
9636401152
9649992689
9663597000
9677214091
9690843968
9704486637
9718142104
9731810375
9745491456
9759185353
9772892072
9786611619
9800344000
9814089221
9827847288
9841618207
9855401984
9869198625
9883008136
9896830523
9910665792
9924513949
9938375000
9952248951
9966135808
9980035577
9993948264
10007873875
10021812416
10035763893
10049728312
10063705679
10077696000
10091699281
10105715528
10119744747
10133786944
10147842125
10161910296
10175991463
10190085632
10204192809
10218313000
10232446211
10246592448
10260751717
10274924024
10289109375
10303307776
10317519233
10331743752
10345981339
10360232000
10374495741
10388772568
10403062487
10417365504
10431681625
10446010856
10460353203
10474708672
10489077269
10503459000
10517853871
10532261888
10546683057
10561117384
10575564875
10590025536
10604499373
10618986392
10633486599
10648000000
10662526601
10677066408
10691619427
10706185664
10720765125
10735357816
10749963743
10764582912
10779215329
10793861000
10808519931
10823192128
10837877597
10852576344
10867288375
10882013696
10896752313
10911504232
10926269459
10941048000
10955839861
10970645048
10985463567
11000295424
11015140625
11029999176
11044871083
11059756352
11074654989
11089567000
11104492391
11119431168
11134383337
11149348904
11164327875
11179320256
11194326053
11209345272
11224377919
11239424000
11254483521
11269556488
11284642907
11299742784
11314856125
11329982936
11345123223
11360276992
11375444249
11390625000
11405819251
11421027008
11436248277
11451483064
11466731375
11481993216
11497268593
11512557512
11527859979
11543176000
11558505581
11573848728
11589205447
11604575744
11619959625
11635357096
11650768163
11666192832
11681631109
11697083000
11712548511
11728027648
11743520417
11759026824
11774546875
11790080576
11805627933
11821188952
11836763639
11852352000
11867954041
11883569768
11899199187
11914842304
11930499125
11946169656
11961853903
11977551872
11993263569
12008989000
12024728171
12040481088
12056247757
12072028184
12087822375
12103630336
12119452073
12135287592
12151136899
12167000000
12182876901
12198767608
12214672127
12230590464
12246522625
12262468616
12278428443
12294402112
12310389629
12326391000
12342406231
12358435328
12374478297
12390535144
12406605875
12422690496
12438789013
12454901432
12471027759
12487168000
12503322161
12519490248
12535672267
12551868224
12568078125
12584301976
12600539783
12616791552
12633057289
12649337000
12665630691
12681938368
12698260037
12714595704
12730945375
12747309056
12763686753
12780078472
12796484219
12812904000
12829337821
12845785688
12862247607
12878723584
12895213625
12911717736
12928235923
12944768192
12961314549
12977875000
12994449551
13011038208
13027640977
13044257864
13060888875
13077534016
13094193293
13110866712
13127554279
13144256000
13160971881
13177701928
13194446147
13211204544
13227977125
13244763896
13261564863
13278380032
13295209409
13312053000
13328910811
13345782848
13362669117
13379569624
13396484375
13413413376
13430356633
13447314152
13464285939
13481272000
13498272341
13515286968
13532315887
13549359104
13566416625
13583488456
13600574603
13617675072
13634789869
13651919000
13669062471
13686220288
13703392457
13720578984
13737779875
13754995136
13772224773
13789468792
13806727199
13824000000
13841287201
13858588808
13875904827
13893235264
13910580125
13927939416
13945313143
13962701312
13980103929
13997521000
14014952531
14032398528
14049858997
14067333944
14084823375
14102327296
14119845713
14137378632
14154926059
14172488000
14190064461
14207655448
14225260967
14242881024
14260515625
14278164776
14295828483
14313506752
14331199589
14348907000
14366628991
14384365568
14402116737
14419882504
14437662875
14455457856
14473267453
14491091672
14508930519
14526784000
14544652121
14562534888
14580432307
14598344384
14616271125
14634212536
14652168623
14670139392
14688124849
14706125000
14724139851
14742169408
14760213677
14778272664
14796346375
14814434816
14832537993
14850655912
14868788579
14886936000
14905098181
14923275128
14941466847
14959673344
14977894625
14996130696
15014381563
15032647232
15050927709
15069223000
15087533111
15105858048
15124197817
15142552424
15160921875
15179306176
15197705333
15216119352
15234548239
15252992000
15271450641
15289924168
15308412587
15326915904
15345434125
15363967256
15382515303
15401078272
15419656169
15438249000
15456856771
15475479488
15494117157
15512769784
15531437375
15550119936
15568817473
15587529992
15606257499
15625000000
15643757501
15662530008
15681317527
15700120064
15718937625
15737770216
15756617843
15775480512
15794358229
15813251000
15832158831
15851081728
15870019697
15888972744
15907940875
15926924096
15945922413
15964935832
15983964359
16003008000
16022066761
16041140648
16060229667
16079333824
16098453125
16117587576
16136737183
16155901952
16175081889
16194277000
16213487291
16232712768
16251953437
16271209304
16290480375
16309766656
16329068153
16348384872
16367716819
16387064000
16406426421
16425804088
16445197007
16464605184
16484028625
16503467336
16522921323
16542390592
16561875149
16581375000
16600890151
16620420608
16639966377
16659527464
16679103875
16698695616
16718302693
16737925112
16757562879
16777216000
16796884481
16816568328
16836267547
16855982144
16875712125
16895457496
16915218263
16934994432
16954786009
16974593000
16994415411
17014253248
17034106517
17053975224
17073859375
17093758976
17113674033
17133604552
17153550539
17173512000
17193488941
17213481368
17233489287
17253512704
17273551625
17293606056
17313676003
17333761472
17353862469
17373979000
17394111071
17414258688
17434421857
17454600584
17474794875
17495004736
17515230173
17535471192
17555727799
17576000000
17596287801
17616591208
17636910227
17657244864
17677595125
17697961016
17718342543
17738739712
17759152529
17779581000
17800025131
17820484928
17840960397
17861451544
17881958375
17902480896
17923019113
17943573032
17964142659
17984728000
18005329061
18025945848
18046578367
18067226624
18087890625
18108570376
18129265883
18149977152
18170704189
18191447000
18212205591
18232979968
18253770137
18274576104
18295397875
18316235456
18337088853
18357958072
18378843119
18399744000
18420660721
18441593288
18462541707
18483505984
18504486125
18525482136
18546494023
18567521792
18588565449
18609625000
18630700451
18651791808
18672899077
18694022264
18715161375
18736316416
18757487393
18778674312
18799877179
18821096000
18842330781
18863581528
18884848247
18906130944
18927429625
18948744296
18970074963
18991421632
19012784309
19034163000
19055557711
19076968448
19098395217
19119838024
19141296875
19162771776
19184262733
19205769752
19227292839
19248832000
19270387241
19291958568
19313545987
19335149504
19356769125
19378404856
19400056703
19421724672
19443408769
19465109000
19486825371
19508557888
19530306557
19552071384
19573852375
19595649536
19617462873
19639292392
19661138099
19683000000
19704878101
19726772408
19748682927
19770609664
19792552625
19814511816
19836487243
19858478912
19880486829
19902511000
19924551431
19946608128
19968681097
19990770344
20012875875
20034997696
20057135813
20079290232
20101460959
20123648000
20145851361
20168071048
20190307067
20212559424
20234828125
20257113176
20279414583
20301732352
20324066489
20346417000
20368783891
20391167168
20413566837
20435982904
20458415375
20480864256
20503329553
20525811272
20548309419
20570824000
20593355021
20615902488
20638466407
20661046784
20683643625
20706256936
20728886723
20751532992
20774195749
20796875000
20819570751
20842283008
20865011777
20887757064
20910518875
20933297216
20956092093
20978903512
21001731479
21024576000
21047437081
21070314728
21093208947
21116119744
21139047125
21161991096
21184951663
21207928832
21230922609
21253933000
21276960011
21300003648
21323063917
21346140824
21369234375
21392344576
21415471433
21438614952
21461775139
21484952000
21508145541
21531355768
21554582687
21577826304
21601086625
21624363656
21647657403
21670967872
21694295069
21717639000
21740999671
21764377088
21787771257
21811182184
21834609875
21858054336
21881515573
21904993592
21928488399
21952000000
21975528401
21999073608
22022635627
22046214464
22069810125
22093422616
22117051943
22140698112
22164361129
22188041000
22211737731
22235451328
22259181797
22282929144
22306693375
22330474496
22354272513
22378087432
22401919259
22425768000
22449633661
22473516248
22497415767
22521332224
22545265625
22569215976
22593183283
22617167552
22641168789
22665187000
22689222191
22713274368
22737343537
22761429704
22785532875
22809653056
22833790253
22857944472
22882115719
22906304000
22930509321
22954731688
22978971107
23003227584
23027501125
23051791736
23076099423
23100424192
23124766049
23149125000
23173501051
23197894208
23222304477
23246731864
23271176375
23295638016
23320116793
23344612712
23369125779
23393656000
23418203381
23442767928
23467349647
23491948544
23516564625
23541197896
23565848363
23590516032
23615200909
23639903000
23664622311
23689358848
23714112617
23738883624
23763671875
23788477376
23813300133
23838140152
23862997439
23887872000
23912763841
23937672968
23962599387
23987543104
24012504125
24037482456
24062478103
24087491072
24112521369
24137569000
24162633971
24187716288
24212815957
24237932984
24263067375
24288219136
24313388273
24338574792
24363778699
24389000000
24414238701
24439494808
24464768327
24490059264
24515367625
24540693416
24566036643
24591397312
24616775429
24642171000
24667584031
24693014528
24718462497
24743927944
24769410875
24794911296
24820429213
24845964632
24871517559
24897088000
24922675961
24948281448
24973904467
24999545024
25025203125
25050878776
25076571983
25102282752
25128011089
25153757000
25179520491
25205301568
25231100237
25256916504
25282750375
25308601856
25334470953
25360357672
25386262019
25412184000
25438123621
25464080888
25490055807
25516048384
25542058625
25568086536
25594132123
25620195392
25646276349
25672375000
25698491351
25724625408
25750777177
25776946664
25803133875
25829338816
25855561493
25881801912
25908060079
25934336000
25960629681
25986941128
26013270347
26039617344
26065982125
26092364696
26118765063
26145183232
26171619209
26198073000
26224544611
26251034048
26277541317
26304066424
26330609375
26357170176
26383748833
26410345352
26436959739
26463592000
26490242141
26516910168
26543596087
26570299904
26597021625
26623761256
26650518803
26677294272
26704087669
26730899000
26757728271
26784575488
26811440657
26838323784
26865224875
26892143936
26919080973
26946035992
26973008999
27000000000
27027009001
27054036008
27081081027
27108144064
27135225125
27162324216
27189441343
27216576512
27243729729
27270901000
27298090331
27325297728
27352523197
27379766744
27407028375
27434308096
27461605913
27488921832
27516255859
27543608000
27570978261
27598366648
27625773167
27653197824
27680640625
27708101576
27735580683
27763077952
27790593389
27818127000
27845678791
27873248768
27900836937
27928443304
27956067875
27983710656
28011371653
28039050872
28066748319
28094464000
28122197921
28149950088
28177720507
28205509184
28233316125
28261141336
28288984823
28316846592
28344726649
28372625000
28400541651
28428476608
28456429877
28484401464
28512391375
28540399616
28568426193
28596471112
28624534379
28652616000
28680715981
28708834328
28736971047
28765126144
28793299625
28821491496
28849701763
28877930432
28906177509
28934443000
28962726911
28991029248
29019350017
29047689224
29076046875
29104422976
29132817533
29161230552
29189662039
29218112000
29246580441
29275067368
29303572787
29332096704
29360639125
29389200056
29417779503
29446377472
29474993969
29503629000
29532282571
29560954688
29589645357
29618354584
29647082375
29675828736
29704593673
29733377192
29762179299
29791000000
29819839301
29848697208
29877573727
29906468864
29935382625
29964315016
29993266043
30022235712
30051224029
30080231000
30109256631
30138300928
30167363897
30196445544
30225545875
30254664896
30283802613
30312959032
30342134159
30371328000
30400540561
30429771848
30459021867
30488290624
30517578125
30546884376
30576209383
30605553152
30634915689
30664297000
30693697091
30723115968
30752553637
30782010104
30811485375
30840979456
30870492353
30900024072
30929574619
30959144000
30988732221
31018339288
31047965207
31077609984
31107273625
31136956136
31166657523
31196377792
31226116949
31255875000
31285651951
31315447808
31345262577
31375096264
31404948875
31434820416
31464710893
31494620312
31524548679
31554496000
31584462281
31614447528
31644451747
31674474944
31704517125
31734578296
31764658463
31794757632
31824875809
31855013000
31885169211
31915344448
31945538717
31975752024
32005984375
32036235776
32066506233
32096795752
32127104339
32157432000
32187778741
32218144568
32248529487
32278933504
32309356625
32339798856
32370260203
32400740672
32431240269
32461759000
32492296871
32522853888
32553430057
32584025384
32614639875
32645273536
32675926373
32706598392
32737289599
32768000000
32798729601
32829478408
32860246427
32891033664
32921840125
32952665816
32983510743
33014374912
33045258329
33076161000
33107082931
33138024128
33168984597
33199964344
33230963375
33261981696
33293019313
33324076232
33355152459
33386248000
33417362861
33448497048
33479650567
33510823424
33542015625
33573227176
33604458083
33635708352
33666977989
33698267000
33729575391
33760903168
33792250337
33823616904
33855002875
33886408256
33917833053
33949277272
33980740919
34012224000
34043726521
34075248488
34106789907
34138350784
34169931125
34201530936
34233150223
34264788992
34296447249
34328125000
34359822251
34391539008
34423275277
34455031064
34486806375
34518601216
34550415593
34582249512
34614102979
34645976000
34677868581
34709780728
34741712447
34773663744
34805634625
34837625096
34869635163
34901664832
34933714109
34965783000
34997871511
35029979648
35062107417
35094254824
35126421875
35158608576
35190814933
35223040952
35255286639
35287552000
35319837041
35352141768
35384466187
35416810304
35449174125
35481557656
35513960903
35546383872
35578826569
35611289000
35643771171
35676273088
35708794757
35741336184
35773897375
35806478336
35839079073
35871699592
35904339899
35937000000
35969679901
36002379608
36035099127
36067838464
36100597625
36133376616
36166175443
36198994112
36231832629
36264691000
36297569231
36330467328
36363385297
36396323144
36429280875
36462258496
36495256013
36528273432
36561310759
36594368000
36627445161
36660542248
36693659267
36726796224
36759953125
36793129976
36826326783
36859543552
36892780289
36926037000
36959313691
36992610368
37025927037
37059263704
37092620375
37125997056
37159393753
37192810472
37226247219
37259704000
37293180821
37326677688
37360194607
37393731584
37427288625
37460865736
37494462923
37528080192
37561717549
37595375000
37629052551
37662750208
37696467977
37730205864
37763963875
37797742016
37831540293
37865358712
37899197279
37933056000
37966934881
38000833928
38034753147
38068692544
38102652125
38136631896
38170631863
38204652032
38238692409
38272753000
38306833811
38340934848
38375056117
38409197624
38443359375
38477541376
38511743633
38545966152
38580208939
38614472000
38648755341
38683058968
38717382887
38751727104
38786091625
38820476456
38854881603
38889307072
38923752869
38958219000
38992705471
39027212288
39061739457
39096286984
39130854875
39165443136
39200051773
39234680792
39269330199
39304000000
39338690201
39373400808
39408131827
39442883264
39477655125
39512447416
39547260143
39582093312
39616946929
39651821000
39686715531
39721630528
39756565997
39791521944
39826498375
39861495296
39896512713
39931550632
39966609059
40001688000
40036787461
40071907448
40107047967
40142209024
40177390625
40212592776
40247815483
40283058752
40318322589
40353607000
40388911991
40424237568
40459583737
40494950504
40530337875
40565745856
40601174453
40636623672
40672093519
40707584000
40743095121
40778626888
40814179307
40849752384
40885346125
40920960536
40956595623
40992251392
41027927849
41063625000
41099342851
41135081408
41170840677
41206620664
41242421375
41278242816
41314084993
41349947912
41385831579
41421736000
41457661181
41493607128
41529573847
41565561344
41601569625
41637598696
41673648563
41709719232
41745810709
41781923000
41818056111
41854210048
41890384817
41926580424
41962796875
41999034176
42035292333
42071571352
42107871239
42144192000
42180533641
42216896168
42253279587
42289683904
42326109125
42362555256
42399022303
42435510272
42472019169
42508549000
42545099771
42581671488
42618264157
42654877784
42691512375
42728167936
42764844473
42801541992
42838260499
42875000000
42911760501
42948542008
42985344527
43022168064
43059012625
43095878216
43132764843
43169672512
43206601229
43243551000
43280521831
43317513728
43354526697
43391560744
43428615875
43465692096
43502789413
43539907832
43577047359
43614208000
43651389761
43688592648
43725816667
43763061824
43800328125
43837615576
43874924183
43912253952
43949604889
43986977000
44024370291
44061784768
44099220437
44136677304
44174155375
44211654656
44249175153
44286716872
44324279819
44361864000
44399469421
44437096088
44474744007
44512413184
44550103625
44587815336
44625548323
44663302592
44701078149
44738875000
44776693151
44814532608
44852393377
44890275464
44928178875
44966103616
45004049693
45042017112
45080005879
45118016000
45156047481
45194100328
45232174547
45270270144
45308387125
45346525496
45384685263
45422866432
45461069009
45499293000
45537538411
45575805248
45614093517
45652403224
45690734375
45729086976
45767461033
45805856552
45844273539
45882712000
45921171941
45959653368
45998156287
46036680704
46075226625
46113794056
46152383003
46190993472
46229625469
46268279000
46306954071
46345650688
46384368857
46423108584
46461869875
46500652736
46539457173
46578283192
46617130799
46656000000
46694890801
46733803208
46772737227
46811692864
46850670125
46889669016
46928689543
46967731712
47006795529
47045881000
47084988131
47124116928
47163267397
47202439544
47241633375
47280848896
47320086113
47359345032
47398625659
47437928000
47477252061
47516597848
47555965367
47595354624
47634765625
47674198376
47713652883
47753129152
47792627189
47832147000
47871688591
47911251968
47950837137
47990444104
48030072875
48069723456
48109395853
48149090072
48188806119
48228544000
48268303721
48308085288
48347888707
48387713984
48427561125
48467430136
48507321023
48547233792
48587168449
48627125000
48667103451
48707103808
48747126077
48787170264
48827236375
48867324416
48907434393
48947566312
48987720179
49027896000
49068093781
49108313528
49148555247
49188818944
49229104625
49269412296
49309741963
49350093632
49390467309
49430863000
49471280711
49511720448
49552182217
49592666024
49633171875
49673699776
49714249733
49754821752
49795415839
49836032000
49876670241
49917330568
49958012987
49998717504
50039444125
50080192856
50120963703
50161756672
50202571769
50243409000
50284268371
50325149888
50366053557
50406979384
50447927375
50488897536
50529889873
50570904392
50611941099
50653000000
50694081101
50735184408
50776309927
50817457664
50858627625
50899819816
50941034243
50982270912
51023529829
51064811000
51106114431
51147440128
51188788097
51230158344
51271550875
51312965696
51354402813
51395862232
51437343959
51478848000
51520374361
51561923048
51603494067
51645087424
51686703125
51728341176
51770001583
51811684352
51853389489
51895117000
51936866891
51978639168
52020433837
52062250904
52104090375
52145952256
52187836553
52229743272
52271672419
52313624000
52355598021
52397594488
52439613407
52481654784
52523718625
52565804936
52607913723
52650044992
52692198749
52734375000
52776573751
52818795008
52861038777
52903305064
52945593875
52987905216
53030239093
53072595512
53114974479
53157376000
53199800081
53242246728
53284715947
53327207744
53369722125
53412259096
53454818663
53497400832
53540005609
53582633000
53625283011
53667955648
53710650917
53753368824
53796109375
53838872576
53881658433
53924466952
53967298139
54010152000
54053028541
54095927768
54138849687
54181794304
54224761625
54267751656
54310764403
54353799872
54396858069
54439939000
54483042671
54526169088
54569318257
54612490184
54655684875
54698902336
54742142573
54785405592
54828691399
54872000000
54915331401
54958685608
55002062627
55045462464
55088885125
55132330616
55175798943
55219290112
55262804129
55306341000
55349900731
55393483328
55437088797
55480717144
55524368375
55568042496
55611739513
55655459432
55699202259
55742968000
55786756661
55830568248
55874402767
55918260224
55962140625
56006043976
56049970283
56093919552
56137891789
56181887000
56225905191
56269946368
56314010537
56358097704
56402207875
56446341056
56490497253
56534676472
56578878719
56623104000
56667352321
56711623688
56755918107
56800235584
56844576125
56888939736
56933326423
56977736192
57022169049
57066625000
57111104051
57155606208
57200131477
57244679864
57289251375
57333846016
57378463793
57423104712
57467768779
57512456000
57557166381
57601899928
57646656647
57691436544
57736239625
57781065896
57825915363
57870788032
57915683909
57960603000
58005545311
58050510848
58095499617
58140511624
58185546875
58230605376
58275687133
58320792152
58365920439
58411072000
58456246841
58501444968
58546666387
58591911104
58637179125
58682470456
58727785103
58773123072
58818484369
58863869000
58909276971
58954708288
59000162957
59045640984
59091142375
59136667136
59182215273
59227786792
59273381699
59319000000
59364641701
59410306808
59455995327
59501707264
59547442625
59593201416
59638983643
59684789312
59730618429
59776471000
59822347031
59868246528
59914169497
59960115944
60006085875
60052079296
60098096213
60144136632
60190200559
60236288000
60282398961
60328533448
60374691467
60420873024
60467078125
60513306776
60559558983
60605834752
60652134089
60698457000
60744803491
60791173568
60837567237
60883984504
60930425375
60976889856
61023377953
61069889672
61116425019
61162984000
61209566621
61256172888
61302802807
61349456384
61396133625
61442834536
61489559123
61536307392
61583079349
61629875000
61676694351
61723537408
61770404177
61817294664
61864208875
61911146816
61958108493
62005093912
62052103079
62099136000
62146192681
62193273128
62240377347
62287505344
62334657125
62381832696
62429032063
62476255232
62523502209
62570773000
62618067611
62665386048
62712728317
62760094424
62807484375
62854898176
62902335833
62949797352
62997282739
63044792000
63092325141
63139882168
63187463087
63235067904
63282696625
63330349256
63378025803
63425726272
63473450669
63521199000
63568971271
63616767488
63664587657
63712431784
63760299875
63808191936
63856107973
63904047992
63952011999
64000000000
64048012001
64096048008
64144108027
64192192064
64240300125
64288432216
64336588343
64384768512
64432972729
64481201000
64529453331
64577729728
64626030197
64674354744
64722703375
64771076096
64819472913
64867893832
64916338859
64964808000
65013301261
65061818648
65110360167
65158925824
65207515625
65256129576
65304767683
65353429952
65402116389
65450827000
65499561791
65548320768
65597103937
65645911304
65694742875
65743598656
65792478653
65841382872
65890311319
65939264000
65988240921
66037242088
66086267507
66135317184
66184391125
66233489336
66282611823
66331758592
66380929649
66430125000
66479344651
66528588608
66577856877
66627149464
66676466375
66725807616
66775173193
66824563112
66873977379
66923416000
66972878981
67022366328
67071878047
67121414144
67170974625
67220559496
67270168763
67319802432
67369460509
67419143000
67468849911
67518581248
67568337017
67618117224
67667921875
67717750976
67767604533
67817482552
67867385039
67917312000
67967263441
68017239368
68067239787
68117264704
68167314125
68217388056
68267486503
68317609472
68367756969
68417929000
68468125571
68518346688
68568592357
68618862584
68669157375
68719476736
68769820673
68820189192
68870582299
68921000000
68971442301
69021909208
69072400727
69122916864
69173457625
69224023016
69274613043
69325227712
69375867029
69426531000
69477219631
69527932928
69578670897
69629433544
69680220875
69731032896
69781869613
69832731032
69883617159
69934528000
69985463561
70036423848
70087408867
70138418624
70189453125
70240512376
70291596383
70342705152
70393838689
70444997000
70496180091
70547387968
70598620637
70649878104
70701160375
70752467456
70803799353
70855156072
70906537619
70957944000
71009375221
71060831288
71112312207
71163817984
71215348625
71266904136
71318484523
71370089792
71421719949
71473375000
71525054951
71576759808
71628489577
71680244264
71732023875
71783828416
71835657893
71887512312
71939391679
71991296000
72043225281
72095179528
72147158747
72199162944
72251192125
72303246296
72355325463
72407429632
72459558809
72511713000
72563892211
72616096448
72668325717
72720580024
72772859375
72825163776
72877493233
72929847752
72982227339
73034632000
73087061741
73139516568
73191996487
73244501504
73297031625
73349586856
73402167203
73454772672
73507403269
73560059000
73612739871
73665445888
73718177057
73770933384
73823714875
73876521536
73929353373
73982210392
74035092599
74088000000
74140932601
74193890408
74246873427
74299881664
74352915125
74405973816
74459057743
74512166912
74565301329
74618461000
74671645931
74724856128
74778091597
74831352344
74884638375
74937949696
74991286313
75044648232
75098035459
75151448000
75204885861
75258349048
75311837567
75365351424
75418890625
75472455176
75526045083
75579660352
75633300989
75686967000
75740658391
75794375168
75848117337
75901884904
75955677875
76009496256
76063340053
76117209272
76171103919
76225024000
76278969521
76332940488
76386936907
76440958784
76495006125
76549078936
76603177223
76657300992
76711450249
76765625000
76819825251
76874051008
76928302277
76982579064
77036881375
77091209216
77145562593
77199941512
77254345979
77308776000
77363231581
77417712728
77472219447
77526751744
77581309625
77635893096
77690502163
77745136832
77799797109
77854483000
77909194511
77963931648
78018694417
78073482824
78128296875
78183136576
78238001933
78292892952
78347809639
78402752000
78457720041
78512713768
78567733187
78622778304
78677849125
78732945656
78788067903
78843215872
78898389569
78953589000
79008814171
79064065088
79119341757
79174644184
79229972375
79285326336
79340706073
79396111592
79451542899
79507000000
79562482901
79617991608
79673526127
79729086464
79784672625
79840284616
79895922443
79951586112
80007275629
80062991000
80118732231
80174499328
80230292297
80286111144
80341955875
80397826496
80453723013
80509645432
80565593759
80621568000
80677568161
80733594248
80789646267
80845724224
80901828125
80957957976
81014113783
81070295552
81126503289
81182737000
81238996691
81295282368
81351594037
81407931704
81464295375
81520685056
81577100753
81633542472
81690010219
81746504000
81803023821
81859569688
81916141607
81972739584
82029363625
82086013736
82142689923
82199392192
82256120549
82312875000
82369655551
82426462208
82483294977
82540153864
82597038875
82653950016
82710887293
82767850712
82824840279
82881856000
82938897881
82995965928
83053060147
83110180544
83167327125
83224499896
83281698863
83338924032
83396175409
83453453000
83510756811
83568086848
83625443117
83682825624
83740234375
83797669376
83855130633
83912618152
83970131939
84027672000
84085238341
84142830968
84200449887
84258095104
84315766625
84373464456
84431188603
84488939072
84546715869
84604519000
84662348471
84720204288
84778086457
84835994984
84893929875
84951891136
85009878773
85067892792
85125933199
85184000000
85242093201
85300212808
85358358827
85416531264
85474730125
85532955416
85591207143
85649485312
85707789929
85766121000
85824478531
85882862528
85941272997
85999709944
86058173375
86116663296
86175179713
86233722632
86292292059
86350888000
86409510461
86468159448
86526834967
86585537024
86644265625
86703020776
86761802483
86820610752
86879445589
86938307000
86997194991
87056109568
87115050737
87174018504
87233012875
87292033856
87351081453
87410155672
87469256519
87528384000
87587538121
87646718888
87705926307
87765160384
87824421125
87883708536
87943022623
88002363392
88061730849
88121125000
88180545851
88239993408
88299467677
88358968664
88418496375
88478050816
88537631993
88597239912
88656874579
88716536000
88776224181
88835939128
88895680847
88955449344
89015244625
89075066696
89134915563
89194791232
89254693709
89314623000
89374579111
89434562048
89494571817
89554608424
89614671875
89674762176
89734879333
89795023352
89855194239
89915392000
89975616641
90035868168
90096146587
90156451904
90216784125
90277143256
90337529303
90397942272
90458382169
90518849000
90579342771
90639863488
90700411157
90760985784
90821587375
90882215936
90942871473
91003553992
91064263499
91125000000
91185763501
91246554008
91307371527
91368216064
91429087625
91489986216
91550911843
91611864512
91672844229
91733851000
91794884831
91855945728
91917033697
91978148744
92039290875
92100460096
92161656413
92222879832
92284130359
92345408000
92406712761
92468044648
92529403667
92590789824
92652203125
92713643576
92775111183
92836605952
92898127889
92959677000
93021253291
93082856768
93144487437
93206145304
93267830375
93329542656
93391282153
93453048872
93514842819
93576664000
93638512421
93700388088
93762291007
93824221184
93886178625
93948163336
94010175323
94072214592
94134281149
94196375000
94258496151
94320644608
94382820377
94445023464
94507253875
94569511616
94631796693
94694109112
94756448879
94818816000
94881210481
94943632328
95006081547
95068558144
95131062125
95193593496
95256152263
95318738432
95381352009
95443993000
95506661411
95569357248
95632080517
95694831224
95757609375
95820414976
95883248033
95946108552
96008996539
96071912000
96134854941
96197825368
96260823287
96323848704
96386901625
96449982056
96513090003
96576225472
96639388469
96702579000
96765797071
96829042688
96892315857
96955616584
97018944875
97082300736
97145684173
97209095192
97272533799
97336000000
97399493801
97463015208
97526564227
97590140864
97653745125
97717377016
97781036543
97844723712
97908438529
97972181000
98035951131
98099748928
98163574397
98227427544
98291308375
98355216896
98419153113
98483117032
98547108659
98611128000
98675175061
98739249848
98803352367
98867482624
98931640625
98995826376
99060039883
99124281152
99188550189
99252847000
99317171591
99381523968
99445904137
99510312104
99574747875
99639211456
99703702853
99768222072
99832769119
99897344000
99961946721
100026577288
100091235707
100155921984
100220636125
100285378136
100350148023
100414945792
100479771449
100544625000
100609506451
100674415808
100739353077
100804318264
100869311375
100934332416
100999381393
101064458312
101129563179
101194696000
101259856781
101325045528
101390262247
101455506944
101520779625
101586080296
101651408963
101716765632
101782150309
101847563000
101913003711
101978472448
102043969217
102109494024
102175046875
102240627776
102306236733
102371873752
102437538839
102503232000
102568953241
102634702568
102700479987
102766285504
102832119125
102897980856
102963870703
103029788672
103095734769
103161709000
103227711371
103293741888
103359800557
103425887384
103492002375
103558145536
103624316873
103690516392
103756744099
103823000000
103889284101
103955596408
104021936927
104088305664
104154702625
104221127816
104287581243
104354062912
104420572829
104487111000
104553677431
104620272128
104686895097
104753546344
104820225875
104886933696
104953669813
105020434232
105087226959
105154048000
105220897361
105287775048
105354681067
105421615424
105488578125
105555569176
105622588583
105689636352
105756712489
105823817000
105890949891
105958111168
106025300837
106092518904
106159765375
106227040256
106294343553
106361675272
106429035419
106496424000
106563841021
106631286488
106698760407
106766262784
106833793625
106901352936
106968940723
107036556992
107104201749
107171875000
107239576751
107307307008
107375065777
107442853064
107510668875
107578513216
107646386093
107714287512
107782217479
107850176000
107918163081
107986178728
108054222947
108122295744
108190397125
108258527096
108326685663
108394872832
108463088609
108531333000
108599606011
108667907648
108736237917
108804596824
108872984375
108941400576
109009845433
109078318952
109146821139
109215352000
109283911541
109352499768
109421116687
109489762304
109558436625
109627139656
109695871403
109764631872
109833421069
109902239000
109971085671
110039961088
110108865257
110177798184
110246759875
110315750336
110384769573
110453817592
110522894399
110592000000
110661134401
110730297608
110799489627
110868710464
110937960125
111007238616
111076545943
111145882112
111215247129
111284641000
111354063731
111423515328
111492995797
111562505144
111632043375
111701610496
111771206513
111840831432
111910485259
111980168000
112049879661
112119620248
112189389767
112259188224
112329015625
112398871976
112468757283
112538671552
112608614789
112678587000
112748588191
112818618368
112888677537
112958765704
113028882875
113099029056
113169204253
113239408472
113309641719
113379904000
113450195321
113520515688
113590865107
113661243584
113731651125
113802087736
113872553423
113943048192
114013572049
114084125000
114154707051
114225318208
114295958477
114366627864
114437326375
114508054016
114578810793
114649596712
114720411779
114791256000
114862129381
114933031928
115003963647
115074924544
115145914625
115216933896
115287982363
115359060032
115430166909
115501303000
115572468311
115643662848
115714886617
115786139624
115857421875
115928733376
116000074133
116071444152
116142843439
116214272000
116285729841
116357216968
116428733387
116500279104
116571854125
116643458456
116715092103
116786755072
116858447369
116930169000
117001919971
117073700288
117145509957
117217348984
117289217375
117361115136
117433042273
117504998792
117576984699
117649000000
117721044701
117793118808
117865222327
117937355264
118009517625
118081709416
118153930643
118226181312
118298461429
118370771000
118443110031
118515478528
118587876497
118660303944
118732760875
118805247296
118877763213
118950308632
119022883559
119095488000
119168121961
119240785448
119313478467
119386201024
119458953125
119531734776
119604545983
119677386752
119750257089
119823157000
119896086491
119969045568
120042034237
120115052504
120188100375
120261177856
120334284953
120407421672
120480588019
120553784000
120627009621
120700264888
120773549807
120846864384
120920208625
120993582536
121066986123
121140419392
121213882349
121287375000
121360897351
121434449408
121508031177
121581642664
121655283875
121728954816
121802655493
121876385912
121950146079
122023936000
122097755681
122171605128
122245484347
122319393344
122393332125
122467300696
122541299063
122615327232
122689385209
122763473000
122837590611
122911738048
122985915317
123060122424
123134359375
123208626176
123282922833
123357249352
123431605739
123505992000
123580408141
123654854168
123729330087
123803835904
123878371625
123952937256
124027532803
124102158272
124176813669
124251499000
124326214271
124400959488
124475734657
124550539784
124625374875
124700239936
124775134973
124850059992
124925014999
125000000000
125075015001
125150060008
125225135027
125300240064
125375375125
125450540216
125525735343
125600960512
125676215729
125751501000
125826816331
125902161728
125977537197
126052942744
126128378375
126203844096
126279339913
126354865832
126430421859
126506008000
126581624261
126657270648
126732947167
126808653824
126884390625
126960157576
127035954683
127111781952
127187639389
127263527000
127339444791
127415392768
127491370937
127567379304
127643417875
127719486656
127795585653
127871714872
127947874319
128024064000
128100283921
128176534088
128252814507
128329125184
128405466125
128481837336
128558238823
128634670592
128711132649
128787625000
128864147651
128940700608
129017283877
129093897464
129170541375
129247215616
129323920193
129400655112
129477420379
129554216000
129631041981
129707898328
129784785047
129861702144
129938649625
130015627496
130092635763
130169674432
130246743509
130323843000
130400972911
130478133248
130555324017
130632545224
130709796875
130787078976
130864391533
130941734552
131019108039
131096512000
131173946441
131251411368
131328906787
131406432704
131483989125
131561576056
131639193503
131716841472
131794519969
131872229000
131949968571
132027738688
132105539357
132183370584
132261232375
132339124736
132417047673
132495001192
132572985299
132651000000
132729045301
132807121208
132885227727
132963364864
133041532625
133119731016
133197960043
133276219712
133354510029
133432831000
133511182631
133589564928
133667977897
133746421544
133824895875
133903400896
133981936613
134060503032
134139100159
134217728000
134296386561
134375075848
134453795867
134532546624
134611328125
134690140376
134768983383
134847857152
134926761689
135005697000
135084663091
135163659968
135242687637
135321746104
135400835375
135479955456
135559106353
135638288072
135717500619
135796744000
135876018221
135955323288
136034659207
136114025984
136193423625
136272852136
136352311523
136431801792
136511322949
136590875000
136670457951
136750071808
136829716577
136909392264
136989098875
137068836416
137148604893
137228404312
137308234679
137388096000
137467988281
137547911528
137627865747
137707850944
137787867125
137867914296
137947992463
138028101632
138108241809
138188413000
138268615211
138348848448
138429112717
138509408024
138589734375
138670091776
138750480233
138830899752
138911350339
138991832000
139072344741
139152888568
139233463487
139314069504
139394706625
139475374856
139556074203
139636804672
139717566269
139798359000
139879182871
139960037888
140040924057
140121841384
140202789875
140283769536
140364780373
140445822392
140526895599
140608000000
140689135601
140770302408
140851500427
140932729664
141013990125
141095281816
141176604743
141257958912
141339344329
141420761000
141502208931
141583688128
141665198597
141746740344
141828313375
141909917696
141991553313
142073220232
142154918459
142236648000
142318408861
142400201048
142482024567
142563879424
142645765625
142727683176
142809632083
142891612352
142973623989
143055667000
143137741391
143219847168
143301984337
143384152904
143466352875
143548584256
143630847053
143713141272
143795466919
143877824000
143960212521
144042632488
144125083907
144207566784
144290081125
144372626936
144455204223
144537812992
144620453249
144703125000
144785828251
144868563008
144951329277
145034127064
145116956375
145199817216
145282709593
145365633512
145448588979
145531576000
145614594581
145697644728
145780726447
145863839744
145946984625
146030161096
146113369163
146196608832
146279880109
146363183000
146446517511
146529883648
146613281417
146696710824
146780171875
146863664576
146947188933
147030744952
147114332639
147197952000
147281603041
147365285768
147449000187
147532746304
147616524125
147700333656
147784174903
147868047872
147951952569
148035889000
148119857171
148203857088
148287888757
148371952184
148456047375
148540174336
148624333073
148708523592
148792745899
148877000000
148961285901
149045603608
149129953127
149214334464
149298747625
149383192616
149467669443
149552178112
149636718629
149721291000
149805895231
149890531328
149975199297
150059899144
150144630875
150229394496
150314190013
150399017432
150483876759
150568768000
150653691161
150738646248
150823633267
150908652224
150993703125
151078785976
151163900783
151249047552
151334226289
151419437000
151504679691
151589954368
151675261037
151760599704
151845970375
151931373056
152016807753
152102274472
152187773219
152273304000
152358866821
152444461688
152530088607
152615747584
152701438625
152787161736
152872916923
152958704192
153044523549
153130375000
153216258551
153302174208
153388121977
153474101864
153560113875
153646158016
153732234293
153818342712
153904483279
153990656000
154076860881
154163097928
154249367147
154335668544
154422002125
154508367896
154594765863
154681196032
154767658409
154854153000
154940679811
155027238848
155113830117
155200453624
155287109375
155373797376
155460517633
155547270152
155634054939
155720872000
155807721341
155894602968
155981516887
156068463104
156155441625
156242452456
156329495603
156416571072
156503678869
156590819000
156677991471
156765196288
156852433457
156939702984
157027004875
157114339136
157201705773
157289104792
157376536199
157464000000
157551496201
157639024808
157726585827
157814179264
157901805125
157989463416
158077154143
158164877312
158252632929
158340421000
158428241531
158516094528
158603979997
158691897944
158779848375
158867831296
158955846713
159043894632
159131975059
159220088000
159308233461
159396411448
159484621967
159572865024
159661140625
159749448776
159837789483
159926162752
160014568589
160103007000
160191477991
160279981568
160368517737
160457086504
160545687875
160634321856
160722988453
160811687672
160900419519
160989184000
161077981121
161166810888
161255673307
161344568384
161433496125
161522456536
161611449623
161700475392
161789533849
161878625000
161967748851
162056905408
162146094677
162235316664
162324571375
162413858816
162503178993
162592531912
162681917579
162771336000
162860787181
162950271128
163039787847
163129337344
163218919625
163308534696
163398182563
163487863232
163577576709
163667323000
163757102111
163846914048
163936758817
164026636424
164116546875
164206490176
164296466333
164386475352
164476517239
164566592000
164656699641
164746840168
164837013587
164927219904
165017459125
165107731256
165198036303
165288374272
165378745169
165469149000
165559585771
165650055488
165740558157
165831093784
165921662375
166012263936
166102898473
166193565992
166284266499
166375000000
166465766501
166556566008
166647398527
166738264064
166829162625
166920094216
167011058843
167102056512
167193087229
167284151000
167375247831
167466377728
167557540697
167648736744
167739965875
167831228096
167922523413
168013851832
168105213359
168196608000
168288035761
168379496648
168470990667
168562517824
168654078125
168745671576
168837298183
168928957952
169020650889
169112377000
169204136291
169295928768
169387754437
169479613304
169571505375
169663430656
169755389153
169847380872
169939405819
170031464000
170123555421
170215680088
170307838007
170400029184
170492253625
170584511336
170676802323
170769126592
170861484149
170953875000
171046299151
171138756608
171231247377
171323771464
171416328875
171508919616
171601543693
171694201112
171786891879
171879616000
171972373481
172065164328
172157988547
172250846144
172343737125
172436661496
172529619263
172622610432
172715635009
172808693000
172901784411
172994909248
173088067517
173181259224
173274484375
173367742976
173461035033
173554360552
173647719539
173741112000
173834537941
173927997368
174021490287
174115016704
174208576625
174302170056
174395797003
174489457472
174583151469
174676879000
174770640071
174864434688
174958262857
175052124584
175146019875
175239948736
175333911173
175427907192
175521936799
175616000000
175710096801
175804227208
175898391227
175992588864
176086820125
176181085016
176275383543
176369715712
176464081529
176558481000
176652914131
176747380928
176841881397
176936415544
177030983375
177125584896
177220220113
177314889032
177409591659
177504328000
177599098061
177693901848
177788739367
177883610624
177978515625
178073454376
178168426883
178263433152
178358473189
178453547000
178548654591
178643795968
178738971137
178834180104
178929422875
179024699456
179120009853
179215354072
179310732119
179406144000
179501589721
179597069288
179692582707
179788129984
179883711125
179979326136
180074975023
180170657792
180266374449
180362125000
180457909451
180553727808
180649580077
180745466264
180841386375
180937340416
181033328393
181129350312
181225406179
181321496000
181417619781
181513777528
181609969247
181706194944
181802454625
181898748296
181995075963
182091437632
182187833309
182284263000
182380726711
182477224448
182573756217
182670322024
182766921875
182863555776
182960223733
183056925752
183153661839
183250432000
183347236241
183444074568
183540946987
183637853504
183734794125
183831768856
183928777703
184025820672
184122897769
184220009000
184317154371
184414333888
184511547557
184608795384
184706077375
184803393536
184900743873
184998128392
185095547099
185193000000
185290487101
185388008408
185485563927
185583153664
185680777625
185778435816
185876128243
185973854912
186071615829
186169411000
186267240431
186365104128
186463002097
186560934344
186658900875
186756901696
186854936813
186953006232
187051109959
187149248000
187247420361
187345627048
187443868067
187542143424
187640453125
187738797176
187837175583
187935588352
188034035489
188132517000
188231032891
188329583168
188428167837
188526786904
188625440375
188724128256
188822850553
188921607272
189020398419
189119224000
189218084021
189316978488
189415907407
189514870784
189613868625
189712900936
189811967723
189911068992
190010204749
190109375000
190208579751
190307819008
190407092777
190506401064
190605743875
190705121216
190804533093
190903979512
191003460479
191102976000
191202526081
191302110728
191401729947
191501383744
191601072125
191700795096
191800552663
191900344832
192000171609
192100033000
192199929011
192299859648
192399824917
192499824824
192599859375
192699928576
192800032433
192900170952
193000344139
193100552000
193200794541
193301071768
193401383687
193501730304
193602111625
193702527656
193802978403
193903463872
194003984069
194104539000
194205128671
194305753088
194406412257
194507106184
194607834875
194708598336
194809396573
194910229592
195011097399
195112000000
195212937401
195313909608
195414916627
195515958464
195617035125
195718146616
195819292943
195920474112
196021690129
196122941000
196224226731
196325547328
196426902797
196528293144
196629718375
196731178496
196832673513
196934203432
197035768259
197137368000
197239002661
197340672248
197442376767
197544116224
197645890625
197747699976
197849544283
197951423552
198053337789
198155287000
198257271191
198359290368
198461344537
198563433704
198665557875
198767717056
198869911253
198972140472
199074404719
199176704000
199279038321
199381407688
199483812107
199586251584
199688726125
199791235736
199893780423
199996360192
200098975049
200201625000
200304310051
200407030208
200509785477
200612575864
200715401375
200818262016
200921157793
201024088712
201127054779
201230056000
201333092381
201436163928
201539270647
201642412544
201745589625
201848801896
201952049363
202055332032
202158649909
202262003000
202365391311
202468814848
202572273617
202675767624
202779296875
202882861376
202986461133
203090096152
203193766439
203297472000
203401212841
203504988968
203608800387
203712647104
203816529125
203920446456
204024399103
204128387072
204232410369
204336469000
204440562971
204544692288
204648856957
204753056984
204857292375
204961563136
205065869273
205170210792
205274587699
205379000000
205483447701
205587930808
205692449327
205797003264
205901592625
206006217416
206110877643
206215573312
206320304429
206425071000
206529873031
206634710528
206739583497
206844491944
206949435875
207054415296
207159430213
207264480632
207369566559
207474688000
207579844961
207685037448
207790265467
207895529024
208000828125
208106162776
208211532983
208316938752
208422380089
208527857000
208633369491
208738917568
208844501237
208950120504
209055775375
209161465856
209267191953
209372953672
209478751019
209584584000
209690452621
209796356888
209902296807
210008272384
210114283625
210220330536
210326413123
210432531392
210538685349
210644875000
210751100351
210857361408
210963658177
211069990664
211176358875
211282762816
211389202493
211495677912
211602189079
211708736000
211815318681
211921937128
212028591347
212135281344
212242007125
212348768696
212455566063
212562399232
212669268209
212776173000
212883113611
212990090048
213097102317
213204150424
213311234375
213418354176
213525509833
213632701352
213739928739
213847192000
213954491141
214061826168
214169197087
214276603904
214384046625
214491525256
214599039803
214706590272
214814176669
214921799000
215029457271
215137151488
215244881657
215352647784
215460449875
215568287936
215676161973
215784071992
215892017999
216000000000
216108018001
216216072008
216324162027
216432288064
216540450125
216648648216
216756882343
216865152512
216973458729
217081801000
217190179331
217298593728
217407044197
217515530744
217624053375
217732612096
217841206913
217949837832
218058504859
218167208000
218275947261
218384722648
218493534167
218602381824
218711265625
218820185576
218929141683
219038133952
219147162389
219256227000
219365327791
219474464768
219583637937
219692847304
219802092875
219911374656
220020692653
220130046872
220239437319
220348864000
220458326921
220567826088
220677361507
220786933184
220896541125
221006185336
221115865823
221225582592
221335335649
221445125000
221554950651
221664812608
221774710877
221884645464
221994616375
222104623616
222214667193
222324747112
222434863379
222545016000
222655204981
222765430328
222875692047
222985990144
223096324625
223206695496
223317102763
223427546432
223538026509
223648543000
223759095911
223869685248
223980311017
224090973224
224201671875
224312406976
224423178533
224533986552
224644831039
224755712000
224866629441
224977583368
225088573787
225199600704
225310664125
225421764056
225532900503
225644073472
225755282969
225866529000
225977811571
226089130688
226200486357
226311878584
226423307375
226534772736
226646274673
226757813192
226869388299
226981000000
227092648301
227204333208
227316054727
227427812864
227539607625
227651439016
227763307043
227875211712
227987153029
228099131000
228211145631
228323196928
228435284897
228547409544
228659570875
228771768896
228884003613
228996275032
229108583159
229220928000
229333309561
229445727848
229558182867
229670674624
229783203125
229895768376
230008370383
230121009152
230233684689
230346397000
230459146091
230571931968
230684754637
230797614104
230910510375
231023443456
231136413353
231249420072
231362463619
231475544000
231588661221
231701815288
231815006207
231928233984
232041498625
232154800136
232268138523
232381513792
232494925949
232608375000
232721860951
232835383808
232948943577
233062540264
233176173875
233289844416
233403551893
233517296312
233631077679
233744896000
233858751281
233972643528
234086572747
234200538944
234314542125
234428582296
234542659463
234656773632
234770924809
234885113000
234999338211
235113600448
235227899717
235342236024
235456609375
235571019776
235685467233
235799951752
235914473339
236029032000
236143627741
236258260568
236372930487
236487637504
236602381625
236717162856
236831981203
236946836672
237061729269
237176659000
237291625871
237406629888
237521671057
237636749384
237751864875
237867017536
237982207373
238097434392
238212698599
238328000000
238443338601
238558714408
238674127427
238789577664
238905065125
239020589816
239136151743
239251750912
239367387329
239483061000
239598771931
239714520128
239830305597
239946128344
240061988375
240177885696
240293820313
240409792232
240525801459
240641848000
240757931861
240874053048
240990211567
241106407424
241222640625
241338911176
241455219083
241571564352
241687946989
241804367000
241920824391
242037319168
242153851337
242270420904
242387027875
242503672256
242620354053
242737073272
242853829919
242970624000
243087455521
243204324488
243321230907
243438174784
243555156125
243672174936
243789231223
243906324992
244023456249
244140625000
244257831251
244375075008
244492356277
244609675064
244727031375
244844425216
244961856593
245079325512
245196831979
245314376000
245431957581
245549576728
245667233447
245784927744
245902659625
246020429096
246138236163
246256080832
246373963109
246491883000
246609840511
246727835648
246845868417
246963938824
247082046875
247200192576
247318375933
247436596952
247554855639
247673152000
247791486041
247909857768
248028267187
248146714304
248265199125
248383721656
248502281903
248620879872
248739515569
248858189000
248976900171
249095649088
249214435757
249333260184
249452122375
249571022336
249689960073
249808935592
249927948899
250047000000
250166088901
250285215608
250404380127
250523582464
250642822625
250762100616
250881416443
251000770112
251120161629
251239591000
251359058231
251478563328
251598106297
251717687144
251837305875
251956962496
252076657013
252196389432
252316159759
252435968000
252555814161
252675698248
252795620267
252915580224
253035578125
253155613976
253275687783
253395799552
253515949289
253636137000
253756362691
253876626368
253996928037
254117267704
254237645375
254358061056
254478514753
254599006472
254719536219
254840104000
254960709821
255081353688
255202035607
255322755584
255443513625
255564309736
255685143923
255806016192
255926926549
256047875000
256168861551
256289886208
256410948977
256532049864
256653188875
256774366016
256895581293
257016834712
257138126279
257259456000
257380823881
257502229928
257623674147
257745156544
257866677125
257988235896
258109832863
258231468032
258353141409
258474853000
258596602811
258718390848
258840217117
258962081624
259083984375
259205925376
259327904633
259449922152
259571977939
259694072000
259816204341
259938374968
260060583887
260182831104
260305116625
260427440456
260549802603
260672203072
260794641869
260917119000
261039634471
261162188288
261284780457
261407410984
261530079875
261652787136
261775532773
261898316792
262021139199
262144000000
262266899201
262389836808
262512812827
262635827264
262758880125
262881971416
263005101143
263128269312
263251475929
263374721000
263498004531
263621326528
263744686997
263868085944
263991523375
264114999296
264238513713
264362066632
264485658059
264609288000
264732956461
264856663448
264980408967
265104193024
265228015625
265351876776
265475776483
265599714752
265723691589
265847707000
265971760991
266095853568
266219984737
266344154504
266468362875
266592609856
266716895453
266841219672
266965582519
267089984000
267214424121
267338902888
267463420307
267587976384
267712571125
267837204536
267961876623
268086587392
268211336849
268336125000
268460951851
268585817408
268710721677
268835664664
268960646375
269085666816
269210725993
269335823912
269460960579
269586136000
269711350181
269836603128
269961894847
270087225344
270212594625
270338002696
270463449563
270588935232
270714459709
270840023000
270965625111
271091266048
271216945817
271342664424
271468421875
271594218176
271720053333
271845927352
271971840239
272097792000
272223782641
272349812168
272475880587
272601987904
272728134125
272854319256
272980543303
273106806272
273233108169
273359449000
273485828771
273612247488
273738705157
273865201784
273991737375
274118311936
274244925473
274371577992
274498269499
274625000000
274751769501
274878578008
275005425527
275132312064
275259237625
275386202216
275513205843
275640248512
275767330229
275894451000
276021610831
276148809728
276276047697
276403324744
276530640875
276657996096
276785390413
276912823832
277040296359
277167808000
277295358761
277422948648
277550577667
277678245824
277805953125
277933699576
278061485183
278189309952
278317173889
278445077000
278573019291
278701000768
278829021437
278957081304
279085180375
279213318656
279341496153
279469712872
279597968819
279726264000
279854598421
279982972088
280111385007
280239837184
280368328625
280496859336
280625429323
280754038592
280882687149
281011375000
281140102151
281268868608
281397674377
281526519464
281655403875
281784327616
281913290693
282042293112
282171334879
282300416000
282429536481
282558696328
282687895547
282817134144
282946412125
283075729496
283205086263
283334482432
283463918009
283593393000
283722907411
283852461248
283982054517
284111687224
284241359375
284371070976
284500822033
284630612552
284760442539
284890312000
285020220941
285150169368
285280157287
285410184704
285540251625
285670358056
285800504003
285930689472
286060914469
286191179000
286321483071
286451826688
286582209857
286712632584
286843094875
286973596736
287104138173
287234719192
287365339799
287496000000
287626699801
287757439208
287888218227
288019036864
288149895125
288280793016
288411730543
288542707712
288673724529
288804781000
288935877131
289067012928
289198188397
289329403544
289460658375
289591952896
289723287113
289854661032
289986074659
290117528000
290249021061
290380553848
290512126367
290643738624
290775390625
290907082376
291038813883
291170585152
291302396189
291434247000
291566137591
291698067968
291830038137
291962048104
292094097875
292226187456
292358316853
292490486072
292622695119
292754944000
292887232721
293019561288
293151929707
293284337984
293416786125
293549274136
293681802023
293814369792
293946977449
294079625000
294212312451
294345039808
294477807077
294610614264
294743461375
294876348416
295009275393
295142242312
295275249179
295408296000
295541382781
295674509528
295807676247
295940882944
296074129625
296207416296
296340742963
296474109632
296607516309
296740963000
296874449711
297007976448
297141543217
297275150024
297408796875
297542483776
297676210733
297809977752
297943784839
298077632000
298211519241
298345446568
298479413987
298613421504
298747469125
298881556856
299015684703
299149852672
299284060769
299418309000
299552597371
299686925888
299821294557
299955703384
300090152375
300224641536
300359170873
300493740392
300628350099
300763000000
300897690101
301032420408
301167190927
301302001664
301436852625
301571743816
301706675243
301841646912
301976658829
302111711000
302246803431
302381936128
302517109097
302652322344
302787575875
302922869696
303058203813
303193578232
303328992959
303464448000
303599943361
303735479048
303871055067
304006671424
304142328125
304278025176
304413762583
304549540352
304685358489
304821217000
304957115891
305093055168
305229034837
305365054904
305501115375
305637216256
305773357553
305909539272
306045761419
306182024000
306318327021
306454670488
306591054407
306727478784
306863943625
307000448936
307136994723
307273580992
307410207749
307546875000
307683582751
307820331008
307957119777
308093949064
308230818875
308367729216
308504680093
308641671512
308778703479
308915776000
309052889081
309190042728
309327236947
309464471744
309601747125
309739063096
309876419663
310013816832
310151254609
310288733000
310426252011
310563811648
310701411917
310839052824
310976734375
311114456576
311252219433
311390022952
311527867139
311665752000
311803677541
311941643768
312079650687
312217698304
312355786625
312493915656
312632085403
312770295872
312908547069
313046839000
313185171671
313323545088
313461959257
313600414184
313738909875
313877446336
314016023573
314154641592
314293300399
314432000000
314570740401
314709521608
314848343627
314987206464
315126110125
315265054616
315404039943
315543066112
315682133129
315821241000
315960389731
316099579328
316238809797
316378081144
316517393375
316656746496
316796140513
316935575432
317075051259
317214568000
317354125661
317493724248
317633363767
317773044224
317912765625
318052527976
318192331283
318332175552
318472060789
318611987000
318751954191
318891962368
319032011537
319172101704
319312232875
319452405056
319592618253
319732872472
319873167719
320013504000
320153881321
320294299688
320434759107
320575259584
320715801125
320856383736
320997007423
321137672192
321278378049
321419125000
321559913051
321700742208
321841612477
321982523864
322123476375
322264470016
322405504793
322546580712
322687697779
322828856000
322970055381
323111295928
323252577647
323393900544
323535264625
323676669896
323818116363
323959604032
324101132909
324242703000
324384314311
324525966848
324667660617
324809395624
324951171875
325092989376
325234848133
325376748152
325518689439
325660672000
325802695841
325944760968
326086867387
326229015104
326371204125
326513434456
326655706103
326798019072
326940373369
327082769000
327225205971
327367684288
327510203957
327652764984
327795367375
327938011136
328080696273
328223422792
328366190699
328509000000
328651850701
328794742808
328937676327
329080651264
329223667625
329366725416
329509824643
329652965312
329796147429
329939371000
330082636031
330225942528
330369290497
330512679944
330656110875
330799583296
330943097213
331086652632
331230249559
331373888000
331517567961
331661289448
331805052467
331948857024
332092703125
332236590776
332380519983
332524490752
332668503089
332812557000
332956652491
333100789568
333244968237
333389188504
333533450375
333677753856
333822098953
333966485672
334110914019
334255384000
334399895621
334544448888
334689043807
334833680384
334978358625
335123078536
335267840123
335412643392
335557488349
335702375000
335847303351
335992273408
336137285177
336282338664
336427433875
336572570816
336717749493
336862969912
337008232079
337153536000
337298881681
337444269128
337589698347
337735169344
337880682125
338026236696
338171833063
338317471232
338463151209
338608873000
338754636611
338900442048
339046289317
339192178424
339338109375
339484082176
339630096833
339776153352
339922251739
340068392000
340214574141
340360798168
340507064087
340653371904
340799721625
340946113256
341092546803
341239022272
341385539669
341532099000
341678700271
341825343488
341972028657
342118755784
342265524875
342412335936
342559188973
342706083992
342853020999
343000000000
343147021001
343294084008
343441189027
343588336064
343735525125
343882756216
344030029343
344177344512
344324701729
344472101000
344619542331
344767025728
344914551197
345062118744
345209728375
345357380096
345505073913
345652809832
345800587859
345948408000
346096270261
346244174648
346392121167
346540109824
346688140625
346836213576
346984328683
347132485952
347280685389
347428927000
347577210791
347725536768
347873904937
348022315304
348170767875
348319262656
348467799653
348616378872
348765000319
348913664000
349062369921
349211118088
349359908507
349508741184
349657616125
349806533336
349955492823
350104494592
350253538649
350402625000
350551753651
350700924608
350850137877
350999393464
351148691375
351298031616
351447414193
351596839112
351746306379
351895816000
352045367981
352194962328
352344599047
352494278144
352643999625
352793763496
352943569763
353093418432
353243309509
353393243000
353543218911
353693237248
353843298017
353993401224
354143546875
354293734976
354443965533
354594238552
354744554039
354894912000
355045312441
355195755368
355346240787
355496768704
355647339125
355797952056
355948607503
356099305472
356250045969
356400829000
356551654571
356702522688
356853433357
357004386584
357155382375
357306420736
357457501673
357608625192
357759791299
357911000000
358062251301
358213545208
358364881727
358516260864
358667682625
358819147016
358970654043
359122203712
359273796029
359425431000
359577108631
359728828928
359880591897
360032397544
360184245875
360336136896
360488070613
360640047032
360792066159
360944128000
361096232561
361248379848
361400569867
361552802624
361705078125
361857396376
362009757383
362162161152
362314607689
362467097000
362619629091
362772203968
362924821637
363077482104
363230185375
363382931456
363535720353
363688552072
363841426619
363994344000
364147304221
364300307288
364453353207
364606441984
364759573625
364912748136
365065965523
365219225792
365372528949
365525875000
365679263951
365832695808
365986170577
366139688264
366293248875
366446852416
366600498893
366754188312
366907920679
367061696000
367215514281
367369375528
367523279747
367677226944
367831217125
367985250296
368139326463
368293445632
368447607809
368601813000
368756061211
368910352448
369064686717
369219064024
369373484375
369527947776
369682454233
369837003752
369991596339
370146232000
370300910741
370455632568
370610397487
370765205504
370920056625
371074950856
371229888203
371384868672
371539892269
371694959000
371850068871
372005221888
372160418057
372315657384
372470939875
372626265536
372781634373
372937046392
373092501599
373248000000
373403541601
373559126408
373714754427
373870425664
374026140125
374181897816
374337698743
374493542912
374649430329
374805361000
374961334931
375117352128
375273412597
375429516344
375585663375
375741853696
375898087313
376054364232
376210684459
376367048000
376523454861
376679905048
376836398567
376992935424
377149515625
377306139176
377462806083
377619516352
377776269989
377933067000
378089907391
378246791168
378403718337
378560688904
378717702875
378874760256
379031861053
379189005272
379346192919
379503424000
379660698521
379818016488
379975377907
380132782784
380290231125
380447722936
380605258223
380762836992
380920459249
381078125000
381235834251
381393587008
381551383277
381709223064
381867106375
382025033216
382183003593
382341017512
382499074979
382657176000
382815320581
382973508728
383131740447
383290015744
383448334625
383606697096
383765103163
383923552832
384082046109
384240583000
384399163511
384557787648
384716455417
384875166824
385033921875
385192720576
385351562933
385510448952
385669378639
385828352000
385987369041
386146429768
386305534187
386464682304
386623874125
386783109656
386942388903
387101711872
387261078569
387420489000
387579943171
387739441088
387898982757
388058568184
388218197375
388377870336
388537587073
388697347592
388857151899
389017000000
389176891901
389336827608
389496807127
389656830464
389816897625
389977008616
390137163443
390297362112
390457604629
390617891000
390778221231
390938595328
391099013297
391259475144
391419980875
391580530496
391741124013
391901761432
392062442759
392223168000
392383937161
392544750248
392705607267
392866508224
393027453125
393188441976
393349474783
393510551552
393671672289
393832837000
393994045691
394155298368
394316595037
394477935704
394639320375
394800749056
394962221753
395123738472
395285299219
395446904000
395608552821
395770245688
395931982607
396093763584
396255588625
396417457736
396579370923
396741328192
396903329549
397065375000
397227464551
397389598208
397551775977
397713997864
397876263875
398038574016
398200928293
398363326712
398525769279
398688256000
398850786881
399013361928
399175981147
399338644544
399501352125
399664103896
399826899863
399989740032
400152624409
400315553000
400478525811
400641542848
400804604117
400967709624
401130859375
401294053376
401457291633
401620574152
401783900939
401947272000
402110687341
402274146968
402437650887
402601199104
402764791625
402928428456
403092109603
403255835072
403419604869
403583419000
403747277471
403911180288
404075127457
404239118984
404403154875
404567235136
404731359773
404895528792
405059742199
405224000000
405388302201
405552648808
405717039827
405881475264
406045955125
406210479416
406375048143
406539661312
406704318929
406869021000
407033767531
407198558528
407363393997
407528273944
407693198375
407858167296
408023180713
408188238632
408353341059
408518488000
408683679461
408848915448
409014195967
409179521024
409344890625
409510304776
409675763483
409841266752
410006814589
410172407000
410338043991
410503725568
410669451737
410835222504
411001037875
411166897856
411332802453
411498751672
411664745519
411830784000
411996867121
412162994888
412329167307
412495384384
412661646125
412827952536
412994303623
413160699392
413327139849
413493625000
413660154851
413826729408
413993348677
414160012664
414326721375
414493474816
414660272993
414827115912
414994003579
415160936000
415327913181
415494935128
415662001847
415829113344
415996269625
416163470696
416330716563
416498007232
416665342709
416832723000
417000148111
417167618048
417335132817
417502692424
417670296875
417837946176
418005640333
418173379352
418341163239
418508992000
418676865641
418844784168
419012747587
419180755904
419348809125
419516907256
419685050303
419853238272
420021471169
420189749000
420358071771
420526439488
420694852157
420863309784
421031812375
421200359936
421368952473
421537589992
421706272499
421875000000
422043772501
422212590008
422381452527
422550360064
422719312625
422888310216
423057352843
423226440512
423395573229
423564751000
423733973831
423903241728
424072554697
424241912744
424411315875
424580764096
424750257413
424919795832
425089379359
425259008000
425428681761
425598400648
425768164667
425937973824
426107828125
426277727576
426447672183
426617661952
426787696889
426957777000
427127902291
427298072768
427468288437
427638549304
427808855375
427979206656
428149603153
428320044872
428490531819
428661064000
428831641421
429002264088
429172932007
429343645184
429514403625
429685207336
429856056323
430026950592
430197890149
430368875000
430539905151
430710980608
430882101377
431053267464
431224478875
431395735616
431567037693
431738385112
431909777879
432081216000
432252699481
432424228328
432595802547
432767422144
432939087125
433110797496
433282553263
433454354432
433626201009
433798093000
433970030411
434142013248
434314041517
434486115224
434658234375
434830398976
435002609033
435174864552
435347165539
435519512000
435691903941
435864341368
436036824287
436209352704
436381926625
436554546056
436727211003
436899921472
437072677469
437245479000
437418326071
437591218688
437764156857
437937140584
438110169875
438283244736
438456365173
438629531192
438802742799
438976000000
439149302801
439322651208
439496045227
439669484864
439842970125
440016501016
440190077543
440363699712
440537367529
440711081000
440884840131
441058644928
441232495397
441406391544
441580333375
441754320896
441928354113
442102433032
442276557659
442450728000
442624944061
442799205848
442973513367
443147866624
443322265625
443496710376
443671200883
443845737152
444020319189
444194947000
444369620591
444544339968
444719105137
444893916104
445068772875
445243675456
445418623853
445593618072
445768658119
445943744000
446118875721
446294053288
446469276707
446644545984
446819861125
446995222136
447170629023
447346081792
447521580449
447697125000
447872715451
448048351808
448224034077
448399762264
448575536375
448751356416
448927222393
449103134312
449279092179
449455096000
449631145781
449807241528
449983383247
450159570944
450335804625
450512084296
450688409963
450864781632
451041199309
451217663000
451394172711
451570728448
451747330217
451923978024
452100671875
452277411776
452454197733
452631029752
452807907839
452984832000
453161802241
453338818568
453515880987
453692989504
453870144125
454047344856
454224591703
454401884672
454579223769
454756609000
454934040371
455111517888
455289041557
455466611384
455644227375
455821889536
455999597873
456177352392
456355153099
456533000000
456710893101
456888832408
457066817927
457244849664
457422927625
457601051816
457779222243
457957438912
458135701829
458314011000
458492366431
458670768128
458849216097
459027710344
459206250875
459384837696
459563470813
459742150232
459920875959
460099648000
460278466361
460457331048
460636242067
460815199424
460994203125
461173253176
461352349583
461531492352
461710681489
461889917000
462069198891
462248527168
462427901837
462607322904
462786790375
462966304256
463145864553
463325471272
463505124419
463684824000
463864570021
464044362488
464224201407
464404086784
464584018625
464763996936
464944021723
465124092992
465304210749
465484375000
465664585751
465844843008
466025146777
466205497064
466385893875
466566337216
466746827093
466927363512
467107946479
467288576000
467469252081
467649974728
467830743947
468011559744
468192422125
468373331096
468554286663
468735288832
468916337609
469097433000
469278575011
469459763648
469640998917
469822280824
470003609375
470184984576
470366406433
470547874952
470729390139
470910952000
471092560541
471274215768
471455917687
471637666304
471819461625
472001303656
472183192403
472365127872
472547110069
472729139000
472911214671
473093337088
473275506257
473457722184
473639984875
473822294336
474004650573
474187053592
474369503399
474552000000
474734543401
474917133608
475099770627
475282454464
475465185125
475647962616
475830786943
476013658112
476196576129
476379541000
476562552731
476745611328
476928716797
477111869144
477295068375
477478314496
477661607513
477844947432
478028334259
478211768000
478395248661
478578776248
478762350767
478945972224
479129640625
479313355976
479497118283
479680927552
479864783789
480048687000
480232637191
480416634368
480600678537
480784769704
480968907875
481153093056
481337325253
481521604472
481705930719
481890304000
482074724321
482259191688
482443706107
482628267584
482812876125
482997531736
483182234423
483366984192
483551781049
483736625000
483921516051
484106454208
484291439477
484476471864
484661551375
484846678016
485031851793
485217072712
485402340779
485587656000
485773018381
485958427928
486143884647
486329388544
486514939625
486700537896
486886183363
487071876032
487257615909
487443403000
487629237311
487815118848
488001047617
488187023624
488373046875
488559117376
488745235133
488931400152
489117612439
489303872000
489490178841
489676532968
489862934387
490049383104
490235879125
490422422456
490609013103
490795651072
490982336369
491169069000
491355848971
491542676288
491729550957
491916472984
492103442375
492290459136
492477523273
492664634792
492851793699
493039000000
493226253701
493413554808
493600903327
493788299264
493975742625
494163233416
494350771643
494538357312
494725990429
494913671000
495101399031
495289174528
495476997497
495664867944
495852785875
496040751296
496228764213
496416824632
496604932559
496793088000
496981290961
497169541448
497357839467
497546185024
497734578125
497923018776
498111506983
498300042752
498488626089
498677257000
498865935491
499054661568
499243435237
499432256504
499621125375
499810041856
499999005953
500188017672
500377077019
500566184000
500755338621
500944540888
501133790807
501323088384
501512433625
501701826536
501891267123
502080755392
502270291349
502459875000
502649506351
502839185408
503028912177
503218686664
503408508875
503598378816
503788296493
503978261912
504168275079
504358336000
504548444681
504738601128
504928805347
505119057344
505309357125
505499704696
505690100063
505880543232
506071034209
506261573000
506452159611
506642794048
506833476317
507024206424
507214984375
507405810176
507596683833
507787605352
507978574739
508169592000
508360657141
508551770168
508742931087
508934139904
509125396625
509316701256
509508053803
509699454272
509890902669
510082399000
510273943271
510465535488
510657175657
510848863784
511040599875
511232383936
511424215973
511616095992
511808023999
512000000000
512192024001
512384096008
512576216027
512768384064
512960600125
513152864216
513345176343
513537536512
513729944729
513922401000
514114905331
514307457728
514500058197
514692706744
514885403375
515078148096
515270940913
515463781832
515656670859
515849608000
516042593261
516235626648
516428708167
516621837824
516815015625
517008241576
517201515683
517394837952
517588208389
517781627000
517975093791
518168608768
518362171937
518555783304
518749442875
518943150656
519136906653
519330710872
519524563319
519718464000
519912412921
520106410088
520300455507
520494549184
520688691125
520882881336
521077119823
521271406592
521465741649
521660125000
521854556651
522049036608
522243564877
522438141464
522632766375
522827439616
523022161193
523216931112
523411749379
523606616000
523801530981
523996494328
524191506047
524386566144
524581674625
524776831496
524972036763
525167290432
525362592509
525557943000
525753341911
525948789248
526144285017
526339829224
526535421875
526731062976
526926752533
527122490552
527318277039
527514112000
527709995441
527905927368
528101907787
528297936704
528494014125
528690140056
528886314503
529082537472
529278808969
529475129000
529671497571
529867914688
530064380357
530260894584
530457457375
530654068736
530850728673
531047437192
531244194299
531441000000
531637854301
531834757208
532031708727
532228708864
532425757625
532622855016
532820001043
533017195712
533214439029
533411731000
533609071631
533806460928
534003898897
534201385544
534398920875
534596504896
534794137613
534991819032
535189549159
535387328000
535585155561
535783031848
535980956867
536178930624
536376953125
