
9250
942841
27889
665856
929296
454276
52441
124609
66049
674041
157609
151321
156816
881721
278784
868624
112225
45369
219024
394384
184041
454276
159201
283024
271441
131769
447561
144400
336400
22500
484416
120409
102400
442225
697225
313600
917764
820836
259081
145924
356409
272484
512656
748225
185761
833569
73984
38416
470596
717409
264196
297025
400689
75625
729316
454276
786769
145161
119025
874225
463761
595984
178929
767376
50625
669124
153664
228484
87025
54756
11664
49284
20736
234256
196249
356409
972196
327184
774400
984064
442225
879844
16641
16641
100489
549081
106276
313600
88804
315844
451584
276676
26569
17424
283024
32761
966289
217156
368449
509796
79524
264196
396900
48841
13456
175561
46656
121104
720801
216225
153664
77841
110889
73984
753424
368449
34596
391876
140625
49729
885481
25281
635209
649636
180625
743044
474721
603729
622521
802816
119025
329476
915849
373321
13456
719104
446224
26569
96100
27225
41616
222784
216225
154449
851929
20164
394384
380689
380689
75625
605284
275625
45796
938961
859329
206116
339889
64009
876096
906304
469225
767376
451584
88804
99225
142884
440896
471969
648025
940900
29584
383161
85264
305809
912025
327184
119025
41209
106276
565504
132496
180625
770884
683929
532900
940900
381924
659344
240100
157609
944784
230400
370881
269361
491401
811801
923521
312481
811801
383161
799236
534361
295936
528529
154449
26244
956484
25600
416025
354025
64516
755161
919681
531441
835396
27225
29241
255025
134689
896809
784996
130321
30976
324900
670761
972196
88804
432964
743044
515524
980100
27225
19321
44100
72900
182329
276676
630436
389376
192721
391876
372100
47961
659344
36481
400689
776161
44100
547600
17424
889249
682276
215296
446224
956484
379456
512656
194481
469225
58081
33489
10609
58564
131044
152100
314721
344569
166464
490000
580644
417316
715716
904401
87616
143641
783225
944784
145161
395641
61504
11236
150544
625681
727609
11449
33856
151321
585225
461041
876096
119716
455625
664225
617796
25281
632025
751689
76729
233289
570025
258064
430336
220900
765625
19600
537289
717409
118336
571536
200704
633616
32400
338724
465124
848241
138384
143641
583696
633616
293764
346921
522729
164025
355216
318096
93636
651249
47524
662596
101761
197136
786769
300304
463761
63504
119716
32761
767376
219961
207025
465124
17161
919681
725904
571536
16129
408321
275625
779689
447561
625681
499849
567009
131044
692224
16641
294849
234256
221841
288369
893025
902500
725904
194481
643204
348100
27225
112225
541696
505521
30976
435600
274576
669124
160801
211600
360000
201601
141376
126025
549081
527076
958441
198025
186624
692224
133225
11664
28561
654481
505521
266256
576081
434281
132496
37636
30976
327184
492804
839056
108241
95481
403225
174724
379456
42436
258064
78961
47524
597529
45369
214369
21316
123904
786769
108241
50625
25281
815409
675684
541696
715716
24649
451584
719104
24025
408321
164025
309136
59536
600625
870489
370881
157609
685584
17424
495616
226576
976144
126736
246016
646416
450241
137641
567009
555025
379456
956484
280900
958441
688900
446224
260100
448900
505521
831744
243049
28224
529984
97344
859329
228484
59536
341056
883600
719104
292681
652864
87616
379456
367236
62500
51076
948676
243049
394384
10404
90601
632025
609961
86436
270400
331776
651249
444889
31329
182329
289444
231361
372100
93636
606841
88209
264196
90000
351649
672400
591361
822649
797449
118336
444889
145924
291600
395641
808201
109561
401956
14400
153664
744769
364816
242064
384400
725904
259081
400689
21609
935089
270400
779689
297025
38416
538756
61009
348100
651249
380689
331776
739600
933156
178929
614656
743044
324900
12769
34969
29584
24025
521284
176400
92416
129600
710649
56169
358801
249001
101124
840889
17161
230400
401956
330625
829921
21316
576081
426409
178929
385641
14641
261121
488601
271441
972196
26244
913936
53824
966289
876096
166464
824464
531441
966289
86436
418609
344569
78400
409600
163216
443556
200704
301401
283024
410881
77841
469225
508369
185761
80089
705600
29584
145924
388129
588289
183184
589824
21025
931225
173889
189225
524176
57121
998001
170569
822649
18496
51984
117649
509796
525625
931225
184041
101124
75625
77284
401956
484416
532900
490000
165649
136900
556516
732736
562500
405769
625681
535824
478864
652864
222784
418609
64516
63504
613089
498436
236196
893025
417316
14641
712336
499849
244036
804609
130321
921600
45369
138384
349281
261121
760384
79524
739600
688900
96100
68121
547600
39601
39601
599076
685584
267289
44944
60025
132496
332929
508369
426409
99225
16641
237169
898704
87616
62001
352836
950625
613089
94249
900601
401956
368449
404496
224676
349281
252004
15129
46656
70225
210681
21609
611524
978121
321489
164836
311364
169744
405769
90601
430336
127449
400689
117649
498436
549081
893025
75076
935089
17161
13924
122500
119716
19881
71824
913936
25600
276676
37249
414736
309136
499849
857476
980100
15129
770884
246016
804609
221841
159201
332929
103684
225625
620944
181476
113569
342225
44521
332929
368449
855625
16384
734449
851929
674041
30976
168921
966289
36481
288369
487204
202500
964324
64516
992016
620944
99225
720801
571536
208849
20449
425104
77284
327184
518400
34969
423801
756900
447561
919681
78400
534361
200704
954529
172225
391876
303601
237169
736164
600625
198025
22801
77841
446224
64516
643204
281961
189225
471969
225625
678976
248004
624100
459684
717409
828100
23716
762129
29929
77841
46656
567009
203401
50176
935089
14161
230400
904401
116964
962361
674041
65025
38809
17689
131044
751689
358801
829921
810000
183184
63504
66049
15376
168921
273529
187489
17161
350464
157609
83521
241081
28561
10201
635209
625681
127449
56169
252004
222784
341056
121801
478864
257049
231361
122500
712336
48841
477481
385641
20736
946729
531441
788544
44521
380689
970225
99856
45369
206116
466489
21025
116964
24025
390625
509796
435600
44100
136900
356409
83521
207025
674041
13924
118336
870489
389376
11236
379456
762129
244036
286225
42436
51984
11881
158404
328329
103684
24964
311364
970225
341056
672400
39601
58564
556516
450241
576081
12544
808201
36100
87616
74529
357604
270400
652864
303601
99856
912025
386884
190969
192721
219024
547600
811801
627264
11664
176400
60025
616225
734449
651249
213444
36864
543169
573049
532900
908209
99225
39601
19044
984064
136161
582169
677329
76729
851929
25281
21904
964324
514089
492804
558009
898704
125316
471969
605284
70225
385641
790321
113569
165649
103684
535824
484416
70225
714025
289444
419904
561001
434281
801025
748225
26569
767376
110889
902500
960400
244036
45796
40000
82369
323761
960400
734449
541696
960400
34225
187489
804609
358801
998001
101124
674041
534361
66564
287296
231361
314721
998001
103684
373321
128881
413449
797449
677329
559504
185761
117649
139129
266256
171396
746496
58564
363609
130321
182329
116964
553536
960400
94864
93636
446224
714025
725904
67600
652864
760384
970225
829921
767376
662596
205209
537289
15129
682276
87616
606841
682276
788544
61504
385641
506944
405769
141376
404496
595984
99225
103684
421201
893025
50625
12100
588289
222784
116281
497025
235225
105625
62001
65536
38025
547600
50176
576081
82369
591361
418609
54756
640000
335241
715716
14884
582169
25921
535824
579121
50176
75076
558009
30276
25281
19044
117649
313600
54756
212521
476100
455625
952576
958441
851929
883600
60516
935089
22201
175561
70225
390625
758641
770884
465124
703921
309136
904401
463761
210681
73984
54756
187489
614656
80656
227529
891136
341056
135424
494209
364816
687241
620944
220900
139129
87025
35344
84100
35721
421201
58564
611524
152100
465124
994009
259081
438244
938961
288369
810000
725904
498436
446224
48400
753424
776161
136900
280900
34596
990025
21025
45369
889249
659344
788544
322624
194481
53824
1000000
675684
879844
318096
152100
767376
168100
669124
344569
101761
543169
707281
528529
898704
31329
21025
384400
309136
106929
39601
915849
20449
221841
63504
217156
109561
25281
110224
685584
116281
61009
417316
227529
790321
105625
126736
133225
625681
644809
220900
879844
477481
136900
139876
28900
355216
244036
921600
813604
176400
33489
622521
263169
146689
491401
948676
124609
792100
237169
577600
933156
767376
772641
40401
946729
582169
183184
986049
101124
176400
16384
883600
68644
487204
381924
121801
338724
192721
870489
469225
528529
41209
250000
71824
492804
169744
136900
448900
401956
720801
391876
145924
504100
304704
57121
129600
19044
154449
21316
501264
29584
40401
128881
408321
170569
37636
84100
119025
942841
32761
737881
66049
848241
455625
119716
259081
64009
234256
226576
154449
265225
322624
62500
349281
57121
395641
279841
116964
268324
518400
209764
717409
244036
230400
115600
624100
224676
27889
285156
651249
346921
114244
182329
204304
44944
515524
338724
540225
524176
29929
45369
34596
25921
34596
839056
793881
98596
267289
591361
346921
638401
31684
516961
174724
21609
767376
122500
77841
549081
310249
145161
817216
57121
216225
320356
201601
156816
674041
935089
828100
171396
824464
297025
123904
110224
187489
334084
940900
168100
15625
522729
68121
379456
11236
219961
42436
86436
133225
702244
141376
998001
25600
731025
42025
87025
276676
404496
73441
145924
244036
574564
451584
722500
952576
986049
722500
338724
755161
191844
327184
100489
127449
649636
394384
652864
664225
698896
36481
202500
180625
559504
944784
146689
149769
235225
200704
840889
419904
64516
923521
389376
544644
412164
399424
529984
779689
24964
320356
322624
469225
21904
11881
100489
636804
233289
57121
28561
233289
88209
589824
185761
70225
41209
1000000
40804
54756
714025
227529
781456
938961
112896
341056
846400
364816
806404
19881
303601
439569
550564
276676
349281
226576
763876
597529
732736
120409
76729
443556
644809
116964
188356
595984
131769
430336
994009
414736
21904
357604
346921
427716
329476
114921
24964
840889
857476
200704
442225
320356
853776
221841
638401
331776
672400
233289
583696
372100
968256
651249
401956
579121
219024
474721
579121
214369
727609
330625
649636
156025
980100
948676
400689
532900
724201
97344
851929
368449
288369
813604
14400
198916
562500
994009
268324
351649
61504
788544
146689
705600
116281
831744
77841
839056
288369
53824
27889
820836
725904
107584
14641
576081
644809
315844
447561
29929
32041
41209
912025
687241
65536
119025
183184
487204
85264
840889
781456
835396
21609
687241
229441
14161
133956
139876
86436
273529
126736
358801
367236
390625
492804
427716
261121
200704
250000
95481
487204
418609
896809
799236
35721
43681
87616
772641
703921
323761
34969
316969
47961
205209
80089
109561
77284
171396
217156
267289
677329
136900
175561
281961
724201
743044
133225
271441
374544
717409
91204
12321
751689
276676
786769
576081
47089
419904
104976
131044
220900
230400
145161
80656
61009
390625
452929
641601
844561
123201
444889
93025
94864
309136
27225
657721
177241
664225
622521
113569
586756
150544
174724
112896
262144
106929
383161
190096
184900
946729
400689
75076
177241
243049
688900
950625
195364
140625
34596
556516
323761
56169
481636
63504
67081
92416
65536
88209
207025
781456
67081
674041
417316
36100
117649
113569
64516
495616
33856
42436
327184
191844
504100
413449
454276
79524
383161
83521
769129
16384
175561
308025
710649
144400
494209
756900
692224
58564
861184
430336
786769
269361
224676
767376
972196
937024
409600
33489
483025
74529
126025
269361
474721
56169
608400
314721
725904
240100
110889
33489
128881
553536
123201
222784
70225
693889
123201
148996
231361
656100
253009
465124
356409
334084
318096
36481
219024
898704
660969
33489
10609
758641
246016
10816
150544
28224
142129
866761
904401
48400
160000
519841
613089
215296
423801
976144
53824
835396
678976
28900
703921
319225
180625
177241
284089
710649
30976
348100
795664
25600
381924
212521
389376
954529
184041
675684
662596
543169
51076
46225
44521
732736
274576
635209
60516
14884
573049
998001
316969
215296
835396
63504
426409
231361
879844
664225
224676
26896
386884
213444
466489
350464
465124
776161
57121
238144
543169
244036
12769
65536
235225
976144
99856
734449
466489
281961
54756
280900
118336
822649
43264
976144
28224
201601
538756
534361
60516
777924
200704
574564
28561
815409
438244
762129
326041
580644
609961
16129
501264
467856
910116
354025
277729
944784
929296
756900
164025
412164
126736
602176
142129
40000
341056
225625
595984
44521
543169
44944
765625
356409
213444
73984
12996
27889
994009
68644
248004
835396
59536
132496
57121
128881
144400
136161
828100
857476
690561
136161
463761
236196
238144
32761
702244
913936
171396
206116
190969
180625
233289
209764
323761
644809
586756
278784
700569
894916
360000
85264
746496
59049
603729
113569
251001
113569
476100
697225
474721
364816
223729
19881
86436
763876
102400
481636
251001
135424
329476
56644
329476
26244
326041
26569
732736
250000
483025
21609
143641
323761
23409
42849
184900
51076
497025
883600
976144
85264
267289
788544
48841
14641
270400
527076
443556
41209
783225
519841
36864
670761
32761
547600
484416
436921
597529
549081
403225
250000
99856
178084
130321
356409
427716
355216
219961
413449
34969
220900
36864
481636
42025
835396
514089
522729
345744
720801
38025
188356
76729
266256
540225
315844
795664
362404
915849
278784
185761
182329
101761
65536
22801
52441
990025
727609
231361
925444
12321
614656
90601
820836
71289
370881
925444
43264
102400
833569
43264
191844
792100
594441
518400
124609
522729
42436
442225
271441
41616
680625
38416
469225
467856
218089
556516
442225
25600
99225
549081
349281
123201
89401
702244
628849
218089
368449
720801
190096
583696
261121
112225
46656
24649
896809
142129
273529
784996
132496
649636
651249
509796
292681
674041
431649
426409
494209
321489
585225
150544
42849
287296
725904
436921
237169
982081
628849
142884
487204
440896
45369
77841
501264
391876
36864
783225
19044
212521
208849
14641
324900
20736
1000000
84100
483025
915849
806404
524176
145161
447561
300304
132496
372100
78961
207936
30276
41616
195364
753424
504100
927369
390625
537289
552049
799236
866761
630436
27225
241081
579121
17424
518400
222784
219961
994009
10201
603729
13225
674041
248004
262144
481636
525625
59049
588289
958441
690561
42849
697225
436921
61009
32041
66564
290521
337561
938961
414736
808201
55225
736164
976144
425104
85264
707281
439569
45796
473344
37636
923521
29929
15876
247009
455625
201601
37636
401956
555025
110224
931225
894916
543169
11449
592900
76729
414736
200704
178929
87025
10816
187489
466489
99856
90601
280900
872356
188356
540225
724201
970225
59536
485809
150544
184041
357604
341056
389376
20449
73441
328329
651249
32041
144400
12996
225625
82369
38416
12769
218089
828100
727609
344569
305809
913936
386884
620944
40804
447561
82944
664225
197136
201601
345744
550564
372100
401956
473344
243049
685584
527076
1000000
225625
110224
27556
833569
627264
14884
687241
421201
169744
63001
708964
358801
62001
898704
715716
90601
83521
165649
136900
184041
298116
502681
186624
99856
76729
96721
58564
16129
190969
177241
603729
129600
609961
20736
14641
129600
636804
279841
230400
176400
972196
194481
908209
946729
568516
933156
643204
163216
299209
613089
940900
450241
811801
495616
352836
470596
164836
381924
42849
287296
124609
627264
187489
724201
378225
38025
654481
69696
413449
163216
38809
60025
14641
24649
256036
93636
337561
257049
117649
10816
831744
915849
363609
75625
179776
281961
211600
22201
488601
28561
193600
532900
833569
467856
141376
91204
133225
25281
434281
499849
952576
65025
125316
537289
83521
491401
734449
540225
272484
683929
110224
342225
219024
518400
132496
227529
21609
23716
52900
497025
451584
105625
130321
580644
13924
616225
191844
779689
790321
196249
660969
350464
268324
147456
204304
324900
239121
442225
399424
25921
123201
902500
409600
734449
85264
242064
184041
444889
465124
573049
286225
80089
788544
323761
491401
234256
755161
417316
891136
40000
128164
239121
108241
636804
904401
556516
52900
255025
390625
73984
301401
219024
72900
485809
356409
232324
28900
253009
488601
309136
697225
235225
285156
363609
130321
746496
154449
96721
921600
672400
228484
29929
27556
189225
237169
688900
285156
154449
438244
186624
256036
505521
574564
220900
183184
164836
591361
118336
390625
27889
21904
24649
74529
483025
732736
446224
774400
641601
481636
770884
620944
509796
234256
330625
659344
646416
164025
276676
546121
133956
170569
524176
110889
191844
16641
929296
29584
550564
404496
688900
576081
36100
156816
478864
101124
633616
174724
210681
680625
339889
13924
396900
223729
467856
954529
762129
480249
13225
476100
189225
831744
159201
259081
59536
10609
802816
60516
462400
389376
362404
16129
605284
935089
586756
210681
283024
707281
736164
61009
702244
142129
568516
344569
327184
502681
207025
473344
326041
16641
652864
304704
418609
26244
248004
298116
416025
369664
68644
128881
508369
620944
599076
660969
332929
879844
931225
206116
248004
189225
356409
885481
179776
97344
707281
266256
19044
570025
24025
401956
114244
108241
10404
982081
585225
283024
275625
495616
135424
274576
276676
63504
27556
96721
233289
532900
308025
195364
73441
11449
393129
141376
97969
815409
223729
700569
262144
26244
737881
185761
33124
736164
109561
103041
459684
53361
42849
710649
311364
291600
127449
463761
61504
81796
242064
338724
366025
23716
741321
52441
495616
207936
407044
62500
331776
447561
19881
439569
974169
28561
813604
770884
412164
47961
35344
297025
893025
272484
270400
898704
277729
43264
288369
225625
22201
173889
94864
228484
431649
429025
864900
784996
978121
257049
459684
501264
667489
336400
792100
826281
276676
318096
571536
128881
986049
60025
682276
93025
40401
817216
456976
90000
986049
431649
329476
20736
280900
96100
23104
50176
743044
84100
72361
114244
203401
538756
396900
910116
547600
23716
60025
602176
47524
435600
722500
592900
528529
17689
322624
67600
361201
155236
948676
10201
837225
633616
490000
688900
11664
75625
208849
52441
466489
835396
306916
123904
313600
221841
396900
491401
31329
219024
675684
46225
846400
216225
608400
133225
263169
665856
419904
606841
182329
624100
988036
50625
400689
567009
262144
550564
802816
620944
59536
89401
254016
774400
431649
677329
153664
732736
440896
391876
423801
259081
12769
540225
207025
82944
69696
19044
351649
49729
264196
910116
21609
544644
260100
315844
624100
906304
984064
940900
790321
212521
190969
251001
24649
544644
685584
815409
516961
96721
720801
944784
644809
203401
683929
519841
380689
498436
908209
11025
797449
715716
23716
994009
285156
599076
381924
312481
488601
60025
200704
872356
121801
246016
34596
119025
201601
797449
643204
748225
11881
410881
518400
657721
504100
13924
145924
455625
864900
27556
315844
155236
297025
354025
440896
82944
53824
151321
65536
478864
349281
670761
741321
76729
28561
516961
321489
662596
148996
212521
568516
36481
91204
514089
96721
70225
410881
351649
439569
712336
204304
270400
295936
44944
693889
477481
167281
619369
872356
157609
24649
817216
822649
157609
104976
94864
218089
222784
249001
717409
454276
492804
915849
242064
966289
10609
561001
381924
714025
370881
447561
264196
53824
301401
209764
568516
249001
312481
756900
664225
546121
166464
64009
788544
662596
212521
326041
373321
988036
863041
263169
893025
54756
101124
43264
463761
60025
17956
534361
837225
82944
669124
22500
91809
163216
225625
204304
602176
240100
373321
21025
57600
767376
817216
118336
534361
861184
163216
233289
260100
628849
656100
31329
582169
213444
346921
84100
209764
906304
746496
731025
412164
98596
240100
844561
362404
12769
50625
409600
62001
529984
559504
410881
118336
488601
456976
633616
84681
221841
20164
81796
36864
508369
555025
70756
505521
724201
183184
24025
80089
207025
131044
13456
192721
60516
301401
478864
288369
118336
446224
281961
908209
57600
216225
753424
588289
395641
268324
923521
113569
346921
51984
131769
795664
44521
674041
769129
872356
60516
114921
154449
583696
38809
912025
139129
258064
40804
35344
506944
256036
44521
868624
857476
141376
613089
289444
38809
12996
17161
123201
53361
211600
142129
11449
804609
736164
220900
232324
739600
352836
962361
93636
524176
937024
894916
22500
313600
835396
12321
71289
589824
864900
93025
400689
585225
524176
70756
446224
630436
662596
204304
502681
170569
150544
705600
986049
200704
335241
473344
585225
966289
60025
102400
555025
422500
605284
665856
948676
477481
783225
246016
164836
405769
509796
729316
24336
636804
628849
94249
870489
881721
700569
342225
235225
62001
280900
198916
85264
14884
169744
351649
688900
24964
22201
260100
26896
492804
378225
21609
147456
128164
431649
16384
207936
851929
36100
707281
74529
731025
245025
262144
923521
205209
585225
65536
43264
767376
467856
103041
577600
71289
753424
585225
75076
139876
48841
250000
245025
62001
84681
540225
720801
343396
247009
141376
391876
722500
33124
133956
564001
114244
350464
519841
470596
367236
937024
576081
345744
165649
567009
654481
43264
451584
388129
719104
13924
14884
608400
232324
112896
568516
178084
144400
302500
188356
49729
522729
473344
249001
100489
910116
313600
58564
188356
93636
369664
59536
1000000
49729
278784
70756
385641
550564
11881
231361
393129
765625
95481
279841
632025
779689
14400
409600
128881
204304
462400
23716
935089
866761
395641
24649
727609
891136
65536
279841
59049
38416
88804
17161
306916
345744
622521
57600
341056
413449
328329
992016
82944
45369
490000
36100
78400
148225
23409
11025
120409
677329
257049
35344
846400
18496
700569
826281
855625
354025
65025
425104
254016
605284
57600
452929
129600
564001
824464
505521
154449
594441
214369
705600
19321
77841
202500
774400
112896
15376
790321
630436
594441
165649
341056
232324
63001
877969
833569
22801
396900
872356
48841
902500
219024
693889
244036
439569
78961
90601
245025
247009
498436
274576
148996
120409
71289
429025
633616
719104
19881
123904
154449
781456
206116
75625
558009
451584
900601
164025
624100
193600
511225
734449
52441
952576
248004
320356
446224
294849
12321
25600
946729
558009
15129
573049
458329
129600
101124
173889
603729
21904
33856
588289
202500
435600
313600
952576
550564
534361
765625
600625
793881
940900
294849
13225
763876
398161
640000
910116
491401
556516
379456
80089
784996
913936
898704
940900
40000
331776
326041
394384
20449
595984
21904
66564
521284
606841
95481
362404
646416
77841
350464
142129
393129
318096
646416
492804
19600
815409
155236
15625
707281
234256
239121
85849
195364
254016
698896
937024
327184
935089
710649
413449
906304
923521
828100
139876
638401
143641
538756
337561
249001
178929
439569
235225
574564
725904
600625
123201
935089
599076
550564
431649
660969
48841
57600
108241
49729
389376
67600
801025
277729
59536
994009
477481
35721
935089
242064
76729
622521
83521
652864
485809
391876
52900
247009
49729
25281
731025
292681
369664
219024
652864
11025
169744
10816
12996
254016
128881
31684
51984
190969
722500
344569
12321
976144
32761
362404
893025
228484
763876
608400
289444
225625
732736
463761
357604
994009
366025
270400
913936
36100
237169
285156
690561
81796
336400
110889
923521
602176
158404
804609
697225
17689
710649
372100
837225
116964
492804
960400
123201
677329
23104
201601
613089
355216
82944
196249
784996
795664
638401
826281
456976
427716
398161
33124
12769
29584
456976
182329
656100
992016
25281
133225
145924
161604
64009
94249
163216
692224
57121
40804
200704
714025
913936
173889
75076
505521
349281
55696
923521
40000
877969
571536
815409
355216
767376
17956
51076
558009
646416
646416
156025
72900
89401
393129
549081
476100
74529
88804
207936
978121
73441
749956
197136
12321
72900
36100
206116
950625
534361
25921
515524
107584
393129
16129
443556
737881
36481
938961
710649
184900
207936
451584
315844
34969
972196
142129
116281
815409
516961
795664
744769
74529
755161
262144
15129
937024
700569
423801
216225
786769
617796
100489
32761
350464
272484
196249
594441
216225
85849
154449
53361
446224
483025
656100
51984
404496
93636
77841
52900
630436
29929
43264
337561
375769
357604
242064
323761
929296
174724
447561
421201
851929
898704
416025
151321
509796
366025
602176
422500
906304
462400
797449
116964
24964
361201
112896
126736
616225
994009
20449
119716
120409
292681
891136
294849
11025
494209
182329
741321
866761
447561
245025
994009
848241
328329
736164
15625
923521
654481
833569
603729
368449
40804
405769
225625
641601
543169
398161
126025
501264
434281
241081
70756
148996
864900
617796
158404
808201
863041
868624
628849
30276
996004
376996
906304
85264
741321
835396
36864
749956
58564
30276
232324
37636
114921
635209
609961
617796
394384
129600
672400
97344
459684
246016
87616
95481
22801
107584
286225
27889
641601
108900
96721
164836
26244
369664
257049
293764
734449
312481
174724
156025
11025
186624
287296
603729
12544
103684
49729
731025
758641
181476
808201
113569
102400
781456
776161
506944
697225
431649
139129
801025
501264
824464
256036
303601
933156
284089
131769
421201
383161
10000
506944
831744
302500
138384
664225
695556
751689
792100
73441
24964
824464
155236
67600
583696
450241
889249
474721
743044
289444
10609
25281
722500
731025
19321
606841
206116
715716
692224
414736
57121
221841
685584
59536
974169
495616
194481
872356
628849
256036
749956
483025
133956
384400
138384
332929
806404
577600
422500
942841
100489
196249
30276
889249
61504
777924
114921
385641
324900
400689
268324
323761
976144
226576
795664
87025
43264
348100
223729
376996
214369
305809
34596
851929
231361
748225
492804
92416
246016
76729
508369
893025
846400
952576
662596
119025
123201
552049
357604
212521
819025
725904
891136
434281
788544
13456
67600
322624
310249
39204
33856
126736
274576
238144
25921
22201
695556
495616
59049
808201
28561
235225
512656
143641
620944
249001
518400
66049
63504
38025
450241
66564
48841
221841
94249
197136
263169
491401
57600
249001
259081
15376
156025
327184
935089
599076
968256
132496
376996
11881
207936
63504
452929
786769
12100
158404
431649
217156
968256
52441
715716
178084
960400
123201
81225
10816
270400
13225
602176
470596
239121
70225
34596
602176
247009
835396
173056
599076
454276
998001
870489
283024
451584
720801
285156
372100
99225
657721
770884
258064
22500
289444
66049
15876
532900
207936
319225
225625
190096
956484
354025
117649
498436
281961
409600
156025
729316
480249
360000
182329
685584
380689
600625
142884
519841
336400
638401
342225
354025
94864
537289
299209
478864
13924
225625
518400
874225
51076
662596
47961
749956
559504
795664
12769
900601
91204
43681
190969
288369
465124
1000000
75625
55696
429025
419904
861184
122500
481636
474721
33489
103041
881721
116281
269361
192721
649636
172225
286225
80656
53361
330625
26896
76176
440896
876096
374544
329476
230400
11236
390625
34596
85849
58081
477481
240100
36481
158404
421201
667489
226576
765625
683929
343396
28224
294849
97344
218089
11025
121104
195364
414736
324900
182329
910116
864900
439569
828100
51984
240100
440896
660969
777924
51984
126025
413449
846400
133956
654481
104329
25921
33124
25600
707281
279841
435600
29584
558009
360000
272484
481636
60516
309136
450241
352836
603729
921600
570025
690561
104329
51984
425104
271441
450241
255025
48841
320356
643204
369664
531441
118336
206116
407044
300304
379456
64009
49284
67081
169744
599076
101761
712336
910116
395641
135424
582169
52900
597529
274576
166464
553536
17956
115600
305809
648025
24964
247009
284089
806404
680625
770884
950625
61009
84100
954529
180625
467856
297025
855625
130321
917764
885481
662596
874225
540225
801025
467856
90601
90601
966289
619369
450241
390625
964324
247009
485809
779689
431649
131769
194481
46656
879844
103684
256036
42849
409600
18496
555025
400689
75625
189225
144400
32400
452929
831744
502681
659344
399424
219961
91809
174724
388129
141376
960400
187489
619369
624100
698896
38416
231361
98596
388129
72900
883600
978121
249001
319225
93025
664225
422500
51984
373321
697225
846400
595984
810000
96100
592900
484416
158404
743044
609961
511225
27556
908209
508369
170569
531441
249001
389376
748225
527076
657721
26569
59536
100489
375769
274576
444889
120409
921600
660969
21609
48400
737881
828100
962361
537289
241081
111556
399424
400689
16641
126736
93636
51984
603729
497025
531441
407044
555025
18769
788544
131769
141376
62500
831744
195364
574564
660969
942841
47089
316969
866761
367236
276676
104329
51529
252004
562500
51984
218089
577600
17424
332929
942841
76176
17689
298116
465124
813604
311364
120409
514089
866761
470596
863041
191844
18769
499849
72900
438244
27889
198025
131769
38025
506944
176400
66049
271441
620944
221841
521284
429025
528529
868624
123201
923521
465124
286225
43681
835396
181476
36481
33124
17161
497025
145924
28224
760384
638401
122500
597529
980100
234256
244036
21025
643204
504100
906304
603729
288369
49284
556516
110224
646416
258064
70756
184041
502681
512656
360000
48841
89401
174724
269361
312481
209764
240100
132496
76729
980100
662596
334084
831744
151321
749956
286225
583696
570025
547600
100489
123904
633616
484416
80656
476100
102400
504100
50176
342225
167281
992016
19321
104329
649636
64516
616225
467856
59049
71824
58564
24964
512656
822649
544644
381924
58081
249001
36864
74529
23716
50625
332929
417316
552049
232324
559504
625681
583696
60516
68644
61009
35344
962361
284089
950625
300304
416025
594441
140625
17689
393129
835396
84100
712336
274576
292681
61504
216225
281961
254016
866761
980100
31329
11881
755161
221841
425104
488601
49729
868624
408321
662596
512656
879844
864900
233289
14884
123201
11881
244036
55696
189225
123201
24964
68644
755161
435600
65536
193600
448900
120409
342225
440896
717409
114921
842724
624100
535824
393129
156816
528529
448900
628849
925444
157609
558009
405769
50176
142884
456976
749956
893025
603729
984064
571536
198916
148225
204304
99856
113569
91809
35721
312481
231361
161604
343396
651249
210681
63001
491401
497025
275625
331776
792100
276676
120409
940900
494209
667489
110224
524176
21025
238144
223729
404496
558009
674041
267289
39204
946729
33124
227529
111556
755161
237169
164836
640000
240100
753424
206116
22500
354025
619369
269361
864900
355216
32400
185761
145161
174724
265225
98596
855625
156025
508369
75625
624100
828100
100489
640000
417316
753424
360000
654481
47524
39204
15376
44521
31329
112896
209764
61504
44944
982081
788544
58081
200704
17424
55696
13924
550564
104976
685584
312481
857476
383161
898704
25600
427716
233289
898704
334084
450241
649636
60516
682276
982081
300304
450241
403225
144400
908209
688900
189225
478864
28900
555025
558009
777924
788544
379456
184900
508369
228484
413449
215296
567009
846400
51984
128881
251001
605284
60516
908209
986049
110889
708964
197136
758641
14641
121801
96721
680625
896809
142129
30625
373321
70225
101761
478864
61009
59536
131769
505521
75076
564001
42849
57121
40000
422500
801025
86436
804609
46225
22201
91204
609961
883600
94249
123201
43681
129600
30276
499849
383161
53361
327184
128164
111556
797449
104976
476100
412164
152881
185761
97969
552049
11025
368449
638401
64009
36481
376996
16900
443556
996004
155236
570025
10000
758641
910116
24025
265225
133956
80089
490000
143641
582169
737881
682276
866761
178929
230400
678976
386884
42849
103041
100489
868624
174724
155236
734449
190969
970225
11881
81225
327184
988036
422500
112225
714025
940900
148996
770884
28561
358801
153664
291600
33856
12100
245025
108241
176400
708964
950625
207936
770884
501264
910116
82944
824464
315844
94864
94249
82369
844561
148225
135424
61009
294849
152100
249001
543169
50625
182329
99856
762129
591361
101124
14884
837225
693889
17956
881721
546121
291600
141376
16900
293764
391876
257049
178084
912025
262144
58081
443556
776161
452929
18769
664225
92416
1000000
151321
864900
487204
804609
476100
913936
36864
528529
996004
501264
770884
103684
26244
14400
157609
801025
430336
15376
373321
195364
188356
300304
350464
345744
660969
616225
705600
24336
245025
91809
577600
244036
117649
950625
106276
103684
697225
37636
540225
931225
77284
851929
450241
519841
893025
896809
24964
49729
677329
219024
695556
59536
257049
55225
125316
461041
10201
374544
99225
547600
806404
205209
641601
330625
476100
57600
508369
182329
386884
840889
253009
344569
549081
974169
559504
139129
105625
670761
795664
374544
72900
356409
253009
790321
984064
248004
426409
641601
915849
515524
519841
65025
743044
746496
303601
84100
48400
511225
440896
171396
101761
776161
10000
44100
148996
640000
155236
889249
998001
425104
52900
770884
461041
872356
896809
297025
946729
970225
222784
136900
156816
98596
285156
23104
337561
401956
602176
422500
273529
853776
35344
16384
189225
162409
26244
274576
111556
101124
656100
271441
594441
33856
744769
944784
87025
41209
466489
263169
881721
184900
315844
19044
87616
66049
279841
363609
407044
522729
976144
451584
326041
586756
78400
454276
34969
286225
605284
20736
698896
346921
40401
232324
22201
125316
12996
458329
580644
490000
698896
101761
208849
90000
34225
874225
318096
244036
429025
19044
393129
37249
10816
22500
606841
101761
30625
483025
455625
188356
48841
131044
126736
837225
544644
913936
708964
833569
488601
21904
456976
797449
595984
648025
219961
315844
113569
166464
690561
120409
338724
116964
194481
815409
900601
169744
648025
73441
160801
187489
394384
221841
12100
861184
808201
15376
580644
139129
178929
531441
198916
47961
960400
201601
727609
431649
195364
128881
525625
690561
408321
84100
976144
44521
88804
910116
628849
501264
13456
853776
11449
937024
363609
640000
471969
255025
169744
414736
571536
91809
343396
13225
108900
201601
620944
12544
448900
210681
101124
743044
263169
231361
97969
88804
409600
141376
508369
38809
103684
105625
688900
24336
92416
203401
741321
22801
238144
83521
506944
16641
802816
300304
200704
32041
211600
320356
393129
670761
571536
491401
609961
108241
200704
929296
187489
594441
656100
998001
43681
537289
968256
55225
39601
687241
156816
246016
336400
45369
195364
42025
793881
343396
64516
161604
516961
98596
69169
303601
62001
62001
743044
49729
139129
636804
131769
68121
39204
152881
304704
228484
33856
12544
635209
53361
363609
363609
744769
292681
53361
62500
968256
124609
876096
248004
13924
210681
222784
220900
22201
207025
142884
233289
937024
571536
630436
313600
277729
361201
620944
483025
205209
381924
167281
262144
29584
588289
16129
942841
253009
212521
527076
234256
919681
400689
259081
695556
687241
283024
223729
38809
182329
416025
765625
609961
267289
211600
133225
61504
367236
746496
574564
295936
774400
874225
919681
864900
677329
462400
126736
683929
746496
851929
149769
236196
41616
286225
59536
24964
570025
14161
403225
846400
337561
20736
213444
188356
95481
304704
695556
172225
753424
50176
267289
99225
731025
14161
87616
451584
161604
574564
312481
13456
279841
94864
66049
414736
680625
13456
32400
708964
164836
708964
47961
304704
149769
859329
314721
483025
309136
602176
308025
264196
153664
308025
14400
140625
194481
599076
133956
522729
11025
765625
48400
29241
190096
980100
1000000
94249
531441
13456
38025
11449
327184
793881
573049
159201
561001
412164
734449
784996
537289
488601
644809
10609
247009
129600
133225
795664
53824
938961
690561
81225
887364
769129
122500
108900
239121
543169
323761
47524
133956
185761
466489
64009
772641
80656
69696
646416
447561
585225
142129
919681
906304
452929
55696
152881
70756
88209
970225
868624
149769
119716
636804
72900
630436
389376
244036
277729
209764
169744
448900
81796
448900
966289
722500
128881
96100
74529
47089
131044
349281
410881
361201
184041
369664
220900
285156
559504
19881
14400
478864
32041
349281
404496
682276
450241
595984
75625
62001
734449
323761
14884
190096
436921
451584
165649
10201
166464
439569
56169
388129
749956
26244
310249
820836
99856
996004
75076
41209
110889
58081
976144
97969
190096
490000
192721
200704
708964
144400
734449
898704
155236
15129
186624
127449
303601
59049
355216
33856
996004
763876
23104
386884
81225
134689
224676
198916
625681
613089
198025
458329
159201
258064
753424
50176
505521
263169
139129
627264
616225
795664
181476
783225
309136
490000
702244
549081
46656
23104
56169
350464
432964
291600
176400
255025
366025
611524
134689
405769
342225
94864
349281
112896
790321
245025
13456
617796
195364
21316
722500
91204
910116
32400
811801
893025
222784
214369
106276
994009
935089
571536
103041
784996
412164
375769
15625
404496
491401
962361
385641
594441
212521
606841
111556
27556
525625
257049
215296
495616
485809
19600
194481
636804
311364
497025
443556
980100
75076
101761
84100
286225
506944
175561
427716
107584
988036
94249
310249
714025
186624
401956
384400
817216
385641
266256
33489
763876
310249
15876
34225
284089
40401
283024
555025
26896
184900
509796
797449
171396
290521
135424
72361
309136
46225
379456
649636
156025
351649
813604
917764
38416
251001
644809
632025
625681
608400
219024
197136
767376
96721
304704
363609
516961
248004
889249
902500
708964
412164
470596
14884
184900
28561
71824
30976
417316
16129
214369
12321
994009
31684
616225
345744
152881
339889
289444
56644
850084
126736
97969
137641
964324
40000
28224
868624
707281
344569
815409
693889
391876
33856
628849
480249
16900
436921
571536
35721
840889
114921
297025
261121
695556
245025
527076
70225
138384
123904
175561
498436
94249
126736
828100
614656
42849
495616
938961
727609
90601
651249
214369
473344
38025
627264
388129
130321
286225
954529
88804
608400
720801
565504
142884
12769
104976
597529
37249
44521
378225
662596
984064
724201
303601
63504
63001
85849
746496
27225
546121
476100
203401
583696
112896
861184
135424
177241
75625
175561
611524
87616
60516
24964
767376
443556
531441
19600
12544
320356
31684
434281
952576
425104
477481
925444
43264
78961
921600
116281
177241
549081
93025
418609
188356
885481
506944
35344
36481
236196
230400
289444
71289
553536
245025
31329
269361
93636
562500
345744
839056
244036
34969
200704
97969
887364
501264
506944
776161
120409
438244
101761
527076
734449
583696
70756
731025
613089
635209
152100
619369
90000
13689
258064
106929
178084
952576
64516
214369
556516
11025
109561
147456
219961
690561
452929
904401
638401
806404
196249
687241
361201
117649
385641
980100
94864
390625
13456
412164
379456
576081
33856
466489
166464
198916
864900
831744
505521
101124
366025
348100
669124
788544
833569
241081
103684
255025
703921
121801
896809
527076
219024
73441
606841
169744
425104
808201
731025
582169
109561
195364
279841
519841
243049
85264
163216
553536
617796
358801
198025
38025
65536
743044
50176
64009
779689
339889
467856
165649
15876
262144
885481
744769
547600
259081
245025
585225
159201
756900
247009
29584
120409
436921
396900
125316
769129
465124
952576
770884
594441
512656
366025
863041
106276
33124
27225
311364
964324
643204
567009
31684
32400
20736
77284
743044
205209
45369
188356
66049
336400
306916
776161
470596
111556
485809
585225
731025
50176
389376
606841
314721
246016
574564
850084
35721
203401
44100
698896
329476
21316
45796
652864
198916
894916
73441
128164
346921
214369
50625
68121
69169
848241
171396
332929
165649
90601
360000
361201
17161
24336
857476
24025
844561
111556
106929
123904
413449
919681
877969
99225
99225
727609
233289
112225
66049
902500
15625
248004
427716
79524
887364
48841
108241
81796
677329
253009
876096
405769
422500
755161
669124
42436
913936
10201
22500
96721
54289
48841
522729
314721
917764
152100
599076
389376
81225
182329
136161
373321
643204
609961
70225
994009
192721
144400
508369
233289
758641
414736
25921
336400
998001
556516
148996
855625
226576
36100
178084
17689
56169
998001
207936
470596
60516
148996
32400
562500
85849
390625
833569
179776
162409
620944
855625
826281
755161
776161
484416
258064
576081
25921
810000
110889
954529
97344
710649
193600
231361
458329
591361
136900
245025
148225
48400
558009
136900
976144
133225
383161
46225
384400
121801
672400
438244
657721
199809
652864
585225
49284
703921
71289
58564
48841
736164
948676
654481
46225
720801
148996
315844
19321
594441
535824
672400
687241
360000
368449
270400
81796
462400
753424
18496
68644
450241
38809
175561
565504
65536
118336
567009
116964
739600
570025
436921
84100
34969
128164
247009
591361
44100
190969
133956
921600
357604
669124
497025
152881
477481
846400
96100
79524
935089
142884
33489
980100
534361
828100
72361
956484
90601
92416
408321
370881
259081
138384
141376
248004
478864
86436
92416
455625
46225
648025
31684
63001
178084
540225
213444
514089
383161
18225
34969
230400
528529
401956
197136
42436
763876
90601
81225
776161
893025
152100
954529
196249
14161
25921
210681
403225
10816
388129
385641
474721
110889
515524
342225
632025
863041
145924
425104
58081
55225
11664
319225
56644
652864
168100
714025
1000000
504100
63504
306916
518400
410881
63001
52441
70225
362404
944784
362404
123201
142129
485809
352836
219024
61009
127449
33489
12769
885481
223729
17424
462400
463761
227529
183184
195364
10609
553536
381924
320356
104976
121801
303601
54289
597529
44100
90601
210681
710649
41616
756900
56169
390625
274576
278784
312481
245025
350464
184900
16129
182329
498436
755161
14641
285156
289444
360000
71289
349281
68644
571536
95481
241081
154449
140625
157609
27889
763876
380689
982081
767376
839056
21316
19881
57600
126736
112225
119025
654481
390625
435600
53361
79524
923521
72900
491401
133225
38809
550564
368449
12769
906304
130321
136161
358801
10201
230400
487204
923521
301401
480249
417316
801025
126736
474721
677329
354025
715716
210681
697225
829921
501264
373321
337561
173056
47524
887364
271441
954529
10201
38416
190096
37636
19600
305809
835396
547600
896809
736164
516961
380689
75625
77284
992016
962361
504100
11664
635209
514089
344569
571536
169744
113569
786769
693889
40804
56644
246016
583696
214369
318096
311364
322624
439569
866761
12100
375769
207025
978121
61504
660969
210681
868624
921600
488601
233289
848241
820836
166464
287296
529984
82944
784996
746496
579121
324900
756900
439569
160801
19321
105625
14400
250000
755161
477481
795664
617796
58564
335241
196249
84100
579121
27556
48841
230400
488601
826281
13689
169744
82944
190096
889249
168100
783225
602176
13225
309136
516961
842724
600625
519841
585225
263169
273529
258064
528529
758641
986049
502681
21904
69696
516961
401956
198916
564001
52900
404496
25600
164836
835396
765625
487204
944784
11664
256036
138384
368449
176400
534361
777924
885481
36864
34969
76176
418609
451584
81796
17689
154449
638401
45796
485809
106929
984064
258064
414736
494209
375769
49729
391876
120409
21904
134689
190096
87616
186624
10609
106276
108900
592900
267289
18496
23409
570025
93025
259081
341056
42436
902500
974169
102400
94249
202500
204304
490000
613089
192721
204304
169744
46225
662596
374544
423801
956484
760384
919681
30276
29929
80089
283024
23716
20736
59049
426409
48400
24336
348100
599076
103684
697225
727609
21316
348100
88804
793881
592900
487204
889249
27889
407044
546121
41209
11664
253009
110224
117649
603729
444889
90601
272484
83521
674041
463761
624100
556516
51984
44100
749956
324900
748225
674041
27889
595984
776161
23409
17424
669124
12769
562500
835396
51984
585225
48841
788544
14161
252004
163216
476100
495616
423801
640000
202500
53824
864900
408321
525625
386884
24964
288369
289444
419904
270400
469225
85849
42849
950625
89401
837225
12769
574564
954529
562500
280900
762129
26244
104976
355216
743044
201601
73984
389376
990025
178929
265225
324900
970225
708964
49284
358801
235225
864900
552049
54289
38809
54756
148225
837225
381924
811801
765625
71289
73984
169744
984064
877969
332929
62001
373321
327184
22201
379456
662596
362404
781456
204304
906304
853776
25600
44944
59049
275625
12100
966289
641601
174724
19321
906304
108241
395641
399424
12996
184900
29929
654481
52900
370881
110889
10404
494209
43681
954529
89401
50176
591361
196249
381924
362404
44100
44944
425104
171396
73441
677329
826281
360000
341056
447561
758641
220900
518400
600625
749956
528529
908209
338724
518400
60516
227529
690561
425104
355216
751689
478864
498436
374544
889249
857476
877969
996004
38416
70756
25921
956484
527076
50625
410881
988036
169744
219961
211600
946729
10000
499849
541696
150544
606841
304704
350464
261121
524176
516961
155236
18496
322624
364816
469225
611524
921600
65025
26569
685584
249001
207936
638401
133225
885481
940900
38809
579121
770884
447561
71824
413449
837225
64009
390625
358801
32400
149769
275625
274576
792100
85264
868624
294849
820836
531441
952576
731025
177241
69169
784996
898704
573049
611524
519841
776161
988036
640000
921600
23409
145161
126025
904401
279841
329476
23104
900601
44944
207936
426409
52441
808201
41209
644809
725904
896809
720801
400689
741321
28224
122500
746496
772641
94249
608400
499849
52441
287296
40401
104976
74529
206116
34596
19881
692224
226576
126736
540225
44100
550564
198916
990025
81225
64516
511225
78961
640000
130321
140625
381924
872356
12769
753424
751689
915849
217156
698896
840889
743044
301401
218089
410881
762129
705600
727609
12996
24964
549081
82369
18225
44944
11664
39204
11025
24025
265225
734449
65536
389376
458329
693889
60025
289444
677329
139129
375769
205209
534361
799236
385641
625681
332929
81796
19321
436921
184041
700569
100489
17424
19044
511225
41616
318096
186624
419904
820836
63504
181476
156816
126025
215296
956484
64516
126736
842724
885481
58081
208849
272484
130321
364816
217156
161604
648025
620944
609961
198025
393129
94249
142129
287296
763876
51529
119716
417316
409600
237169
258064
299209
302500
363609
142129
140625
162409
613089
399424
635209
30625
944784
966289
311364
463761
27225
416025
741321
102400
707281
585225
174724
32400
451584
549081
588289
391876
412164
521284
620944
65025
614656
644809
42849
139876
331776
21316
808201
259081
122500
79524
866761
919681
16129
308025
643204
30276
779689
286225
573049
148996
401956
10816
241081
350464
40401
77284
446224
772641
202500
80656
243049
583696
792100
34969
93025
18225
246016
418609
179776
859329
23716
338724
131044
960400
119025
568516
145161
12769
550564
316969
910116
33124
20449
67081
502681
555025
643204
204304
232324
662596
69696
10816
64516
356409
549081
46656
206116
853776
24964
570025
91204
289444
419904
438244
378225
294849
225625
707281
210681
53361
538756
324900
110224
654481
25281
940900
21025
700569
680625
712336
212521
26569
743044
857476
746496
77841
196249
225625
996004
63001
53361
175561
299209
889249
303601
293764
12321
295936
103684
514089
654481
514089
872356
10201
71289
259081
857476
848241
478864
954529
790321
896809
677329
70756
447561
786769
857476
646416
60025
55225
354025
118336
66049
81225
11881
329476
799236
767376
976144
39601
786769
741321
442225
15376
32761
552049
23409
354025
434281
358801
982081
205209
67081
434281
491401
592900
205209
651249
413449
974169
804609
458329
46225
45796
49284
381924
567009
34225
456976
199809
439569
576081
107584
49284
58081
744769
81796
602176
80089
26896
219024
746496
255025
112225
469225
40804
29584
166464
806404
229441
677329
664225
106276
294849
509796
418609
76729
11025
697225
164025
79524
408321
98596
201601
303601
463761
743044
13689
283024
227529
324900
108900
187489
15129
58564
614656
729316
783225
866761
960400
442225
178929
51984
137641
164025
720801
95481
84100
36864
108900
303601
51529
20449
348100
25600
859329
700569
407044
702244
741321
434281
60516
259081
167281
179776
216225
736164
254016
436921
54756
175561
42436
57121
585225
416025
71824
295936
14641
61009
660969
929296
54756
117649
426409
239121
151321
159201
12100
254016
400689
561001
582169
96721
797449
238144
180625
570025
609961
904401
13689
720801
184900
565504
181476
210681
717409
50176
223729
361201
287296
13924
288369
471969
120409
351649
17161
78400
139876
595984
962361
299209
53361
85264
685584
24649
455625
29929
160000
1000000
430336
146689
367236
111556
38809
26896
54289
221841
524176
508369
254016
70756
123201
198916
783225
988036
44100
261121
342225
343396
638401
40000
685584
152881
220900
39204
819025
682276
729316
289444
531441
883600
248004
795664
514089
169744
81796
266256
180625
889249
51076
425104
315844
844561
640000
413449
279841
198916
201601
519841
580644
253009
682276
616225
369664
123201
70225
826281
40000
25600
237169
246016
94249
388129
770884
166464
103041
292681
708964
66049
792100
33856
386884
876096
403225
363609
454276
105625
91204
75625
306916
398161
31684
172225
996004
232324
756900
341056
53361
256036
514089
23104
146689
22801
624100
117649
567009
855625
246016
126736
23409
228484
708964
22201
12996
462400
73441
55696
202500
57121
564001
366025
314721
129600
101761
11236
164836
254016
767376
17956
214369
21316
954529
632025
211600
11025
790321
521284
591361
654481
810000
463761
48400
22801
481636
541696
121104
301401
591361
968256
247009
207936
52441
900601
14400
743044
22500
731025
267289
150544
321489
779689
722500
131044
194481
748225
267289
260100
724201
224676
904401
145161
678976
611524
176400
30976
14161
17956
866761
128164
624100
567009
14884
27556
108241
276676
419904
423801
988036
162409
26896
83521
528529
244036
93636
393129
958441
152100
443556
217156
452929
488601
14161
189225
30976
547600
159201
644809
361201
986049
408321
21316
108900
139876
416025
624100
310249
337561
90601
302500
342225
171396
223729
87616
363609
222784
638401
327184
230400
44100
732736
345744
471969
48841
323761
117649
12100
633616
73441
628849
98596
207025
913936
12321
729316
52441
142129
52900
160000
247009
94864
168921
224676
21904
774400
314721
837225
75076
463761
727609
21609
632025
277729
929296
13456
18225
52441
32400
212521
26569
974169
324900
259081
42849
43264
44521
913936
440896
91809
509796
13456
189225
403225
416025
549081
26244
677329
338724
906304
65536
521284
1000000
429025
362404
801025
391876
929296
46656
37249
83521
459684
364816
68644
45796
591361
664225
123201
150544
938961
59536
169744
49729
956484
863041
240100
31684
635209
91809
101761
40401
74529
840889
409600
887364
363609
76176
31329
60025
30625
829921
727609
850084
260100
463761
51529
287296
47961
540225
216225
50625
568516
58081
465124
540225
538756
549081
23104
117649
547600
110224
783225
547600
788544
915849
306916
776161
155236
31684
956484
346921
26244
123201
252004
156025
802816
692224
72900
159201
430336
47961
58081
25281
114921
156816
72900
678976
48400
544644
958441
18769
68644
142884
310249
115600
25281
40000
169744
497025
139129
286225
683929
443556
191844
714025
344569
142884
767376
96100
180625
793881
17956
412164
106276
247009
994009
693889
188356
881721
334084
42849
972196
136161
191844
839056
970225
96721
156025
968256
405769
106276
14884
160000
184041
246016
508369
43264
239121
223729
81796
546121
842724
940900
345744
784996
293764
851929
541696
783225
643204
18769
534361
591361
799236
656100
97969
27889
291600
214369
670761
792100
577600
215296
27225
107584
11449
815409
390625
372100
30625
158404
281961
313600
440896
426409
27889
152100
231361
801025
136161
108241
458329
851929
767376
966289
736164
126736
452929
26569
700569
632025
16129
935089
18496
254016
186624
555025
646416
81796
404496
239121
21025
350464
56169
490000
506944
223729
160000
998001
119716
328329
196249
499849
88209
308025
32761
67081
173889
806404
476100
15625
73441
10609
289444
11025
243049
806404
50176
664225
134689
672400
28224
113569
980100
389376
388129
44100
846400
203401
91809
32400
790321
112225
734449
380689
228484
772641
483025
801025
753424
183184
940900
24964
992016
31329
568516
430336
123904
116281
40401
522729
136161
326041
233289
301401
167281
808201
59536
189225
471969
182329
184900
302500
137641
801025
17161
753424
134689
383161
164836
549081
112896
135424
188356
602176
952576
622521
331776
958441
570025
234256
67600
61504
455625
343396
238144
372100
262144
290521
101761
130321
391876
552049
46225
147456
506944
266256
75625
105625
299209
29929
577600
101761
935089
90000
861184
170569
73441
280900
218089
142129
15129
777924
960400
605284
48400
246016
29584
10816
505521
291600
53361
261121
39601
180625
611524
40804
547600
45796
732736
15129
36481
511225
219961
705600
912025
342225
93636
410881
16900
57121
605284
859329
129600
163216
184900
474721
383161
556516
682276
65536
488601
266256
683929
672400
220900
646416
336400
279841
919681
481636
27556
349281
467856
53824
573049
336400
793881
741321
316969
944784
986049
154449
499849
266256
127449
577600
960400
710649
422500
78961
693889
58564
145161
148225
595984
917764
155236
299209
205209
328329
491401
31684
561001
388129
31684
956484
129600
859329
555025
160000
89401
688900
430336
88804
67600
84100
552049
259081
896809
664225
271441
42436
88209
138384
106929
77841
191844
556516
133956
688900
245025
419904
139129
145924
933156
11236
792100
896809
580644
261121
462400
994009
188356
16641
136161
162409
56169
362404
274576
685584
344569
112896
452929
779689
418609
984064
80656
108900
133956
643204
134689
280900
10609
156816
151321
264196
350464
683929
52441
74529
455625
97969
44521
16900
59049
210681
614656
842724
174724
940900
361201
133225
678976
25281
337561
672400
519841
46225
447561
628849
490000
165649
87025
532900
136161
683929
291600
680625
201601
112225
665856
700569
116281
367236
29584
717409
103041
400689
51076
404496
23104
54289
47524
19881
384400
935089
758641
481636
16384
649636
153664
82944
265225
163216
525625
641601
795664
942841
662596
588289
388129
483025
35344
62500
389376
599076
245025
986049
851929
136161
121801
39204
154449
45796
276676
45369
24336
708964
16129
915849
844561
243049
532900
105625
61504
243049
20736
135424
485809
13225
737881
851929
152881
591361
403225
262144
252004
734449
173056
820836
697225
28561
367236
152100
443556
25921
902500
331776
84100
455625
11025
53361
990025
810000
416025
935089
237169
321489
24964
41209
18225
66564
120409
91809
374544
625681
101124
54289
677329
167281
121104
158404
155236
608400
944784
881721
88804
628849
881721
783225
103041
94864
494209
693889
964324
574564
552049
275625
633616
247009
32400
116964
159201
225625
13924
389376
940900
77841
45369
667489
77841
303601
215296
235225
570025
226576
501264
239121
458329
40000
252004
678976
285156
835396
360000
89401
799236
813604
11664
813604
90000
357604
786769
477481
361201
26244
982081
114244
820836
521284
597529
614656
10201
34969
444889
720801
29241
868624
53824
660969
25600
16900
842724
45369
391876
84681
10201
184041
59536
131769
846400
53361
114244
958441
120409
525625
469225
200704
788544
586756
323761
509796
319225
591361
175561
207025
197136
719104
204304
586756
734449
512656
150544
923521
249001
348100
481636
855625
99856
58564
318096
34596
820836
145161
64009
225625
786769
910116
143641
154449
208849
284089
175561
429025
23409
476100
518400
217156
103684
235225
915849
14884
182329
504100
355216
327184
408321
588289
64009
121801
81796
131044
891136
75625
250000
148225
23104
302500
505521
220900
763876
877969
490000
213444
241081
200704
270400
171396
828100
600625
211600
303601
344569
622521
104976
50176
40401
220900
97344
367236
577600
646416
543169
37249
152881
70225
968256
145161
150544
423801
988036
722500
72900
984064
670761
463761
90000
876096
504100
1000000
80089
401956
942841
656100
908209
306916
555025
145924
874225
80656
422500
164025
51984
101124
255025
512656
804609
481636
992016
153664
109561
44521
36481
793881
137641
363609
62001
38416
804609
106276
315844
795664
17956
515524
980100
731025
314721
714025
290521
204304
65536
356409
306916
491401
670761
161604
10816
279841
529984
925444
403225
13456
342225
51529
970225
870489
418609
23104
384400
357604
352836
152100
828100
126025
851929
447561
541696
275625
61009
133225
461041
188356
21609
552049
968256
245025
44521
192721
525625
378225
665856
213444
724201
176400
466489
988036
295936
390625
286225
900601
592900
617796
24649
121104
815409
45796
330625
283024
407044
42436
956484
10404
413449
872356
358801
45369
170569
318096
25600
69169
583696
700569
372100
110224
100489
123904
128164
413449
71824
594441
338724
27556
139129
487204
155236
178929
156816
677329
565504
389376
273529
553536
187489
279841
95481
51529
257049
931225
63504
409600
585225
11025
250000
370881
131769
883600
654481
260100
466489
87025
682276
436921
84681
840889
994009
216225
950625
328329
767376
819025
573049
106929
829921
443556
394384
91809
795664
48400
198916
141376
902500
309136
350464
938961
857476
512656
28900
595984
573049
863041
230400
760384
682276
883600
314721
99856
737881
206116
17424
216225
674041
988036
625681
219024
12544
60025
36481
824464
746496
90000
99856
950625
21316
318096
286225
515524
781456
156816
447561
61504
418609
840889
16129
25600
138384
47524
253009
310249
260100
12769
346921
602176
158404
13456
14884
265225
492804
191844
278784
38416
304704
976144
20164
216225
85264
885481
640000
190096
313600
16641
341056
221841
508369
606841
130321
274576
770884
40804
394384
86436
363609
253009
748225
549081
904401
252004
767376
946729
543169
44944
864900
35721
324900
116281
302500
384400
121104
32400
68644
31684
908209
743044
456976
559504
534361
17424
956484
24649
119025
524176
70756
675684
81225
343396
600625
833569
195364
124609
10816
715716
144400
573049
51076
480249
407044
247009
253009
950625
30276
13225
613089
393129
797449
368449
142884
998001
994009
35344
119716
127449
327184
439569
815409
648025
613089
196249
291600
145924
506944
113569
177241
148225
894916
410881
221841
186624
512656
579121
426409
24649
944784
231361
547600
640000
26569
429025
35721
891136
469225
698896
238144
230400
147456
71289
504100
124609
24649
839056
42849
527076
33124
183184
65025
401956
164025
177241
152881
120409
13924
527076
714025
815409
19044
643204
635209
67081
180625
286225
868624
207025
336400
176400
357604
819025
43681
355216
561001
216225
762129
599076
40000
358801
341056
26569
950625
259081
950625
321489
92416
232324
116964
76176
908209
391876
490000
87616
540225
229441
695556
181476
620944
412164
195364
516961
207025
613089
139876
218089
529984
260100
43681
280900
335241
456976
109561
638401
450241
874225
403225
139876
15376
755161
556516
688900
77284
84100
306916
225625
622521
63504
41616
349281
248004
185761
212521
829921
962361
491401
22201
516961
228484
483025
374544
21904
286225
173056
824464
15376
910116
110224
799236
32761
176400
646416
37249
712336
301401
910116
287296
466489
158404
350464
531441
561001
98596
414736
499849
469225
746496
108900
24025
762129
399424
910116
88804
811801
910116
732736
810000
62001
222784
263169
16384
505521
929296
320356
652864
149769
279841
177241
228484
76176
50625
173889
104976
12100
101761
685584
36100
368449
367236
162409
669124
35344
277729
765625
245025
829921
262144
509796
229441
55696
583696
59049
594441
393129
591361
662596
815409
863041
795664
487204
822649
515524
318096
203401
624100
329476
199809
206116
408321
135424
698896
478864
48400
484416
864900
144400
23409
976144
583696
278784
485809
801025
14884
660969
61009
527076
241081
776161
293764
356409
146689
518400
478864
632025
777924
78400
43681
49729
715716
329476
85849
772641
743044
499849
159201
646416
874225
379456
62001
644809
643204
826281
267289
401956
148225
512656
896809
173889
85849
549081
222784
491401
919681
223729
154449
558009
46225
70225
222784
301401
624100
67081
114244
984064
145161
577600
81796
16641
136900
956484
369664
698896
17956
103041
136900
667489
321489
731025
695556
112225
535824
114921
781456
96100
734449
592900
225625
254016
448900
627264
316969
729316
57600
60025
405769
87616
543169
719104
185761
680625
751689
893025
193600
276676
360000
101761
774400
527076
29241
374544
123904
346921
518400
20164
481636
644809
374544
14641
252004
622521
183184
15376
802816
883600
512656
553536
151321
63001
708964
948676
119025
815409
956484
88804
158404
96100
403225
106929
54289
91809
247009
69696
770884
190096
705600
170569
672400
360000
898704
532900
31684
567009
937024
130321
184041
117649
126025
164025
29584
577600
177241
657721
66564
344569
24964
469225
139129
64516
278784
262144
44521
28224
384400
811801
135424
452929
219024
808201
10000
912025
422500
11236
328329
876096
724201
682276
16641
591361
133956
42025
12100
43681
950625
966289
242064
725904
222784
753424
346921
13456
373321
178084
94864
483025
205209
334084
180625
135424
980100
303601
38025
350464
1000000
152881
443556
497025
243049
591361
10404
497025
233289
20449
106276
763876
412164
349281
874225
81796
48841
864900
644809
430336
120409
113569
385641
698896
323761
846400
301401
541696
522729
221841
921600
806404
887364
409600
369664
16641
258064
47961
522729
312481
456976
293764
952576
467856
456976
141376
274576
714025
267289
38809
62500
567009
925444
241081
751689
181476
980100
278784
133225
110889
138384
731025
624100
824464
227529
919681
416025
737881
54756
864900
66049
150544
729316
394384
121104
850084
603729
404496
72361
210681
603729
264196
81796
543169
571536
670761
150544
41209
318096
790321
164025
276676
330625
224676
285156
172225
680625
112896
311364
338724
418609
724201
97969
73441
906304
44100
996004
318096
781456
770884
589824
889249
938961
682276
870489
556516
351649
129600
646416
192721
422500
34596
912025
678976
831744
108241
514089
169744
627264
758641
893025
394384
497025
717409
611524
324900
190096
986049
34596
505521
648025
925444
498436
640000
102400
222784
703921
917764
119025
511225
30976
998001
346921
474721
702244
350464
185761
211600
314721
384400
756900
26244
793881
139876
12544
360000
129600
24025
218089
552049
519841
216225
480249
204304
534361
665856
923521
55696
908209
39601
42436
923521
56169
343396
152100
431649
403225
168100
498436
151321
17689
42025
603729
705600
272484
483025
224676
320356
972196
480249
318096
630436
484416
18225
946729
63504
866761
352836
680625
186624
91204
139876
398161
291600
327184
59049
252004
16129
405769
375769
712336
446224
722500
375769
13225
159201
431649
218089
44521
53824
339889
143641
322624
435600
98596
393129
817216
904401
273529
494209
861184
58564
13924
777924
147456
357604
47524
322624
925444
32041
87025
209764
813604
10816
15625
288369
417316
577600
82944
26244
137641
47524
14884
158404
731025
80089
92416
712336
145161
10201
577600
485809
85264
362404
46225
471969
528529
279841
687241
30625
199809
675684
354025
877969
488601
400689
72900
45796
683929
891136
688900
458329
83521
724201
906304
44521
454276
484416
48841
908209
201601
65025
494209
434281
473344
72900
105625
16129
271441
138384
665856
589824
218089
38025
725904
677329
332929
790321
715716
283024
565504
855625
419904
990025
199809
27556
11025
348100
45796
998001
350464
319225
334084
135424
859329
61009
817216
42849
92416
705600
189225
250000
37249
273529
109561
40401
126736
99225
73441
879844
885481
56169
801025
664225
434281
28900
199809
986049
398161
289444
68121
112896
45796
12769
14884
104976
369664
41616
178084
669124
134689
191844
929296
35721
70225
962361
30976
876096
136900
236196
638401
864900
42436
998001
132496
18496
39204
695556
373321
49729
561001
591361
431649
859329
463761
294849
674041
531441
568516
908209
710649
659344
842724
124609
250000
292681
239121
697225
283024
204304
435600
312481
380689
38025
432964
20449
310249
328329
960400
15129
594441
104329
1
8
27
64
125
216
343
512
729
1000
1331
1728
2197
2744
3375
4096
4913
5832
6859
8000
9261
10648
12167
13824
15625
17576
19683
21952
24389
27000
29791
32768
35937
39304
42875
46656
50653
54872
59319
64000
68921
74088
79507
85184
91125
97336
103823
110592
117649
125000
132651
140608
148877
157464
166375
175616
185193
195112
205379
216000
226981
238328
250047
262144
274625
287496
300763
314432
328509
343000
357911
373248
389017
405224
421875
438976
456533
474552
493039
512000
531441
551368
571787
592704
614125
636056
658503
681472
704969
729000
753571
778688
804357
830584
857375
884736
912673
941192
970299
1000000
1030301
1061208
1092727
1124864
1157625
1191016
1225043
1259712
1295029
1331000
1367631
1404928
1442897
1481544
1520875
1560896
1601613
1643032
1685159
1728000
1771561
1815848
1860867
1906624
1953125
2000376
2048383
2097152
2146689
2197000
2248091
2299968
2352637
2406104
2460375
2515456
2571353
2628072
2685619
2744000
2803221
2863288
2924207
2985984
3048625
3112136
3176523
3241792
3307949
3375000
3442951
3511808
3581577
3652264
3723875
3796416
3869893
3944312
4019679
4096000
4173281
4251528
4330747
4410944
4492125
4574296
4657463
4741632
4826809
4913000
5000211
5088448
5177717
5268024
5359375
5451776
5545233
5639752
5735339
5832000
5929741
6028568
6128487
6229504
6331625
6434856
6539203
6644672
6751269
6859000
6967871
7077888
7189057
7301384
7414875
7529536
7645373
7762392
7880599
8000000
8120601
8242408
8365427
8489664
8615125
8741816
8869743
8998912
9129329
9261000
9393931
9528128
9663597
9800344
9938375
10077696
10218313
10360232
10503459
10648000
10793861
10941048
11089567
11239424
11390625
11543176
11697083
11852352
12008989
12167000
12326391
12487168
12649337
12812904
12977875
13144256
13312053
13481272
13651919
13824000
13997521
14172488
14348907
14526784
14706125
14886936
15069223
15252992
15438249
15625000
15813251
16003008
16194277
16387064
16581375
16777216
16974593
17173512
17373979
17576000
17779581
17984728
18191447
18399744
18609625
18821096
19034163
19248832
19465109
19683000
19902511
20123648
20346417
20570824
20796875
21024576
21253933
21484952
21717639
21952000
22188041
22425768
22665187
22906304
23149125
23393656
23639903
23887872
24137569
24389000
24642171
24897088
25153757
25412184
25672375
25934336
26198073
26463592
26730899
27000000
27270901
27543608
27818127
28094464
28372625
28652616
28934443
29218112
29503629
29791000
30080231
30371328
30664297
30959144
31255875
31554496
31855013
32157432
32461759
32768000
33076161
33386248
33698267
34012224
34328125
34645976
34965783
35287552
35611289
35937000
36264691
36594368
36926037
37259704
37595375
37933056
38272753
38614472
38958219
39304000
39651821
40001688
40353607
40707584
41063625
41421736
41781923
42144192
42508549
42875000
43243551
43614208
43986977
44361864
44738875
45118016
45499293
45882712
46268279
46656000
47045881
47437928
47832147
48228544
48627125
49027896
49430863
49836032
50243409
50653000
51064811
51478848
51895117
52313624
52734375
53157376
53582633
54010152
54439939
54872000
55306341
55742968
56181887
56623104
57066625
57512456
57960603
58411072
58863869
59319000
59776471
60236288
60698457
61162984
61629875
62099136
62570773
63044792
63521199
64000000
64481201
64964808
65450827
65939264
66430125
66923416
67419143
67917312
68417929
68921000
69426531
69934528
70444997
70957944
71473375
71991296
72511713
73034632
73560059
74088000
74618461
75151448
75686967
76225024
76765625
77308776
77854483
78402752
78953589
79507000
80062991
80621568
81182737
81746504
82312875
82881856
83453453
84027672
84604519
85184000
85766121
86350888
86938307
87528384
88121125
88716536
89314623
89915392
90518849
91125000
91733851
92345408
92959677
93576664
94196375
94818816
95443993
96071912
96702579
97336000
97972181
98611128
99252847
99897344
100544625
101194696
101847563
102503232
103161709
103823000
104487111
105154048
105823817
106496424
107171875
107850176
108531333
109215352
109902239
110592000
111284641
111980168
112678587
113379904
114084125
114791256
115501303
116214272
116930169
117649000
118370771
119095488
119823157
120553784
121287375
122023936
122763473
123505992
124251499
125000000
125751501
126506008
127263527
128024064
128787625
129554216
130323843
131096512
131872229
132651000
133432831
134217728
135005697
135796744
136590875
137388096
138188413
138991832
139798359
140608000
141420761
142236648
143055667
143877824
144703125
145531576
146363183
147197952
148035889
148877000
149721291
150568768
151419437
152273304
153130375
153990656
154854153
155720872
156590819
157464000
158340421
159220088
160103007
160989184
161878625
162771336
163667323
164566592
165469149
166375000
167284151
168196608
169112377
170031464
170953875
171879616
172808693
173741112
174676879
175616000
176558481
177504328
178453547
179406144
180362125
181321496
182284263
183250432
184220009
185193000
186169411
187149248
188132517
189119224
190109375
191102976
192100033
193100552
194104539
195112000
196122941
197137368
198155287
199176704
200201625
201230056
202262003
203297472
204336469
205379000
206425071
207474688
208527857
209584584
210644875
211708736
212776173
213847192
214921799
216000000
217081801
218167208
219256227
220348864
221445125
222545016
223648543
224755712
225866529
226981000
228099131
229220928
230346397
231475544
232608375
233744896
234885113
236029032
237176659
238328000
239483061
240641848
241804367
242970624
244140625
245314376
246491883
247673152
248858189
250047000
251239591
252435968
253636137
254840104
256047875
257259456
258474853
259694072
260917119
262144000
263374721
264609288
265847707
267089984
268336125
269586136
270840023
272097792
273359449
274625000
275894451
277167808
278445077
279726264
281011375
282300416
283593393
284890312
286191179
287496000
288804781
290117528
291434247
292754944
294079625
295408296
296740963
298077632
299418309
300763000
302111711
303464448
304821217
306182024
307546875
308915776
310288733
311665752
313046839
314432000
315821241
317214568
318611987
320013504
321419125
322828856
324242703
325660672
327082769
328509000
329939371
331373888
332812557
334255384
335702375
337153536
338608873
340068392
341532099
343000000
344472101
345948408
347428927
348913664
350402625
351895816
353393243
354894912
356400829
357911000
359425431
360944128
362467097
363994344
365525875
367061696
368601813
370146232
371694959
373248000
374805361
376367048
377933067
379503424
381078125
382657176
384240583
385828352
387420489
389017000
390617891
392223168
393832837
395446904
397065375
398688256
400315553
401947272
403583419
405224000
406869021
408518488
410172407
411830784
413493625
415160936
416832723
418508992
420189749
421875000
423564751
425259008
426957777
428661064
430368875
432081216
433798093
435519512
437245479
438976000
440711081
442450728
444194947
445943744
447697125
449455096
451217663
452984832
454756609
456533000
458314011
460099648
461889917
463684824
465484375
467288576
469097433
470910952
472729139
474552000
476379541
478211768
480048687
481890304
483736625
485587656
487443403
489303872
491169069
493039000
494913671
496793088
498677257
500566184
502459875
504358336
506261573
508169592
510082399
512000000
513922401
515849608
517781627
519718464
521660125
523606616
525557943
527514112
529475129
531441000
533411731
535387328
537367797
539353144
541343375
543338496
545338513
547343432
549353259
551368000
553387661
555412248
557441767
559476224
561515625
563559976
565609283
567663552
569722789
571787000
573856191
575930368
578009537
580093704
582182875
584277056
586376253
588480472
590589719
592704000
594823321
596947688
599077107
601211584
603351125
605495736
607645423
609800192
611960049
614125000
616295051
618470208
620650477
622835864
625026375
627222016
629422793
631628712
633839779
636056000
638277381
640503928
642735647
644972544
647214625
649461896
651714363
653972032
656234909
658503000
660776311
663054848
665338617
667627624
669921875
672221376
674526133
676836152
679151439
681472000
683797841
686128968
688465387
690807104
693154125
695506456
697864103
700227072
702595369
704969000
707347971
709732288
712121957
714516984
716917375
719323136
721734273
724150792
726572699
729000000
731432701
733870808
736314327
738763264
741217625
743677416
746142643
748613312
751089429
753571000
756058031
758550528
761048497
763551944
766060875
768575296
771095213
773620632
776151559
778688000
781229961
783777448
786330467
788889024
791453125
794022776
796597983
799178752
801765089
804357000
806954491
809557568
812166237
814780504
817400375
820025856
822656953
825293672
827936019
830584000
833237621
835896888
838561807
841232384
843908625
846590536
849278123
851971392
854670349
857375000
860085351
862801408
865523177
868250664
870983875
873722816
876467493
879217912
881974079
884736000
887503681
890277128
893056347
895841344
898632125
901428696
904231063
907039232
909853209
912673000
915498611
918330048
921167317
924010424
926859375
929714176
932574833
935441352
938313739
941192000
944076141
946966168
949862087
952763904
955671625
958585256
961504803
964430272
967361669
970299000
973242271
976191488
979146657
982107784
985074875
988047936
991026973
994011992
997002999
1000000000
1003003001
1006012008
1009027027
1012048064
1015075125
1018108216
1021147343
1024192512
1027243729
1030301000
1033364331
1036433728
1039509197
1042590744
1045678375
1048772096
1051871913
1054977832
1058089859
1061208000
1064332261
1067462648
1070599167
1073741824
1076890625
1080045576
1083206683
1086373952
1089547389
1092727000
1095912791
1099104768
1102302937
1105507304
1108717875
1111934656
1115157653
1118386872
1121622319
1124864000
1128111921
1131366088
1134626507
1137893184
1141166125
1144445336
1147730823
1151022592
1154320649
1157625000
1160935651
1164252608
1167575877
1170905464
1174241375
1177583616
1180932193
1184287112
1187648379
1191016000
1194389981
1197770328
1201157047
1204550144
1207949625
1211355496
1214767763
1218186432
1221611509
1225043000
1228480911
1231925248
1235376017
1238833224
1242296875
1245766976
1249243533
1252726552
1256216039
1259712000
1263214441
1266723368
1270238787
1273760704
1277289125
1280824056
1284365503
1287913472
1291467969
1295029000
1298596571
1302170688
1305751357
1309338584
1312932375
1316532736
1320139673
1323753192
1327373299
1331000000
1334633301
1338273208
1341919727
1345572864
1349232625
1352899016
1356572043
1360251712
1363938029
1367631000
1371330631
1375036928
1378749897
1382469544
1386195875
1389928896
1393668613
1397415032
1401168159
1404928000
1408694561
1412467848
1416247867
1420034624
1423828125
1427628376
1431435383
1435249152
1439069689
1442897000
1446731091
1450571968
1454419637
1458274104
1462135375
1466003456
1469878353
1473760072
1477648619
1481544000
1485446221
1489355288
1493271207
1497193984
1501123625
1505060136
1509003523
1512953792
1516910949
1520875000
1524845951
1528823808
1532808577
1536800264
1540798875
1544804416
1548816893
1552836312
1556862679
1560896000
1564936281
1568983528
1573037747
1577098944
1581167125
1585242296
1589324463
1593413632
1597509809
1601613000
1605723211
1609840448
1613964717
1618096024
1622234375
1626379776
1630532233
1634691752
1638858339
1643032000
1647212741
1651400568
1655595487
1659797504
1664006625
1668222856
1672446203
1676676672
1680914269
1685159000
1689410871
1693669888
1697936057
1702209384
1706489875
1710777536
1715072373
1719374392
1723683599
1728000000
1732323601
1736654408
1740992427
1745337664
1749690125
1754049816
1758416743
1762790912
1767172329
1771561000
1775956931
1780360128
1784770597
1789188344
1793613375
1798045696
1802485313
1806932232
1811386459
1815848000
1820316861
1824793048
1829276567
1833767424
1838265625
1842771176
1847284083
1851804352
1856331989
1860867000
1865409391
1869959168
1874516337
1879080904
1883652875
1888232256
1892819053
1897413272
1902014919
1906624000
1911240521
1915864488
1920495907
1925134784
1929781125
1934434936
1939096223
1943764992
1948441249
1953125000
1957816251
1962515008
1967221277
1971935064
1976656375
1981385216
1986121593
1990865512
1995616979
2000376000
2005142581
2009916728
2014698447
2019487744
2024284625
2029089096
2033901163
2038720832
2043548109
2048383000
2053225511
2058075648
2062933417
2067798824
2072671875
2077552576
2082440933
2087336952
2092240639
2097152000
2102071041
2106997768
2111932187
2116874304
2121824125
2126781656
2131746903
2136719872
2141700569
2146689000
2151685171
2156689088
2161700757
2166720184
2171747375
2176782336
2181825073
2186875592
2191933899
2197000000
2202073901
2207155608
2212245127
2217342464
2222447625
2227560616
2232681443
2237810112
2242946629
2248091000
2253243231
2258403328
2263571297
2268747144
2273930875
2279122496
2284322013
2289529432
2294744759
2299968000
2305199161
2310438248
2315685267
2320940224
2326203125
2331473976
2336752783
2342039552
2347334289
2352637000
2357947691
2363266368
2368593037
2373927704
2379270375
2384621056
2389979753
2395346472
2400721219
2406104000
2411494821
2416893688
2422300607
2427715584
2433138625
2438569736
2444008923
2449456192
2454911549
2460375000
2465846551
2471326208
2476813977
2482309864
2487813875
2493326016
2498846293
2504374712
2509911279
2515456000
2521008881
2526569928
2532139147
2537716544
2543302125
2548895896
2554497863
2560108032
2565726409
2571353000
2576987811
2582630848
2588282117
2593941624
2599609375
2605285376
2610969633
2616662152
2622362939
2628072000
2633789341
2639514968
2645248887
2650991104
2656741625
2662500456
2668267603
2674043072
2679826869
2685619000
2691419471
2697228288
2703045457
2708870984
2714704875
2720547136
2726397773
2732256792
2738124199
2744000000
2749884201
2755776808
2761677827
2767587264
2773505125
2779431416
2785366143
2791309312
2797260929
2803221000
2809189531
2815166528
2821151997
2827145944
2833148375
2839159296
2845178713
2851206632
2857243059
2863288000
2869341461
2875403448
2881473967
2887553024
2893640625
2899736776
2905841483
2911954752
2918076589
2924207000
2930345991
2936493568
2942649737
2948814504
2954987875
2961169856
2967360453
2973559672
2979767519
2985984000
2992209121
2998442888
3004685307
3010936384
3017196125
3023464536
3029741623
3036027392
3042321849
3048625000
3054936851
3061257408
3067586677
3073924664
3080271375
3086626816
3092990993
3099363912
3105745579
3112136000
3118535181
3124943128
3131359847
3137785344
3144219625
3150662696
3157114563
3163575232
3170044709
3176523000
3183010111
3189506048
3196010817
3202524424
3209046875
3215578176
3222118333
3228667352
3235225239
3241792000
3248367641
3254952168
3261545587
3268147904
3274759125
3281379256
3288008303
3294646272
3301293169
3307949000
3314613771
3321287488
3327970157
3334661784
3341362375
3348071936
3354790473
3361517992
3368254499
3375000000
3381754501
3388518008
3395290527
3402072064
3408862625
3415662216
3422470843
3429288512
3436115229
3442951000
3449795831
3456649728
3463512697
3470384744
3477265875
3484156096
3491055413
3497963832
3504881359
3511808000
3518743761
3525688648
3532642667
3539605824
3546578125
3553559576
3560550183
3567549952
3574558889
3581577000
3588604291
3595640768
3602686437
3609741304
3616805375
3623878656
3630961153
3638052872
3645153819
3652264000
3659383421
3666512088
3673650007
3680797184
3687953625
3695119336
3702294323
3709478592
3716672149
3723875000
3731087151
3738308608
3745539377
3752779464
3760028875
3767287616
3774555693
3781833112
3789119879
3796416000
3803721481
3811036328
3818360547
3825694144
3833037125
3840389496
3847751263
3855122432
3862503009
3869893000
3877292411
3884701248
3892119517
3899547224
3906984375
3914430976
3921887033
3929352552
3936827539
3944312000
3951805941
3959309368
3966822287
3974344704
3981876625
3989418056
3996969003
4004529472
4012099469
4019679000
4027268071
4034866688
4042474857
4050092584
4057719875
4065356736
4073003173
4080659192
4088324799
4096000000
4103684801
4111379208
4119083227
4126796864
4134520125
4142253016
4149995543
4157747712
4165509529
4173281000
4181062131
4188852928
4196653397
4204463544
4212283375
4220112896
4227952113
4235801032
4243659659
4251528000
4259406061
4267293848
4275191367
4283098624
4291015625
4298942376
4306878883
4314825152
4322781189
4330747000
4338722591
4346707968
4354703137
4362708104
4370722875
4378747456
4386781853
4394826072
4402880119
4410944000
4419017721
4427101288
4435194707
4443297984
4451411125
4459534136
4467667023
4475809792
4483962449
4492125000
4500297451
4508479808
4516672077
4524874264
4533086375
4541308416
4549540393
4557782312
4566034179
4574296000
4582567781
4590849528
4599141247
4607442944
4615754625
4624076296
4632407963
4640749632
4649101309
4657463000
4665834711
4674216448
4682608217
4691010024
4699421875
4707843776
4716275733
4724717752
4733169839
4741632000
4750104241
4758586568
4767078987
4775581504
4784094125
4792616856
4801149703
4809692672
4818245769
4826809000
4835382371
4843965888
4852559557
4861163384
4869777375
4878401536
4887035873
4895680392
4904335099
4913000000
4921675101
4930360408
4939055927
4947761664
4956477625
4965203816
4973940243
4982686912
4991443829
5000211000
5008988431
5017776128
5026574097
5035382344
5044200875
5053029696
5061868813
5070718232
5079577959
5088448000
5097328361
5106219048
5115120067
5124031424
5132953125
5141885176
5150827583
5159780352
5168743489
5177717000
5186700891
5195695168
5204699837
5213714904
5222740375
5231776256
5240822553
5249879272
5258946419
5268024000
5277112021
5286210488
5295319407
5304438784
5313568625
5322708936
5331859723
5341020992
5350192749
5359375000
5368567751
5377771008
5386984777
5396209064
5405443875
5414689216
5423945093
5433211512
5442488479
5451776000
5461074081
5470382728
5479701947
5489031744
5498372125
5507723096
5517084663
5526456832
5535839609
5545233000
5554637011
5564051648
5573476917
5582912824
5592359375
5601816576
5611284433
5620762952
5630252139
5639752000
5649262541
5658783768
5668315687
5677858304
5687411625
5696975656
5706550403
5716135872
5725732069
5735339000
5744956671
5754585088
5764224257
5773874184
5783534875
5793206336
5802888573
5812581592
5822285399
5832000000
5841725401
5851461608
5861208627
5870966464
5880735125
5890514616
5900304943
5910106112
5919918129
5929741000
5939574731
5949419328
5959274797
5969141144
5979018375
5988906496
5998805513
6008715432
6018636259
6028568000
6038510661
6048464248
6058428767
6068404224
6078390625
6088387976
6098396283
6108415552
6118445789
6128487000
6138539191
6148602368
6158676537
6168761704
6178857875
6188965056
6199083253
6209212472
6219352719
6229504000
6239666321
6249839688
6260024107
6270219584
6280426125
6290643736
6300872423
6311112192
6321363049
6331625000
6341898051
6352182208
6362477477
6372783864
6383101375
6393430016
6403769793
6414120712
6424482779
6434856000
6445240381
6455635928
6466042647
6476460544
6486889625
6497329896
6507781363
6518244032
6528717909
6539203000
6549699311
6560206848
6570725617
6581255624
6591796875
6602349376
6612913133
6623488152
6634074439
6644672000
6655280841
6665900968
6676532387
6687175104
6697829125
6708494456
6719171103
6729859072
6740558369
6751269000
6761990971
6772724288
6783468957
6794224984
6804992375
6815771136
6826561273
6837362792
6848175699
6859000000
6869835701
6880682808
6891541327
6902411264
6913292625
6924185416
6935089643
6946005312
6956932429
6967871000
6978821031
6989782528
7000755497
7011739944
7022735875
7033743296
7044762213
7055792632
7066834559
7077888000
7088952961
7100029448
7111117467
7122217024
7133328125
7144450776
7155584983
7166730752
7177888089
7189057000
7200237491
7211429568
7222633237
7233848504
7245075375
7256313856
7267563953
7278825672
7290099019
7301384000
7312680621
7323988888
7335308807
7346640384
7357983625
7369338536
7380705123
7392083392
7403473349
7414875000
7426288351
7437713408
7449150177
7460598664
7472058875
7483530816
7495014493
7506509912
7518017079
7529536000
7541066681
7552609128
7564163347
7575729344
7587307125
7598896696
7610498063
7622111232
7633736209
7645373000
7657021611
7668682048
7680354317
7692038424
7703734375
7715442176
7727161833
7738893352
7750636739
7762392000
7774159141
7785938168
7797729087
7809531904
7821346625
7833173256
7845011803
7856862272
7868724669
7880599000
7892485271
7904383488
7916293657
7928215784
7940149875
7952095936
7964053973
7976023992
7988005999
8000000000
8012006001
8024024008
8036054027
8048096064
8060150125
8072216216
8084294343
8096384512
8108486729
8120601000
8132727331
8144865728
8157016197
8169178744
8181353375
8193540096
8205738913
8217949832
8230172859
8242408000
8254655261
8266914648
8279186167
8291469824
8303765625
8316073576
8328393683
8340725952
8353070389
8365427000
8377795791
8390176768
8402569937
8414975304
8427392875
8439822656
8452264653
8464718872
8477185319
8489664000
8502154921
8514658088
8527173507
8539701184
8552241125
8564793336
8577357823
8589934592
8602523649
8615125000
8627738651
8640364608
8653002877
8665653464
8678316375
8690991616
8703679193
8716379112
8729091379
8741816000
8754552981
8767302328
8780064047
8792838144
8805624625
8818423496
8831234763
8844058432
8856894509
8869743000
8882603911
8895477248
8908363017
8921261224
8934171875
8947094976
8960030533
8972978552
8985939039
8998912000
9011897441
9024895368
9037905787
9050928704
9063964125
9077012056
9090072503
9103145472
9116230969
9129329000
9142439571
9155562688
9168698357
9181846584
9195007375
9208180736
9221366673
9234565192
9247776299
9261000000
9274236301
9287485208
9300746727
9314020864
9327307625
9340607016
9353919043
9367243712
9380581029
9393931000
9407293631
9420668928
9434056897
9447457544
9460870875
9474296896
9487735613
9501187032
9514651159
9528128000
9541617561
9555119848
9568634867
9582162624
9595703125
9609256376
9622822383
9636401152
9649992689
9663597000
9677214091
9690843968
9704486637
9718142104
9731810375
9745491456
9759185353
9772892072
9786611619
9800344000
9814089221
9827847288
9841618207
9855401984
9869198625
9883008136
9896830523
9910665792
9924513949
9938375000
9952248951
9966135808
9980035577
9993948264
10007873875
10021812416
10035763893
10049728312
10063705679
10077696000
10091699281
10105715528
10119744747
10133786944
10147842125
10161910296
10175991463
10190085632
10204192809
10218313000
10232446211
10246592448
10260751717
10274924024
10289109375
10303307776
10317519233
10331743752
10345981339
10360232000
10374495741
10388772568
10403062487
10417365504
10431681625
10446010856
10460353203
10474708672
10489077269
10503459000
10517853871
10532261888
10546683057
10561117384
10575564875
10590025536
10604499373
10618986392
10633486599
10648000000
10662526601
10677066408
10691619427
10706185664
10720765125
10735357816
10749963743
10764582912
10779215329
10793861000
10808519931
10823192128
10837877597
10852576344
10867288375
10882013696
10896752313
10911504232
10926269459
10941048000
10955839861
10970645048
10985463567
11000295424
11015140625
11029999176
11044871083
11059756352
11074654989
11089567000
11104492391
11119431168
11134383337
11149348904
11164327875
11179320256
11194326053
11209345272
11224377919
11239424000
11254483521
11269556488
11284642907
11299742784
11314856125
11329982936
11345123223
11360276992
11375444249
11390625000
11405819251
11421027008
11436248277
11451483064
11466731375
11481993216
11497268593
11512557512
11527859979
11543176000
11558505581
11573848728
11589205447
11604575744
11619959625
11635357096
11650768163
11666192832
11681631109
11697083000
11712548511
11728027648
11743520417
11759026824
11774546875
11790080576
11805627933
11821188952
11836763639
11852352000
11867954041
11883569768
11899199187
11914842304
11930499125
11946169656
11961853903
11977551872
11993263569
12008989000
12024728171
12040481088
12056247757
12072028184
12087822375
12103630336
12119452073
12135287592
12151136899
12167000000
12182876901
12198767608
12214672127
12230590464
12246522625
12262468616
12278428443
12294402112
12310389629
12326391000
12342406231
12358435328
12374478297
12390535144
12406605875
12422690496
12438789013
12454901432
12471027759
12487168000
12503322161
12519490248
12535672267
12551868224
12568078125
12584301976
12600539783
12616791552
12633057289
12649337000
12665630691
12681938368
12698260037
12714595704
12730945375
12747309056
12763686753
12780078472
12796484219
12812904000
12829337821
12845785688
12862247607
12878723584
12895213625
12911717736
12928235923
12944768192
12961314549
12977875000
12994449551
13011038208
13027640977
13044257864
13060888875
13077534016
13094193293
13110866712
13127554279
13144256000
13160971881
13177701928
13194446147
13211204544
13227977125
13244763896
13261564863
13278380032
13295209409
13312053000
13328910811
13345782848
13362669117
13379569624
13396484375
13413413376
13430356633
13447314152
13464285939
13481272000
13498272341
13515286968
13532315887
13549359104
13566416625
13583488456
13600574603
13617675072
13634789869
13651919000
13669062471
13686220288
13703392457
13720578984
13737779875
13754995136
13772224773
13789468792
13806727199
13824000000
13841287201
13858588808
13875904827
13893235264
13910580125
13927939416
13945313143
13962701312
13980103929
13997521000
14014952531
14032398528
14049858997
14067333944
14084823375
14102327296
14119845713
14137378632
14154926059
14172488000
14190064461
14207655448
14225260967
14242881024
14260515625
14278164776
14295828483
14313506752
14331199589
14348907000
14366628991
14384365568
14402116737
14419882504
14437662875
14455457856
14473267453
14491091672
14508930519
14526784000
14544652121
14562534888
14580432307
14598344384
14616271125
14634212536
14652168623
14670139392
14688124849
14706125000
14724139851
14742169408
14760213677
14778272664
14796346375
14814434816
14832537993
14850655912
14868788579
14886936000
14905098181
14923275128
14941466847
14959673344
14977894625
14996130696
15014381563
15032647232
15050927709
15069223000
15087533111
15105858048
15124197817
15142552424
15160921875
15179306176
15197705333
15216119352
15234548239
15252992000
15271450641
15289924168
15308412587
15326915904
15345434125
15363967256
15382515303
15401078272
15419656169
15438249000
15456856771
15475479488
15494117157
15512769784
15531437375
15550119936
15568817473
15587529992
15606257499
15625000000
15643757501
15662530008
15681317527
15700120064
15718937625
15737770216
15756617843
15775480512
15794358229
15813251000
15832158831
15851081728
15870019697
15888972744
15907940875
15926924096
15945922413
15964935832
15983964359
16003008000
16022066761
16041140648
16060229667
16079333824
16098453125
16117587576
16136737183
16155901952
16175081889
16194277000
16213487291
16232712768
16251953437
16271209304
16290480375
16309766656
16329068153
16348384872
16367716819
16387064000
16406426421
16425804088
16445197007
16464605184
16484028625
16503467336
16522921323
16542390592
16561875149
16581375000
16600890151
16620420608
16639966377
16659527464
16679103875
16698695616
16718302693
16737925112
16757562879
16777216000
16796884481
16816568328
16836267547
16855982144
16875712125
16895457496
16915218263
16934994432
16954786009
16974593000
16994415411
17014253248
17034106517
17053975224
17073859375
17093758976
17113674033
17133604552
17153550539
17173512000
17193488941
17213481368
17233489287
17253512704
17273551625
17293606056
17313676003
17333761472
17353862469
17373979000
17394111071
17414258688
17434421857
17454600584
17474794875
17495004736
17515230173
17535471192
17555727799
17576000000
17596287801
17616591208
17636910227
17657244864
17677595125
17697961016
17718342543
17738739712
17759152529
17779581000
17800025131
17820484928
17840960397
17861451544
17881958375
17902480896
17923019113
17943573032
17964142659
17984728000
18005329061
18025945848
18046578367
18067226624
18087890625
18108570376
18129265883
18149977152
18170704189
18191447000
18212205591
18232979968
18253770137
18274576104
18295397875
18316235456
18337088853
18357958072
18378843119
18399744000
18420660721
18441593288
18462541707
18483505984
18504486125
18525482136
18546494023
18567521792
18588565449
18609625000
18630700451
18651791808
18672899077
18694022264
18715161375
18736316416
18757487393
18778674312
18799877179
18821096000
18842330781
18863581528
18884848247
18906130944
18927429625
18948744296
18970074963
18991421632
19012784309
19034163000
19055557711
19076968448
19098395217
19119838024
19141296875
19162771776
19184262733
19205769752
19227292839
19248832000
19270387241
19291958568
19313545987
19335149504
19356769125
19378404856
19400056703
19421724672
19443408769
19465109000
19486825371
19508557888
19530306557
19552071384
19573852375
19595649536
19617462873
19639292392
19661138099
19683000000
19704878101
19726772408
19748682927
19770609664
19792552625
19814511816
19836487243
19858478912
19880486829
19902511000
19924551431
19946608128
19968681097
19990770344
20012875875
20034997696
20057135813
20079290232
20101460959
20123648000
20145851361
20168071048
20190307067
20212559424
20234828125
20257113176
20279414583
20301732352
20324066489
20346417000
20368783891
20391167168
20413566837
20435982904
20458415375
20480864256
20503329553
20525811272
20548309419
20570824000
20593355021
20615902488
20638466407
20661046784
20683643625
20706256936
20728886723
20751532992
20774195749
20796875000
20819570751
20842283008
20865011777
20887757064
20910518875
20933297216
20956092093
20978903512
21001731479
21024576000
21047437081
21070314728
21093208947
21116119744
21139047125
21161991096
21184951663
21207928832
21230922609
21253933000
21276960011
21300003648
21323063917
21346140824
21369234375
21392344576
21415471433
21438614952
21461775139
21484952000
21508145541
21531355768
21554582687
21577826304
21601086625
21624363656
21647657403
21670967872
21694295069
21717639000
21740999671
21764377088
21787771257
21811182184
21834609875
21858054336
21881515573
21904993592
21928488399
21952000000
21975528401
21999073608
22022635627
22046214464
22069810125
22093422616
22117051943
22140698112
22164361129
22188041000
22211737731
22235451328
22259181797
22282929144
22306693375
22330474496
22354272513
22378087432
22401919259
22425768000
22449633661
22473516248
22497415767
22521332224
22545265625
22569215976
22593183283
22617167552
22641168789
22665187000
22689222191
22713274368
22737343537
22761429704
22785532875
22809653056
22833790253
22857944472
22882115719
22906304000
22930509321
22954731688
22978971107
23003227584
23027501125
23051791736
23076099423
23100424192
23124766049
23149125000
23173501051
23197894208
23222304477
23246731864
23271176375
23295638016
23320116793
23344612712
23369125779
23393656000
23418203381
23442767928
23467349647
23491948544
23516564625
23541197896
23565848363
23590516032
23615200909
23639903000
23664622311
23689358848
23714112617
23738883624
23763671875
23788477376
23813300133
23838140152
23862997439
23887872000
23912763841
23937672968
23962599387
23987543104
24012504125
24037482456
24062478103
24087491072
24112521369
24137569000
24162633971
24187716288
24212815957
24237932984
24263067375
24288219136
24313388273
24338574792
24363778699
24389000000
24414238701
24439494808
24464768327
24490059264
24515367625
24540693416
24566036643
24591397312
24616775429
24642171000
24667584031
24693014528
24718462497
24743927944
24769410875
24794911296
24820429213
24845964632
24871517559
24897088000
24922675961
24948281448
24973904467
24999545024
25025203125
25050878776
25076571983
25102282752
25128011089
25153757000
25179520491
25205301568
25231100237
25256916504
25282750375
25308601856
25334470953
25360357672
25386262019
25412184000
25438123621
25464080888
25490055807
25516048384
25542058625
25568086536
25594132123
25620195392
25646276349
25672375000
25698491351
25724625408
25750777177
25776946664
25803133875
25829338816
25855561493
25881801912
25908060079
25934336000
25960629681
25986941128
26013270347
26039617344
26065982125
26092364696
26118765063
26145183232
26171619209
26198073000
26224544611
26251034048
26277541317
26304066424
26330609375
26357170176
26383748833
26410345352
26436959739
26463592000
26490242141
26516910168
26543596087
26570299904
26597021625
26623761256
26650518803
26677294272
26704087669
26730899000
26757728271
26784575488
26811440657
26838323784
26865224875
26892143936
26919080973
26946035992
26973008999
27000000000
27027009001
27054036008
27081081027
27108144064
27135225125
27162324216
27189441343
27216576512
27243729729
27270901000
27298090331
27325297728
27352523197
27379766744
27407028375
27434308096
27461605913
27488921832
27516255859
27543608000
27570978261
27598366648
27625773167
27653197824
27680640625
27708101576
27735580683
27763077952
27790593389
27818127000
27845678791
27873248768
27900836937
27928443304
27956067875
27983710656
28011371653
28039050872
28066748319
28094464000
28122197921
28149950088
28177720507
28205509184
28233316125
28261141336
28288984823
28316846592
28344726649
28372625000
28400541651
28428476608
28456429877
28484401464
28512391375
28540399616
28568426193
28596471112
28624534379
28652616000
28680715981
28708834328
28736971047
28765126144
28793299625
28821491496
28849701763
28877930432
28906177509
28934443000
28962726911
28991029248
29019350017
29047689224
29076046875
29104422976
29132817533
29161230552
29189662039
29218112000
29246580441
29275067368
29303572787
29332096704
29360639125
29389200056
29417779503
29446377472
29474993969
29503629000
29532282571
29560954688
29589645357
29618354584
29647082375
29675828736
29704593673
29733377192
29762179299
29791000000
29819839301
29848697208
29877573727
29906468864
29935382625
29964315016
29993266043
30022235712
30051224029
30080231000
30109256631
30138300928
30167363897
30196445544
30225545875
30254664896
30283802613
30312959032
30342134159
30371328000
30400540561
30429771848
30459021867
30488290624
30517578125
30546884376
30576209383
30605553152
30634915689
30664297000
30693697091
30723115968
30752553637
30782010104
30811485375
30840979456
30870492353
30900024072
30929574619
30959144000
30988732221
31018339288
31047965207
31077609984
31107273625
31136956136
31166657523
31196377792
31226116949
31255875000
31285651951
31315447808
31345262577
31375096264
31404948875
31434820416
31464710893
31494620312
31524548679
31554496000
31584462281
31614447528
31644451747
31674474944
31704517125
31734578296
31764658463
31794757632
31824875809
31855013000
31885169211
31915344448
31945538717
31975752024
32005984375
32036235776
32066506233
32096795752
32127104339
32157432000
32187778741
32218144568
32248529487
32278933504
32309356625
32339798856
32370260203
32400740672
32431240269
32461759000
32492296871
32522853888
32553430057
32584025384
32614639875
32645273536
32675926373
32706598392
32737289599
32768000000
32798729601
32829478408
32860246427
32891033664
32921840125
32952665816
32983510743
33014374912
33045258329
33076161000
33107082931
33138024128
33168984597
33199964344
33230963375
33261981696
33293019313
33324076232
33355152459
33386248000
33417362861
33448497048
33479650567
33510823424
33542015625
33573227176
33604458083
33635708352
33666977989
33698267000
33729575391
33760903168
33792250337
33823616904
33855002875
33886408256
33917833053
33949277272
33980740919
34012224000
34043726521
34075248488
34106789907
34138350784
34169931125
34201530936
34233150223
34264788992
34296447249
34328125000
34359822251
34391539008
34423275277
34455031064
34486806375
34518601216
34550415593
34582249512
34614102979
34645976000
34677868581
34709780728
34741712447
34773663744
34805634625
34837625096
34869635163
34901664832
34933714109
34965783000
34997871511
35029979648
35062107417
35094254824
35126421875
35158608576
35190814933
35223040952
35255286639
35287552000
35319837041
35352141768
35384466187
35416810304
35449174125
35481557656
35513960903
35546383872
35578826569
35611289000
35643771171
35676273088
35708794757
35741336184
35773897375
35806478336
35839079073
35871699592
35904339899
35937000000
35969679901
36002379608
36035099127
36067838464
36100597625
36133376616
36166175443
36198994112
36231832629
36264691000
36297569231
36330467328
36363385297
36396323144
36429280875
36462258496
36495256013
36528273432
36561310759
36594368000
36627445161
36660542248
36693659267
36726796224
36759953125
36793129976
36826326783
36859543552
36892780289
36926037000
36959313691
36992610368
37025927037
37059263704
37092620375
37125997056
37159393753
37192810472
37226247219
37259704000
37293180821
37326677688
37360194607
37393731584
37427288625
37460865736
37494462923
37528080192
37561717549
37595375000
37629052551
37662750208
37696467977
37730205864
37763963875
37797742016
37831540293
37865358712
37899197279
37933056000
37966934881
38000833928
38034753147
38068692544
38102652125
38136631896
38170631863
38204652032
38238692409
38272753000
38306833811
38340934848
38375056117
38409197624
38443359375
38477541376
38511743633
38545966152
38580208939
38614472000
38648755341
38683058968
38717382887
38751727104
38786091625
38820476456
38854881603
38889307072
38923752869
38958219000
38992705471
39027212288
39061739457
39096286984
39130854875
39165443136
39200051773
39234680792
39269330199
39304000000
39338690201
39373400808
39408131827
39442883264
39477655125
39512447416
39547260143
39582093312
39616946929
39651821000
39686715531
39721630528
39756565997
39791521944
39826498375
39861495296
39896512713
39931550632
39966609059
40001688000
40036787461
40071907448
40107047967
40142209024
40177390625
40212592776
40247815483
40283058752
40318322589
40353607000
40388911991
40424237568
40459583737
40494950504
40530337875
40565745856
40601174453
40636623672
40672093519
40707584000
40743095121
40778626888
40814179307
40849752384
40885346125
40920960536
40956595623
40992251392
41027927849
41063625000
41099342851
41135081408
41170840677
41206620664
41242421375
41278242816
41314084993
41349947912
41385831579
41421736000
41457661181
41493607128
41529573847
41565561344
41601569625
41637598696
41673648563
41709719232
41745810709
41781923000
41818056111
41854210048
41890384817
41926580424
41962796875
41999034176
42035292333
42071571352
42107871239
42144192000
42180533641
42216896168
42253279587
42289683904
42326109125
42362555256
42399022303
42435510272
42472019169
42508549000
42545099771
42581671488
42618264157
42654877784
42691512375
42728167936
42764844473
42801541992
42838260499
42875000000
42911760501
42948542008
42985344527
43022168064
43059012625
43095878216
43132764843
43169672512
43206601229
43243551000
43280521831
43317513728
43354526697
43391560744
43428615875
43465692096
43502789413
43539907832
43577047359
43614208000
43651389761
43688592648
43725816667
43763061824
43800328125
43837615576
43874924183
43912253952
43949604889
43986977000
44024370291
44061784768
44099220437
44136677304
44174155375
44211654656
44249175153
44286716872
44324279819
44361864000
44399469421
44437096088
44474744007
44512413184
44550103625
44587815336
44625548323
44663302592
44701078149
44738875000
44776693151
44814532608
44852393377
44890275464
44928178875
44966103616
45004049693
45042017112
45080005879
45118016000
45156047481
45194100328
45232174547
45270270144
45308387125
45346525496
45384685263
45422866432
45461069009
45499293000
45537538411
45575805248
45614093517
45652403224
45690734375
45729086976
45767461033
45805856552
45844273539
45882712000
45921171941
45959653368
45998156287
46036680704
46075226625
46113794056
46152383003
46190993472
46229625469
46268279000
46306954071
46345650688
46384368857
46423108584
46461869875
46500652736
46539457173
46578283192
46617130799
46656000000
46694890801
46733803208
46772737227
46811692864
46850670125
46889669016
46928689543
46967731712
47006795529
47045881000
47084988131
47124116928
47163267397
47202439544
47241633375
47280848896
47320086113
47359345032
47398625659
47437928000
47477252061
47516597848
47555965367
47595354624
47634765625
47674198376
47713652883
47753129152
47792627189
47832147000
47871688591
47911251968
47950837137
47990444104
48030072875
48069723456
48109395853
48149090072
48188806119
48228544000
48268303721
48308085288
48347888707
48387713984
48427561125
48467430136
48507321023
48547233792
48587168449
48627125000
48667103451
48707103808
48747126077
48787170264
48827236375
48867324416
48907434393
48947566312
48987720179
49027896000
49068093781
49108313528
49148555247
49188818944
49229104625
49269412296
49309741963
49350093632
49390467309
49430863000
49471280711
49511720448
49552182217
49592666024
49633171875
49673699776
49714249733
49754821752
49795415839
49836032000
49876670241
49917330568
49958012987
49998717504
50039444125
50080192856
50120963703
50161756672
50202571769
50243409000
50284268371
50325149888
50366053557
50406979384
50447927375
50488897536
50529889873
50570904392
50611941099
50653000000
50694081101
50735184408
50776309927
50817457664
50858627625
50899819816
50941034243
50982270912
51023529829
51064811000
51106114431
51147440128
51188788097
51230158344
51271550875
51312965696
51354402813
51395862232
51437343959
51478848000
51520374361
51561923048
51603494067
51645087424
51686703125
51728341176
51770001583
51811684352
51853389489
51895117000
51936866891
51978639168
52020433837
52062250904
52104090375
52145952256
52187836553
52229743272
52271672419
52313624000
52355598021
52397594488
52439613407
52481654784
52523718625
52565804936
52607913723
52650044992
52692198749
52734375000
52776573751
52818795008
52861038777
52903305064
52945593875
52987905216
53030239093
53072595512
53114974479
53157376000
53199800081
53242246728
53284715947
53327207744
53369722125
53412259096
53454818663
53497400832
53540005609
53582633000
53625283011
53667955648
53710650917
53753368824
53796109375
53838872576
53881658433
53924466952
53967298139
54010152000
54053028541
54095927768
54138849687
54181794304
54224761625
54267751656
54310764403
54353799872
54396858069
54439939000
54483042671
54526169088
54569318257
54612490184
54655684875
54698902336
54742142573
54785405592
54828691399
54872000000
54915331401
54958685608
55002062627
55045462464
55088885125
55132330616
55175798943
55219290112
55262804129
55306341000
55349900731
55393483328
55437088797
55480717144
55524368375
55568042496
55611739513
55655459432
55699202259
55742968000
55786756661
55830568248
55874402767
55918260224
55962140625
56006043976
56049970283
56093919552
56137891789
56181887000
56225905191
56269946368
56314010537
56358097704
56402207875
56446341056
56490497253
56534676472
56578878719
56623104000
56667352321
56711623688
56755918107
56800235584
56844576125
56888939736
56933326423
56977736192
57022169049
57066625000
57111104051
57155606208
57200131477
57244679864
57289251375
57333846016
57378463793
57423104712
57467768779
57512456000
57557166381
57601899928
57646656647
57691436544
57736239625
57781065896
57825915363
57870788032
57915683909
57960603000
58005545311
58050510848
58095499617
58140511624
58185546875
58230605376
58275687133
58320792152
58365920439
58411072000
58456246841
58501444968
58546666387
58591911104
58637179125
58682470456
58727785103
58773123072
58818484369
58863869000
58909276971
58954708288
59000162957
59045640984
59091142375
59136667136
59182215273
59227786792
59273381699
59319000000
59364641701
59410306808
59455995327
59501707264
59547442625
59593201416
59638983643
59684789312
59730618429
59776471000
59822347031
59868246528
59914169497
59960115944
60006085875
60052079296
60098096213
60144136632
60190200559
60236288000
60282398961
60328533448
60374691467
60420873024
60467078125
60513306776
60559558983
60605834752
60652134089
60698457000
60744803491
60791173568
60837567237
60883984504
60930425375
60976889856
61023377953
61069889672
61116425019
61162984000
61209566621
61256172888
61302802807
61349456384
61396133625
61442834536
61489559123
61536307392
61583079349
61629875000
61676694351
61723537408
61770404177
61817294664
61864208875
61911146816
61958108493
62005093912
62052103079
62099136000
62146192681
62193273128
62240377347
62287505344
62334657125
62381832696
62429032063
62476255232
62523502209
62570773000
62618067611
62665386048
62712728317
62760094424
62807484375
62854898176
62902335833
62949797352
62997282739
63044792000
63092325141
63139882168
63187463087
63235067904
63282696625
63330349256
63378025803
63425726272
63473450669
63521199000
63568971271
63616767488
63664587657
63712431784
63760299875
63808191936
63856107973
63904047992
63952011999
64000000000
64048012001
64096048008
64144108027
64192192064
64240300125
64288432216
64336588343
64384768512
64432972729
64481201000
64529453331
64577729728
64626030197
64674354744
64722703375
64771076096
64819472913
64867893832
64916338859
64964808000
65013301261
65061818648
65110360167
65158925824
65207515625
65256129576
65304767683
65353429952
65402116389
65450827000
65499561791
65548320768
65597103937
65645911304
65694742875
65743598656
65792478653
65841382872
65890311319
65939264000
65988240921
66037242088
66086267507
66135317184
66184391125
66233489336
66282611823
66331758592
66380929649
66430125000
66479344651
66528588608
66577856877
66627149464
66676466375
66725807616
66775173193
66824563112
66873977379
66923416000
66972878981
67022366328
67071878047
67121414144
67170974625
67220559496
67270168763
67319802432
67369460509
67419143000
67468849911
67518581248
67568337017
67618117224
67667921875
67717750976
67767604533
67817482552
67867385039
67917312000
67967263441
68017239368
68067239787
68117264704
68167314125
68217388056
68267486503
68317609472
68367756969
68417929000
68468125571
68518346688
68568592357
68618862584
68669157375
68719476736
68769820673
68820189192
68870582299
68921000000
68971442301
69021909208
69072400727
69122916864
69173457625
69224023016
69274613043
69325227712
69375867029
69426531000
69477219631
69527932928
69578670897
69629433544
69680220875
69731032896
69781869613
69832731032
69883617159
69934528000
69985463561
70036423848
70087408867
70138418624
70189453125
70240512376
70291596383
70342705152
70393838689
70444997000
70496180091
70547387968
70598620637
70649878104
70701160375
70752467456
70803799353
70855156072
70906537619
70957944000
71009375221
71060831288
71112312207
71163817984
71215348625
71266904136
71318484523
71370089792
71421719949
71473375000
71525054951
71576759808
71628489577
71680244264
71732023875
71783828416
71835657893
71887512312
71939391679
71991296000
72043225281
72095179528
72147158747
72199162944
72251192125
72303246296
72355325463
72407429632
72459558809
72511713000
72563892211
72616096448
72668325717
72720580024
72772859375
72825163776
72877493233
72929847752
72982227339
73034632000
73087061741
73139516568
73191996487
73244501504
73297031625
73349586856
73402167203
73454772672
73507403269
73560059000
73612739871
73665445888
73718177057
73770933384
73823714875
73876521536
73929353373
73982210392
74035092599
74088000000
74140932601
74193890408
74246873427
74299881664
74352915125
74405973816
74459057743
74512166912
74565301329
74618461000
74671645931
74724856128
74778091597
74831352344
74884638375
74937949696
74991286313
75044648232
75098035459
75151448000
75204885861
75258349048
75311837567
75365351424
75418890625
75472455176
75526045083
75579660352
75633300989
75686967000
75740658391
75794375168
75848117337
75901884904
75955677875
76009496256
76063340053
76117209272
76171103919
76225024000
76278969521
76332940488
76386936907
76440958784
76495006125
76549078936
76603177223
76657300992
76711450249
76765625000
76819825251
76874051008
76928302277
76982579064
77036881375
77091209216
77145562593
77199941512
77254345979
77308776000
77363231581
77417712728
77472219447
77526751744
77581309625
77635893096
77690502163
77745136832
77799797109
77854483000
77909194511
77963931648
78018694417
78073482824
78128296875
78183136576
78238001933
78292892952
78347809639
78402752000
78457720041
78512713768
78567733187
78622778304
78677849125
78732945656
78788067903
78843215872
78898389569
78953589000
79008814171
79064065088
79119341757
79174644184
79229972375
79285326336
79340706073
79396111592
79451542899
79507000000
79562482901
79617991608
79673526127
79729086464
79784672625
79840284616
79895922443
79951586112
80007275629
80062991000
80118732231
80174499328
80230292297
80286111144
80341955875
80397826496
80453723013
80509645432
80565593759
80621568000
80677568161
80733594248
80789646267
80845724224
80901828125
80957957976
81014113783
81070295552
81126503289
81182737000
81238996691
81295282368
81351594037
81407931704
81464295375
81520685056
81577100753
81633542472
81690010219
81746504000
81803023821
81859569688
81916141607
81972739584
82029363625
82086013736
82142689923
82199392192
82256120549
82312875000
82369655551
82426462208
82483294977
82540153864
82597038875
82653950016
82710887293
82767850712
82824840279
82881856000
82938897881
82995965928
83053060147
83110180544
83167327125
83224499896
83281698863
83338924032
83396175409
83453453000
83510756811
83568086848
83625443117
83682825624
83740234375
83797669376
83855130633
83912618152
83970131939
84027672000
84085238341
84142830968
84200449887
84258095104
84315766625
84373464456
84431188603
84488939072
84546715869
84604519000
84662348471
84720204288
84778086457
84835994984
84893929875
84951891136
85009878773
85067892792
85125933199
85184000000
85242093201
85300212808
85358358827
85416531264
85474730125
85532955416
85591207143
85649485312
85707789929
85766121000
85824478531
85882862528
85941272997
85999709944
86058173375
86116663296
86175179713
86233722632
86292292059
86350888000
86409510461
86468159448
86526834967
86585537024
86644265625
86703020776
86761802483
86820610752
86879445589
86938307000
86997194991
87056109568
87115050737
87174018504
87233012875
87292033856
87351081453
87410155672
87469256519
87528384000
87587538121
87646718888
87705926307
87765160384
87824421125
87883708536
87943022623
88002363392
88061730849
88121125000
88180545851
88239993408
88299467677
88358968664
88418496375
88478050816
88537631993
88597239912
88656874579
88716536000
88776224181
88835939128
88895680847
88955449344
89015244625
89075066696
89134915563
89194791232
89254693709
89314623000
89374579111
89434562048
89494571817
89554608424
89614671875
89674762176
89734879333
89795023352
89855194239
89915392000
89975616641
90035868168
90096146587
90156451904
90216784125
90277143256
90337529303
90397942272
90458382169
90518849000
90579342771
90639863488
90700411157
90760985784
90821587375
90882215936
90942871473
91003553992
91064263499
91125000000
91185763501
91246554008
91307371527
91368216064
91429087625
91489986216
91550911843
91611864512
91672844229
91733851000
91794884831
91855945728
91917033697
91978148744
92039290875
92100460096
92161656413
92222879832
92284130359
92345408000
92406712761
92468044648
92529403667
92590789824
92652203125
92713643576
92775111183
92836605952
92898127889
92959677000
93021253291
93082856768
93144487437
93206145304
93267830375
93329542656
93391282153
93453048872
93514842819
93576664000
93638512421
93700388088
93762291007
93824221184
93886178625
93948163336
94010175323
94072214592
94134281149
94196375000
94258496151
94320644608
94382820377
94445023464
94507253875
94569511616
94631796693
94694109112
94756448879
94818816000
94881210481
94943632328
95006081547
95068558144
95131062125
95193593496
95256152263
95318738432
95381352009
95443993000
95506661411
95569357248
95632080517
95694831224
95757609375
95820414976
95883248033
95946108552
96008996539
96071912000
96134854941
96197825368
96260823287
96323848704
96386901625
96449982056
96513090003
96576225472
96639388469
96702579000
96765797071
96829042688
96892315857
96955616584
97018944875
97082300736
97145684173
97209095192
97272533799
97336000000
97399493801
97463015208
97526564227
97590140864
97653745125
97717377016
97781036543
97844723712
97908438529
97972181000
98035951131
98099748928
98163574397
98227427544
98291308375
98355216896
98419153113
98483117032
98547108659
98611128000
98675175061
98739249848
98803352367
98867482624
98931640625
98995826376
99060039883
99124281152
99188550189
99252847000
99317171591
99381523968
99445904137
99510312104
99574747875
99639211456
99703702853
99768222072
99832769119
99897344000
99961946721
100026577288
100091235707
100155921984
100220636125
100285378136
100350148023
100414945792
100479771449
100544625000
100609506451
100674415808
100739353077
100804318264
100869311375
100934332416
100999381393
101064458312
101129563179
101194696000
101259856781
101325045528
101390262247
101455506944
101520779625
101586080296
101651408963
101716765632
101782150309
101847563000
101913003711
101978472448
102043969217
102109494024
102175046875
102240627776
102306236733
102371873752
102437538839
102503232000
102568953241
102634702568
102700479987
102766285504
102832119125
102897980856
102963870703
103029788672
103095734769
103161709000
103227711371
103293741888
103359800557
103425887384
103492002375
103558145536
103624316873
103690516392
103756744099
103823000000
103889284101
103955596408
104021936927
104088305664
104154702625
104221127816
104287581243
104354062912
104420572829
104487111000
104553677431
104620272128
104686895097
104753546344
104820225875
104886933696
104953669813
105020434232
105087226959
105154048000
105220897361
105287775048
105354681067
105421615424
105488578125
105555569176
105622588583
105689636352
105756712489
105823817000
105890949891
105958111168
106025300837
106092518904
106159765375
106227040256
106294343553
106361675272
106429035419
106496424000
106563841021
106631286488
106698760407
106766262784
106833793625
106901352936
106968940723
107036556992
107104201749
107171875000
107239576751
107307307008
107375065777
107442853064
107510668875
107578513216
107646386093
107714287512
107782217479
107850176000
107918163081
107986178728
108054222947
108122295744
108190397125
108258527096
108326685663
108394872832
108463088609
108531333000
108599606011
108667907648
108736237917
108804596824
108872984375
108941400576
109009845433
109078318952
109146821139
109215352000
109283911541
109352499768
109421116687
109489762304
109558436625
109627139656
109695871403
109764631872
109833421069
109902239000
109971085671
110039961088
110108865257
110177798184
110246759875
110315750336
110384769573
110453817592
110522894399
110592000000
110661134401
110730297608
110799489627
110868710464
110937960125
111007238616
111076545943
111145882112
111215247129
111284641000
111354063731
111423515328
111492995797
111562505144
111632043375
111701610496
111771206513
111840831432
111910485259
111980168000
112049879661
112119620248
112189389767
112259188224
112329015625
112398871976
112468757283
112538671552
112608614789
112678587000
112748588191
112818618368
112888677537
112958765704
113028882875
113099029056
113169204253
113239408472
113309641719
113379904000
113450195321
113520515688
113590865107
113661243584
113731651125
113802087736
113872553423
113943048192
114013572049
114084125000
114154707051
114225318208
114295958477
114366627864
114437326375
114508054016
114578810793
114649596712
114720411779
114791256000
114862129381
114933031928
115003963647
115074924544
115145914625
115216933896
115287982363
115359060032
115430166909
115501303000
115572468311
115643662848
115714886617
115786139624
115857421875
115928733376
116000074133
116071444152
116142843439
116214272000
116285729841
116357216968
116428733387
116500279104
116571854125
116643458456
116715092103
116786755072
116858447369
116930169000
117001919971
117073700288
117145509957
117217348984
117289217375
117361115136
117433042273
117504998792
117576984699
117649000000
117721044701
117793118808
117865222327
117937355264
118009517625
118081709416
118153930643
118226181312
118298461429
118370771000
118443110031
118515478528
118587876497
118660303944
118732760875
118805247296
118877763213
118950308632
119022883559
119095488000
119168121961
119240785448
119313478467
119386201024
119458953125
119531734776
119604545983
119677386752
119750257089
119823157000
119896086491
119969045568
120042034237
120115052504
120188100375
120261177856
120334284953
120407421672
120480588019
120553784000
120627009621
120700264888
120773549807
120846864384
120920208625
120993582536
121066986123
121140419392
121213882349
121287375000
121360897351
121434449408
121508031177
121581642664
121655283875
121728954816
121802655493
121876385912
121950146079
122023936000
122097755681
122171605128
122245484347
122319393344
122393332125
122467300696
122541299063
122615327232
122689385209
122763473000
122837590611
122911738048
122985915317
123060122424
123134359375
123208626176
123282922833
123357249352
123431605739
123505992000
123580408141
123654854168
123729330087
123803835904
123878371625
123952937256
124027532803
124102158272
124176813669
124251499000
124326214271
124400959488
124475734657
124550539784
124625374875
124700239936
124775134973
124850059992
124925014999
125000000000
125075015001
125150060008
125225135027
125300240064
125375375125
125450540216
125525735343
125600960512
125676215729
125751501000
125826816331
125902161728
125977537197
126052942744
126128378375
126203844096
126279339913
126354865832
126430421859
126506008000
126581624261
126657270648
126732947167
126808653824
126884390625
126960157576
127035954683
127111781952
127187639389
127263527000
127339444791
127415392768
127491370937
127567379304
127643417875
127719486656
127795585653
127871714872
127947874319
128024064000
128100283921
128176534088
128252814507
128329125184
128405466125
128481837336
128558238823
128634670592
128711132649
128787625000
128864147651
128940700608
129017283877
129093897464
129170541375
129247215616
129323920193
129400655112
129477420379
129554216000
129631041981
129707898328
129784785047
129861702144
129938649625
130015627496
130092635763
130169674432
130246743509
130323843000
130400972911
130478133248
130555324017
130632545224
130709796875
130787078976
130864391533
130941734552
131019108039
131096512000
131173946441
131251411368
131328906787
131406432704
131483989125
131561576056
131639193503
131716841472
131794519969
131872229000
131949968571
132027738688
132105539357
132183370584
132261232375
132339124736
132417047673
132495001192
132572985299
132651000000
132729045301
132807121208
132885227727
132963364864
133041532625
133119731016
133197960043
133276219712
133354510029
133432831000
133511182631
133589564928
133667977897
133746421544
133824895875
133903400896
133981936613
134060503032
134139100159
134217728000
134296386561
134375075848
134453795867
134532546624
134611328125
134690140376
134768983383
134847857152
134926761689
135005697000
135084663091
135163659968
135242687637
135321746104
135400835375
135479955456
135559106353
135638288072
135717500619
135796744000
135876018221
135955323288
136034659207
136114025984
136193423625
136272852136
136352311523
136431801792
136511322949
136590875000
136670457951
136750071808
136829716577
136909392264
136989098875
137068836416
137148604893
137228404312
137308234679
137388096000
137467988281
137547911528
137627865747
137707850944
137787867125
137867914296
137947992463
138028101632
138108241809
138188413000
138268615211
138348848448
138429112717
138509408024
138589734375
138670091776
138750480233
138830899752
138911350339
138991832000
139072344741
139152888568
139233463487
139314069504
139394706625
139475374856
139556074203
139636804672
139717566269
139798359000
139879182871
139960037888
140040924057
140121841384
140202789875
140283769536
140364780373
140445822392
140526895599
140608000000
140689135601
140770302408
140851500427
140932729664
141013990125
141095281816
141176604743
141257958912
141339344329
141420761000
141502208931
141583688128
141665198597
141746740344
141828313375
141909917696
141991553313
142073220232
142154918459
142236648000
142318408861
142400201048
142482024567
142563879424
142645765625
142727683176
142809632083
142891612352
142973623989
143055667000
143137741391
143219847168
143301984337
143384152904
143466352875
143548584256
143630847053
143713141272
143795466919
143877824000
143960212521
144042632488
144125083907
144207566784
144290081125
144372626936
144455204223
144537812992
144620453249
144703125000
144785828251
144868563008
144951329277
145034127064
145116956375
145199817216
145282709593
145365633512
145448588979
145531576000
145614594581
145697644728
145780726447
145863839744
145946984625
146030161096
146113369163
146196608832
146279880109
146363183000
146446517511
146529883648
146613281417
146696710824
146780171875
146863664576
146947188933
147030744952
147114332639
147197952000
147281603041
147365285768
147449000187
147532746304
147616524125
147700333656
147784174903
147868047872
147951952569
148035889000
148119857171
148203857088
148287888757
148371952184
148456047375
148540174336
148624333073
148708523592
148792745899
148877000000
148961285901
149045603608
149129953127
149214334464
149298747625
149383192616
149467669443
149552178112
149636718629
149721291000
149805895231
149890531328
149975199297
150059899144
150144630875
150229394496
150314190013
150399017432
150483876759
150568768000
150653691161
150738646248
150823633267
150908652224
150993703125
151078785976
151163900783
151249047552
151334226289
151419437000
151504679691
151589954368
151675261037
151760599704
151845970375
151931373056
152016807753
152102274472
152187773219
152273304000
152358866821
152444461688
152530088607
152615747584
152701438625
152787161736
152872916923
152958704192
153044523549
153130375000
153216258551
153302174208
153388121977
153474101864
153560113875
153646158016
153732234293
153818342712
153904483279
153990656000
154076860881
154163097928
154249367147
154335668544
154422002125
154508367896
154594765863
154681196032
154767658409
154854153000
154940679811
155027238848
155113830117
155200453624
155287109375
155373797376
155460517633
155547270152
155634054939
155720872000
155807721341
155894602968
155981516887
156068463104
156155441625
156242452456
156329495603
156416571072
156503678869
156590819000
156677991471
156765196288
156852433457
156939702984
157027004875
157114339136
157201705773
157289104792
157376536199
157464000000
157551496201
157639024808
157726585827
157814179264
157901805125
157989463416
158077154143
158164877312
158252632929
158340421000
158428241531
158516094528
158603979997
158691897944
158779848375
158867831296
158955846713
159043894632
159131975059
159220088000
159308233461
159396411448
159484621967
159572865024
159661140625
159749448776
159837789483
159926162752
160014568589
160103007000
160191477991
160279981568
160368517737
160457086504
160545687875
160634321856
160722988453
160811687672
160900419519
160989184000
161077981121
161166810888
161255673307
161344568384
161433496125
161522456536
161611449623
161700475392
161789533849
161878625000
161967748851
162056905408
162146094677
162235316664
162324571375
162413858816
162503178993
162592531912
162681917579
162771336000
162860787181
162950271128
163039787847
163129337344
163218919625
163308534696
163398182563
163487863232
163577576709
163667323000
163757102111
163846914048
163936758817
164026636424
164116546875
164206490176
164296466333
164386475352
164476517239
164566592000
164656699641
164746840168
164837013587
164927219904
165017459125
165107731256
165198036303
165288374272
165378745169
165469149000
165559585771
165650055488
165740558157
165831093784
165921662375
166012263936
166102898473
166193565992
166284266499
166375000000
166465766501
166556566008
166647398527
166738264064
166829162625
166920094216
167011058843
167102056512
167193087229
167284151000
167375247831
167466377728
167557540697
167648736744
167739965875
167831228096
167922523413
168013851832
168105213359
168196608000
168288035761
168379496648
168470990667
168562517824
168654078125
168745671576
168837298183
168928957952
169020650889
169112377000
169204136291
169295928768
169387754437
169479613304
169571505375
169663430656
169755389153
169847380872
169939405819
170031464000
170123555421
170215680088
170307838007
170400029184
170492253625
170584511336
170676802323
170769126592
170861484149
170953875000
171046299151
171138756608
171231247377
171323771464
171416328875
171508919616
171601543693
171694201112
171786891879
171879616000
171972373481
172065164328
172157988547
172250846144
172343737125
172436661496
172529619263
172622610432
172715635009
172808693000
172901784411
172994909248
173088067517
173181259224
173274484375
173367742976
173461035033
173554360552
173647719539
173741112000
173834537941
173927997368
174021490287
174115016704
174208576625
174302170056
174395797003
174489457472
174583151469
174676879000
174770640071
174864434688
174958262857
175052124584
175146019875
175239948736
175333911173
175427907192
175521936799
175616000000
175710096801
175804227208
175898391227
175992588864
176086820125
176181085016
176275383543
176369715712
176464081529
176558481000
176652914131
176747380928
176841881397
176936415544
177030983375
177125584896
177220220113
177314889032
177409591659
177504328000
177599098061
177693901848
177788739367
177883610624
177978515625
178073454376
178168426883
178263433152
178358473189
178453547000
178548654591
178643795968
178738971137
178834180104
178929422875
179024699456
179120009853
179215354072
179310732119
179406144000
179501589721
179597069288
179692582707
179788129984
179883711125
179979326136
180074975023
180170657792
180266374449
180362125000
180457909451
180553727808
180649580077
180745466264
180841386375
180937340416
181033328393
181129350312
181225406179
181321496000
181417619781
181513777528
181609969247
181706194944
181802454625
181898748296
181995075963
182091437632
182187833309
182284263000
182380726711
182477224448
182573756217
182670322024
182766921875
182863555776
182960223733
183056925752
183153661839
183250432000
183347236241
183444074568
183540946987
183637853504
183734794125
183831768856
183928777703
184025820672
184122897769
184220009000
184317154371
184414333888
184511547557
184608795384
184706077375
184803393536
184900743873
184998128392
185095547099
185193000000
185290487101
185388008408
185485563927
185583153664
185680777625
185778435816
185876128243
185973854912
186071615829
186169411000
186267240431
186365104128
186463002097
186560934344
186658900875
186756901696
186854936813
186953006232
187051109959
187149248000
187247420361
187345627048
187443868067
187542143424
187640453125
187738797176
187837175583
187935588352
188034035489
188132517000
188231032891
188329583168
188428167837
188526786904
188625440375
188724128256
188822850553
188921607272
189020398419
189119224000
189218084021
189316978488
189415907407
189514870784
189613868625
189712900936
189811967723
189911068992
190010204749
190109375000
190208579751
190307819008
190407092777
190506401064
190605743875
190705121216
190804533093
190903979512
191003460479
191102976000
191202526081
191302110728
191401729947
191501383744
191601072125
191700795096
191800552663
191900344832
192000171609
192100033000
192199929011
192299859648
192399824917
192499824824
192599859375
192699928576
192800032433
192900170952
193000344139
193100552000
193200794541
193301071768
193401383687
193501730304
193602111625
193702527656
193802978403
193903463872
194003984069
194104539000
194205128671
194305753088
194406412257
194507106184
194607834875
194708598336
194809396573
194910229592
195011097399
195112000000
195212937401
195313909608
195414916627
195515958464
195617035125
195718146616
195819292943
195920474112
196021690129
196122941000
196224226731
196325547328
196426902797
196528293144
196629718375
196731178496
196832673513
196934203432
197035768259
197137368000
197239002661
197340672248
197442376767
197544116224
197645890625
197747699976
197849544283
197951423552
198053337789
198155287000
198257271191
198359290368
198461344537
198563433704
198665557875
198767717056
198869911253
198972140472
199074404719
199176704000
199279038321
199381407688
199483812107
199586251584
199688726125
199791235736
199893780423
199996360192
200098975049
200201625000
200304310051
200407030208
200509785477
200612575864
200715401375
200818262016
200921157793
201024088712
201127054779
201230056000
201333092381
201436163928
201539270647
201642412544
201745589625
201848801896
201952049363
202055332032
202158649909
202262003000
202365391311
202468814848
202572273617
202675767624
202779296875
202882861376
202986461133
203090096152
203193766439
203297472000
203401212841
203504988968
203608800387
203712647104
203816529125
203920446456
204024399103
204128387072
204232410369
204336469000
204440562971
204544692288
204648856957
204753056984
204857292375
204961563136
205065869273
205170210792
205274587699
205379000000
205483447701
205587930808
205692449327
205797003264
205901592625
206006217416
206110877643
206215573312
206320304429
206425071000
206529873031
206634710528
206739583497
206844491944
206949435875
207054415296
207159430213
207264480632
207369566559
207474688000
207579844961
207685037448
207790265467
207895529024
208000828125
208106162776
208211532983
208316938752
208422380089
208527857000
208633369491
208738917568
208844501237
208950120504
209055775375
209161465856
209267191953
209372953672
209478751019
209584584000
209690452621
209796356888
209902296807
210008272384
210114283625
210220330536
210326413123
210432531392
210538685349
210644875000
210751100351
210857361408
210963658177
211069990664
211176358875
211282762816
211389202493
211495677912
211602189079
211708736000
211815318681
211921937128
212028591347
212135281344
212242007125
212348768696
212455566063
212562399232
212669268209
212776173000
212883113611
212990090048
213097102317
213204150424
213311234375
213418354176
213525509833
213632701352
213739928739
213847192000
213954491141
214061826168
214169197087
214276603904
214384046625
214491525256
214599039803
214706590272
214814176669
214921799000
215029457271
215137151488
215244881657
215352647784
215460449875
215568287936
215676161973
215784071992
215892017999
216000000000
216108018001
216216072008
216324162027
216432288064
216540450125
216648648216
216756882343
216865152512
216973458729
217081801000
217190179331
217298593728
217407044197
217515530744
217624053375
217732612096
217841206913
217949837832
218058504859
218167208000
218275947261
218384722648
218493534167
218602381824
218711265625
218820185576
218929141683
219038133952
219147162389
219256227000
219365327791
219474464768
219583637937
219692847304
219802092875
219911374656
220020692653
220130046872
220239437319
220348864000
220458326921
220567826088
220677361507
220786933184
220896541125
221006185336
221115865823
221225582592
221335335649
221445125000
221554950651
221664812608
221774710877
221884645464
221994616375
222104623616
222214667193
222324747112
222434863379
222545016000
222655204981
222765430328
222875692047
222985990144
223096324625
223206695496
223317102763
223427546432
223538026509
223648543000
223759095911
223869685248
223980311017
224090973224
224201671875
224312406976
224423178533
224533986552
224644831039
224755712000
224866629441
224977583368
225088573787
225199600704
225310664125
225421764056
225532900503
225644073472
225755282969
225866529000
225977811571
226089130688
226200486357
226311878584
226423307375
226534772736
226646274673
226757813192
226869388299
226981000000
227092648301
227204333208
227316054727
227427812864
227539607625
227651439016
227763307043
227875211712
227987153029
228099131000
228211145631
228323196928
228435284897
228547409544
228659570875
228771768896
228884003613
228996275032
229108583159
229220928000
229333309561
229445727848
229558182867
229670674624
229783203125
229895768376
230008370383
230121009152
230233684689
230346397000
230459146091
230571931968
230684754637
230797614104
230910510375
231023443456
231136413353
231249420072
231362463619
231475544000
231588661221
231701815288
231815006207
231928233984
232041498625
232154800136
232268138523
232381513792
232494925949
232608375000
232721860951
232835383808
232948943577
233062540264
233176173875
233289844416
233403551893
233517296312
233631077679
233744896000
233858751281
233972643528
234086572747
234200538944
234314542125
234428582296
234542659463
234656773632
234770924809
234885113000
234999338211
235113600448
235227899717
235342236024
235456609375
235571019776
235685467233
235799951752
235914473339
236029032000
236143627741
236258260568
236372930487
236487637504
236602381625
236717162856
236831981203
236946836672
237061729269
237176659000
237291625871
237406629888
237521671057
237636749384
237751864875
237867017536
237982207373
238097434392
238212698599
238328000000
238443338601
238558714408
238674127427
238789577664
238905065125
239020589816
239136151743
239251750912
239367387329
239483061000
239598771931
239714520128
239830305597
239946128344
240061988375
240177885696
240293820313
240409792232
240525801459
240641848000
240757931861
240874053048
240990211567
241106407424
241222640625
241338911176
241455219083
241571564352
241687946989
241804367000
241920824391
242037319168
242153851337
242270420904
242387027875
242503672256
242620354053
242737073272
242853829919
242970624000
243087455521
243204324488
243321230907
243438174784
243555156125
243672174936
243789231223
243906324992
244023456249
244140625000
244257831251
244375075008
244492356277
244609675064
244727031375
244844425216
244961856593
245079325512
245196831979
245314376000
245431957581
245549576728
245667233447
245784927744
245902659625
246020429096
246138236163
246256080832
246373963109
246491883000
246609840511
246727835648
246845868417
246963938824
247082046875
247200192576
247318375933
247436596952
247554855639
247673152000
247791486041
247909857768
248028267187
248146714304
248265199125
248383721656
248502281903
248620879872
248739515569
248858189000
248976900171
249095649088
249214435757
249333260184
249452122375
249571022336
249689960073
249808935592
249927948899
250047000000
250166088901
250285215608
250404380127
250523582464
250642822625
250762100616
250881416443
251000770112
251120161629
251239591000
251359058231
251478563328
251598106297
251717687144
251837305875
251956962496
252076657013
252196389432
252316159759
252435968000
252555814161
252675698248
252795620267
252915580224
253035578125
253155613976
253275687783
253395799552
253515949289
253636137000
253756362691
253876626368
253996928037
254117267704
254237645375
254358061056
254478514753
254599006472
254719536219
254840104000
254960709821
255081353688
255202035607
255322755584
255443513625
255564309736
255685143923
255806016192
255926926549
256047875000
256168861551
256289886208
256410948977
256532049864
256653188875
256774366016
256895581293
257016834712
257138126279
257259456000
257380823881
257502229928
257623674147
257745156544
257866677125
257988235896
258109832863
258231468032
258353141409
258474853000
258596602811
258718390848
258840217117
258962081624
259083984375
259205925376
259327904633
259449922152
259571977939
259694072000
259816204341
259938374968
260060583887
260182831104
260305116625
260427440456
260549802603
260672203072
260794641869
260917119000
261039634471
261162188288
261284780457
261407410984
261530079875
261652787136
261775532773
261898316792
262021139199
262144000000
262266899201
262389836808
262512812827
262635827264
262758880125
262881971416
263005101143
263128269312
263251475929
263374721000
263498004531
263621326528
263744686997
263868085944
263991523375
264114999296
264238513713
264362066632
264485658059
264609288000
264732956461
264856663448
264980408967
265104193024
265228015625
265351876776
265475776483
265599714752
265723691589
265847707000
265971760991
266095853568
266219984737
266344154504
266468362875
266592609856
266716895453
266841219672
266965582519
267089984000
267214424121
267338902888
267463420307
267587976384
267712571125
267837204536
267961876623
268086587392
268211336849
268336125000
268460951851
268585817408
268710721677
268835664664
268960646375
269085666816
269210725993
269335823912
269460960579
269586136000
269711350181
269836603128
269961894847
270087225344
270212594625
270338002696
270463449563
270588935232
270714459709
270840023000
270965625111
271091266048
271216945817
271342664424
271468421875
271594218176
271720053333
271845927352
271971840239
272097792000
272223782641
272349812168
272475880587
272601987904
272728134125
272854319256
272980543303
273106806272
273233108169
273359449000
273485828771
273612247488
273738705157
273865201784
273991737375
274118311936
274244925473
274371577992
274498269499
274625000000
274751769501
274878578008
275005425527
275132312064
275259237625
275386202216
275513205843
275640248512
275767330229
275894451000
276021610831
276148809728
276276047697
276403324744
276530640875
276657996096
276785390413
276912823832
277040296359
277167808000
277295358761
277422948648
277550577667
277678245824
277805953125
277933699576
278061485183
278189309952
278317173889
278445077000
278573019291
278701000768
278829021437
278957081304
279085180375
279213318656
279341496153
279469712872
279597968819
279726264000
279854598421
279982972088
280111385007
280239837184
280368328625
280496859336
280625429323
280754038592
280882687149
281011375000
281140102151
281268868608
281397674377
281526519464
281655403875
281784327616
281913290693
282042293112
282171334879
282300416000
282429536481
282558696328
282687895547
282817134144
282946412125
283075729496
283205086263
283334482432
283463918009
283593393000
283722907411
283852461248
283982054517
284111687224
284241359375
284371070976
284500822033
284630612552
284760442539
284890312000
285020220941
285150169368
285280157287
285410184704
285540251625
285670358056
285800504003
285930689472
286060914469
286191179000
286321483071
286451826688
286582209857
286712632584
286843094875
286973596736
287104138173
287234719192
287365339799
287496000000
287626699801
287757439208
287888218227
288019036864
288149895125
288280793016
288411730543
288542707712
288673724529
288804781000
288935877131
289067012928
289198188397
289329403544
289460658375
289591952896
289723287113
289854661032
289986074659
290117528000
290249021061
290380553848
290512126367
290643738624
290775390625
290907082376
291038813883
291170585152
291302396189
291434247000
291566137591
291698067968
291830038137
291962048104
292094097875
292226187456
292358316853
292490486072
292622695119
292754944000
292887232721
293019561288
293151929707
293284337984
293416786125
293549274136
293681802023
293814369792
293946977449
294079625000
294212312451
294345039808
294477807077
294610614264
294743461375
294876348416
295009275393
295142242312
295275249179
295408296000
295541382781
295674509528
295807676247
295940882944
296074129625
296207416296
296340742963
296474109632
296607516309
296740963000
296874449711
297007976448
297141543217
297275150024
297408796875
297542483776
297676210733
297809977752
297943784839
298077632000
298211519241
298345446568
298479413987
298613421504
298747469125
298881556856
299015684703
299149852672
299284060769
299418309000
299552597371
299686925888
299821294557
299955703384
300090152375
300224641536
300359170873
300493740392
300628350099
300763000000
300897690101
301032420408
301167190927
301302001664
301436852625
301571743816
301706675243
301841646912
301976658829
302111711000
302246803431
302381936128
302517109097
302652322344
302787575875
302922869696
303058203813
303193578232
303328992959
303464448000
303599943361
303735479048
303871055067
304006671424
304142328125
304278025176
304413762583
304549540352
304685358489
304821217000
304957115891
305093055168
305229034837
305365054904
305501115375
305637216256
305773357553
305909539272
306045761419
306182024000
306318327021
306454670488
306591054407
306727478784
306863943625
307000448936
307136994723
307273580992
307410207749
307546875000
307683582751
307820331008
307957119777
308093949064
308230818875
308367729216
308504680093
308641671512
308778703479
308915776000
309052889081
309190042728
309327236947
309464471744
309601747125
309739063096
309876419663
310013816832
310151254609
310288733000
310426252011
310563811648
310701411917
310839052824
310976734375
311114456576
311252219433
311390022952
311527867139
311665752000
311803677541
311941643768
312079650687
312217698304
312355786625
312493915656
312632085403
312770295872
312908547069
313046839000
313185171671
313323545088
313461959257
313600414184
313738909875
313877446336
314016023573
314154641592
314293300399
314432000000
314570740401
314709521608
314848343627
314987206464
315126110125
315265054616
315404039943
315543066112
315682133129
315821241000
315960389731
316099579328
316238809797
316378081144
316517393375
316656746496
316796140513
316935575432
317075051259
317214568000
317354125661
317493724248
317633363767
317773044224
317912765625
318052527976
318192331283
318332175552
318472060789
318611987000
318751954191
318891962368
319032011537
319172101704
319312232875
319452405056
319592618253
319732872472
319873167719
320013504000
320153881321
320294299688
320434759107
320575259584
320715801125
320856383736
320997007423
321137672192
321278378049
321419125000
321559913051
321700742208
321841612477
321982523864
322123476375
322264470016
322405504793
322546580712
322687697779
322828856000
322970055381
323111295928
323252577647
323393900544
323535264625
323676669896
323818116363
323959604032
324101132909
324242703000
324384314311
324525966848
324667660617
324809395624
324951171875
325092989376
325234848133
325376748152
325518689439
325660672000
325802695841
325944760968
326086867387
326229015104
326371204125
326513434456
326655706103
326798019072
326940373369
327082769000
327225205971
327367684288
327510203957
327652764984
327795367375
327938011136
328080696273
328223422792
328366190699
328509000000
328651850701
328794742808
328937676327
329080651264
329223667625
329366725416
329509824643
329652965312
329796147429
329939371000
330082636031
330225942528
330369290497
330512679944
330656110875
330799583296
330943097213
331086652632
331230249559
331373888000
331517567961
331661289448
331805052467
331948857024
332092703125
332236590776
332380519983
332524490752
332668503089
332812557000
332956652491
333100789568
333244968237
333389188504
333533450375
333677753856
333822098953
333966485672
334110914019
334255384000
334399895621
334544448888
334689043807
334833680384
334978358625
335123078536
335267840123
335412643392
335557488349
335702375000
335847303351
335992273408
336137285177
336282338664
336427433875
336572570816
336717749493
336862969912
337008232079
337153536000
337298881681
337444269128
337589698347
337735169344
337880682125
338026236696
338171833063
338317471232
338463151209
338608873000
338754636611
338900442048
339046289317
339192178424
339338109375
339484082176
339630096833
339776153352
339922251739
340068392000
340214574141
340360798168
340507064087
340653371904
340799721625
340946113256
341092546803
341239022272
341385539669
341532099000
341678700271
341825343488
341972028657
342118755784
342265524875
342412335936
342559188973
342706083992
342853020999
343000000000
343147021001
343294084008
343441189027
343588336064
343735525125
343882756216
344030029343
344177344512
344324701729
344472101000
344619542331
344767025728
344914551197
345062118744
345209728375
345357380096
345505073913
345652809832
345800587859
345948408000
346096270261
346244174648
346392121167
346540109824
346688140625
346836213576
346984328683
347132485952
347280685389
347428927000
347577210791
347725536768
347873904937
348022315304
348170767875
348319262656
348467799653
348616378872
348765000319
348913664000
349062369921
349211118088
349359908507
349508741184
349657616125
349806533336
349955492823
350104494592
350253538649
350402625000
350551753651
350700924608
350850137877
350999393464
351148691375
351298031616
351447414193
351596839112
351746306379
351895816000
352045367981
352194962328
352344599047
352494278144
352643999625
352793763496
352943569763
353093418432
353243309509
353393243000
353543218911
353693237248
353843298017
353993401224
354143546875
354293734976
354443965533
354594238552
354744554039
354894912000
355045312441
355195755368
355346240787
355496768704
355647339125
355797952056
355948607503
356099305472
356250045969
356400829000
356551654571
356702522688
356853433357
357004386584
357155382375
357306420736
357457501673
357608625192
357759791299
357911000000
358062251301
358213545208
358364881727
358516260864
358667682625
358819147016
358970654043
359122203712
359273796029
359425431000
359577108631
359728828928
359880591897
360032397544
360184245875
360336136896
360488070613
360640047032
360792066159
360944128000
361096232561
361248379848
361400569867
361552802624
361705078125
361857396376
362009757383
362162161152
362314607689
362467097000
362619629091
362772203968
362924821637
363077482104
363230185375
363382931456
363535720353
363688552072
363841426619
363994344000
364147304221
364300307288
364453353207
364606441984
364759573625
364912748136
365065965523
365219225792
365372528949
365525875000
365679263951
365832695808
365986170577
366139688264
366293248875
366446852416
366600498893
366754188312
366907920679
367061696000
367215514281
367369375528
367523279747
367677226944
367831217125
367985250296
368139326463
368293445632
368447607809
368601813000
368756061211
368910352448
369064686717
369219064024
369373484375
369527947776
369682454233
369837003752
369991596339
370146232000
370300910741
370455632568
370610397487
370765205504
370920056625
371074950856
371229888203
371384868672
371539892269
371694959000
371850068871
372005221888
372160418057
372315657384
372470939875
372626265536
372781634373
372937046392
373092501599
373248000000
373403541601
373559126408
373714754427
373870425664
374026140125
374181897816
374337698743
374493542912
374649430329
374805361000
374961334931
375117352128
375273412597
375429516344
375585663375
375741853696
375898087313
376054364232
376210684459
376367048000
376523454861
376679905048
376836398567
376992935424
377149515625
377306139176
377462806083
377619516352
377776269989
377933067000
378089907391
378246791168
378403718337
378560688904
378717702875
378874760256
379031861053
379189005272
379346192919
379503424000
379660698521
379818016488
379975377907
380132782784
380290231125
380447722936
380605258223
380762836992
380920459249
381078125000
381235834251
381393587008
381551383277
381709223064
381867106375
382025033216
382183003593
382341017512
382499074979
382657176000
382815320581
382973508728
383131740447
383290015744
383448334625
383606697096
383765103163
383923552832
384082046109
384240583000
384399163511
384557787648
384716455417
384875166824
385033921875
385192720576
385351562933
385510448952
385669378639
385828352000
385987369041
386146429768
386305534187
386464682304
386623874125
386783109656
386942388903
387101711872
387261078569
387420489000
387579943171
387739441088
387898982757
388058568184
388218197375
388377870336
388537587073
388697347592
388857151899
389017000000
389176891901
389336827608
389496807127
389656830464
389816897625
389977008616
390137163443
390297362112
390457604629
390617891000
390778221231
390938595328
391099013297
391259475144
391419980875
391580530496
391741124013
391901761432
392062442759
392223168000
392383937161
392544750248
392705607267
392866508224
393027453125
393188441976
393349474783
393510551552
393671672289
393832837000
393994045691
394155298368
394316595037
394477935704
394639320375
394800749056
394962221753
395123738472
395285299219
395446904000
395608552821
395770245688
395931982607
396093763584
396255588625
396417457736
396579370923
396741328192
396903329549
397065375000
397227464551
397389598208
397551775977
397713997864
397876263875
398038574016
398200928293
398363326712
398525769279
398688256000
398850786881
399013361928
399175981147
399338644544
399501352125
399664103896
399826899863
399989740032
400152624409
400315553000
400478525811
400641542848
400804604117
400967709624
401130859375
401294053376
401457291633
401620574152
401783900939
401947272000
402110687341
402274146968
402437650887
402601199104
402764791625
402928428456
403092109603
403255835072
403419604869
403583419000
403747277471
403911180288
404075127457
404239118984
404403154875
404567235136
404731359773
404895528792
405059742199
405224000000
405388302201
405552648808
405717039827
405881475264
406045955125
406210479416
406375048143
406539661312
406704318929
406869021000
407033767531
407198558528
407363393997
407528273944
407693198375
407858167296
408023180713
408188238632
408353341059
408518488000
408683679461
408848915448
409014195967
409179521024
409344890625
409510304776
409675763483
409841266752
410006814589
410172407000
410338043991
410503725568
410669451737
410835222504
411001037875
411166897856
411332802453
411498751672
411664745519
411830784000
411996867121
412162994888
412329167307
412495384384
412661646125
412827952536
412994303623
413160699392
413327139849
413493625000
413660154851
413826729408
413993348677
414160012664
414326721375
414493474816
414660272993
414827115912
414994003579
415160936000
415327913181
415494935128
415662001847
415829113344
415996269625
416163470696
416330716563
416498007232
416665342709
416832723000
417000148111
417167618048
417335132817
417502692424
417670296875
417837946176
418005640333
418173379352
418341163239
418508992000
418676865641
418844784168
419012747587
419180755904
419348809125
419516907256
419685050303
419853238272
420021471169
420189749000
420358071771
420526439488
420694852157
420863309784
421031812375
421200359936
421368952473
421537589992
421706272499
421875000000
422043772501
422212590008
422381452527
422550360064
422719312625
422888310216
423057352843
423226440512
423395573229
423564751000
423733973831
423903241728
424072554697
424241912744
424411315875
424580764096
424750257413
424919795832
425089379359
425259008000
425428681761
425598400648
425768164667
425937973824
426107828125
426277727576
426447672183
426617661952
426787696889
426957777000
427127902291
427298072768
427468288437
427638549304
427808855375
427979206656
428149603153
428320044872
428490531819
428661064000
428831641421
429002264088
429172932007
429343645184
429514403625
429685207336
429856056323
430026950592
430197890149
430368875000
430539905151
430710980608
430882101377
431053267464
431224478875
431395735616
431567037693
431738385112
431909777879
432081216000
432252699481
432424228328
432595802547
432767422144
432939087125
433110797496
433282553263
433454354432
433626201009
433798093000
433970030411
434142013248
434314041517
434486115224
434658234375
434830398976
435002609033
435174864552
435347165539
435519512000
435691903941
435864341368
436036824287
436209352704
436381926625
436554546056
436727211003
436899921472
437072677469
437245479000
437418326071
437591218688
437764156857
437937140584
438110169875
438283244736
438456365173
438629531192
438802742799
438976000000
439149302801
439322651208
439496045227
439669484864
439842970125
440016501016
440190077543
440363699712
440537367529
440711081000
440884840131
441058644928
441232495397
441406391544
441580333375
441754320896
441928354113
442102433032
442276557659
442450728000
442624944061
442799205848
442973513367
443147866624
443322265625
443496710376
443671200883
443845737152
444020319189
444194947000
444369620591
444544339968
444719105137
444893916104
445068772875
445243675456
445418623853
445593618072
445768658119
445943744000
446118875721
446294053288
446469276707
446644545984
446819861125
446995222136
447170629023
447346081792
447521580449
447697125000
447872715451
448048351808
448224034077
448399762264
448575536375
448751356416
448927222393
449103134312
449279092179
449455096000
449631145781
449807241528
449983383247
450159570944
450335804625
450512084296
450688409963
450864781632
451041199309
451217663000
451394172711
451570728448
451747330217
451923978024
452100671875
452277411776
452454197733
452631029752
452807907839
452984832000
453161802241
453338818568
453515880987
453692989504
453870144125
454047344856
454224591703
454401884672
454579223769
454756609000
454934040371
455111517888
455289041557
455466611384
455644227375
455821889536
455999597873
456177352392
456355153099
456533000000
456710893101
456888832408
457066817927
457244849664
457422927625
457601051816
457779222243
457957438912
458135701829
458314011000
458492366431
458670768128
458849216097
459027710344
459206250875
459384837696
459563470813
459742150232
459920875959
460099648000
460278466361
460457331048
460636242067
460815199424
460994203125
461173253176
461352349583
461531492352
461710681489
461889917000
462069198891
462248527168
462427901837
462607322904
462786790375
462966304256
463145864553
463325471272
463505124419
463684824000
463864570021
464044362488
464224201407
464404086784
464584018625
464763996936
464944021723
465124092992
465304210749
465484375000
465664585751
465844843008
466025146777
466205497064
466385893875
466566337216
466746827093
466927363512
467107946479
467288576000
467469252081
467649974728
467830743947
468011559744
468192422125
468373331096
468554286663
468735288832
468916337609
469097433000
469278575011
469459763648
469640998917
469822280824
470003609375
470184984576
470366406433
470547874952
470729390139
470910952000
471092560541
471274215768
471455917687
471637666304
471819461625
472001303656
472183192403
472365127872
472547110069
472729139000
472911214671
473093337088
473275506257
473457722184
473639984875
473822294336
474004650573
474187053592
474369503399
474552000000
474734543401
474917133608
475099770627
475282454464
475465185125
475647962616
475830786943
476013658112
476196576129
476379541000
476562552731
476745611328
476928716797
477111869144
477295068375
477478314496
477661607513
477844947432
478028334259
478211768000
478395248661
478578776248
478762350767
478945972224
479129640625
479313355976
479497118283
479680927552
479864783789
480048687000
480232637191
480416634368
480600678537
480784769704
480968907875
481153093056
481337325253
481521604472
481705930719
481890304000
482074724321
482259191688
482443706107
482628267584
482812876125
482997531736
483182234423
483366984192
483551781049
483736625000
483921516051
484106454208
484291439477
484476471864
484661551375
484846678016
485031851793
485217072712
485402340779
485587656000
485773018381
485958427928
486143884647
486329388544
486514939625
486700537896
486886183363
487071876032
487257615909
487443403000
487629237311
487815118848
488001047617
488187023624
488373046875
488559117376
488745235133
488931400152
489117612439
489303872000
489490178841
489676532968
489862934387
490049383104
490235879125
490422422456
490609013103
490795651072
490982336369
491169069000
491355848971
491542676288
491729550957
491916472984
492103442375
492290459136
492477523273
492664634792
492851793699
493039000000
493226253701
493413554808
493600903327
493788299264
493975742625
494163233416
494350771643
494538357312
494725990429
494913671000
495101399031
495289174528
495476997497
495664867944
495852785875
496040751296
496228764213
496416824632
496604932559
496793088000
496981290961
497169541448
497357839467
497546185024
497734578125
497923018776
498111506983
498300042752
498488626089
498677257000
498865935491
499054661568
499243435237
499432256504
499621125375
499810041856
499999005953
500188017672
500377077019
500566184000
500755338621
500944540888
501133790807
501323088384
501512433625
501701826536
501891267123
502080755392
502270291349
502459875000
502649506351
502839185408
503028912177
503218686664
503408508875
503598378816
503788296493
503978261912
504168275079
504358336000
504548444681
504738601128
504928805347
505119057344
505309357125
505499704696
505690100063
505880543232
506071034209
506261573000
506452159611
506642794048
506833476317
507024206424
507214984375
507405810176
507596683833
507787605352
507978574739
508169592000
508360657141
508551770168
508742931087
508934139904
509125396625
509316701256
509508053803
509699454272
509890902669
510082399000
510273943271
510465535488
510657175657
510848863784
511040599875
511232383936
511424215973
511616095992
511808023999
512000000000
512192024001
512384096008
512576216027
512768384064
512960600125
513152864216
513345176343
513537536512
513729944729
513922401000
514114905331
514307457728
514500058197
514692706744
514885403375
515078148096
515270940913
515463781832
515656670859
515849608000
516042593261
516235626648
516428708167
516621837824
516815015625
517008241576
517201515683
517394837952
517588208389
517781627000
517975093791
518168608768
518362171937
518555783304
518749442875
518943150656
519136906653
519330710872
519524563319
519718464000
519912412921
520106410088
520300455507
520494549184
520688691125
520882881336
521077119823
521271406592
521465741649
521660125000
521854556651
522049036608
522243564877
522438141464
522632766375
522827439616
523022161193
523216931112
523411749379
523606616000
523801530981
523996494328
524191506047
524386566144
524581674625
524776831496
524972036763
525167290432
525362592509
525557943000
525753341911
525948789248
526144285017
526339829224
526535421875
526731062976
526926752533
527122490552
527318277039
527514112000
527709995441
527905927368
528101907787
528297936704
528494014125
528690140056
528886314503
529082537472
529278808969
529475129000
529671497571
529867914688
530064380357
530260894584
530457457375
530654068736
530850728673
531047437192
531244194299
531441000000
531637854301
531834757208
532031708727
532228708864
532425757625
532622855016
532820001043
533017195712
533214439029
533411731000
533609071631
533806460928
534003898897
534201385544
534398920875
534596504896
534794137613
534991819032
535189549159
535387328000
535585155561
535783031848
535980956867
536178930624
536376953125
536575024376
536773144383
536971313152
537169530689
537367797000
537566112091
537764475968
537962888637
538161350104
538359860375
538558419456
538757027353
538955684072
539154389619
539353144000
539551947221
539750799288
539949700207
540148649984
540347648625
540546696136
540745792523
540944937792
541144131949
541343375000
541542666951
541742007808
541941397577
542140836264
542340323875
542539860416
542739445893
542939080312
543138763679
543338496000
543538277281
543738107528
543937986747
544137914944
544337892125
544537918296
544737993463
544938117632
545138290809
545338513000
545538784211
545739104448
545939473717
546139892024
546340359375
546540875776
546741441233
546942055752
547142719339
547343432000
547544193741
547745004568
547945864487
548146773504
548347731625
548548738856
548749795203
548950900672
549152055269
549353259000
549554511871
549755813888
549957165057
550158565384
550360014875
550561513536
550763061373
550964658392
551166304599
551368000000
551569744601
551771538408
551973381427
552175273664
552377215125
552579205816
552781245743
552983334912
553185473329
553387661000
553589897931
553792184128
553994519597
554196904344
554399338375
554601821696
554804354313
555006936232
555209567459
555412248000
555614977861
555817757048
556020585567
556223463424
556426390625
556629367176
556832393083
557035468352
557238592989
557441767000
557644990391
557848263168
558051585337
558254956904
558458377875
558661848256
558865368053
559068937272
559272555919
559476224000
559679941521
559883708488
560087524907
560291390784
560495306125
560699270936
560903285223
561107348992
561311462249
561515625000
561719837251
561924099008
562128410277
562332771064
562537181375
562741641216
562946150593
563150709512
563355317979
563559976000
563764683581
563969440728
564174247447
564379103744
564584009625
564788965096
564993970163
565199024832
565404129109
565609283000
565814486511
566019739648
566225042417
566430394824
566635796875
566841248576
567046749933
567252300952
567457901639
567663552000
567869252041
568075001768
568280801187
568486650304
568692549125
568898497656
569104495903
569310543872
569516641569
569722789000
569928986171
570135233088
570341529757
570547876184
570754272375
570960718336
571167214073
571373759592
571580354899
571787000000
571993694901
572200439608
572407234127
572614078464
572820972625
573027916616
573234910443
573441954112
573649047629
573856191000
574063384231
574270627328
574477920297
574685263144
574892655875
575100098496
575307591013
575515133432
575722725759
575930368000
576138060161
576345802248
576553594267
576761436224
576969328125
577177269976
577385261783
577593303552
577801395289
578009537000
578217728691
578425970368
578634262037
578842603704
579050995375
579259437056
579467928753
579676470472
579885062219
580093704000
580302395821
580511137688
580719929607
580928771584
581137663625
581346605736
581555597923
581764640192
581973732549
582182875000
582392067551
582601310208
582810602977
583019945864
583229338875
583438782016
583648275293
583857818712
584067412279
584277056000
584486749881
584696493928
584906288147
585116132544
585326027125
585535971896
585745966863
585956012032
586166107409
586376253000
586586448811
586796694848
587006991117
587217337624
587427734375
587638181376
587848678633
588059226152
588269823939
588480472000
588691170341
588901918968
589112717887
589323567104
589534466625
589745416456
589956416603
590167467072
590378567869
590589719000
590800920471
591012172288
591223474457
591434826984
591646229875
591857683136
592069186773
592280740792
592492345199
592704000000
592915705201
593127460808
593339266827
593551123264
593763030125
593974987416
594186995143
594399053312
594611161929
594823321000
595035530531
595247790528
595460100997
595672461944
595884873375
596097335296
596309847713
596522410632
596735024059
596947688000
597160402461
597373167448
597585982967
597798849024
598011765625
598224732776
598437750483
598650818752
598863937589
599077107000
599290326991
599503597568
599716918737
599930290504
600143712875
600357185856
600570709453
600784283672
600997908519
601211584000
601425310121
601639086888
601852914307
602066792384
602280721125
602494700536
602708730623
602922811392
603136942849
603351125000
603565357851
603779641408
603993975677
604208360664
604422796375
604637282816
604851819993
605066407912
605281046579
605495736000
605710476181
605925267128
606140108847
606355001344
606569944625
606784938696
606999983563
607215079232
607430225709
607645423000
607860671111
608075970048
608291319817
608506720424
608722171875
608937674176
609153227333
609368831352
609584486239
609800192000
610015948641
610231756168
610447614587
610663523904
610879484125
611095495256
611311557303
611527670272
611743834169
611960049000
612176314771
612392631488
612608999157
612825417784
613041887375
613258407936
613474979473
613691601992
613908275499
614125000000
614341775501
614558602008
614775479527
614992408064
615209387625
615426418216
615643499843
615860632512
616077816229
616295051000
616512336831
616729673728
616947061697
617164500744
617381990875
617599532096
617817124413
618034767832
618252462359
618470208000
618688004761
618905852648
619123751667
619341701824
619559703125
619777755576
619995859183
620214013952
620432219889
620650477000
620868785291
621087144768
621305555437
621524017304
621742530375
621961094656
622179710153
622398376872
622617094819
622835864000
623054684421
623273556088
623492479007
623711453184
623930478625
624149555336
624368683323
624587862592
624807093149
625026375000
625245708151
625465092608
625684528377
625904015464
626123553875
626343143616
626562784693
626782477112
627002220879
627222016000
627441862481
627661760328
627881709547
628101710144
628321762125
628541865496
628762020263
628982226432
629202484009
629422793000
629643153411
629863565248
630084028517
630304543224
630525109375
630745726976
630966396033
631187116552
631407888539
631628712000
631849586941
632070513368
632291491287
632512520704
632733601625
632954734056
633175918003
633397153472
633618440469
633839779000
634061169071
634282610688
634504103857
634725648584
634947244875
635168892736
635390592173
635612343192
635834145799
636056000000
636277905801
636499863208
636721872227
636943932864
637166045125
637388209016
637610424543
637832691712
638055010529
638277381000
638499803131
638722276928
638944802397
639167379544
639390008375
639612688896
639835421113
640058205032
640281040659
640503928000
640726867061
640949857848
641172900367
641395994624
641619140625
641842338376
642065587883
642288889152
642512242189
642735647000
642959103591
643182611968
643406172137
643629784104
643853447875
644077163456
644300930853
644524750072
644748621119
644972544000
645196518721
645420545288
645644623707
645868753984
646092936125
646317170136
646541456023
646765793792
646990183449
647214625000
647439118451
647663663808
647888261077
648112910264
648337611375
648562364416
648787169393
649012026312
649236935179
649461896000
649686908781
649911973528
650137090247
650362258944
650587479625
650812752296
651038076963
651263453632
651488882309
651714363000
651939895711
652165480448
652391117217
652616806024
652842546875
653068339776
653294184733
653520081752
653746030839
653972032000
654198085241
654424190568
654650347987
654876557504
655102819125
655329132856
655555498703
655781916672
656008386769
656234909000
656461483371
656688109888
656914788557
657141519384
657368302375
657595137536
657822024873
658048964392
658275956099
658503000000
658730096101
658957244408
659184444927
659411697664
659639002625
659866359816
660093769243
660321230912
660548744829
660776311000
661003929431
661231600128
661459323097
661687098344
661914925875
662142805696
662370737813
662598722232
662826758959
663054848000
663282989361
663511183048
663739429067
663967727424
664196078125
664424481176
664652936583
664881444352
665110004489
665338617000
665567281891
665795999168
666024768837
666253590904
666482465375
666711392256
666940371553
667169403272
667398487419
667627624000
667856813021
668086054488
668315348407
668544694784
668774093625
669003544936
669233048723
669462604992
669692213749
669921875000
670151588751
670381355008
670611173777
670841045064
671070968875
671300945216
671530974093
671761055512
671991189479
672221376000
672451615081
672681906728
672912250947
673142647744
673373097125
673603599096
673834153663
674064760832
674295420609
674526133000
674756898011
674987715648
675218585917
675449508824
675680484375
675911512576
676142593433
676373726952
676604913139
676836152000
677067443541
677298787768
677530184687
677761634304
677993136625
678224691656
678456299403
678687959872
678919673069
679151439000
679383257671
679615129088
679847053257
680079030184
680311059875
680543142336
680775277573
681007465592
681239706399
681472000000
681704346401
681936745608
682169197627
682401702464
682634260125
682866870616
683099533943
683332250112
683565019129
683797841000
684030715731
684263643328
684496623797
684729657144
684962743375
685195882496
685429074513
685662319432
685895617259
686128968000
686362371661
686595828248
686829337767
687062900224
687296515625
687530183976
687763905283
687997679552
688231506789
688465387000
688699320191
688933306368
689167345537
689401437704
689635582875
689869781056
690104032253
690338336472
690572693719
690807104000
691041567321
691276083688
691510653107
691745275584
691979951125
692214679736
692449461423
692684296192
692919184049
693154125000
693389119051
693624166208
693859266477
694094419864
694329626375
694564886016
694800198793
695035564712
695270983779
695506456000
695741981381
695977559928
696213191647
696448876544
696684614625
696920405896
697156250363
697392148032
697628098909
697864103000
698100160311
698336270848
698572434617
698808651624
699044921875
699281245376
699517622133
699754052152
699990535439
700227072000
700463661841
700700304968
700937001387
701173751104
701410554125
701647410456
701884320103
702121283072
702358299369
702595369000
702832491971
703069668288
703306897957
703544180984
703781517375
704018907136
704256350273
704493846792
704731396699
704969000000
705206656701
705444366808
705682130327
705919947264
706157817625
706395741416
706633718643
706871749312
707109833429
707347971000
707586162031
707824406528
708062704497
708301055944
708539460875
708777919296
709016431213
709254996632
709493615559
709732288000
709971013961
710209793448
710448626467
710687513024
710926453125
711165446776
711404493983
711643594752
711882749089
712121957000
712361218491
712600533568
712839902237
713079324504
713318800375
713558329856
713797912953
714037549672
714277240019
714516984000
714756781621
714996632888
715236537807
715476496384
715716508625
715956574536
716196694123
716436867392
716677094349
716917375000
717157709351
717398097408
717638539177
717879034664
718119583875
718360186816
718600843493
718841553912
719082318079
719323136000
719564007681
719804933128
720045912347
720286945344
720528032125
720769172696
721010367063
721251615232
721492917209
721734273000
721975682611
722217146048
722458663317
722700234424
722941859375
723183538176
723425270833
723667057352
723908897739
724150792000
724392740141
724634742168
724876798087
725118907904
725361071625
725603289256
725845560803
726087886272
726330265669
726572699000
726815186271
727057727488
727300322657
727542971784
727785674875
728028431936
728271242973
728514107992
728757026999
729000000000
729243027001
729486108008
729729243027
729972432064
730215675125
730458972216
730702323343
730945728512
731189187729
731432701000
731676268331
731919889728
732163565197
732407294744
732651078375
732894916096
733138807913
733382753832
733626753859
733870808000
734114916261
734359078648
734603295167
734847565824
735091890625
735336269576
735580702683
735825189952
736069731389
736314327000
736558976791
736803680768
737048438937
737293251304
737538117875
737783038656
738028013653
738273042872
738518126319
738763264000
739008455921
739253702088
739499002507
739744357184
739989766125
740235229336
740480746823
740726318592
740971944649
741217625000
741463359651
741709148608
741954991877
742200889464
742446841375
742692847616
742938908193
743185023112
743431192379
743677416000
743923693981
744170026328
744416413047
744662854144
744909349625
745155899496
745402503763
745649162432
745895875509
746142643000
746389464911
746636341248
746883272017
747130257224
747377296875
747624390976
747871539533
748118742552
748366000039
748613312000
748860678441
749108099368
749355574787
749603104704
749850689125
750098328056
750346021503
750593769472
750841571969
751089429000
751337340571
751585306688
751833327357
752081402584
752329532375
752577716736
752825955673
753074249192
753322597299
753571000000
753819457301
754067969208
754316535727
754565156864
754813832625
755062563016
755311348043
755560187712
755809082029
756058031000
756307034631
756556092928
756805205897
757054373544
757303595875
757552872896
757802204613
758051591032
758301032159
758550528000
758800078561
759049683848
759299343867
759549058624
759798828125
760048652376
760298531383
760548465152
760798453689
761048497000
761298595091
761548747968
761798955637
762049218104
762299535375
762549907456
762800334353
763050816072
763301352619
763551944000
763802590221
764053291288
764304047207
764554857984
764805723625
765056644136
765307619523
765558649792
765809734949
766060875000
766312069951
766563319808
766814624577
767065984264
767317398875
767568868416
767820392893
768071972312
768323606679
768575296000
768827040281
769078839528
769330693747
769582602944
769834567125
770086586296
770338660463
770590789632
770842973809
771095213000
771347507211
771599856448
771852260717
772104720024
772357234375
772609803776
772862428233
773115107752
773367842339
773620632000
773873476741
774126376568
774379331487
774632341504
774885406625
775138526856
775391702203
775644932672
775898218269
776151559000
776404954871
776658405888
776911912057
777165473384
777419089875
777672761536
777926488373
778180270392
778434107599
778688000000
778941947601
779195950408
779450008427
779704121664
779958290125
780212513816
780466792743
780721126912
780975516329
781229961000
781484460931
781739016128
781993626597
782248292344
782503013375
782757789696
783012621313
783267508232
783522450459
783777448000
784032500861
784287609048
784542772567
784797991424
785053265625
785308595176
785563980083
785819420352
786074915989
786330467000
786586073391
786841735168
787097452337
787353224904
787609052875
787864936256
788120875053
788376869272
788632918919
788889024000
789145184521
789401400488
789657671907
789913998784
790170381125
790426818936
790683312223
790939860992
791196465249
791453125000
