
9625
521284
61009
28900
313600
690561
697225
717409
635209
213444
240100
277729
784996
606841
582169
99856
826281
14400
543169
319225
63504
260100
214369
394384
40401
39204
532900
950625
250000
912025
568516
145924
106276
372100
619369
692224
829921
228484
257049
870489
28561
568516
844561
933156
562500
466489
509796
250000
153664
210681
465124
662596
879844
643204
511225
72361
47089
137641
388129
234256
178929
54289
484416
451584
358801
984064
57121
669124
48400
588289
729316
480249
106276
380689
783225
178929
158404
119025
276676
842724
777924
79524
968256
61504
908209
483025
326041
91809
817216
305809
132496
78961
74529
522729
929296
81225
189225
355216
124609
765625
263169
48400
58564
465124
885481
946729
93636
540225
919681
236196
758641
698896
319225
295936
559504
580644
617796
743044
46656
719104
132496
822649
135424
299209
58081
111556
541696
352836
261121
574564
972196
40000
654481
395641
765625
635209
355216
124609
152881
99856
119025
603729
64009
181476
324900
78961
36481
393129
55696
435600
159201
423801
331776
328329
630436
316969
212521
970225
588289
21609
674041
43264
463761
236196
826281
357604
525625
319225
552049
166464
140625
820836
18769
90601
302500
67600
326041
986049
940900
620944
442225
790321
665856
544644
741321
227529
89401
47961
331776
948676
208849
11449
53361
155236
541696
534361
531441
739600
237169
682276
267289
776161
438244
304704
783225
114921
259081
135424
76176
181476
254016
994009
976144
47524
620944
76729
48400
509796
769129
81796
21316
603729
537289
60516
215296
82944
19600
145924
110889
822649
509796
662596
574564
379456
670761
828100
398161
211600
857476
902500
76729
24649
15876
492804
139129
360000
223729
599076
861184
853776
336400
677329
104329
829921
583696
96721
100489
219961
746496
480249
710649
24025
28900
22801
982081
383161
885481
592900
249001
94864
316969
702244
54756
10816
179776
366025
33124
51076
361201
171396
1000000
707281
157609
469225
913936
38416
50176
203401
10816
40000
808201
908209
216225
824464
354025
635209
444889
98596
722500
851929
770884
426409
765625
400689
56644
844561
10201
385641
528529
635209
416025
85264
776161
964324
84100
125316
561001
531441
266256
719104
129600
383161
863041
876096
220900
451584
151321
454276
389376
476100
329476
375769
762129
868624
239121
114244
114921
414736
34969
29241
289444
879844
535824
121801
783225
481636
954529
35344
58081
28224
739600
958441
268324
391876
23716
26896
797449
370881
230400
144400
12996
185761
82944
22500
570025
66564
546121
940900
261121
10000
168100
712336
606841
88209
131044
246016
743044
112225
422500
935089
844561
534361
366025
332929
640000
252004
732736
846400
400689
212521
471969
27556
835396
91204
378225
788544
292681
972196
727609
182329
165649
675684
314721
22500
436921
28900
660969
84100
265225
42849
751689
286225
763876
47961
492804
70756
532900
45796
160000
366025
454276
868624
46225
297025
11449
241081
811801
19881
708964
144400
394384
900601
185761
715716
960400
338724
567009
20449
92416
600625
498436
91809
205209
21316
622521
62500
644809
142884
613089
408321
549081
176400
10404
279841
215296
512656
758641
828100
855625
184041
152881
17424
44944
281961
192721
332929
822649
417316
401956
883600
518400
15129
21904
19881
226576
416025
429025
55696
242064
751689
609961
60516
931225
70225
446224
47089
178084
283024
57121
119716
829921
527076
268324
224676
394384
227529
756900
303601
483025
373321
783225
992016
483025
16129
15376
284089
436921
228484
66049
855625
708964
57121
389376
32041
561001
15376
870489
710649
804609
93636
60516
126736
889249
285156
18225
763876
480249
670761
103684
896809
13225
149769
190096
606841
243049
954529
582169
112225
351649
960400
12321
69169
205209
30976
784996
243049
99856
562500
152100
896809
65536
417316
394384
585225
942841
328329
978121
97344
552049
20449
434281
84681
135424
28561
47961
762129
53361
207025
19600
52441
126736
39601
857476
181476
121801
534361
675684
570025
202500
57121
205209
511225
257049
994009
200704
540225
14641
450241
737881
391876
570025
44100
906304
885481
749956
885481
652864
254016
47961
549081
37249
270400
305809
71824
106276
189225
15376
19044
278784
380689
948676
976144
89401
632025
786769
128164
264196
628849
280900
12544
207936
64009
261121
848241
241081
263169
364816
31684
79524
474721
235225
355216
737881
127449
646416
799236
537289
185761
502681
908209
256036
508369
996004
32761
980100
234256
64009
59536
401956
43681
93636
114921
432964
608400
107584
470596
14400
774400
440896
257049
649636
885481
982081
124609
309136
769129
643204
46225
819025
159201
400689
974169
702244
236196
33856
652864
47089
804609
65536
363609
923521
289444
108900
422500
332929
58081
851929
369664
240100
267289
207936
62500
870489
263169
337561
17161
83521
150544
391876
152881
27889
240100
84100
342225
156025
92416
549081
375769
288369
435600
705600
133956
281961
231361
537289
648025
525625
630436
190969
36100
889249
458329
25600
91809
484416
368449
25281
935089
268324
103684
165649
16900
481636
625681
62001
256036
369664
597529
404496
13456
294849
114921
675684
268324
657721
370881
687241
855625
910116
364816
430336
678976
931225
595984
184900
248004
229441
502681
553536
14400
232324
64009
41209
65536
309136
870489
32761
283024
741321
77284
145161
76729
452929
522729
96100
63504
389376
94864
767376
350464
152100
97969
414736
822649
485809
197136
128881
25921
190969
781456
877969
270400
257049
17424
444889
244036
60025
201601
77284
925444
929296
321489
123201
352836
57121
142129
15129
61009
942841
894916
927369
435600
413449
38416
925444
859329
776161
465124
45796
241081
175561
149769
227529
219961
81225
92416
574564
198025
887364
937024
488601
321489
881721
18225
490000
986049
343396
644809
40804
835396
22500
627264
808201
504100
710649
802816
11449
751689
917764
451584
101761
139876
962361
528529
294849
101761
264196
982081
509796
438244
567009
10404
247009
925444
439569
515524
93636
219961
114244
23104
173889
246016
505521
34596
659344
656100
240100
96100
114921
994009
518400
595984
585225
126736
87616
674041
76729
226576
109561
765625
213444
436921
364816
408321
303601
348100
12996
222784
762129
485809
674041
302500
301401
216225
408321
261121
451584
186624
198916
819025
37636
297025
579121
30976
519841
388129
108900
90601
13225
93025
70756
52900
358801
894916
414736
430336
844561
746496
148996
727609
334084
26569
18225
56644
984064
149769
349281
326041
469225
67081
879844
611524
64516
149769
15876
942841
910116
976144
10816
748225
184900
788544
758641
426409
180625
193600
573049
13456
476100
80089
134689
346921
378225
923521
267289
824464
822649
136161
870489
221841
929296
863041
52441
29584
511225
743044
47524
758641
894916
184041
218089
259081
660969
131769
395641
727609
115600
636804
42849
312481
79524
80089
366025
508369
912025
186624
152100
62001
463761
820836
490000
440896
29241
105625
470596
106929
1000000
857476
283024
516961
516961
390625
664225
467856
583696
38416
177241
519841
71289
722500
47524
508369
23104
902500
580644
277729
876096
367236
283024
222784
322624
719104
552049
33124
779689
753424
204304
762129
616225
11449
75076
306916
294849
187489
40000
19881
968256
497025
125316
338724
249001
286225
125316
108241
898704
226576
398161
968256
756900
14161
156025
622521
452929
284089
69696
55225
952576
147456
528529
509796
14884
71824
25281
885481
879844
246016
828100
90601
518400
69696
24336
346921
495616
12996
446224
491401
670761
394384
20736
492804
224676
504100
95481
53824
24964
95481
781456
477481
817216
395641
501264
23716
224676
19881
665856
559504
174724
21025
234256
290521
24025
779689
103041
112225
203401
123904
318096
163216
512656
767376
357604
200704
144400
427716
630436
613089
55696
609961
956484
894916
334084
329476
801025
254016
872356
203401
16129
13225
570025
285156
509796
793881
14400
363609
23716
850084
342225
11449
314721
10201
233289
119025
337561
40401
779689
762129
16900
44100
667489
487204
153664
23716
346921
291600
770884
279841
470596
358801
876096
47089
372100
252004
54289
17689
599076
659344
258064
123201
23104
876096
85849
956484
167281
201601
180625
82369
339889
656100
651249
26569
471969
751689
133225
62500
388129
292681
946729
20736
166464
831744
603729
614656
108241
132496
829921
996004
105625
931225
166464
168921
138384
160000
434281
837225
284089
47961
682276
591361
349281
92416
41209
254016
287296
374544
49729
214369
595984
188356
320356
729316
234256
567009
902500
426409
758641
613089
389376
429025
925444
556516
90000
134689
592900
196249
283024
35344
223729
727609
678976
46225
589824
126736
409600
540225
488601
958441
811801
42025
65025
19321
685584
39204
227529
515524
264196
483025
893025
363609
442225
19600
82369
616225
471969
396900
384400
935089
13225
937024
238144
114921
292681
209764
11025
432964
30976
915849
121104
74529
245025
553536
443556
341056
755161
473344
161604
211600
91809
423801
198916
75625
700569
234256
62500
625681
125316
21609
51076
672400
22201
792100
452929
15876
137641
323761
42025
389376
602176
350464
595984
544644
110889
466489
182329
925444
938961
104329
10609
690561
361201
565504
529984
535824
91809
172225
611524
179776
66049
100489
839056
254016
99856
73441
558009
855625
605284
12769
179776
217156
417316
652864
15129
783225
656100
651249
77841
770884
66564
1000000
20736
648025
48841
24025
512656
954529
786769
181476
114244
28224
562500
47524
410881
478864
421201
115600
853776
114244
197136
70756
127449
322624
161604
480249
51529
242064
383161
375769
646416
13924
301401
361201
310249
571536
36481
22801
12100
33489
68644
675684
306916
797449
206116
855625
263169
793881
80089
784996
550564
185761
94249
966289
280900
38809
374544
142129
370881
312481
64516
118336
835396
140625
20736
675684
157609
802816
538756
145924
521284
443556
454276
582169
996004
426409
93636
146689
656100
129600
17161
301401
555025
116964
840889
527076
144400
781456
50625
95481
72361
160000
700569
660969
79524
820836
602176
98596
51076
458329
419904
21316
746496
21025
379456
13456
136161
473344
360000
26244
136900
351649
635209
518400
139129
786769
230400
227529
695556
490000
84100
279841
187489
399424
562500
688900
724201
44944
724201
80656
269361
535824
24025
670761
35344
923521
984064
167281
320356
376996
183184
261121
90000
13924
851929
20736
435600
24964
15129
351649
737881
118336
477481
355216
672400
36864
407044
811801
430336
386884
336400
677329
139129
372100
582169
431649
793881
309136
702244
996004
352836
171396
272484
38025
49284
217156
308025
61009
275625
106929
561001
284089
1000000
358801
419904
280900
403225
470596
896809
187489
87616
264196
122500
301401
33856
703921
763876
638401
703921
910116
22201
544644
88804
956484
879844
636804
466489
46225
220900
556516
379456
213444
702244
383161
801025
719104
552049
26896
931225
617796
36864
669124
672400
389376
32400
633616
345744
218089
808201
683929
70225
753424
149769
828100
17956
108241
344569
444889
497025
660969
466489
145924
119716
55225
461041
65536
525625
710649
552049
483025
86436
180625
21025
422500
749956
632025
964324
562500
266256
72900
534361
755161
806404
12996
525625
400689
56169
48841
322624
187489
184041
499849
638401
729316
47089
996004
373321
26569
32761
383161
131044
567009
17689
104329
82369
602176
155236
495616
887364
268324
263169
430336
923521
84681
321489
38416
281961
299209
13456
11881
40804
277729
59536
72900
79524
931225
732736
703921
34596
690561
88209
722500
241081
306916
116964
121801
292681
576081
85264
848241
337561
69696
720801
829921
751689
544644
451584
176400
14400
47961
190969
498436
185761
145924
53824
458329
760384
20736
678976
196249
18225
481636
81225
606841
427716
808201
128881
864900
891136
214369
257049
185761
239121
208849
40804
662596
414736
61009
196249
617796
538756
156025
801025
10000
201601
97969
329476
46225
207025
429025
24336
55696
561001
408321
944784
26896
298116
34225
131044
923521
591361
12769
70756
597529
906304
62001
824464
217156
286225
395641
561001
39601
358801
153664
270400
505521
831744
266256
417316
72900
293764
108241
180625
857476
708964
41616
184041
927369
357604
675684
21904
675684
641601
839056
393129
755161
407044
77841
826281
136161
128881
339889
459684
625681
43681
249001
988036
53361
772641
69169
129600
228484
450241
135424
83521
263169
348100
877969
160000
39204
336400
354025
237169
399424
68644
508369
413449
193600
760384
261121
614656
17689
813604
336400
391876
42025
736164
549081
40804
535824
195364
191844
469225
113569
14884
40401
62001
108900
423801
891136
139876
855625
737881
77284
269361
748225
540225
848241
99225
335241
147456
390625
573049
801025
514089
763876
409600
378225
906304
790321
166464
516961
22201
28224
481636
225625
427716
870489
104976
824464
611524
245025
864900
589824
702244
304704
900601
913936
917764
23409
611524
48841
839056
438244
173889
125316
625681
421201
234256
136900
426409
245025
956484
846400
30625
21025
178084
235225
558009
52900
300304
495616
355216
17424
115600
476100
116964
608400
487204
362404
42025
725904
720801
389376
311364
311364
94249
891136
75076
212521
95481
277729
102400
611524
592900
14161
431649
22500
417316
931225
559504
401956
473344
17161
925444
11881
71289
908209
935089
11236
190969
90000
300304
835396
829921
251001
427716
48841
937024
243049
118336
110224
13924
588289
635209
238144
970225
327184
725904
26896
879844
398161
46225
24025
826281
45796
132496
94249
13456
349281
195364
485809
887364
114244
497025
879844
561001
577600
703921
18225
529984
64516
138384
213444
697225
459684
121104
343396
702244
921600
674041
215296
119716
769129
202500
302500
243049
69169
210681
440896
272484
141376
182329
28224
251001
279841
29584
34969
840889
248004
407044
95481
393129
184900
187489
241081
174724
341056
26896
454276
226576
227529
77284
139129
583696
27556
278784
358801
129600
940900
255025
887364
476100
73441
495616
152881
259081
474721
190096
35721
37249
110889
439569
11236
119716
540225
14641
870489
155236
194481
210681
148996
26244
344569
853776
181476
34969
19600
375769
749956
633616
249001
857476
462400
14400
207025
341056
488601
429025
15625
10000
641601
25600
855625
94249
185761
736164
685584
112896
31684
20736
797449
919681
16384
51984
181476
846400
149769
570025
480249
527076
476100
170569
543169
283024
956484
813604
422500
99856
732736
417316
95481
703921
227529
40401
79524
147456
38025
861184
79524
161604
90000
70225
327184
687241
403225
632025
514089
576081
710649
594441
473344
527076
473344
30276
309136
311364
386884
187489
32041
125316
964324
810000
63001
199809
367236
512656
319225
698896
781456
148996
662596
763876
212521
197136
14641
727609
912025
908209
334084
483025
61009
469225
164836
603729
291600
47524
322624
579121
168921
447561
885481
230400
540225
133225
473344
462400
659344
509796
793881
369664
159201
820836
295936
263169
15876
13924
672400
619369
585225
277729
731025
253009
835396
93636
855625
935089
14641
52441
731025
315844
208849
80656
185761
389376
71824
114244
182329
370881
488601
47089
749956
603729
14400
116281
15129
736164
720801
234256
17424
284089
935089
654481
71824
786769
690561
810000
822649
758641
432964
837225
108900
774400
700569
499849
416025
54289
356409
91809
748225
201601
93025
588289
940900
648025
158404
577600
376996
164025
393129
430336
692224
73984
736164
662596
403225
515524
364816
50176
964324
543169
962361
128881
879844
436921
178929
131769
56644
547600
815409
692224
111556
488601
588289
729316
122500
72361
156816
413449
429025
74529
48400
187489
150544
942841
20736
715716
527076
32761
414736
326041
156025
33856
729316
133956
108241
17161
409600
820836
784996
672400
117649
60025
10201
586756
817216
119025
138384
301401
301401
155236
842724
65536
540225
132496
654481
606841
466489
414736
21025
22500
408321
25600
168100
300304
393129
102400
802816
283024
588289
43264
608400
188356
110889
265225
431649
404496
585225
59049
635209
400689
622521
564001
786769
525625
509796
255025
190096
44521
139876
594441
349281
219961
196249
170569
268324
732736
41616
156816
361201
767376
171396
29929
419904
938961
915849
429025
452929
369664
724201
603729
386884
417316
599076
295936
11449
960400
360000
106276
893025
374544
139129
164025
509796
26569
144400
851929
521284
10816
877969
145924
218089
10201
599076
519841
737881
121104
795664
893025
502681
341056
229441
328329
795664
71289
241081
783225
636804
373321
902500
96721
452929
104329
14884
28561
872356
567009
391876
96721
889249
164025
547600
940900
12100
258064
373321
62001
529984
337561
373321
182329
36100
396900
600625
32400
396900
151321
683929
106276
891136
331776
656100
608400
719104
26244
43681
654481
226576
142129
586756
97344
10816
65025
429025
870489
308025
974169
203401
17956
274576
267289
509796
40000
94249
748225
446224
573049
196249
700569
483025
43681
868624
383161
29929
232324
264196
13456
996004
37636
250000
167281
652864
293764
30625
577600
499849
200704
349281
729316
635209
222784
23716
154449
908209
964324
366025
466489
515524
829921
222784
48400
64009
739600
567009
210681
630436
266256
442225
498436
739600
783225
91204
352836
940900
38809
885481
366025
739600
388129
693889
933156
715716
59536
190096
52441
42849
42025
806404
123904
470596
11449
741321
490000
641601
214369
804609
24025
501264
403225
613089
198025
34969
49729
597529
27556
589824
571536
461041
748225
193600
334084
467856
149769
439569
211600
11881
209764
127449
115600
246016
25281
316969
840889
685584
25281
652864
23716
99856
561001
383161
32761
87025
423801
18769
24336
630436
112896
160801
687241
212521
180625
116281
874225
11881
483025
462400
710649
271441
395641
112896
17424
819025
394384
262144
133956
129600
795664
23104
505521
26569
114921
649636
69169
201601
664225
910116
49284
29584
85849
171396
51529
24025
58081
34596
962361
104976
501264
16641
308025
196249
407044
646416
17689
477481
388129
719104
531441
24025
633616
540225
16900
555025
374544
40000
565504
203401
906304
589824
148996
158404
544644
150544
544644
375769
448900
281961
908209
912025
132496
89401
958441
160000
157609
15376
291600
99225
123201
89401
515524
251001
710649
63504
125316
788544
80656
73441
935089
933156
254016
10609
549081
53824
483025
302500
24649
808201
576081
483025
209764
167281
470596
695556
76729
863041
702244
719104
36100
27889
52900
356409
80089
476100
772641
103041
558009
422500
687241
136900
680625
71824
518400
142884
383161
222784
158404
219961
409600
729316
227529
76176
237169
567009
281961
23716
197136
438244
833569
106276
659344
60025
62500
98596
63504
19600
302500
338724
690561
170569
692224
986049
848241
889249
44521
50625
912025
262144
840889
410881
727609
532900
416025
401956
683929
21904
303601
863041
633616
879844
13225
49729
46656
413449
42849
659344
881721
429025
68121
509796
183184
12321
12321
921600
937024
294849
534361
456976
954529
391876
170569
185761
221841
82944
763876
54289
868624
38809
508369
120409
304704
16384
727609
558009
319225
379456
50176
385641
144400
17689
877969
564001
123904
585225
258064
183184
964324
237169
481636
135424
147456
173889
106929
703921
710649
256036
277729
839056
12996
55225
900601
67081
913936
250000
277729
456976
535824
378225
765625
403225
69696
784996
710649
561001
79524
310249
230400
29584
216225
384400
435600
393129
609961
78400
861184
51984
913936
717409
345744
76176
260100
842724
511225
369664
46656
119025
70225
314721
982081
40804
18225
837225
17956
488601
21025
504100
75076
75625
41209
404496
466489
817216
509796
367236
881721
322624
301401
66049
126736
783225
654481
480249
662596
290521
128881
522729
473344
81225
29241
78400
508369
147456
490000
908209
24025
675684
321489
537289
619369
315844
69169
942841
373321
677329
559504
61009
792100
98596
571536
233289
722500
39601
272484
44521
93025
15876
418609
329476
915849
39204
67081
968256
256036
561001
118336
605284
395641
13689
244036
469225
142129
100489
240100
565504
84100
29929
633616
272484
795664
893025
268324
534361
197136
63504
65536
316969
40804
1000000
707281
142884
675684
42436
25921
126025
34225
690561
149769
167281
53824
651249
644809
355216
21316
341056
42436
327184
79524
695556
129600
294849
280900
502681
33489
137641
483025
487204
309136
28224
705600
633616
648025
302500
290521
859329
476100
741321
268324
330625
230400
290521
299209
41616
132496
219024
680625
11664
700569
850084
323761
298116
171396
323761
994009
36100
670761
35721
72361
521284
680625
746496
88209
910116
303601
112225
80656
285156
74529
695556
304704
20449
808201
280900
820836
31329
439569
413449
327184
804609
389376
534361
182329
481636
270400
72361
19881
50625
734449
336400
61504
243049
611524
820836
831744
78400
585225
169744
173889
96721
12544
978121
57600
53824
34225
866761
201601
78400
962361
335241
342225
44944
405769
123904
552049
133956
660969
179776
286225
589824
106276
273529
81225
942841
32400
921600
388129
119025
652864
19600
613089
207025
558009
313600
101761
595984
497025
50625
25281
45369
20736
32400
574564
935089
85264
940900
139129
70756
220900
883600
52900
652864
70225
481636
38025
223729
145924
12996
958441
994009
175561
31329
855625
712336
758641
815409
130321
585225
153664
620944
400689
120409
826281
494209
11449
34596
416025
900601
423801
700569
168921
232324
57121
128164
295936
183184
952576
224676
120409
303601
591361
115600
715716
659344
198916
75625
102400
40000
30625
974169
209764
386884
998001
804609
28561
677329
12321
286225
552049
48841
11881
142129
657721
303601
53824
84681
170569
58564
223729
256036
66564
218089
329476
529984
244036
274576
77841
275625
330625
389376
27556
150544
116281
478864
26244
68644
819025
652864
625681
476100
116964
257049
279841
313600
16384
984064
261121
487204
244036
512656
458329
178084
469225
820836
294849
265225
41616
269361
792100
919681
36100
91809
702244
471969
417316
195364
335241
96721
159201
714025
374544
756900
38416
42849
570025
16129
293764
603729
605284
674041
358801
556516
840889
470596
756900
915849
259081
654481
695556
550564
820836
497025
145924
96721
552049
36864
588289
215296
339889
648025
403225
36864
320356
454276
99225
185761
756900
126736
537289
137641
36481
287296
301401
33489
16641
896809
206116
134689
24649
772641
602176
499849
46656
804609
62500
181476
614656
10816
532900
237169
502681
117649
232324
173889
222784
13225
94864
231361
80656
25281
636804
12544
59049
114244
395641
538756
41209
200704
70225
154449
444889
565504
27225
39601
90000
609961
885481
268324
21609
767376
450241
91809
403225
189225
136161
87616
323761
33124
891136
700569
958441
946729
302500
136900
473344
589824
170569
996004
88209
112225
467856
976144
36481
204304
335241
12321
112896
173889
39204
121104
30625
219961
672400
380689
527076
93636
178929
813604
815409
378225
356409
512656
378225
27556
33124
204304
622521
150544
113569
85264
223729
81225
297025
132496
619369
824464
349281
263169
156816
195364
576081
495616
53361
508369
119716
416025
508369
25921
54756
288369
808201
528529
390625
799236
714025
644809
446224
417316
89401
1000000
846400
708964
85849
76176
124609
87616
470596
331776
148225
627264
375769
774400
369664
22801
898704
656100
41616
595984
11664
850084
710649
303601
879844
620944
108900
741321
619369
54289
906304
34969
662596
519841
474721
438244
210681
323761
56169
891136
488601
355216
34225
116964
115600
112225
473344
20449
436921
177241
570025
367236
980100
741321
538756
497025
259081
59536
190969
42025
474721
261121
385641
630436
186624
921600
140625
80089
229441
28900
724201
695556
219961
470596
39601
162409
613089
418609
51076
627264
912025
501264
556516
133956
462400
386884
492804
833569
142884
175561
243049
422500
133225
249001
494209
792100
746496
198916
58564
112896
369664
808201
672400
24649
121801
12100
565504
573049
217156
442225
23409
595984
398161
58081
14641
156816
779689
30625
396900
94864
603729
303601
675684
374544
687241
436921
692224
632025
986049
283024
42025
16129
998001
133956
136900
602176
49284
435600
56169
748225
58564
316969
22801
46225
231361
891136
962361
196249
984064
290521
912025
185761
34596
638401
160801
585225
80656
13225
47524
145161
762129
206116
490000
746496
324900
44100
908209
412164
544644
42849
120409
777924
820836
11236
651249
22801
11236
470596
64009
54289
160801
120409
321489
912025
859329
72900
966289
355216
265225
638401
30276
135424
85849
22201
65536
82369
597529
30625
753424
17424
202500
108900
412164
820836
606841
114921
86436
129600
456976
46656
24964
442225
524176
586756
976144
196249
528529
638401
471969
715716
58564
29584
950625
753424
25600
719104
386884
62500
126736
506944
67600
67600
93636
167281
286225
73441
635209
327184
32041
11664
657721
78961
508369
19881
21025
106929
403225
147456
485809
478864
497025
537289
960400
512656
35344
576081
416025
677329
334084
627264
574564
378225
24649
881721
114244
497025
767376
756900
229441
644809
474721
502681
848241
90601
190969
440896
204304
446224
427716
18225
105625
912025
201601
646416
705600
83521
60516
571536
47089
40000
495616
960400
30976
279841
522729
367236
43681
64009
940900
34596
30276
146689
451584
315844
857476
268324
697225
56644
106276
734449
595984
220900
214369
833569
574564
954529
364816
93636
624100
192721
972196
509796
537289
613089
94864
132496
14884
153664
86436
341056
564001
817216
123201
54756
214369
268324
373321
463761
34225
235225
311364
51076
314721
680625
381924
358801
635209
435600
361201
541696
81796
22500
69169
46656
41616
966289
628849
300304
197136
456976
344569
617796
203401
600625
279841
72900
804609
483025
290521
17689
783225
165649
508369
732736
831744
104329
630436
110224
259081
811801
335241
357604
231361
492804
576081
822649
734449
649636
952576
118336
216225
466489
577600
13225
235225
11449
426409
373321
15625
147456
571536
562500
195364
53824
980100
196249
885481
226576
384400
504100
53824
46225
946729
297025
318096
44100
734449
810000
470596
870489
188356
73984
687241
34596
904401
79524
31684
577600
588289
462400
352836
541696
594441
341056
110224
235225
94249
245025
400689
22500
683929
85264
583696
944784
451584
19044
193600
177241
760384
83521
465124
444889
224676
608400
15376
501264
70225
389376
829921
182329
237169
248004
881721
73984
23104
976144
660969
286225
106276
99856
374544
25281
162409
100489
326041
580644
114244
972196
494209
346921
145924
370881
422500
157609
135424
23409
859329
662596
51984
308025
576081
322624
950625
65025
861184
876096
247009
429025
186624
59049
13456
638401
16900
39204
541696
540225
722500
46656
462400
84100
786769
97344
116964
270400
26569
419904
78400
654481
346921
450241
700569
277729
160801
292681
156816
492804
67600
192721
170569
167281
744769
304704
970225
786769
372100
628849
229441
443556
40401
184041
124609
185761
744769
94249
68644
256036
828100
196249
272484
123904
18225
17424
801025
614656
136161
454276
286225
65536
316969
808201
324900
132496
602176
322624
81225
300304
99856
131769
285156
459684
304704
80656
133956
511225
259081
76729
214369
136161
929296
682276
410881
285156
323761
474721
891136
26896
63504
33124
511225
465124
32041
16900
352836
68644
198916
811801
44944
774400
24649
34596
198916
595984
159201
192721
53824
670761
603729
43264
49284
297025
956484
349281
188356
161604
544644
174724
93025
194481
14161
119716
717409
230400
172225
690561
380689
203401
314721
393129
30276
208849
259081
603729
130321
275625
45796
638401
10816
161604
98596
580644
67081
70756
281961
422500
549081
38809
35721
243049
149769
91204
22201
940900
39601
30276
139129
342225
18769
660969
81796
470596
259081
660969
509796
99225
690561
378225
840889
310249
467856
908209
540225
40401
990025
795664
44944
22801
436921
251001
68644
309136
553536
270400
166464
363609
345744
295936
162409
484416
380689
872356
136161
413449
556516
659344
162409
737881
276676
835396
506944
212521
332929
996004
29929
39601
400689
247009
17161
499849
18769
69696
154449
380689
336400
14400
714025
38809
31684
242064
106276
484416
212521
396900
243049
562500
574564
808201
127449
32400
772641
48841
950625
790321
471969
360000
657721
559504
379456
409600
788544
158404
354025
32400
600625
588289
117649
370881
136161
454276
674041
246016
200704
30276
207936
912025
285156
96721
15625
272484
19881
180625
484416
799236
14884
795664
182329
28561
80089
26896
168100
47524
223729
219961
76176
632025
86436
44521
199809
67081
312481
21904
19321
781456
866761
50625
19044
592900
100489
390625
60025
525625
127449
57121
501264
632025
760384
37636
290521
41616
463761
505521
342225
139876
356409
231361
889249
466489
643204
324900
693889
321489
336400
98596
273529
422500
47961
622521
101761
231361
142129
436921
900601
10816
383161
14161
266256
868624
14161
233289
37249
904401
398161
42025
10816
38416
128164
734449
33489
386884
22500
12321
10201
81225
148996
12769
705600
161604
45369
944784
66049
26244
549081
187489
549081
840889
281961
63504
863041
86436
722500
40000
22500
80656
749956
416025
797449
561001
511225
532900
287296
874225
490000
21904
22500
67081
93636
538756
409600
202500
77841
126025
388129
940900
94864
648025
707281
173056
25281
30625
131769
116964
219024
226576
519841
85264
473344
32041
942841
241081
71824
654481
368449
73441
13689
46225
937024
242064
12769
605284
324900
177241
970225
394384
15129
32400
201601
525625
20164
675684
151321
121801
67600
308025
524176
938961
160000
727609
41616
169744
41209
230400
746496
302500
921600
583696
106929
473344
154449
196249
73984
792100
85264
18769
17956
22201
940900
114244
736164
833569
257049
41209
350464
342225
87025
532900
469225
480249
72900
299209
603729
149769
38416
674041
252004
260100
306916
703921
879844
861184
379456
877969
400689
315844
753424
394384
404496
304704
25281
55225
614656
664225
21904
917764
19881
122500
902500
273529
595984
804609
11025
188356
467856
277729
495616
531441
641601
251001
349281
136161
799236
921600
850084
855625
640000
970225
57121
50176
302500
126025
313600
263169
248004
49284
810000
314721
988036
915849
190969
61504
242064
30976
802816
774400
153664
133225
378225
195364
324900
17424
330625
762129
249001
81796
760384
462400
484416
93636
506944
218089
948676
829921
380689
178929
692224
205209
164836
154449
119716
174724
665856
857476
56169
641601
574564
129600
140625
107584
646416
73441
76176
556516
946729
106276
952576
910116
877969
877969
159201
339889
70225
216225
450241
277729
412164
114921
770884
702244
744769
148996
795664
908209
97344
589824
90601
102400
82369
525625
236196
36864
490000
156816
919681
753424
348100
414736
108900
774400
93025
128164
680625
326041
231361
90000
793881
381924
86436
537289
702244
57121
50176
595984
375769
17956
408321
877969
439569
250000
651249
64516
370881
112225
801025
96100
158404
14884
163216
271441
488601
117649
474721
32761
358801
16641
326041
614656
582169
61009
448900
938961
30625
321489
540225
77841
756900
104976
698896
336400
308025
948676
90000
379456
155236
887364
887364
483025
49729
90601
465124
279841
14884
431649
715716
625681
14161
208849
104976
383161
151321
149769
492804
289444
211600
863041
368449
374544
678976
165649
797449
300304
247009
205209
680625
842724
379456
24964
767376
55225
46225
82944
14161
102400
15129
139876
344569
25281
51076
491401
606841
373321
116964
155236
16641
118336
553536
142129
763876
592900
320356
110224
29584
476100
611524
44521
674041
864900
375769
831744
935089
786769
504100
23104
143641
434281
140625
473344
504100
123201
160801
171396
24336
717409
58081
990025
877969
238144
419904
562500
844561
221841
498436
504100
253009
881721
138384
91204
729316
760384
188356
927369
80089
471969
259081
37249
848241
15129
143641
271441
175561
49729
173056
157609
870489
461041
625681
426409
632025
632025
94864
309136
12321
229441
97344
47524
912025
938961
287296
141376
16900
592900
326041
167281
94249
233289
519841
218089
112896
915849
784996
142884
127449
42849
797449
422500
15625
743044
35344
10404
729316
23716
262144
802816
950625
576081
33856
269361
64516
44944
561001
447561
667489
727609
393129
990025
164025
168921
12100
152881
385641
94249
861184
165649
324900
229441
50176
358801
304704
17424
422500
183184
40401
16900
708964
331776
119025
597529
304704
15876
27556
28900
136161
49729
518400
592900
672400
421201
755161
324900
859329
776161
958441
674041
393129
459684
198025
289444
113569
207025
813604
299209
802816
906304
201601
139876
988036
55696
244036
366025
280900
389376
157609
71824
966289
917764
792100
30625
395641
714025
43264
49284
357604
10000
893025
294849
212521
327184
986049
101761
695556
801025
67081
112225
471969
452929
174724
304704
741321
14400
24964
110224
364816
714025
426409
168921
393129
466489
42436
996004
734449
506944
438244
235225
422500
199809
534361
29241
537289
893025
451584
60516
226576
298116
322624
540225
702244
97344
121104
244036
77841
998001
161604
506944
923521
980100
61504
423801
308025
29929
250000
247009
256036
260100
219961
826281
375769
17161
976144
112896
329476
62001
207025
150544
59536
35721
133956
350464
266256
24336
998001
107584
494209
627264
419904
214369
586756
970225
56169
717409
938961
114244
763876
835396
483025
390625
556516
130321
743044
203401
51984
60025
130321
407044
208849
33489
27225
620944
280900
118336
12996
164025
695556
135424
30625
611524
635209
37249
203401
251001
104976
102400
462400
427716
72361
373321
10816
635209
292681
952576
119025
401956
412164
283024
859329
44944
38416
154449
62500
559504
620944
50625
751689
737881
708964
89401
17161
285156
990025
33124
114244
249001
418609
269361
87616
431649
96100
40804
695556
722500
446224
477481
488601
567009
219024
133956
159201
164836
815409
588289
341056
725904
16129
439569
123201
452929
925444
48841
804609
511225
19321
138384
622521
970225
160000
207936
21904
271441
776161
964324
343396
962361
518400
88209
142884
75076
927369
38809
13689
952576
724201
29241
923521
47961
872356
499849
53361
571536
452929
103684
133956
396900
573049
409600
876096
509796
101124
32041
16641
896809
169744
94249
966289
287296
913936
331776
232324
669124
63504
316969
225625
156025
63001
982081
783225
675684
171396
516961
887364
656100
434281
48841
271441
47524
585225
970225
919681
329476
442225
168921
11025
322624
14641
27225
944784
521284
267289
692224
351649
580644
469225
39601
499849
446224
695556
300304
249001
384400
248004
12769
274576
13456
133225
58564
257049
37249
46656
12321
478864
703921
638401
315844
305809
772641
710649
512656
937024
394384
851929
426409
490000
320356
101124
50176
232324
552049
705600
140625
24649
198916
103684
980100
22500
346921
48400
248004
151321
447561
19600
408321
35344
133956
790321
57121
140625
24025
85264
41616
336400
877969
89401
133225
749956
22500
89401
344569
458329
168100
660969
123904
831744
72361
38025
21025
540225
616225
70225
570025
744769
119716
978121
370881
656100
69169
103684
281961
628849
190969
83521
286225
680625
70225
103041
556516
313600
47089
198916
108900
155236
315844
714025
851929
97969
695556
145924
19600
211600
968256
518400
278784
284089
271441
439569
403225
685584
797449
138384
121801
60516
277729
432964
654481
611524
682276
414736
440896
502681
722500
76176
105625
107584
207025
112225
674041
15129
235225
350464
887364
874225
40804
893025
62001
196249
425104
404496
348100
132496
776161
403225
227529
998001
86436
201601
144400
77284
270400
21025
896809
150544
774400
840889
435600
534361
12100
574564
190969
538756
998001
212521
52441
59049
206116
75625
859329
627264
37636
933156
430336
156816
10816
480249
370881
12769
86436
573049
21025
188356
188356
77841
295936
39601
242064
306916
32400
455625
660969
33856
87025
35344
74529
21904
82944
20164
504100
885481
102400
329476
348100
462400
330625
770884
87616
173889
209764
10404
505521
712336
78400
66564
946729
857476
313600
101124
497025
746496
534361
850084
70225
247009
714025
174724
446224
446224
119025
712336
490000
954529
39601
144400
518400
121104
186624
216225
923521
93025
219961
760384
739600
72361
234256
72361
184041
499849
161604
40804
230400
12321
369664
531441
19044
177241
960400
305809
44521
13924
348100
18225
976144
51984
56644
439569
50625
156025
78961
39601
592900
556516
546121
444889
255025
10816
594441
948676
198025
839056
908209
956484
110224
35721
592900
12321
547600
300304
75076
331776
664225
204304
71824
532900
182329
327184
552049
950625
119025
876096
10609
117649
426409
219961
172225
196249
188356
877969
289444
38416
395641
114244
117649
44944
176400
131769
942841
580644
66049
958441
330625
850084
334084
150544
57600
318096
100489
715716
146689
298116
63001
285156
749956
18225
143641
43264
463761
817216
16900
255025
491401
133225
286225
142884
235225
302500
48400
28224
15376
48400
299209
458329
54289
106276
372100
22201
33489
648025
654481
15376
942841
15376
395641
451584
217156
272484
710649
879844
257049
577600
131769
906304
555025
15625
96721
343396
570025
28224
389376
808201
518400
301401
14641
665856
348100
748225
275625
430336
399424
135424
238144
448900
470596
636804
96100
34225
168921
19600
70756
20164
153664
55225
61504
61009
405769
405769
52900
30276
376996
49729
416025
883600
541696
577600
822649
159201
619369
131044
50625
602176
227529
881721
104329
274576
77284
168100
912025
179776
388129
683929
591361
207936
984064
990025
55225
295936
106276
835396
161604
367236
401956
529984
41616
42436
33489
380689
240100
28561
708964
640000
305809
342225
264196
624100
784996
16384
502681
546121
562500
116964
611524
925444
438244
87616
567009
741321
640000
519841
258064
324900
923521
190096
47524
705600
23409
22801
335241
13924
758641
144400
405769
368449
426409
683929
254016
891136
942841
334084
956484
366025
731025
851929
777924
364816
531441
367236
58564
783225
12769
511225
609961
16900
61504
783225
73441
246016
467856
156816
342225
278784
275625
568516
238144
734449
964324
438244
483025
439569
143641
390625
236196
434281
532900
240100
401956
39601
362404
320356
320356
354025
209764
206116
698896
216225
306916
491401
74529
197136
672400
620944
546121
119716
208849
10816
17424
99856
700569
876096
356409
534361
23409
473344
717409
30276
512656
574564
21316
586756
887364
276676
40804
690561
189225
405769
950625
316969
516961
185761
44944
440896
586756
432964
367236
51076
585225
122500
592900
120409
628849
25921
923521
52900
354025
492804
477481
915849
207025
95481
123201
519841
54756
238144
537289
301401
950625
346921
444889
128164
952576
138384
567009
82944
23716
620944
611524
15129
731025
358801
896809
136900
491401
224676
935089
99225
804609
885481
582169
94249
393129
521284
585225
92416
151321
321489
529984
43264
263169
695556
46225
528529
64009
760384
34225
811801
314721
781456
887364
746496
498436
416025
313600
60025
12321
22201
329476
278784
546121
129600
877969
106276
103684
597529
326041
986049
254016
119025
522729
51529
874225
241081
487204
996004
90000
89401
443556
46225
121104
80089
351649
737881
697225
680625
149769
50625
247009
687241
366025
17161
385641
549081
770884
318096
346921
687241
399424
450241
435600
923521
312481
84100
509796
157609
552049
32041
369664
40804
356409
14884
362404
185761
14641
391876
876096
227529
502681
511225
28224
687241
600625
121801
236196
200704
921600
799236
20164
190969
748225
222784
10816
16641
93636
219961
17956
519841
85264
194481
685584
29584
355216
113569
361201
128164
976144
284089
774400
972196
223729
12544
34225
214369
86436
223729
72900
19881
237169
929296
104976
32400
799236
531441
622521
116964
62001
14161
474721
274576
36100
62500
361201
135424
229441
381924
108900
103684
12321
294849
525625
112896
274576
295936
69169
972196
732736
558009
241081
189225
579121
348100
215296
116964
423801
421201
624100
501264
643204
59049
372100
381924
81225
57121
978121
104329
640000
784996
234256
55696
109561
401956
49729
380689
352836
60025
608400
234256
306916
254016
408321
21609
242064
660969
599076
72361
116964
241081
350464
76729
394384
256036
178929
586756
78961
223729
47089
289444
285156
352836
290521
18769
499849
113569
305809
207936
93636
91809
559504
106929
155236
755161
426409
219961
335241
16641
116964
357604
226576
155236
429025
866761
211600
15376
94864
373321
69169
12321
12769
372100
502681
117649
42436
10000
762129
16641
100489
185761
111556
667489
65536
295936
685584
38416
680625
609961
57121
525625
1000000
293764
73441
495616
119716
41616
23104
264196
698896
83521
705600
859329
226576
275625
75076
228484
866761
488601
502681
201601
354025
128881
384400
22801
952576
495616
374544
925444
440896
570025
788544
326041
619369
401956
309136
736164
114244
197136
556516
324900
553536
264196
178084
264196
636804
19044
30625
603729
534361
708964
93025
664225
227529
543169
700569
396900
84681
147456
336400
293764
300304
105625
80656
22500
565504
103684
133956
644809
133956
228484
270400
122500
731025
767376
512656
304704
76176
938961
49729
323761
13225
484416
93025
253009
549081
855625
640000
60516
19600
781456
77841
162409
87616
47524
255025
247009
100489
242064
414736
579121
450241
19600
10816
576081
249001
221841
147456
915849
469225
62500
42849
521284
606841
114244
33124
576081
204304
108900
571536
131769
222784
299209
379456
200704
302500
364816
227529
300304
11664
400689
26896
280900
120409
294849
75625
577600
399424
367236
46225
962361
186624
175561
657721
23409
263169
106276
191844
112896
32041
330625
508369
178084
465124
915849
12544
381924
935089
60025
434281
247009
36481
988036
261121
11449
950625
278784
419904
10404
994009
902500
568516
180625
101124
483025
193600
50176
70225
58081
872356
199809
577600
664225
693889
708964
163216
65536
43681
42849
870489
238144
162409
438244
70225
421201
541696
474721
191844
24964
538756
17956
267289
49284
894916
440896
919681
913936
826281
264196
278784
622521
378225
425104
29241
330625
330625
741321
824464
469225
215296
693889
259081
919681
734449
179776
163216
61504
614656
33124
40804
683929
19321
69169
990025
515524
88804
23104
194481
210681
463761
99225
343396
855625
207936
765625
299209
76176
1000000
142129
64009
72361
891136
833569
237169
336400
114244
339889
71824
203401
27889
275625
861184
16129
133956
732736
50176
1000000
47961
597529
521284
419904
881721
278784
736164
108900
193600
614656
447561
16384
546121
866761
198916
454276
23409
38416
499849
512656
13456
58564
458329
121104
198916
767376
379456
10201
819025
31329
793881
112225
29929
219961
242064
808201
664225
339889
250000
158404
67081
205209
97969
556516
105625
942841
201601
11025
177241
498436
320356
844561
859329
352836
350464
528529
432964
388129
511225
883600
17161
104976
278784
850084
565504
632025
82944
570025
12769
355216
327184
22500
50176
184900
813604
968256
177241
546121
463761
490000
283024
164025
497025
410881
806404
972196
972196
552049
26896
77841
842724
11449
346921
579121
656100
66049
54756
140625
859329
12100
555025
708964
19881
425104
592900
259081
442225
56644
329476
360000
697225
195364
364816
249001
505521
649636
342225
91809
273529
541696
857476
938961
10609
81796
790321
813604
355216
111556
30625
181476
435600
324900
127449
41209
491401
57600
270400
123904
292681
19881
245025
657721
48841
864900
599076
654481
33856
226576
341056
815409
44944
389376
855625
528529
41209
349281
478864
14400
245025
44100
518400
263169
95481
697225
57600
102400
68644
407044
169744
99856
23716
544644
69169
143641
23716
63001
680625
769129
276676
214369
320356
308025
133956
35721
842724
310249
34225
10201
34969
418609
458329
942841
201601
131044
393129
652864
498436
960400
161604
327184
89401
665856
136900
412164
450241
285156
27556
672400
222784
784996
131044
980100
369664
75076
781456
300304
589824
591361
244036
811801
219024
848241
605284
139876
24025
10404
272484
155236
786769
579121
57121
21609
372100
552049
43681
654481
163216
576081
970225
881721
63001
589824
19881
110889
20736
78961
797449
207936
767376
431649
278784
898704
767376
439569
833569
942841
876096
52900
210681
178084
405769
25921
724201
777924
425104
399424
232324
76729
110224
938961
608400
293764
35344
968256
850084
222784
82944
421201
294849
508369
512656
29241
136161
501264
260100
374544
470596
988036
190096
50625
630436
24649
370881
93025
103041
32761
806404
613089
558009
18225
329476
314721
284089
348100
81796
702244
743044
609961
135424
562500
651249
22500
43264
677329
20449
75076
16900
23716
195364
966289
643204
499849
384400
577600
10201
44100
356409
976144
178929
583696
850084
366025
399424
56644
896809
63001
255025
412164
229441
66564
940900
344569
168921
859329
272484
109561
925444
937024
667489
42025
346921
505521
305809
224676
998001
902500
804609
599076
62500
155236
380689
106276
540225
390625
361201
603729
511225
413449
312481
591361
866761
600625
568516
12996
559504
23716
264196
25600
515524
303601
443556
599076
525625
540225
555025
879844
426409
104976
18496
114244
14641
974169
97969
351649
902500
10609
942841
870489
69696
200704
24964
73441
335241
488601
657721
190969
154449
151321
345744
66049
323761
90601
518400
972196
97969
649636
363609
52900
994009
122500
561001
540225
810000
309136
719104
388129
139129
13225
966289
152100
21316
33489
207025
152881
367236
394384
234256
410881
769129
561001
119025
301401
497025
311364
106929
748225
63504
37249
101124
55696
245025
346921
209764
255025
221841
412164
425104
77284
527076
410881
522729
506944
996004
37636
887364
698896
744769
51984
719104
25600
538756
617796
17161
571536
17424
289444
436921
295936
992016
495616
184041
842724
64009
335241
625681
204304
432964
49284
724201
312481
18225
19321
355216
801025
731025
116281
599076
85849
108241
93025
937024
608400
383161
284089
664225
134689
189225
528529
656100
605284
12769
58564
844561
189225
259081
702244
400689
736164
910116
765625
434281
35721
450241
250000
139129
23409
16900
767376
194481
707281
354025
425104
561001
640000
225625
172225
145924
25281
602176
810000
400689
149769
164836
410881
60516
47961
28561
36481
606841
168921
60516
452929
13456
38809
78961
913936
432964
21025
36481
366025
128164
106929
525625
15625
88209
556516
804609
839056
220900
89401
118336
207936
286225
81225
141376
231361
831744
291600
301401
15376
364816
12996
393129
69696
499849
410881
622521
116281
12996
205209
447561
535824
286225
848241
952576
990025
225625
835396
63001
412164
194481
720801
488601
459684
388129
331776
431649
896809
531441
336400
13456
138384
225625
603729
804609
784996
919681
28561
37636
614656
972196
321489
82369
235225
50176
290521
49284
432964
556516
887364
167281
741321
960400
23409
521284
339889
52900
774400
331776
47524
49729
161604
116964
561001
49729
687241
389376
374544
10000
937024
126736
511225
21316
207025
96100
94249
431649
781456
60025
133956
41209
361201
450241
608400
635209
25281
90601
57121
42436
990025
128164
367236
355216
83521
921600
705600
123201
125316
603729
80089
10201
586756
980100
85264
935089
25921
452929
71289
105625
844561
36481
178084
31684
65536
438244
632025
561001
927369
824464
109561
50176
91809
13689
334084
331776
535824
77841
329476
806404
16641
674041
549081
116281
77841
47524
145924
419904
199809
226576
927369
462400
824464
471969
41209
555025
66049
163216
44944
38416
190969
992016
253009
831744
404496
47961
755161
240100
101124
137641
456976
622521
18769
128881
321489
398161
194481
52900
831744
99225
367236
687241
330625
64009
174724
564001
228484
558009
715716
43681
813604
474721
133956
36100
286225
10000
256036
85849
877969
351649
14400
485809
670761
350464
954529
326041
186624
114244
18496
271441
28561
265225
753424
751689
258064
603729
348100
266256
22801
148225
555025
230400
305809
944784
157609
247009
148996
567009
164025
851929
622521
15129
30976
217156
970225
697225
246016
159201
490000
657721
737881
674041
741321
13456
950625
112225
147456
498436
338724
91809
12769
268324
206116
518400
418609
608400
192721
693889
213444
13924
163216
56644
107584
42436
56169
148996
134689
67600
29584
156025
244036
173056
329476
50625
434281
546121
776161
822649
968256
10609
19321
230400
184041
130321
153664
136161
432964
876096
298116
202500
589824
202500
142884
13225
66564
148225
54756
561001
106929
488601
815409
10609
149769
220900
960400
259081
180625
123201
448900
11025
297025
181476
306916
187489
16641
337561
466489
436921
57600
53824
299209
946729
848241
714025
388129
173889
970225
23409
319225
44100
423801
395641
466489
87025
47089
28561
535824
368449
84100
326041
389376
978121
641601
293764
289444
189225
144400
450241
110889
195364
229441
60025
896809
654481
431649
194481
94864
12321
110889
717409
859329
51529
66564
50176
648025
741321
227529
656100
994009
303601
116964
698896
23409
76729
312481
314721
327184
490000
274576
25600
47089
344569
23716
611524
131769
58081
133956
685584
762129
561001
693889
292681
414736
230400
52441
47524
82944
277729
126736
204304
26896
379456
960400
687241
80089
48841
819025
641601
819025
431649
263169
893025
552049
904401
184900
702244
822649
427716
839056
531441
502681
84681
399424
130321
179776
94249
59536
84681
182329
330625
519841
10816
182329
648025
91809
65536
372100
543169
40401
38025
248004
467856
58081
927369
21316
982081
889249
42849
108900
339889
14884
148996
442225
171396
746496
67081
206116
80089
177241
543169
504100
937024
228484
65536
45369
17689
18769
751689
82369
638401
49284
65536
342225
283024
497025
43681
34596
565504
695556
741321
877969
189225
497025
690561
389376
44944
331776
233289
380689
157609
135424
481636
722500
126736
101124
314721
659344
632025
87616
414736
18225
245025
69169
422500
354025
416025
73441
613089
150544
559504
220900
270400
162409
156816
96721
837225
308025
247009
101124
88804
580644
641601
185761
375769
192721
108900
160801
688900
641601
108241
90601
36481
91809
299209
298116
72900
950625
804609
98596
582169
104329
52900
215296
54289
45796
774400
863041
644809
797449
412164
474721
82944
288369
61504
786769
112896
27225
80656
58081
528529
605284
153664
16129
45369
53824
675684
270400
249001
51529
24025
714025
17956
116281
13924
556516
570025
18496
184041
156816
281961
674041
38809
328329
538756
51076
76729
10609
915849
739600
978121
285156
863041
300304
944784
242064
223729
844561
64009
149769
322624
599076
276676
235225
196249
36864
396900
211600
68121
646416
978121
194481
281961
11025
241081
294849
252004
23409
870489
47089
388129
128881
288369
230400
850084
61504
544644
96100
27556
436921
241081
896809
403225
295936
338724
312481
379456
732736
864900
118336
318096
418609
246016
187489
564001
680625
776161
549081
26896
817216
206116
478864
292681
833569
896809
162409
799236
591361
167281
466489
368449
97344
664225
63001
579121
160000
619369
42849
80656
685584
152100
157609
306916
693889
90601
842724
717409
352836
207936
70225
246016
938961
512656
203401
670761
538756
418609
633616
435600
152881
45796
342225
252004
168921
154449
86436
388129
102400
12544
23409
480249
495616
923521
640000
321489
205209
214369
329476
390625
996004
793881
210681
641601
616225
160801
345744
32041
790321
11236
205209
896809
153664
205209
452929
113569
202500
348100
413449
21904
561001
535824
552049
753424
776161
620944
334084
52441
467856
102400
281961
451584
50176
966289
224676
277729
879844
640000
70756
565504
35344
339889
672400
525625
753424
72900
806404
893025
85264
848241
85264
724201
391876
952576
195364
432964
258064
708964
813604
160801
15129
386884
116281
290521
106276
980100
53361
846400
756900
617796
29929
473344
23104
14884
416025
182329
278784
62500
697225
687241
792100
602176
20449
56644
21904
161604
53824
267289
176400
322624
494209
719104
258064
278784
71824
17689
97969
82944
401956
105625
121104
324900
63001
665856
720801
756900
360000
22201
94864
75625
73441
233289
826281
508369
291600
401956
36481
697225
284089
265225
73984
508369
492804
346921
16129
13456
268324
53361
467856
269361
737881
18496
197136
643204
848241
201601
29929
555025
358801
324900
815409
316969
839056
842724
91204
194481
28224
184900
13924
215296
393129
294849
857476
61504
362404
275625
786769
22500
190096
358801
14400
605284
395641
516961
499849
767376
341056
559504
237169
567009
336400
942841
266256
857476
960400
207936
209764
43264
546121
1000000
654481
725904
470596
717409
442225
295936
23104
134689
20449
238144
355216
669124
145161
767376
874225
562500
207936
294849
864900
394384
690561
54289
71824
194481
127449
543169
810000
779689
42436
278784
298116
529984
200704
47961
28561
23104
962361
288369
243049
31684
25921
363609
491401
304704
495616
524176
107584
175561
440896
521284
495616
380689
625681
88804
168100
128164
336400
134689
678976
29241
35344
582169
112225
617796
34969
409600
101761
797449
195364
16641
53824
278784
381924
13225
467856
767376
595984
600625
432964
275625
15129
682276
133225
682276
788544
546121
885481
38416
148996
28900
620944
400689
386884
534361
649636
31329
408321
933156
790321
534361
75076
350464
12100
466489
731025
168921
978121
24336
214369
166464
465124
188356
667489
316969
86436
283024
665856
495616
879844
124609
783225
15129
63001
76729
117649
217156
39204
518400
619369
164836
804609
170569
355216
494209
395641
682276
160000
443556
362404
105625
28224
389376
23716
84681
293764
828100
84681
783225
82944
38416
36864
43681
35721
758641
357604
16900
355216
38416
638401
121104
725904
123201
151321
73984
583696
512656
381924
274576
50625
802816
743044
824464
176400
257049
815409
121801
606841
187489
30625
70225
285156
207025
147456
229441
439569
485809
101124
94249
165649
839056
110889
502681
119025
948676
21904
155236
164025
53824
128881
423801
351649
27225
748225
254016
246016
960400
330625
45369
480249
579121
670761
680625
466489
80089
436921
611524
588289
133956
280900
181476
506944
935089
443556
192721
269361
152881
327184
56644
879844
421201
456976
946729
407044
321489
826281
407044
85264
497025
80089
245025
427716
799236
127449
106276
59049
36864
189225
748225
678976
171396
556516
391876
72900
318096
364816
488601
379456
784996
564001
727609
859329
447561
358801
214369
767376
322624
490000
767376
505521
145924
29241
737881
100489
870489
345744
65025
44100
284089
64516
491401
729316
197136
73984
94249
776161
54289
540225
966289
146689
364816
243049
620944
727609
25921
218089
204304
213444
24649
23409
71289
599076
184041
783225
466489
609961
229441
535824
524176
866761
112896
462400
725904
797449
756900
583696
900601
249001
12544
201601
685584
91809
185761
797449
927369
31684
19881
660969
494209
244036
212521
147456
173056
896809
90601
322624
835396
302500
298116
417316
290521
529984
351649
613089
16129
540225
52441
478864
350464
108241
432964
40804
191844
162409
101761
935089
265225
605284
743044
727609
824464
423801
552049
61009
697225
624100
113569
521284
527076
275625
632025
96100
227529
139129
290521
546121
874225
57121
120409
850084
146689
45369
42025
84100
992016
200704
14400
853776
90000
314721
552049
887364
148225
43264
665856
538756
180625
605284
21025
219024
476100
11025
100489
767376
55696
15625
264196
128164
139876
400689
960400
84100
19881
394384
67600
17689
423801
868624
335241
110224
417316
47524
174724
336400
879844
546121
952576
466489
677329
633616
18769
968256
511225
232324
933156
80089
776161
434281
819025
329476
720801
391876
819025
172225
124609
917764
27889
583696
123904
96721
161604
529984
272484
714025
483025
319225
81796
114921
141376
46656
910116
904401
13689
442225
819025
250000
261121
26896
184900
465124
123904
156025
136161
14400
24025
39204
719104
636804
18496
146689
455625
73984
140625
141376
187489
373321
749956
107584
519841
586756
313600
248004
145924
335241
16641
549081
613089
12544
251001
829921
345744
40804
519841
14161
81225
284089
181476
644809
147456
944784
857476
501264
65025
863041
152881
15625
18496
541696
40804
478864
32400
119716
27225
687241
898704
162409
641601
675684
131044
47961
16384
17689
556516
729316
659344
239121
19044
451584
145924
85264
469225
739600
41209
436921
692224
295936
471969
712336
303601
172225
571536
390625
238144
432964
42025
190096
158404
603729
198025
36481
736164
19600
483025
132496
632025
705600
242064
383161
174724
256036
302500
611524
145161
11664
10201
327184
972196
980100
20449
81796
244036
418609
429025
442225
20164
64009
408321
543169
549081
231361
211600
942841
898704
366025
189225
62500
20736
299209
512656
692224
153664
211600
765625
29584
376996
257049
898704
266256
78961
285156
391876
214369
502681
881721
187489
972196
86436
50176
104329
908209
594441
119025
230400
640000
299209
580644
760384
842724
285156
251001
425104
172225
128164
887364
61504
212521
144400
262144
217156
770884
770884
318096
900601
381924
77284
51076
303601
144400
988036
857476
844561
399424
16641
129600
751689
396900
567009
349281
186624
558009
58081
11881
310249
48841
425104
60516
343396
93636
111556
260100
833569
885481
316969
109561
672400
432964
159201
777924
942841
331776
582169
649636
160801
396900
225625
765625
88209
636804
187489
414736
17689
56644
123201
300304
741321
34225
935089
652864
30976
255025
52900
358801
10000
45796
591361
224676
14884
66049
846400
171396
680625
589824
556516
908209
257049
97344
900601
894916
919681
485809
688900
16900
516961
646416
107584
106929
108241
170569
328329
16900
363609
35344
319225
329476
758641
996004
115600
804609
725904
14161
37249
135424
412164
238144
67600
123201
547600
156816
121801
73441
190969
372100
190969
195364
831744
190096
318096
491401
447561
74529
68121
181476
431649
400689
217156
703921
712336
935089
23104
611524
31684
15129
10609
145161
144400
73441
314721
275625
280900
358801
416025
984064
628849
254016
351649
720801
25921
84681
138384
702244
98596
12321
552049
543169
874225
308025
358801
577600
10816
366025
748225
109561
174724
683929
480249
27889
63001
844561
583696
212521
173056
90000
734449
17161
329476
88804
221841
25600
652864
155236
564001
54756
116964
906304
190096
937024
326041
87025
246016
777924
952576
469225
186624
26244
221841
434281
942841
20449
826281
183184
121104
116281
725904
988036
319225
21316
727609
646416
64516
509796
290521
174724
50176
495616
352836
480249
83521
659344
43681
758641
902500
207936
48400
908209
820836
409600
11664
18496
434281
49284
244036
178929
171396
940900
38809
703921
50625
149769
674041
366025
125316
54289
921600
519841
506944
142884
15625
54756
481636
165649
23409
868624
461041
109561
974169
851929
588289
374544
276676
954529
261121
103684
12544
228484
802816
467856
27225
131044
405769
179776
267289
123201
443556
104976
63001
693889
104329
19600
743044
291600
17424
811801
874225
337561
16129
51076
652864
30976
92416
611524
77284
455625
63001
553536
996004
148996
195364
148225
33489
846400
260100
305809
143641
276676
15876
980100
28224
682276
114921
452929
302500
10201
864900
372100
40401
82944
968256
71824
65536
559504
84681
176400
876096
186624
401956
751689
72361
64516
769129
792100
96721
146689
177241
187489
693889
62500
674041
287296
306916
62500
708964
206116
724201
609961
57121
216225
65025
492804
374544
102400
613089
958441
278784
12769
43681
537289
90000
196249
197136
51984
986049
58081
246016
432964
40804
19044
483025
189225
143641
857476
152100
13924
720801
14161
859329
293764
22201
204304
564001
522729
682276
135424
492804
471969
477481
147456
334084
652864
31684
10000
41209
203401
40000
659344
279841
189225
19600
833569
470596
678976
917764
16641
131044
398161
553536
352836
308025
187489
883600
518400
937024
628849
665856
332929
56644
505521
664225
30276
103041
164836
952576
968256
108241
314721
271441
881721
42436
896809
16129
342225
262144
75625
45369
851929
264196
648025
302500
38416
51984
166464
795664
320356
73984
529984
23104
391876
11664
122500
828100
609961
196249
992016
63001
53824
404496
131769
737881
10404
88804
665856
140625
592900
152100
112225
178929
1000000
996004
492804
131044
970225
717409
86436
241081
128164
829921
439569
786769
36100
879844
10816
876096
88209
720801
792100
857476
833569
188356
784996
112225
150544
702244
725904
297025
609961
529984
876096
648025
753424
583696
139129
15876
984064
236196
153664
846400
927369
705600
321489
866761
199809
260100
644809
458329
894916
568516
197136
268324
216225
13689
419904
677329
508369
210681
18769
22801
915849
99225
894916
574564
802816
310249
126025
173056
49729
50176
898704
609961
52900
680625
944784
184900
570025
84100
898704
229441
868624
60025
112225
57121
65025
23409
250000
113569
712336
982081
62500
491401
49284
678976
992016
477481
962361
65025
135424
74529
13225
315844
447561
341056
574564
504100
116281
336400
20736
35344
337561
839056
183184
196249
83521
161604
10816
585225
68121
265225
342225
112896
518400
19600
221841
83521
209764
988036
243049
177241
783225
345744
842724
456976
438244
147456
408321
21025
210681
85264
178084
336400
568516
624100
301401
230400
900601
19881
376996
446224
156816
195364
797449
935089
781456
179776
51076
702244
17424
102400
213444
370881
872356
121104
214369
751689
127449
29929
203401
438244
321489
288369
346921
544644
512656
210681
80656
811801
226576
702244
344569
683929
24336
213444
210681
88209
179776
682276
228484
304704
962361
258064
427716
399424
185761
33124
54289
804609
16129
54289
760384
157609
343396
820836
324900
80089
364816
108241
889249
42849
264196
543169
522729
712336
348100
702244
257049
168921
736164
553536
128881
45369
506944
201601
589824
168921
950625
216225
11449
71289
863041
13689
123201
80656
432964
505521
251001
355216
435600
156025
944784
470596
367236
356409
996004
956484
929296
381924
168100
152881
61009
240100
41616
693889
525625
326041
23409
222784
683929
132496
360000
494209
70756
131044
436921
950625
76176
212521
588289
259081
170569
101761
142129
48400
336400
176400
99856
273529
452929
289444
287296
337561
558009
519841
863041
501264
624100
196249
693889
356409
378225
439569
608400
481636
540225
342225
131769
162409
194481
22500
24964
633616
687241
26569
477481
988036
59536
837225
179776
23409
509796
106929
45369
429025
664225
55225
512656
145161
145161
57600
670761
260100
538756
113569
619369
217156
180625
350464
152100
76729
808201
239121
161604
792100
89401
410881
281961
534361
793881
15129
24649
23716
70756
71824
535824
499849
38809
779689
132496
968256
40000
380689
230400
29584
158404
13924
140625
801025
328329
93636
613089
182329
405769
16641
308025
776161
935089
687241
33489
116964
956484
339889
314721
253009
552049
568516
935089
494209
278784
564001
131769
155236
128164
893025
344569
522729
435600
90601
47089
695556
514089
448900
341056
278784
434281
1000000
483025
233289
14641
210681
512656
487204
132496
29241
921600
221841
622521
996004
76729
630436
705600
191844
99856
389376
277729
558009
81225
121801
56644
196249
22801
725904
114244
33856
804609
835396
74529
45369
262144
51984
950625
937024
26569
85849
237169
660969
648025
467856
27889
12996
166464
334084
962361
181476
300304
54756
299209
292681
1000000
485809
11881
456976
573049
207936
223729
186624
81796
522729
321489
908209
56644
567009
250000
294849
47961
86436
303601
412164
15129
384400
583696
900601
980100
595984
179776
24336
762129
992016
456976
329476
470596
56169
790321
443556
521284
390625
451584
779689
143641
61009
299209
119025
23716
559504
241081
651249
363609
241081
375769
10609
308025
53824
50625
61009
412164
145161
820836
952576
611524
21316
396900
672400
226576
38025
518400
559504
769129
442225
16641
494209
196249
646416
103684
313600
306916
134689
70225
164025
912025
46225
976144
184900
788544
465124
316969
518400
719104
318096
350464
29241
133956
21904
29241
944784
549081
864900
43264
96100
116281
189225
327184
588289
844561
777924
248004
485809
617796
283024
96721
267289
191844
760384
403225
73441
806404
324900
622521
211600
51984
732736
132496
205209
447561
23409
59049
142884
189225
790321
996004
591361
685584
103684
450241
866761
136161
388129
295936
20736
552049
948676
81225
64516
91204
180625
34596
28900
968256
758641
398161
870489
649636
290521
861184
358801
889249
427716
519841
164836
164025
683929
80656
515524
27889
158404
515524
210681
966289
81796
846400
26244
172225
815409
373321
166464
12544
305809
636804
196249
574564
11664
53361
276676
24964
662596
314721
913936
175561
213444
41616
14161
186624
146689
93636
863041
376996
484416
120409
137641
330625
583696
815409
487204
322624
212521
192721
246016
960400
425104
881721
405769
24649
469225
842724
283024
531441
134689
60025
272484
524176
748225
86436
74529
813604
898704
29241
731025
729316
628849
404496
88804
169744
144400
543169
833569
169744
644809
13689
956484
18496
481636
915849
404496
471969
110889
197136
59536
741321
384400
32761
332929
72361
788544
67081
198025
28561
245025
213444
383161
550564
772641
90000
40000
164836
418609
332929
200704
680625
529984
78961
258064
367236
863041
698896
799236
588289
11449
30276
104329
245025
405769
287296
100489
356409
565504
17956
13689
267289
87616
613089
866761
423801
16384
97969
44944
774400
635209
810000
19321
508369
300304
231361
33124
855625
169744
355216
63001
292681
313600
900601
685584
103041
311364
543169
870489
833569
27225
91204
82944
51529
360000
861184
157609
412164
29241
260100
627264
128164
294849
665856
10609
104976
29241
412164
11881
659344
104329
327184
332929
808201
822649
722500
665856
21316
688900
135424
130321
322624
182329
34596
11664
178929
370881
169744
826281
12996
349281
106276
996004
60516
466489
56169
51529
769129
295936
591361
49284
638401
274576
13456
35721
319225
17956
66564
93025
102400
678976
358801
48400
774400
471969
474721
940900
28561
339889
337561
287296
772641
822649
811801
217156
259081
552049
446224
133956
329476
667489
300304
106276
34969
369664
145924
362404
622521
86436
714025
17956
301401
101124
715716
48841
247009
384400
628849
135424
447561
201601
826281
86436
219024
24025
59049
277729
535824
56644
48841
380689
984064
22500
88804
727609
309136
207936
552049
385641
405769
149769
343396
462400
108900
404496
109561
855625
139129
538756
38025
177241
183184
594441
848241
743044
996004
972196
343396
73441
964324
11881
228484
182329
43681
532900
304704
38809
558009
362404
508369
329476
16129
277729
495616
908209
240100
831744
358801
28224
375769
651249
177241
399424
17956
160000
10609
10000
762129
870489
1
8
27
64
125
216
343
512
729
1000
1331
1728
2197
2744
3375
4096
4913
5832
6859
8000
9261
10648
12167
13824
15625
17576
19683
21952
24389
27000
29791
32768
35937
39304
42875
46656
50653
54872
59319
64000
68921
74088
79507
85184
91125
97336
103823
110592
117649
125000
132651
140608
148877
157464
166375
175616
185193
195112
205379
216000
226981
238328
250047
262144
274625
287496
300763
314432
328509
343000
357911
373248
389017
405224
421875
438976
456533
474552
493039
512000
531441
551368
571787
592704
614125
636056
658503
681472
704969
729000
753571
778688
804357
830584
857375
884736
912673
941192
970299
1000000
1030301
1061208
1092727
1124864
1157625
1191016
1225043
1259712
1295029
1331000
1367631
1404928
1442897
1481544
1520875
1560896
1601613
1643032
1685159
1728000
1771561
1815848
1860867
1906624
1953125
2000376
2048383
2097152
2146689
2197000
2248091
2299968
2352637
2406104
2460375
2515456
2571353
2628072
2685619
2744000
2803221
2863288
2924207
2985984
3048625
3112136
3176523
3241792
3307949
3375000
3442951
3511808
3581577
3652264
3723875
3796416
3869893
3944312
4019679
4096000
4173281
4251528
4330747
4410944
4492125
4574296
4657463
4741632
4826809
4913000
5000211
5088448
5177717
5268024
5359375
5451776
5545233
5639752
5735339
5832000
5929741
6028568
6128487
6229504
6331625
6434856
6539203
6644672
6751269
6859000
6967871
7077888
7189057
7301384
7414875
7529536
7645373
7762392
7880599
8000000
8120601
8242408
8365427
8489664
8615125
8741816
8869743
8998912
9129329
9261000
9393931
9528128
9663597
9800344
9938375
10077696
10218313
10360232
10503459
10648000
10793861
10941048
11089567
11239424
11390625
11543176
11697083
11852352
12008989
12167000
12326391
12487168
12649337
12812904
12977875
13144256
13312053
13481272
13651919
13824000
13997521
14172488
14348907
14526784
14706125
14886936
15069223
15252992
15438249
15625000
15813251
16003008
16194277
16387064
16581375
16777216
16974593
17173512
17373979
17576000
17779581
17984728
18191447
18399744
18609625
18821096
19034163
19248832
19465109
19683000
19902511
20123648
20346417
20570824
20796875
21024576
21253933
21484952
21717639
21952000
22188041
22425768
22665187
22906304
23149125
23393656
23639903
23887872
24137569
24389000
24642171
24897088
25153757
25412184
25672375
25934336
26198073
26463592
26730899
27000000
27270901
27543608
27818127
28094464
28372625
28652616
28934443
29218112
29503629
29791000
30080231
30371328
30664297
30959144
31255875
31554496
31855013
32157432
32461759
32768000
33076161
33386248
33698267
34012224
34328125
34645976
34965783
35287552
35611289
35937000
36264691
36594368
36926037
37259704
37595375
37933056
38272753
38614472
38958219
39304000
39651821
40001688
40353607
40707584
41063625
41421736
41781923
42144192
42508549
42875000
43243551
43614208
43986977
44361864
44738875
45118016
45499293
45882712
46268279
46656000
47045881
47437928
47832147
48228544
48627125
49027896
49430863
49836032
50243409
50653000
51064811
51478848
51895117
52313624
52734375
53157376
53582633
54010152
54439939
54872000
55306341
55742968
56181887
56623104
57066625
57512456
57960603
58411072
58863869
59319000
59776471
60236288
60698457
61162984
61629875
62099136
62570773
63044792
63521199
64000000
64481201
64964808
65450827
65939264
66430125
66923416
67419143
67917312
68417929
68921000
69426531
69934528
70444997
70957944
71473375
71991296
72511713
73034632
73560059
74088000
74618461
75151448
75686967
76225024
76765625
77308776
77854483
78402752
78953589
79507000
80062991
80621568
81182737
81746504
82312875
82881856
83453453
84027672
84604519
85184000
85766121
86350888
86938307
87528384
88121125
88716536
89314623
89915392
90518849
91125000
91733851
92345408
92959677
93576664
94196375
94818816
95443993
96071912
96702579
97336000
97972181
98611128
99252847
99897344
100544625
101194696
101847563
102503232
103161709
103823000
104487111
105154048
105823817
106496424
107171875
107850176
108531333
109215352
109902239
110592000
111284641
111980168
112678587
113379904
114084125
114791256
115501303
116214272
116930169
117649000
118370771
119095488
119823157
120553784
121287375
122023936
122763473
123505992
124251499
125000000
125751501
126506008
127263527
128024064
128787625
129554216
130323843
131096512
131872229
132651000
133432831
134217728
135005697
135796744
136590875
137388096
138188413
138991832
139798359
140608000
141420761
142236648
143055667
143877824
144703125
145531576
146363183
147197952
148035889
148877000
149721291
150568768
151419437
152273304
153130375
153990656
154854153
155720872
156590819
157464000
158340421
159220088
160103007
160989184
161878625
162771336
163667323
164566592
165469149
166375000
167284151
168196608
169112377
170031464
170953875
171879616
172808693
173741112
174676879
175616000
176558481
177504328
178453547
179406144
180362125
181321496
182284263
183250432
184220009
185193000
186169411
187149248
188132517
189119224
190109375
191102976
192100033
193100552
194104539
195112000
196122941
197137368
198155287
199176704
200201625
201230056
202262003
203297472
204336469
205379000
206425071
207474688
208527857
209584584
210644875
211708736
212776173
213847192
214921799
216000000
217081801
218167208
219256227
220348864
221445125
222545016
223648543
224755712
225866529
226981000
228099131
229220928
230346397
231475544
232608375
233744896
234885113
236029032
237176659
238328000
239483061
240641848
241804367
242970624
244140625
245314376
246491883
247673152
248858189
250047000
251239591
252435968
253636137
254840104
256047875
257259456
258474853
259694072
260917119
262144000
263374721
264609288
265847707
267089984
268336125
269586136
270840023
272097792
273359449
274625000
275894451
277167808
278445077
279726264
281011375
282300416
283593393
284890312
286191179
287496000
288804781
290117528
291434247
292754944
294079625
295408296
296740963
298077632
299418309
300763000
302111711
303464448
304821217
306182024
307546875
308915776
310288733
311665752
313046839
314432000
315821241
317214568
318611987
320013504
321419125
322828856
324242703
325660672
327082769
328509000
329939371
331373888
332812557
334255384
335702375
337153536
338608873
340068392
341532099
343000000
344472101
345948408
347428927
348913664
350402625
351895816
353393243
354894912
356400829
357911000
359425431
360944128
362467097
363994344
365525875
367061696
368601813
370146232
371694959
373248000
374805361
376367048
377933067
379503424
381078125
382657176
384240583
385828352
387420489
389017000
390617891
392223168
393832837
395446904
397065375
398688256
400315553
401947272
403583419
405224000
406869021
408518488
410172407
411830784
413493625
415160936
416832723
418508992
420189749
421875000
423564751
425259008
426957777
428661064
430368875
432081216
433798093
435519512
437245479
438976000
440711081
442450728
444194947
445943744
447697125
449455096
451217663
452984832
454756609
456533000
458314011
460099648
461889917
463684824
465484375
467288576
469097433
470910952
472729139
474552000
476379541
478211768
480048687
481890304
483736625
485587656
487443403
489303872
491169069
493039000
494913671
496793088
498677257
500566184
502459875
504358336
506261573
508169592
510082399
512000000
513922401
515849608
517781627
519718464
521660125
523606616
525557943
527514112
529475129
531441000
533411731
535387328
537367797
539353144
541343375
543338496
545338513
547343432
549353259
551368000
553387661
555412248
557441767
559476224
561515625
563559976
565609283
567663552
569722789
571787000
573856191
575930368
578009537
580093704
582182875
584277056
586376253
588480472
590589719
592704000
594823321
596947688
599077107
601211584
603351125
605495736
607645423
609800192
611960049
614125000
616295051
618470208
620650477
622835864
625026375
627222016
629422793
631628712
633839779
636056000
638277381
640503928
642735647
644972544
647214625
649461896
651714363
653972032
656234909
658503000
660776311
663054848
665338617
667627624
669921875
672221376
674526133
676836152
679151439
681472000
683797841
686128968
688465387
690807104
693154125
695506456
697864103
700227072
702595369
704969000
707347971
709732288
712121957
714516984
716917375
719323136
721734273
724150792
726572699
729000000
731432701
733870808
736314327
738763264
741217625
743677416
746142643
748613312
751089429
753571000
756058031
758550528
761048497
763551944
766060875
768575296
771095213
773620632
776151559
778688000
781229961
783777448
786330467
788889024
791453125
794022776
796597983
799178752
801765089
804357000
806954491
809557568
812166237
814780504
817400375
820025856
822656953
825293672
827936019
830584000
833237621
835896888
838561807
841232384
843908625
846590536
849278123
851971392
854670349
857375000
860085351
862801408
865523177
868250664
870983875
873722816
876467493
879217912
881974079
884736000
887503681
890277128
893056347
895841344
898632125
901428696
904231063
907039232
909853209
912673000
915498611
918330048
921167317
924010424
926859375
929714176
932574833
935441352
938313739
941192000
944076141
946966168
949862087
952763904
955671625
958585256
961504803
964430272
967361669
970299000
973242271
976191488
979146657
982107784
985074875
988047936
991026973
994011992
997002999
1000000000
1003003001
1006012008
1009027027
1012048064
1015075125
1018108216
1021147343
1024192512
1027243729
1030301000
1033364331
1036433728
1039509197
1042590744
1045678375
1048772096
1051871913
1054977832
1058089859
1061208000
1064332261
1067462648
1070599167
1073741824
1076890625
1080045576
1083206683
1086373952
1089547389
1092727000
1095912791
1099104768
1102302937
1105507304
1108717875
1111934656
1115157653
1118386872
1121622319
1124864000
1128111921
1131366088
1134626507
1137893184
1141166125
1144445336
1147730823
1151022592
1154320649
1157625000
1160935651
1164252608
1167575877
1170905464
1174241375
1177583616
1180932193
1184287112
1187648379
1191016000
1194389981
1197770328
1201157047
1204550144
1207949625
1211355496
1214767763
1218186432
1221611509
1225043000
1228480911
1231925248
1235376017
1238833224
1242296875
1245766976
1249243533
1252726552
1256216039
1259712000
1263214441
1266723368
1270238787
1273760704
1277289125
1280824056
1284365503
1287913472
1291467969
1295029000
1298596571
1302170688
1305751357
1309338584
1312932375
1316532736
1320139673
1323753192
1327373299
1331000000
1334633301
1338273208
1341919727
1345572864
1349232625
1352899016
1356572043
1360251712
1363938029
1367631000
1371330631
1375036928
1378749897
1382469544
1386195875
1389928896
1393668613
1397415032
1401168159
1404928000
1408694561
1412467848
1416247867
1420034624
1423828125
1427628376
1431435383
1435249152
1439069689
1442897000
1446731091
1450571968
1454419637
1458274104
1462135375
1466003456
1469878353
1473760072
1477648619
1481544000
1485446221
1489355288
1493271207
1497193984
1501123625
1505060136
1509003523
1512953792
1516910949
1520875000
1524845951
1528823808
1532808577
1536800264
1540798875
1544804416
1548816893
1552836312
1556862679
1560896000
1564936281
1568983528
1573037747
1577098944
1581167125
1585242296
1589324463
1593413632
1597509809
1601613000
1605723211
1609840448
1613964717
1618096024
1622234375
1626379776
1630532233
1634691752
1638858339
1643032000
1647212741
1651400568
1655595487
1659797504
1664006625
1668222856
1672446203
1676676672
1680914269
1685159000
1689410871
1693669888
1697936057
1702209384
1706489875
1710777536
1715072373
1719374392
1723683599
1728000000
1732323601
1736654408
1740992427
1745337664
1749690125
1754049816
1758416743
1762790912
1767172329
1771561000
1775956931
1780360128
1784770597
1789188344
1793613375
1798045696
1802485313
1806932232
1811386459
1815848000
1820316861
1824793048
1829276567
1833767424
1838265625
1842771176
1847284083
1851804352
1856331989
1860867000
1865409391
1869959168
1874516337
1879080904
1883652875
1888232256
1892819053
1897413272
1902014919
1906624000
1911240521
1915864488
1920495907
1925134784
1929781125
1934434936
1939096223
1943764992
1948441249
1953125000
1957816251
1962515008
1967221277
1971935064
1976656375
1981385216
1986121593
1990865512
1995616979
2000376000
2005142581
2009916728
2014698447
2019487744
2024284625
2029089096
2033901163
2038720832
2043548109
2048383000
2053225511
2058075648
2062933417
2067798824
2072671875
2077552576
2082440933
2087336952
2092240639
2097152000
2102071041
2106997768
2111932187
2116874304
2121824125
2126781656
2131746903
2136719872
2141700569
2146689000
2151685171
2156689088
2161700757
2166720184
2171747375
2176782336
2181825073
2186875592
2191933899
2197000000
2202073901
2207155608
2212245127
2217342464
2222447625
2227560616
2232681443
2237810112
2242946629
2248091000
2253243231
2258403328
2263571297
2268747144
2273930875
2279122496
2284322013
2289529432
2294744759
2299968000
2305199161
2310438248
2315685267
2320940224
2326203125
2331473976
2336752783
2342039552
2347334289
2352637000
2357947691
2363266368
2368593037
2373927704
2379270375
2384621056
2389979753
2395346472
2400721219
2406104000
2411494821
2416893688
2422300607
2427715584
2433138625
2438569736
2444008923
2449456192
2454911549
2460375000
2465846551
2471326208
2476813977
2482309864
2487813875
2493326016
2498846293
2504374712
2509911279
2515456000
2521008881
2526569928
2532139147
2537716544
2543302125
2548895896
2554497863
2560108032
2565726409
2571353000
2576987811
2582630848
2588282117
2593941624
2599609375
2605285376
2610969633
2616662152
2622362939
2628072000
2633789341
2639514968
2645248887
2650991104
2656741625
2662500456
2668267603
2674043072
2679826869
2685619000
2691419471
2697228288
2703045457
2708870984
2714704875
2720547136
2726397773
2732256792
2738124199
2744000000
2749884201
2755776808
2761677827
2767587264
2773505125
2779431416
2785366143
2791309312
2797260929
2803221000
2809189531
2815166528
2821151997
2827145944
2833148375
2839159296
2845178713
2851206632
2857243059
2863288000
2869341461
2875403448
2881473967
2887553024
2893640625
2899736776
2905841483
2911954752
2918076589
2924207000
2930345991
2936493568
2942649737
2948814504
2954987875
2961169856
2967360453
2973559672
2979767519
2985984000
2992209121
2998442888
3004685307
3010936384
3017196125
3023464536
3029741623
3036027392
3042321849
3048625000
3054936851
3061257408
3067586677
3073924664
3080271375
3086626816
3092990993
3099363912
3105745579
3112136000
3118535181
3124943128
3131359847
3137785344
3144219625
3150662696
3157114563
3163575232
3170044709
3176523000
3183010111
3189506048
3196010817
3202524424
3209046875
3215578176
3222118333
3228667352
3235225239
3241792000
3248367641
3254952168
3261545587
3268147904
3274759125
3281379256
3288008303
3294646272
3301293169
3307949000
3314613771
3321287488
3327970157
3334661784
3341362375
3348071936
3354790473
3361517992
3368254499
3375000000
3381754501
3388518008
3395290527
3402072064
3408862625
3415662216
3422470843
3429288512
3436115229
3442951000
3449795831
3456649728
3463512697
3470384744
3477265875
3484156096
3491055413
3497963832
3504881359
3511808000
3518743761
3525688648
3532642667
3539605824
3546578125
3553559576
3560550183
3567549952
3574558889
3581577000
3588604291
3595640768
3602686437
3609741304
3616805375
3623878656
3630961153
3638052872
3645153819
3652264000
3659383421
3666512088
3673650007
3680797184
3687953625
3695119336
3702294323
3709478592
3716672149
3723875000
3731087151
3738308608
3745539377
3752779464
3760028875
3767287616
3774555693
3781833112
3789119879
3796416000
3803721481
3811036328
3818360547
3825694144
3833037125
3840389496
3847751263
3855122432
3862503009
3869893000
3877292411
3884701248
3892119517
3899547224
3906984375
3914430976
3921887033
3929352552
3936827539
3944312000
3951805941
3959309368
3966822287
3974344704
3981876625
3989418056
3996969003
4004529472
4012099469
4019679000
4027268071
4034866688
4042474857
4050092584
4057719875
4065356736
4073003173
4080659192
4088324799
4096000000
4103684801
4111379208
4119083227
4126796864
4134520125
4142253016
4149995543
4157747712
4165509529
4173281000
4181062131
4188852928
4196653397
4204463544
4212283375
4220112896
4227952113
4235801032
4243659659
4251528000
4259406061
4267293848
4275191367
4283098624
4291015625
4298942376
4306878883
4314825152
4322781189
4330747000
4338722591
4346707968
4354703137
4362708104
4370722875
4378747456
4386781853
4394826072
4402880119
4410944000
4419017721
4427101288
4435194707
4443297984
4451411125
4459534136
4467667023
4475809792
4483962449
4492125000
4500297451
4508479808
4516672077
4524874264
4533086375
4541308416
4549540393
4557782312
4566034179
4574296000
4582567781
4590849528
4599141247
4607442944
4615754625
4624076296
4632407963
4640749632
4649101309
4657463000
4665834711
4674216448
4682608217
4691010024
4699421875
4707843776
4716275733
4724717752
4733169839
4741632000
4750104241
4758586568
4767078987
4775581504
4784094125
4792616856
4801149703
4809692672
4818245769
4826809000
4835382371
4843965888
4852559557
4861163384
4869777375
4878401536
4887035873
4895680392
4904335099
4913000000
4921675101
4930360408
4939055927
4947761664
4956477625
4965203816
4973940243
4982686912
4991443829
5000211000
5008988431
5017776128
5026574097
5035382344
5044200875
5053029696
5061868813
5070718232
5079577959
5088448000
5097328361
5106219048
5115120067
5124031424
5132953125
5141885176
5150827583
5159780352
5168743489
5177717000
5186700891
5195695168
5204699837
5213714904
5222740375
5231776256
5240822553
5249879272
5258946419
5268024000
5277112021
5286210488
5295319407
5304438784
5313568625
5322708936
5331859723
5341020992
5350192749
5359375000
5368567751
5377771008
5386984777
5396209064
5405443875
5414689216
5423945093
5433211512
5442488479
5451776000
5461074081
5470382728
5479701947
5489031744
5498372125
5507723096
5517084663
5526456832
5535839609
5545233000
5554637011
5564051648
5573476917
5582912824
5592359375
5601816576
5611284433
5620762952
5630252139
5639752000
5649262541
5658783768
5668315687
5677858304
5687411625
5696975656
5706550403
5716135872
5725732069
5735339000
5744956671
5754585088
5764224257
5773874184
5783534875
5793206336
5802888573
5812581592
5822285399
5832000000
5841725401
5851461608
5861208627
5870966464
5880735125
5890514616
5900304943
5910106112
5919918129
5929741000
5939574731
5949419328
5959274797
5969141144
5979018375
5988906496
5998805513
6008715432
6018636259
6028568000
6038510661
6048464248
6058428767
6068404224
6078390625
6088387976
6098396283
6108415552
6118445789
6128487000
6138539191
6148602368
6158676537
6168761704
6178857875
6188965056
6199083253
6209212472
6219352719
6229504000
6239666321
6249839688
6260024107
6270219584
6280426125
6290643736
6300872423
6311112192
6321363049
6331625000
6341898051
6352182208
6362477477
6372783864
6383101375
6393430016
6403769793
6414120712
6424482779
6434856000
6445240381
6455635928
6466042647
6476460544
6486889625
6497329896
6507781363
6518244032
6528717909
6539203000
6549699311
6560206848
6570725617
6581255624
6591796875
6602349376
6612913133
6623488152
6634074439
6644672000
6655280841
6665900968
6676532387
6687175104
6697829125
6708494456
6719171103
6729859072
6740558369
6751269000
6761990971
6772724288
6783468957
6794224984
6804992375
6815771136
6826561273
6837362792
6848175699
6859000000
6869835701
6880682808
6891541327
6902411264
6913292625
6924185416
6935089643
6946005312
6956932429
6967871000
6978821031
6989782528
7000755497
7011739944
7022735875
7033743296
7044762213
7055792632
7066834559
7077888000
7088952961
7100029448
7111117467
7122217024
7133328125
7144450776
7155584983
7166730752
7177888089
7189057000
7200237491
7211429568
7222633237
7233848504
7245075375
7256313856
7267563953
7278825672
7290099019
7301384000
7312680621
7323988888
7335308807
7346640384
7357983625
7369338536
7380705123
7392083392
7403473349
7414875000
7426288351
7437713408
7449150177
7460598664
7472058875
7483530816
7495014493
7506509912
7518017079
7529536000
7541066681
7552609128
7564163347
7575729344
7587307125
7598896696
7610498063
7622111232
7633736209
7645373000
7657021611
7668682048
7680354317
7692038424
7703734375
7715442176
7727161833
7738893352
7750636739
7762392000
7774159141
7785938168
7797729087
7809531904
7821346625
7833173256
7845011803
7856862272
7868724669
7880599000
7892485271
7904383488
7916293657
7928215784
7940149875
7952095936
7964053973
7976023992
7988005999
8000000000
8012006001
8024024008
8036054027
8048096064
8060150125
8072216216
8084294343
8096384512
8108486729
8120601000
8132727331
8144865728
8157016197
8169178744
8181353375
8193540096
8205738913
8217949832
8230172859
8242408000
8254655261
8266914648
8279186167
8291469824
8303765625
8316073576
8328393683
8340725952
8353070389
8365427000
8377795791
8390176768
8402569937
8414975304
8427392875
8439822656
8452264653
8464718872
8477185319
8489664000
8502154921
8514658088
8527173507
8539701184
8552241125
8564793336
8577357823
8589934592
8602523649
8615125000
8627738651
8640364608
8653002877
8665653464
8678316375
8690991616
8703679193
8716379112
8729091379
8741816000
8754552981
8767302328
8780064047
8792838144
8805624625
8818423496
8831234763
8844058432
8856894509
8869743000
8882603911
8895477248
8908363017
8921261224
8934171875
8947094976
8960030533
8972978552
8985939039
8998912000
9011897441
9024895368
9037905787
9050928704
9063964125
9077012056
9090072503
9103145472
9116230969
9129329000
9142439571
9155562688
9168698357
9181846584
9195007375
9208180736
9221366673
9234565192
9247776299
9261000000
9274236301
9287485208
9300746727
9314020864
9327307625
9340607016
9353919043
9367243712
9380581029
9393931000
9407293631
9420668928
9434056897
9447457544
9460870875
9474296896
9487735613
9501187032
9514651159
9528128000
9541617561
9555119848
9568634867
9582162624
9595703125
9609256376
9622822383
9636401152
9649992689
9663597000
9677214091
9690843968
9704486637
9718142104
9731810375
9745491456
9759185353
9772892072
9786611619
9800344000
9814089221
9827847288
9841618207
9855401984
9869198625
9883008136
9896830523
9910665792
9924513949
9938375000
9952248951
9966135808
9980035577
9993948264
10007873875
10021812416
10035763893
10049728312
10063705679
10077696000
10091699281
10105715528
10119744747
10133786944
10147842125
10161910296
10175991463
10190085632
10204192809
10218313000
10232446211
10246592448
10260751717
10274924024
10289109375
10303307776
10317519233
10331743752
10345981339
10360232000
10374495741
10388772568
10403062487
10417365504
10431681625
10446010856
10460353203
10474708672
10489077269
10503459000
10517853871
10532261888
10546683057
10561117384
10575564875
10590025536
10604499373
10618986392
10633486599
10648000000
10662526601
10677066408
10691619427
10706185664
10720765125
10735357816
10749963743
10764582912
10779215329
10793861000
10808519931
10823192128
10837877597
10852576344
10867288375
10882013696
10896752313
10911504232
10926269459
10941048000
10955839861
10970645048
10985463567
11000295424
11015140625
11029999176
11044871083
11059756352
11074654989
11089567000
11104492391
11119431168
11134383337
11149348904
11164327875
11179320256
11194326053
11209345272
11224377919
11239424000
11254483521
11269556488
11284642907
11299742784
11314856125
11329982936
11345123223
11360276992
11375444249
11390625000
11405819251
11421027008
11436248277
11451483064
11466731375
11481993216
11497268593
11512557512
11527859979
11543176000
11558505581
11573848728
11589205447
11604575744
11619959625
11635357096
11650768163
11666192832
11681631109
11697083000
11712548511
11728027648
11743520417
11759026824
11774546875
11790080576
11805627933
11821188952
11836763639
11852352000
11867954041
11883569768
11899199187
11914842304
11930499125
11946169656
11961853903
11977551872
11993263569
12008989000
12024728171
12040481088
12056247757
12072028184
12087822375
12103630336
12119452073
12135287592
12151136899
12167000000
12182876901
12198767608
12214672127
12230590464
12246522625
12262468616
12278428443
12294402112
12310389629
12326391000
12342406231
12358435328
12374478297
12390535144
12406605875
12422690496
12438789013
12454901432
12471027759
12487168000
12503322161
12519490248
12535672267
12551868224
12568078125
12584301976
12600539783
12616791552
12633057289
12649337000
12665630691
12681938368
12698260037
12714595704
12730945375
12747309056
12763686753
12780078472
12796484219
12812904000
12829337821
12845785688
12862247607
12878723584
12895213625
12911717736
12928235923
12944768192
12961314549
12977875000
12994449551
13011038208
13027640977
13044257864
13060888875
13077534016
13094193293
13110866712
13127554279
13144256000
13160971881
13177701928
13194446147
13211204544
13227977125
13244763896
13261564863
13278380032
13295209409
13312053000
13328910811
13345782848
13362669117
13379569624
13396484375
13413413376
13430356633
13447314152
13464285939
13481272000
13498272341
13515286968
13532315887
13549359104
13566416625
13583488456
13600574603
13617675072
13634789869
13651919000
13669062471
13686220288
13703392457
13720578984
13737779875
13754995136
13772224773
13789468792
13806727199
13824000000
13841287201
13858588808
13875904827
13893235264
13910580125
13927939416
13945313143
13962701312
13980103929
13997521000
14014952531
14032398528
14049858997
14067333944
14084823375
14102327296
14119845713
14137378632
14154926059
14172488000
14190064461
14207655448
14225260967
14242881024
14260515625
14278164776
14295828483
14313506752
14331199589
14348907000
14366628991
14384365568
14402116737
14419882504
14437662875
14455457856
14473267453
14491091672
14508930519
14526784000
14544652121
14562534888
14580432307
14598344384
14616271125
14634212536
14652168623
14670139392
14688124849
14706125000
14724139851
14742169408
14760213677
14778272664
14796346375
14814434816
14832537993
14850655912
14868788579
14886936000
14905098181
14923275128
14941466847
14959673344
14977894625
14996130696
15014381563
15032647232
15050927709
15069223000
15087533111
15105858048
15124197817
15142552424
15160921875
15179306176
15197705333
15216119352
15234548239
15252992000
15271450641
15289924168
15308412587
15326915904
15345434125
15363967256
15382515303
15401078272
15419656169
15438249000
15456856771
15475479488
15494117157
15512769784
15531437375
15550119936
15568817473
15587529992
15606257499
15625000000
15643757501
15662530008
15681317527
15700120064
15718937625
15737770216
15756617843
15775480512
15794358229
15813251000
15832158831
15851081728
15870019697
15888972744
15907940875
15926924096
15945922413
15964935832
15983964359
16003008000
16022066761
16041140648
16060229667
16079333824
16098453125
16117587576
16136737183
16155901952
16175081889
16194277000
16213487291
16232712768
16251953437
16271209304
16290480375
16309766656
16329068153
16348384872
16367716819
16387064000
16406426421
16425804088
16445197007
16464605184
16484028625
16503467336
16522921323
16542390592
16561875149
16581375000
16600890151
16620420608
16639966377
16659527464
16679103875
16698695616
16718302693
16737925112
16757562879
16777216000
16796884481
16816568328
16836267547
16855982144
16875712125
16895457496
16915218263
16934994432
16954786009
16974593000
16994415411
17014253248
17034106517
17053975224
17073859375
17093758976
17113674033
17133604552
17153550539
17173512000
17193488941
17213481368
17233489287
17253512704
17273551625
17293606056
17313676003
17333761472
17353862469
17373979000
17394111071
17414258688
17434421857
17454600584
17474794875
17495004736
17515230173
17535471192
17555727799
17576000000
17596287801
17616591208
17636910227
17657244864
17677595125
17697961016
17718342543
17738739712
17759152529
17779581000
17800025131
17820484928
17840960397
17861451544
17881958375
17902480896
17923019113
17943573032
17964142659
17984728000
18005329061
18025945848
18046578367
18067226624
18087890625
18108570376
18129265883
18149977152
18170704189
18191447000
18212205591
18232979968
18253770137
18274576104
18295397875
18316235456
18337088853
18357958072
18378843119
18399744000
18420660721
18441593288
18462541707
18483505984
18504486125
18525482136
18546494023
18567521792
18588565449
18609625000
18630700451
18651791808
18672899077
18694022264
18715161375
18736316416
18757487393
18778674312
18799877179
18821096000
18842330781
18863581528
18884848247
18906130944
18927429625
18948744296
18970074963
18991421632
19012784309
19034163000
19055557711
19076968448
19098395217
19119838024
19141296875
19162771776
19184262733
19205769752
19227292839
19248832000
19270387241
19291958568
19313545987
19335149504
19356769125
19378404856
19400056703
19421724672
19443408769
19465109000
19486825371
19508557888
19530306557
19552071384
19573852375
19595649536
19617462873
19639292392
19661138099
19683000000
19704878101
19726772408
19748682927
19770609664
19792552625
19814511816
19836487243
19858478912
19880486829
19902511000
19924551431
19946608128
19968681097
19990770344
20012875875
20034997696
20057135813
20079290232
20101460959
20123648000
20145851361
20168071048
20190307067
20212559424
20234828125
20257113176
20279414583
20301732352
20324066489
20346417000
20368783891
20391167168
20413566837
20435982904
20458415375
20480864256
20503329553
20525811272
20548309419
20570824000
20593355021
20615902488
20638466407
20661046784
20683643625
20706256936
20728886723
20751532992
20774195749
20796875000
20819570751
20842283008
20865011777
20887757064
20910518875
20933297216
20956092093
20978903512
21001731479
21024576000
21047437081
21070314728
21093208947
21116119744
21139047125
21161991096
21184951663
21207928832
21230922609
21253933000
21276960011
21300003648
21323063917
21346140824
21369234375
21392344576
21415471433
21438614952
21461775139
21484952000
21508145541
21531355768
21554582687
21577826304
21601086625
21624363656
21647657403
21670967872
21694295069
21717639000
21740999671
21764377088
21787771257
21811182184
21834609875
21858054336
21881515573
21904993592
21928488399
21952000000
21975528401
21999073608
22022635627
22046214464
22069810125
22093422616
22117051943
22140698112
22164361129
22188041000
22211737731
22235451328
22259181797
22282929144
22306693375
22330474496
22354272513
22378087432
22401919259
22425768000
22449633661
22473516248
22497415767
22521332224
22545265625
22569215976
22593183283
22617167552
22641168789
22665187000
22689222191
22713274368
22737343537
22761429704
22785532875
22809653056
22833790253
22857944472
22882115719
22906304000
22930509321
22954731688
22978971107
23003227584
23027501125
23051791736
23076099423
23100424192
23124766049
23149125000
23173501051
23197894208
23222304477
23246731864
23271176375
23295638016
23320116793
23344612712
23369125779
23393656000
23418203381
23442767928
23467349647
23491948544
23516564625
23541197896
23565848363
23590516032
23615200909
23639903000
23664622311
23689358848
23714112617
23738883624
23763671875
23788477376
23813300133
23838140152
23862997439
23887872000
23912763841
23937672968
23962599387
23987543104
24012504125
24037482456
24062478103
24087491072
24112521369
24137569000
24162633971
24187716288
24212815957
24237932984
24263067375
24288219136
24313388273
24338574792
24363778699
24389000000
24414238701
24439494808
24464768327
24490059264
24515367625
24540693416
24566036643
24591397312
24616775429
24642171000
24667584031
24693014528
24718462497
24743927944
24769410875
24794911296
24820429213
24845964632
24871517559
24897088000
24922675961
24948281448
24973904467
24999545024
25025203125
25050878776
25076571983
25102282752
25128011089
25153757000
25179520491
25205301568
25231100237
25256916504
25282750375
25308601856
25334470953
25360357672
25386262019
25412184000
25438123621
25464080888
25490055807
25516048384
25542058625
25568086536
25594132123
25620195392
25646276349
25672375000
25698491351
25724625408
25750777177
25776946664
25803133875
25829338816
25855561493
25881801912
25908060079
25934336000
25960629681
25986941128
26013270347
26039617344
26065982125
26092364696
26118765063
26145183232
26171619209
26198073000
26224544611
26251034048
26277541317
26304066424
26330609375
26357170176
26383748833
26410345352
26436959739
26463592000
26490242141
26516910168
26543596087
26570299904
26597021625
26623761256
26650518803
26677294272
26704087669
26730899000
26757728271
26784575488
26811440657
26838323784
26865224875
26892143936
26919080973
26946035992
26973008999
27000000000
27027009001
27054036008
27081081027
27108144064
27135225125
27162324216
27189441343
27216576512
27243729729
27270901000
27298090331
27325297728
27352523197
27379766744
27407028375
27434308096
27461605913
27488921832
27516255859
27543608000
27570978261
27598366648
27625773167
27653197824
27680640625
27708101576
27735580683
27763077952
27790593389
27818127000
27845678791
27873248768
27900836937
27928443304
27956067875
27983710656
28011371653
28039050872
28066748319
28094464000
28122197921
28149950088
28177720507
28205509184
28233316125
28261141336
28288984823
28316846592
28344726649
28372625000
28400541651
28428476608
28456429877
28484401464
28512391375
28540399616
28568426193
28596471112
28624534379
28652616000
28680715981
28708834328
28736971047
28765126144
28793299625
28821491496
28849701763
28877930432
28906177509
28934443000
28962726911
28991029248
29019350017
29047689224
29076046875
29104422976
29132817533
29161230552
29189662039
29218112000
29246580441
29275067368
29303572787
29332096704
29360639125
29389200056
29417779503
29446377472
29474993969
29503629000
29532282571
29560954688
29589645357
29618354584
29647082375
29675828736
29704593673
29733377192
29762179299
29791000000
29819839301
29848697208
29877573727
29906468864
29935382625
29964315016
29993266043
30022235712
30051224029
30080231000
30109256631
30138300928
30167363897
30196445544
30225545875
30254664896
30283802613
30312959032
30342134159
30371328000
30400540561
30429771848
30459021867
30488290624
30517578125
30546884376
30576209383
30605553152
30634915689
30664297000
30693697091
30723115968
30752553637
30782010104
30811485375
30840979456
30870492353
30900024072
30929574619
30959144000
30988732221
31018339288
31047965207
31077609984
31107273625
31136956136
31166657523
31196377792
31226116949
31255875000
31285651951
31315447808
31345262577
31375096264
31404948875
31434820416
31464710893
31494620312
31524548679
31554496000
31584462281
31614447528
31644451747
31674474944
31704517125
31734578296
31764658463
31794757632
31824875809
31855013000
31885169211
31915344448
31945538717
31975752024
32005984375
32036235776
32066506233
32096795752
32127104339
32157432000
32187778741
32218144568
32248529487
32278933504
32309356625
32339798856
32370260203
32400740672
32431240269
32461759000
32492296871
32522853888
32553430057
32584025384
32614639875
32645273536
32675926373
32706598392
32737289599
32768000000
32798729601
32829478408
32860246427
32891033664
32921840125
32952665816
32983510743
33014374912
33045258329
33076161000
33107082931
33138024128
33168984597
33199964344
33230963375
33261981696
33293019313
33324076232
33355152459
33386248000
33417362861
33448497048
33479650567
33510823424
33542015625
33573227176
33604458083
33635708352
33666977989
33698267000
33729575391
33760903168
33792250337
33823616904
33855002875
33886408256
33917833053
33949277272
33980740919
34012224000
34043726521
34075248488
34106789907
34138350784
34169931125
34201530936
34233150223
34264788992
34296447249
34328125000
34359822251
34391539008
34423275277
34455031064
34486806375
34518601216
34550415593
34582249512
34614102979
34645976000
34677868581
34709780728
34741712447
34773663744
34805634625
34837625096
34869635163
34901664832
34933714109
34965783000
34997871511
35029979648
35062107417
35094254824
35126421875
35158608576
35190814933
35223040952
35255286639
35287552000
35319837041
35352141768
35384466187
35416810304
35449174125
35481557656
35513960903
35546383872
35578826569
35611289000
35643771171
35676273088
35708794757
35741336184
35773897375
35806478336
35839079073
35871699592
35904339899
35937000000
35969679901
36002379608
36035099127
36067838464
36100597625
36133376616
36166175443
36198994112
36231832629
36264691000
36297569231
36330467328
36363385297
36396323144
36429280875
36462258496
36495256013
36528273432
36561310759
36594368000
36627445161
36660542248
36693659267
36726796224
36759953125
36793129976
36826326783
36859543552
36892780289
36926037000
36959313691
36992610368
37025927037
37059263704
37092620375
37125997056
37159393753
37192810472
37226247219
37259704000
37293180821
37326677688
37360194607
37393731584
37427288625
37460865736
37494462923
37528080192
37561717549
37595375000
37629052551
37662750208
37696467977
37730205864
37763963875
37797742016
37831540293
37865358712
37899197279
37933056000
37966934881
38000833928
38034753147
38068692544
38102652125
38136631896
38170631863
38204652032
38238692409
38272753000
38306833811
38340934848
38375056117
38409197624
38443359375
38477541376
38511743633
38545966152
38580208939
38614472000
38648755341
38683058968
38717382887
38751727104
38786091625
38820476456
38854881603
38889307072
38923752869
38958219000
38992705471
39027212288
39061739457
39096286984
39130854875
39165443136
39200051773
39234680792
39269330199
39304000000
39338690201
39373400808
39408131827
39442883264
39477655125
39512447416
39547260143
39582093312
39616946929
39651821000
39686715531
39721630528
39756565997
39791521944
39826498375
39861495296
39896512713
39931550632
39966609059
40001688000
40036787461
40071907448
40107047967
40142209024
40177390625
40212592776
40247815483
40283058752
40318322589
40353607000
40388911991
40424237568
40459583737
40494950504
40530337875
40565745856
40601174453
40636623672
40672093519
40707584000
40743095121
40778626888
40814179307
40849752384
40885346125
40920960536
40956595623
40992251392
41027927849
41063625000
41099342851
41135081408
41170840677
41206620664
41242421375
41278242816
41314084993
41349947912
41385831579
41421736000
41457661181
41493607128
41529573847
41565561344
41601569625
41637598696
41673648563
41709719232
41745810709
41781923000
41818056111
41854210048
41890384817
41926580424
41962796875
41999034176
42035292333
42071571352
42107871239
42144192000
42180533641
42216896168
42253279587
42289683904
42326109125
42362555256
42399022303
42435510272
42472019169
42508549000
42545099771
42581671488
42618264157
42654877784
42691512375
42728167936
42764844473
42801541992
42838260499
42875000000
42911760501
42948542008
42985344527
43022168064
43059012625
43095878216
43132764843
43169672512
43206601229
43243551000
43280521831
43317513728
43354526697
43391560744
43428615875
43465692096
43502789413
43539907832
43577047359
43614208000
43651389761
43688592648
43725816667
43763061824
43800328125
43837615576
43874924183
43912253952
43949604889
43986977000
44024370291
44061784768
44099220437
44136677304
44174155375
44211654656
44249175153
44286716872
44324279819
44361864000
44399469421
44437096088
44474744007
44512413184
44550103625
44587815336
44625548323
44663302592
44701078149
44738875000
44776693151
44814532608
44852393377
44890275464
44928178875
44966103616
45004049693
45042017112
45080005879
45118016000
45156047481
45194100328
45232174547
45270270144
45308387125
45346525496
45384685263
45422866432
45461069009
45499293000
45537538411
45575805248
45614093517
45652403224
45690734375
45729086976
45767461033
45805856552
45844273539
45882712000
45921171941
45959653368
45998156287
46036680704
46075226625
46113794056
46152383003
46190993472
46229625469
46268279000
46306954071
46345650688
46384368857
46423108584
46461869875
46500652736
46539457173
46578283192
46617130799
46656000000
46694890801
46733803208
46772737227
46811692864
46850670125
46889669016
46928689543
46967731712
47006795529
47045881000
47084988131
47124116928
47163267397
47202439544
47241633375
47280848896
47320086113
47359345032
47398625659
47437928000
47477252061
47516597848
47555965367
47595354624
47634765625
47674198376
47713652883
47753129152
47792627189
47832147000
47871688591
47911251968
47950837137
47990444104
48030072875
48069723456
48109395853
48149090072
48188806119
48228544000
48268303721
48308085288
48347888707
48387713984
48427561125
48467430136
48507321023
48547233792
48587168449
48627125000
48667103451
48707103808
48747126077
48787170264
48827236375
48867324416
48907434393
48947566312
48987720179
49027896000
49068093781
49108313528
49148555247
49188818944
49229104625
49269412296
49309741963
49350093632
49390467309
49430863000
49471280711
49511720448
49552182217
49592666024
49633171875
49673699776
49714249733
49754821752
49795415839
49836032000
49876670241
49917330568
49958012987
49998717504
50039444125
50080192856
50120963703
50161756672
50202571769
50243409000
50284268371
50325149888
50366053557
50406979384
50447927375
50488897536
50529889873
50570904392
50611941099
50653000000
50694081101
50735184408
50776309927
50817457664
50858627625
50899819816
50941034243
50982270912
51023529829
51064811000
51106114431
51147440128
51188788097
51230158344
51271550875
51312965696
51354402813
51395862232
51437343959
51478848000
51520374361
51561923048
51603494067
51645087424
51686703125
51728341176
51770001583
51811684352
51853389489
51895117000
51936866891
51978639168
52020433837
52062250904
52104090375
52145952256
52187836553
52229743272
52271672419
52313624000
52355598021
52397594488
52439613407
52481654784
52523718625
52565804936
52607913723
52650044992
52692198749
52734375000
52776573751
52818795008
52861038777
52903305064
52945593875
52987905216
53030239093
53072595512
53114974479
53157376000
53199800081
53242246728
53284715947
53327207744
53369722125
53412259096
53454818663
53497400832
53540005609
53582633000
53625283011
53667955648
53710650917
53753368824
53796109375
53838872576
53881658433
53924466952
53967298139
54010152000
54053028541
54095927768
54138849687
54181794304
54224761625
54267751656
54310764403
54353799872
54396858069
54439939000
54483042671
54526169088
54569318257
54612490184
54655684875
54698902336
54742142573
54785405592
54828691399
54872000000
54915331401
54958685608
55002062627
55045462464
55088885125
55132330616
55175798943
55219290112
55262804129
55306341000
55349900731
55393483328
55437088797
55480717144
55524368375
55568042496
55611739513
55655459432
55699202259
55742968000
55786756661
55830568248
55874402767
55918260224
55962140625
56006043976
56049970283
56093919552
56137891789
56181887000
56225905191
56269946368
56314010537
56358097704
56402207875
56446341056
56490497253
56534676472
56578878719
56623104000
56667352321
56711623688
56755918107
56800235584
56844576125
56888939736
56933326423
56977736192
57022169049
57066625000
57111104051
57155606208
57200131477
57244679864
57289251375
57333846016
57378463793
57423104712
57467768779
57512456000
57557166381
57601899928
57646656647
57691436544
57736239625
57781065896
57825915363
57870788032
57915683909
57960603000
58005545311
58050510848
58095499617
58140511624
58185546875
58230605376
58275687133
58320792152
58365920439
58411072000
58456246841
58501444968
58546666387
58591911104
58637179125
58682470456
58727785103
58773123072
58818484369
58863869000
58909276971
58954708288
59000162957
59045640984
59091142375
59136667136
59182215273
59227786792
59273381699
59319000000
59364641701
59410306808
59455995327
59501707264
59547442625
59593201416
59638983643
59684789312
59730618429
59776471000
59822347031
59868246528
59914169497
59960115944
60006085875
60052079296
60098096213
60144136632
60190200559
60236288000
60282398961
60328533448
60374691467
60420873024
60467078125
60513306776
60559558983
60605834752
60652134089
60698457000
60744803491
60791173568
60837567237
60883984504
60930425375
60976889856
61023377953
61069889672
61116425019
61162984000
61209566621
61256172888
61302802807
61349456384
61396133625
61442834536
61489559123
61536307392
61583079349
61629875000
61676694351
61723537408
61770404177
61817294664
61864208875
61911146816
61958108493
62005093912
62052103079
62099136000
62146192681
62193273128
62240377347
62287505344
62334657125
62381832696
62429032063
62476255232
62523502209
62570773000
62618067611
62665386048
62712728317
62760094424
62807484375
62854898176
62902335833
62949797352
62997282739
63044792000
63092325141
63139882168
63187463087
63235067904
63282696625
63330349256
63378025803
63425726272
63473450669
63521199000
63568971271
63616767488
63664587657
63712431784
63760299875
63808191936
63856107973
63904047992
63952011999
64000000000
64048012001
64096048008
64144108027
64192192064
64240300125
64288432216
64336588343
64384768512
64432972729
64481201000
64529453331
64577729728
64626030197
64674354744
64722703375
64771076096
64819472913
64867893832
64916338859
64964808000
65013301261
65061818648
65110360167
65158925824
65207515625
65256129576
65304767683
65353429952
65402116389
65450827000
65499561791
65548320768
65597103937
65645911304
65694742875
65743598656
65792478653
65841382872
65890311319
65939264000
65988240921
66037242088
66086267507
66135317184
66184391125
66233489336
66282611823
66331758592
66380929649
66430125000
66479344651
66528588608
66577856877
66627149464
66676466375
66725807616
66775173193
66824563112
66873977379
66923416000
66972878981
67022366328
67071878047
67121414144
67170974625
67220559496
67270168763
67319802432
67369460509
67419143000
67468849911
67518581248
67568337017
67618117224
67667921875
67717750976
67767604533
67817482552
67867385039
67917312000
67967263441
68017239368
68067239787
68117264704
68167314125
68217388056
68267486503
68317609472
68367756969
68417929000
68468125571
68518346688
68568592357
68618862584
68669157375
68719476736
68769820673
68820189192
68870582299
68921000000
68971442301
69021909208
69072400727
69122916864
69173457625
69224023016
69274613043
69325227712
69375867029
69426531000
69477219631
69527932928
69578670897
69629433544
69680220875
69731032896
69781869613
69832731032
69883617159
69934528000
69985463561
70036423848
70087408867
70138418624
70189453125
70240512376
70291596383
70342705152
70393838689
70444997000
70496180091
70547387968
70598620637
70649878104
70701160375
70752467456
70803799353
70855156072
70906537619
70957944000
71009375221
71060831288
71112312207
71163817984
71215348625
71266904136
71318484523
71370089792
71421719949
71473375000
71525054951
71576759808
71628489577
71680244264
71732023875
71783828416
71835657893
71887512312
71939391679
71991296000
72043225281
72095179528
72147158747
72199162944
72251192125
72303246296
72355325463
72407429632
72459558809
72511713000
72563892211
72616096448
72668325717
72720580024
72772859375
72825163776
72877493233
72929847752
72982227339
73034632000
73087061741
73139516568
73191996487
73244501504
73297031625
73349586856
73402167203
73454772672
73507403269
73560059000
73612739871
73665445888
73718177057
73770933384
73823714875
73876521536
73929353373
73982210392
74035092599
74088000000
74140932601
74193890408
74246873427
74299881664
74352915125
74405973816
74459057743
74512166912
74565301329
74618461000
74671645931
74724856128
74778091597
74831352344
74884638375
74937949696
74991286313
75044648232
75098035459
75151448000
75204885861
75258349048
75311837567
75365351424
75418890625
75472455176
75526045083
75579660352
75633300989
75686967000
75740658391
75794375168
75848117337
75901884904
75955677875
76009496256
76063340053
76117209272
76171103919
76225024000
76278969521
76332940488
76386936907
76440958784
76495006125
76549078936
76603177223
76657300992
76711450249
76765625000
76819825251
76874051008
76928302277
76982579064
77036881375
77091209216
77145562593
77199941512
77254345979
77308776000
77363231581
77417712728
77472219447
77526751744
77581309625
77635893096
77690502163
77745136832
77799797109
77854483000
77909194511
77963931648
78018694417
78073482824
78128296875
78183136576
78238001933
78292892952
78347809639
78402752000
78457720041
78512713768
78567733187
78622778304
78677849125
78732945656
78788067903
78843215872
78898389569
78953589000
79008814171
79064065088
79119341757
79174644184
79229972375
79285326336
79340706073
79396111592
79451542899
79507000000
79562482901
79617991608
79673526127
79729086464
79784672625
79840284616
79895922443
79951586112
80007275629
80062991000
80118732231
80174499328
80230292297
80286111144
80341955875
80397826496
80453723013
80509645432
80565593759
80621568000
80677568161
80733594248
80789646267
80845724224
80901828125
80957957976
81014113783
81070295552
81126503289
81182737000
81238996691
81295282368
81351594037
81407931704
81464295375
81520685056
81577100753
81633542472
81690010219
81746504000
81803023821
81859569688
81916141607
81972739584
82029363625
82086013736
82142689923
82199392192
82256120549
82312875000
82369655551
82426462208
82483294977
82540153864
82597038875
82653950016
82710887293
82767850712
82824840279
82881856000
82938897881
82995965928
83053060147
83110180544
83167327125
83224499896
83281698863
83338924032
83396175409
83453453000
83510756811
83568086848
83625443117
83682825624
83740234375
83797669376
83855130633
83912618152
83970131939
84027672000
84085238341
84142830968
84200449887
84258095104
84315766625
84373464456
84431188603
84488939072
84546715869
84604519000
84662348471
84720204288
84778086457
84835994984
84893929875
84951891136
85009878773
85067892792
85125933199
85184000000
85242093201
85300212808
85358358827
85416531264
85474730125
85532955416
85591207143
85649485312
85707789929
85766121000
85824478531
85882862528
85941272997
85999709944
86058173375
86116663296
86175179713
86233722632
86292292059
86350888000
86409510461
86468159448
86526834967
86585537024
86644265625
86703020776
86761802483
86820610752
86879445589
86938307000
86997194991
87056109568
87115050737
87174018504
87233012875
87292033856
87351081453
87410155672
87469256519
87528384000
87587538121
87646718888
87705926307
87765160384
87824421125
87883708536
87943022623
88002363392
88061730849
88121125000
88180545851
88239993408
88299467677
88358968664
88418496375
88478050816
88537631993
88597239912
88656874579
88716536000
88776224181
88835939128
88895680847
88955449344
89015244625
89075066696
89134915563
89194791232
89254693709
89314623000
89374579111
89434562048
89494571817
89554608424
89614671875
89674762176
89734879333
89795023352
89855194239
89915392000
89975616641
90035868168
90096146587
90156451904
90216784125
90277143256
90337529303
90397942272
90458382169
90518849000
90579342771
90639863488
90700411157
90760985784
90821587375
90882215936
90942871473
91003553992
91064263499
91125000000
91185763501
91246554008
91307371527
91368216064
91429087625
91489986216
91550911843
91611864512
91672844229
91733851000
91794884831
91855945728
91917033697
91978148744
92039290875
92100460096
92161656413
92222879832
92284130359
92345408000
92406712761
92468044648
92529403667
92590789824
92652203125
92713643576
92775111183
92836605952
92898127889
92959677000
93021253291
93082856768
93144487437
93206145304
93267830375
93329542656
93391282153
93453048872
93514842819
93576664000
93638512421
93700388088
93762291007
93824221184
93886178625
93948163336
94010175323
94072214592
94134281149
94196375000
94258496151
94320644608
94382820377
94445023464
94507253875
94569511616
94631796693
94694109112
94756448879
94818816000
94881210481
94943632328
95006081547
95068558144
95131062125
95193593496
95256152263
95318738432
95381352009
95443993000
95506661411
95569357248
95632080517
95694831224
95757609375
95820414976
95883248033
95946108552
96008996539
96071912000
96134854941
96197825368
96260823287
96323848704
96386901625
96449982056
96513090003
96576225472
96639388469
96702579000
96765797071
96829042688
96892315857
96955616584
97018944875
97082300736
97145684173
97209095192
97272533799
97336000000
97399493801
97463015208
97526564227
97590140864
97653745125
97717377016
97781036543
97844723712
97908438529
97972181000
98035951131
98099748928
98163574397
98227427544
98291308375
98355216896
98419153113
98483117032
98547108659
98611128000
98675175061
98739249848
98803352367
98867482624
98931640625
98995826376
99060039883
99124281152
99188550189
99252847000
99317171591
99381523968
99445904137
99510312104
99574747875
99639211456
99703702853
99768222072
99832769119
99897344000
99961946721
100026577288
100091235707
100155921984
100220636125
100285378136
100350148023
100414945792
100479771449
100544625000
100609506451
100674415808
100739353077
100804318264
100869311375
100934332416
100999381393
101064458312
101129563179
101194696000
101259856781
101325045528
101390262247
101455506944
101520779625
101586080296
101651408963
101716765632
101782150309
101847563000
101913003711
101978472448
102043969217
102109494024
102175046875
102240627776
102306236733
102371873752
102437538839
102503232000
102568953241
102634702568
102700479987
102766285504
102832119125
102897980856
102963870703
103029788672
103095734769
103161709000
103227711371
103293741888
103359800557
103425887384
103492002375
103558145536
103624316873
103690516392
103756744099
103823000000
103889284101
103955596408
104021936927
104088305664
104154702625
104221127816
104287581243
104354062912
104420572829
104487111000
104553677431
104620272128
104686895097
104753546344
104820225875
104886933696
104953669813
105020434232
105087226959
105154048000
105220897361
105287775048
105354681067
105421615424
105488578125
105555569176
105622588583
105689636352
105756712489
105823817000
105890949891
105958111168
106025300837
106092518904
106159765375
106227040256
106294343553
106361675272
106429035419
106496424000
106563841021
106631286488
106698760407
106766262784
106833793625
106901352936
106968940723
107036556992
107104201749
107171875000
107239576751
107307307008
107375065777
107442853064
107510668875
107578513216
107646386093
107714287512
107782217479
107850176000
107918163081
107986178728
108054222947
108122295744
108190397125
108258527096
108326685663
108394872832
108463088609
108531333000
108599606011
108667907648
108736237917
108804596824
108872984375
108941400576
109009845433
109078318952
109146821139
109215352000
109283911541
109352499768
109421116687
109489762304
109558436625
109627139656
109695871403
109764631872
109833421069
109902239000
109971085671
110039961088
110108865257
110177798184
110246759875
110315750336
110384769573
110453817592
110522894399
110592000000
110661134401
110730297608
110799489627
110868710464
110937960125
111007238616
111076545943
111145882112
111215247129
111284641000
111354063731
111423515328
111492995797
111562505144
111632043375
111701610496
111771206513
111840831432
111910485259
111980168000
112049879661
112119620248
112189389767
112259188224
112329015625
112398871976
112468757283
112538671552
112608614789
112678587000
112748588191
112818618368
112888677537
112958765704
113028882875
113099029056
113169204253
113239408472
113309641719
113379904000
113450195321
113520515688
113590865107
113661243584
113731651125
113802087736
113872553423
113943048192
114013572049
114084125000
114154707051
114225318208
114295958477
114366627864
114437326375
114508054016
114578810793
114649596712
114720411779
114791256000
114862129381
114933031928
115003963647
115074924544
115145914625
115216933896
115287982363
115359060032
115430166909
115501303000
115572468311
115643662848
115714886617
115786139624
115857421875
115928733376
116000074133
116071444152
116142843439
116214272000
116285729841
116357216968
116428733387
116500279104
116571854125
116643458456
116715092103
116786755072
116858447369
116930169000
117001919971
117073700288
117145509957
117217348984
117289217375
117361115136
117433042273
117504998792
117576984699
117649000000
117721044701
117793118808
117865222327
117937355264
118009517625
118081709416
118153930643
118226181312
118298461429
118370771000
118443110031
118515478528
118587876497
118660303944
118732760875
118805247296
118877763213
118950308632
119022883559
119095488000
119168121961
119240785448
119313478467
119386201024
119458953125
119531734776
119604545983
119677386752
119750257089
119823157000
119896086491
119969045568
120042034237
120115052504
120188100375
120261177856
120334284953
120407421672
120480588019
120553784000
120627009621
120700264888
120773549807
120846864384
120920208625
120993582536
121066986123
121140419392
121213882349
121287375000
121360897351
121434449408
121508031177
121581642664
121655283875
121728954816
121802655493
121876385912
121950146079
122023936000
122097755681
122171605128
122245484347
122319393344
122393332125
122467300696
122541299063
122615327232
122689385209
122763473000
122837590611
122911738048
122985915317
123060122424
123134359375
123208626176
123282922833
123357249352
123431605739
123505992000
123580408141
123654854168
123729330087
123803835904
123878371625
123952937256
124027532803
124102158272
124176813669
124251499000
124326214271
124400959488
124475734657
124550539784
124625374875
124700239936
124775134973
124850059992
124925014999
125000000000
125075015001
125150060008
125225135027
125300240064
125375375125
125450540216
125525735343
125600960512
125676215729
125751501000
125826816331
125902161728
125977537197
126052942744
126128378375
126203844096
126279339913
126354865832
126430421859
126506008000
126581624261
126657270648
126732947167
126808653824
126884390625
126960157576
127035954683
127111781952
127187639389
127263527000
127339444791
127415392768
127491370937
127567379304
127643417875
127719486656
127795585653
127871714872
127947874319
128024064000
128100283921
128176534088
128252814507
128329125184
128405466125
128481837336
128558238823
128634670592
128711132649
128787625000
128864147651
128940700608
129017283877
129093897464
129170541375
129247215616
129323920193
129400655112
129477420379
129554216000
129631041981
129707898328
129784785047
129861702144
129938649625
130015627496
130092635763
130169674432
130246743509
130323843000
130400972911
130478133248
130555324017
130632545224
130709796875
130787078976
130864391533
130941734552
131019108039
131096512000
131173946441
131251411368
131328906787
131406432704
131483989125
131561576056
131639193503
131716841472
131794519969
131872229000
131949968571
132027738688
132105539357
132183370584
132261232375
132339124736
132417047673
132495001192
132572985299
132651000000
132729045301
132807121208
132885227727
132963364864
133041532625
133119731016
133197960043
133276219712
133354510029
133432831000
133511182631
133589564928
133667977897
133746421544
133824895875
133903400896
133981936613
134060503032
134139100159
134217728000
134296386561
134375075848
134453795867
134532546624
134611328125
134690140376
134768983383
134847857152
134926761689
135005697000
135084663091
135163659968
135242687637
135321746104
135400835375
135479955456
135559106353
135638288072
135717500619
135796744000
135876018221
135955323288
136034659207
136114025984
136193423625
136272852136
136352311523
136431801792
136511322949
136590875000
136670457951
136750071808
136829716577
136909392264
136989098875
137068836416
137148604893
137228404312
137308234679
137388096000
137467988281
137547911528
137627865747
137707850944
137787867125
137867914296
137947992463
138028101632
138108241809
138188413000
138268615211
138348848448
138429112717
138509408024
138589734375
138670091776
138750480233
138830899752
138911350339
138991832000
139072344741
139152888568
139233463487
139314069504
139394706625
139475374856
139556074203
139636804672
139717566269
139798359000
139879182871
139960037888
140040924057
140121841384
140202789875
140283769536
140364780373
140445822392
140526895599
140608000000
140689135601
140770302408
140851500427
140932729664
141013990125
141095281816
141176604743
141257958912
141339344329
141420761000
141502208931
141583688128
141665198597
141746740344
141828313375
141909917696
141991553313
142073220232
142154918459
142236648000
142318408861
142400201048
142482024567
142563879424
142645765625
142727683176
142809632083
142891612352
142973623989
143055667000
143137741391
143219847168
143301984337
143384152904
143466352875
143548584256
143630847053
143713141272
143795466919
143877824000
143960212521
144042632488
144125083907
144207566784
144290081125
144372626936
144455204223
144537812992
144620453249
144703125000
144785828251
144868563008
144951329277
145034127064
145116956375
145199817216
145282709593
145365633512
145448588979
145531576000
145614594581
145697644728
145780726447
145863839744
145946984625
146030161096
146113369163
146196608832
146279880109
146363183000
146446517511
146529883648
146613281417
146696710824
146780171875
146863664576
146947188933
147030744952
147114332639
147197952000
147281603041
147365285768
147449000187
147532746304
147616524125
147700333656
147784174903
147868047872
147951952569
148035889000
148119857171
148203857088
148287888757
148371952184
148456047375
148540174336
148624333073
148708523592
148792745899
148877000000
148961285901
149045603608
149129953127
149214334464
149298747625
149383192616
149467669443
149552178112
149636718629
149721291000
149805895231
149890531328
149975199297
150059899144
150144630875
150229394496
150314190013
150399017432
150483876759
150568768000
150653691161
150738646248
150823633267
150908652224
150993703125
151078785976
151163900783
151249047552
151334226289
151419437000
151504679691
151589954368
151675261037
151760599704
151845970375
151931373056
152016807753
152102274472
152187773219
152273304000
152358866821
152444461688
152530088607
152615747584
152701438625
152787161736
152872916923
152958704192
153044523549
153130375000
153216258551
153302174208
153388121977
153474101864
153560113875
153646158016
153732234293
153818342712
153904483279
153990656000
154076860881
154163097928
154249367147
154335668544
154422002125
154508367896
154594765863
154681196032
154767658409
154854153000
154940679811
155027238848
155113830117
155200453624
155287109375
155373797376
155460517633
155547270152
155634054939
155720872000
155807721341
155894602968
155981516887
156068463104
156155441625
156242452456
156329495603
156416571072
156503678869
156590819000
156677991471
156765196288
156852433457
156939702984
157027004875
157114339136
157201705773
157289104792
157376536199
157464000000
157551496201
157639024808
157726585827
157814179264
157901805125
157989463416
158077154143
158164877312
158252632929
158340421000
158428241531
158516094528
158603979997
158691897944
158779848375
158867831296
158955846713
159043894632
159131975059
159220088000
159308233461
159396411448
159484621967
159572865024
159661140625
159749448776
159837789483
159926162752
160014568589
160103007000
160191477991
160279981568
160368517737
160457086504
160545687875
160634321856
160722988453
160811687672
160900419519
160989184000
161077981121
161166810888
161255673307
161344568384
161433496125
161522456536
161611449623
161700475392
161789533849
161878625000
161967748851
162056905408
162146094677
162235316664
162324571375
162413858816
162503178993
162592531912
162681917579
162771336000
162860787181
162950271128
163039787847
163129337344
163218919625
163308534696
163398182563
163487863232
163577576709
163667323000
163757102111
163846914048
163936758817
164026636424
164116546875
164206490176
164296466333
164386475352
164476517239
164566592000
164656699641
164746840168
164837013587
164927219904
165017459125
165107731256
165198036303
165288374272
165378745169
165469149000
165559585771
165650055488
165740558157
165831093784
165921662375
166012263936
166102898473
166193565992
166284266499
166375000000
166465766501
166556566008
166647398527
166738264064
166829162625
166920094216
167011058843
167102056512
167193087229
167284151000
167375247831
167466377728
167557540697
167648736744
167739965875
167831228096
167922523413
168013851832
168105213359
168196608000
168288035761
168379496648
168470990667
168562517824
168654078125
168745671576
168837298183
168928957952
169020650889
169112377000
169204136291
169295928768
169387754437
169479613304
169571505375
169663430656
169755389153
169847380872
169939405819
170031464000
170123555421
170215680088
170307838007
170400029184
170492253625
170584511336
170676802323
170769126592
170861484149
170953875000
171046299151
171138756608
171231247377
171323771464
171416328875
171508919616
171601543693
171694201112
171786891879
171879616000
171972373481
172065164328
172157988547
172250846144
172343737125
172436661496
172529619263
172622610432
172715635009
172808693000
172901784411
172994909248
173088067517
173181259224
173274484375
173367742976
173461035033
173554360552
173647719539
173741112000
173834537941
173927997368
174021490287
174115016704
174208576625
174302170056
174395797003
174489457472
174583151469
174676879000
174770640071
174864434688
174958262857
175052124584
175146019875
175239948736
175333911173
175427907192
175521936799
175616000000
175710096801
175804227208
175898391227
175992588864
176086820125
176181085016
176275383543
176369715712
176464081529
176558481000
176652914131
176747380928
176841881397
176936415544
177030983375
177125584896
177220220113
177314889032
177409591659
177504328000
177599098061
177693901848
177788739367
177883610624
177978515625
178073454376
178168426883
178263433152
178358473189
178453547000
178548654591
178643795968
178738971137
178834180104
178929422875
179024699456
179120009853
179215354072
179310732119
179406144000
179501589721
179597069288
179692582707
179788129984
179883711125
179979326136
180074975023
180170657792
180266374449
180362125000
180457909451
180553727808
180649580077
180745466264
180841386375
180937340416
181033328393
181129350312
181225406179
181321496000
181417619781
181513777528
181609969247
181706194944
181802454625
181898748296
181995075963
182091437632
182187833309
182284263000
182380726711
182477224448
182573756217
182670322024
182766921875
182863555776
182960223733
183056925752
183153661839
183250432000
183347236241
183444074568
183540946987
183637853504
183734794125
183831768856
183928777703
184025820672
184122897769
184220009000
184317154371
184414333888
184511547557
184608795384
184706077375
184803393536
184900743873
184998128392
185095547099
185193000000
185290487101
185388008408
185485563927
185583153664
185680777625
185778435816
185876128243
185973854912
186071615829
186169411000
186267240431
186365104128
186463002097
186560934344
186658900875
186756901696
186854936813
186953006232
187051109959
187149248000
187247420361
187345627048
187443868067
187542143424
187640453125
187738797176
187837175583
187935588352
188034035489
188132517000
188231032891
188329583168
188428167837
188526786904
188625440375
188724128256
188822850553
188921607272
189020398419
189119224000
189218084021
189316978488
189415907407
189514870784
189613868625
189712900936
189811967723
189911068992
190010204749
190109375000
190208579751
190307819008
190407092777
190506401064
190605743875
190705121216
190804533093
190903979512
191003460479
191102976000
191202526081
191302110728
191401729947
191501383744
191601072125
191700795096
191800552663
191900344832
192000171609
192100033000
192199929011
192299859648
192399824917
192499824824
192599859375
192699928576
192800032433
192900170952
193000344139
193100552000
193200794541
193301071768
193401383687
193501730304
193602111625
193702527656
193802978403
193903463872
194003984069
194104539000
194205128671
194305753088
194406412257
194507106184
194607834875
194708598336
194809396573
194910229592
195011097399
195112000000
195212937401
195313909608
195414916627
195515958464
195617035125
195718146616
195819292943
195920474112
196021690129
196122941000
196224226731
196325547328
196426902797
196528293144
196629718375
196731178496
196832673513
196934203432
197035768259
197137368000
197239002661
197340672248
197442376767
197544116224
197645890625
197747699976
197849544283
197951423552
198053337789
198155287000
198257271191
198359290368
198461344537
198563433704
198665557875
198767717056
198869911253
198972140472
199074404719
199176704000
199279038321
199381407688
199483812107
199586251584
199688726125
199791235736
199893780423
199996360192
200098975049
200201625000
200304310051
200407030208
200509785477
200612575864
200715401375
200818262016
200921157793
201024088712
201127054779
201230056000
201333092381
201436163928
201539270647
201642412544
201745589625
201848801896
201952049363
202055332032
202158649909
202262003000
202365391311
202468814848
202572273617
202675767624
202779296875
202882861376
202986461133
203090096152
203193766439
203297472000
203401212841
203504988968
203608800387
203712647104
203816529125
203920446456
204024399103
204128387072
204232410369
204336469000
204440562971
204544692288
204648856957
204753056984
204857292375
204961563136
205065869273
205170210792
205274587699
205379000000
205483447701
205587930808
205692449327
205797003264
205901592625
206006217416
206110877643
206215573312
206320304429
206425071000
206529873031
206634710528
206739583497
206844491944
206949435875
207054415296
207159430213
207264480632
207369566559
207474688000
207579844961
207685037448
207790265467
207895529024
208000828125
208106162776
208211532983
208316938752
208422380089
208527857000
208633369491
208738917568
208844501237
208950120504
209055775375
209161465856
209267191953
209372953672
209478751019
209584584000
209690452621
209796356888
209902296807
210008272384
210114283625
210220330536
210326413123
210432531392
210538685349
210644875000
210751100351
210857361408
210963658177
211069990664
211176358875
211282762816
211389202493
211495677912
211602189079
211708736000
211815318681
211921937128
212028591347
212135281344
212242007125
212348768696
212455566063
212562399232
212669268209
212776173000
212883113611
212990090048
213097102317
213204150424
213311234375
213418354176
213525509833
213632701352
213739928739
213847192000
213954491141
214061826168
214169197087
214276603904
214384046625
214491525256
214599039803
214706590272
214814176669
214921799000
215029457271
215137151488
215244881657
215352647784
215460449875
215568287936
215676161973
215784071992
215892017999
216000000000
216108018001
216216072008
216324162027
216432288064
216540450125
216648648216
216756882343
216865152512
216973458729
217081801000
217190179331
217298593728
217407044197
217515530744
217624053375
217732612096
217841206913
217949837832
218058504859
218167208000
218275947261
218384722648
218493534167
218602381824
218711265625
218820185576
218929141683
219038133952
219147162389
219256227000
219365327791
219474464768
219583637937
219692847304
219802092875
219911374656
220020692653
220130046872
220239437319
220348864000
220458326921
220567826088
220677361507
220786933184
220896541125
221006185336
221115865823
221225582592
221335335649
221445125000
221554950651
221664812608
221774710877
221884645464
221994616375
222104623616
222214667193
222324747112
222434863379
222545016000
222655204981
222765430328
222875692047
222985990144
223096324625
223206695496
223317102763
223427546432
223538026509
223648543000
223759095911
223869685248
223980311017
224090973224
224201671875
224312406976
224423178533
224533986552
224644831039
224755712000
224866629441
224977583368
225088573787
225199600704
225310664125
225421764056
225532900503
225644073472
225755282969
225866529000
225977811571
226089130688
226200486357
226311878584
226423307375
226534772736
226646274673
226757813192
226869388299
226981000000
227092648301
227204333208
227316054727
227427812864
227539607625
227651439016
227763307043
227875211712
227987153029
228099131000
228211145631
228323196928
228435284897
228547409544
228659570875
228771768896
228884003613
228996275032
229108583159
229220928000
229333309561
229445727848
229558182867
229670674624
229783203125
229895768376
230008370383
230121009152
230233684689
230346397000
230459146091
230571931968
230684754637
230797614104
230910510375
231023443456
231136413353
231249420072
231362463619
231475544000
231588661221
231701815288
231815006207
231928233984
232041498625
232154800136
232268138523
232381513792
232494925949
232608375000
232721860951
232835383808
232948943577
233062540264
233176173875
233289844416
233403551893
233517296312
233631077679
233744896000
233858751281
233972643528
234086572747
234200538944
234314542125
234428582296
234542659463
234656773632
234770924809
234885113000
234999338211
235113600448
235227899717
235342236024
235456609375
235571019776
235685467233
235799951752
235914473339
236029032000
236143627741
236258260568
236372930487
236487637504
236602381625
236717162856
236831981203
236946836672
237061729269
237176659000
237291625871
237406629888
237521671057
237636749384
237751864875
237867017536
237982207373
238097434392
238212698599
238328000000
238443338601
238558714408
238674127427
238789577664
238905065125
239020589816
239136151743
239251750912
239367387329
239483061000
239598771931
239714520128
239830305597
239946128344
240061988375
240177885696
240293820313
240409792232
240525801459
240641848000
240757931861
240874053048
240990211567
241106407424
241222640625
241338911176
241455219083
241571564352
241687946989
241804367000
241920824391
242037319168
242153851337
242270420904
242387027875
242503672256
242620354053
242737073272
242853829919
242970624000
243087455521
243204324488
243321230907
243438174784
243555156125
243672174936
243789231223
243906324992
244023456249
244140625000
244257831251
244375075008
244492356277
244609675064
244727031375
244844425216
244961856593
245079325512
245196831979
245314376000
245431957581
245549576728
245667233447
245784927744
245902659625
246020429096
246138236163
246256080832
246373963109
246491883000
246609840511
246727835648
246845868417
246963938824
247082046875
247200192576
247318375933
247436596952
247554855639
247673152000
247791486041
247909857768
248028267187
248146714304
248265199125
248383721656
248502281903
248620879872
248739515569
248858189000
248976900171
249095649088
249214435757
249333260184
249452122375
249571022336
249689960073
249808935592
249927948899
250047000000
250166088901
250285215608
250404380127
250523582464
250642822625
250762100616
250881416443
251000770112
251120161629
251239591000
251359058231
251478563328
251598106297
251717687144
251837305875
251956962496
252076657013
252196389432
252316159759
252435968000
252555814161
252675698248
252795620267
252915580224
253035578125
253155613976
253275687783
253395799552
253515949289
253636137000
253756362691
253876626368
253996928037
254117267704
254237645375
254358061056
254478514753
254599006472
254719536219
254840104000
254960709821
255081353688
255202035607
255322755584
255443513625
255564309736
255685143923
255806016192
255926926549
256047875000
256168861551
256289886208
256410948977
256532049864
256653188875
256774366016
256895581293
257016834712
257138126279
257259456000
257380823881
257502229928
257623674147
257745156544
257866677125
257988235896
258109832863
258231468032
258353141409
258474853000
258596602811
258718390848
258840217117
258962081624
259083984375
259205925376
259327904633
259449922152
259571977939
259694072000
259816204341
259938374968
260060583887
260182831104
260305116625
260427440456
260549802603
260672203072
260794641869
260917119000
261039634471
261162188288
261284780457
261407410984
261530079875
261652787136
261775532773
261898316792
262021139199
262144000000
262266899201
262389836808
262512812827
262635827264
262758880125
262881971416
263005101143
263128269312
263251475929
263374721000
263498004531
263621326528
263744686997
263868085944
263991523375
264114999296
264238513713
264362066632
264485658059
264609288000
264732956461
264856663448
264980408967
265104193024
265228015625
265351876776
265475776483
265599714752
265723691589
265847707000
265971760991
266095853568
266219984737
266344154504
266468362875
266592609856
266716895453
266841219672
266965582519
267089984000
267214424121
267338902888
267463420307
267587976384
267712571125
267837204536
267961876623
268086587392
268211336849
268336125000
268460951851
268585817408
268710721677
268835664664
268960646375
269085666816
269210725993
269335823912
269460960579
269586136000
269711350181
269836603128
269961894847
270087225344
270212594625
270338002696
270463449563
270588935232
270714459709
270840023000
270965625111
271091266048
271216945817
271342664424
271468421875
271594218176
271720053333
271845927352
271971840239
272097792000
272223782641
272349812168
272475880587
272601987904
272728134125
272854319256
272980543303
273106806272
273233108169
273359449000
273485828771
273612247488
273738705157
273865201784
273991737375
274118311936
274244925473
274371577992
274498269499
274625000000
274751769501
274878578008
275005425527
275132312064
275259237625
275386202216
275513205843
275640248512
275767330229
275894451000
276021610831
276148809728
276276047697
276403324744
276530640875
276657996096
276785390413
276912823832
277040296359
277167808000
277295358761
277422948648
277550577667
277678245824
277805953125
277933699576
278061485183
278189309952
278317173889
278445077000
278573019291
278701000768
278829021437
278957081304
279085180375
279213318656
279341496153
279469712872
279597968819
279726264000
279854598421
279982972088
280111385007
280239837184
280368328625
280496859336
280625429323
280754038592
280882687149
281011375000
281140102151
281268868608
281397674377
281526519464
281655403875
281784327616
281913290693
282042293112
282171334879
282300416000
282429536481
282558696328
282687895547
282817134144
282946412125
283075729496
283205086263
283334482432
283463918009
283593393000
283722907411
283852461248
283982054517
284111687224
284241359375
284371070976
284500822033
284630612552
284760442539
284890312000
285020220941
285150169368
285280157287
285410184704
285540251625
285670358056
285800504003
285930689472
286060914469
286191179000
286321483071
286451826688
286582209857
286712632584
286843094875
286973596736
287104138173
287234719192
287365339799
287496000000
287626699801
287757439208
287888218227
288019036864
288149895125
288280793016
288411730543
288542707712
288673724529
288804781000
288935877131
289067012928
289198188397
289329403544
289460658375
289591952896
289723287113
289854661032
289986074659
290117528000
290249021061
290380553848
290512126367
290643738624
290775390625
290907082376
291038813883
291170585152
291302396189
291434247000
291566137591
291698067968
291830038137
291962048104
292094097875
292226187456
292358316853
292490486072
292622695119
292754944000
292887232721
293019561288
293151929707
293284337984
293416786125
293549274136
293681802023
293814369792
293946977449
294079625000
294212312451
294345039808
294477807077
294610614264
294743461375
294876348416
295009275393
295142242312
295275249179
295408296000
295541382781
295674509528
295807676247
295940882944
296074129625
296207416296
296340742963
296474109632
296607516309
296740963000
296874449711
297007976448
297141543217
297275150024
297408796875
297542483776
297676210733
297809977752
297943784839
298077632000
298211519241
298345446568
298479413987
298613421504
298747469125
298881556856
299015684703
299149852672
299284060769
299418309000
299552597371
299686925888
299821294557
299955703384
300090152375
300224641536
300359170873
300493740392
300628350099
300763000000
300897690101
301032420408
301167190927
301302001664
301436852625
301571743816
301706675243
301841646912
301976658829
302111711000
302246803431
302381936128
302517109097
302652322344
302787575875
302922869696
303058203813
303193578232
303328992959
303464448000
303599943361
303735479048
303871055067
304006671424
304142328125
304278025176
304413762583
304549540352
304685358489
304821217000
304957115891
305093055168
305229034837
305365054904
305501115375
305637216256
305773357553
305909539272
306045761419
306182024000
306318327021
306454670488
306591054407
306727478784
306863943625
307000448936
307136994723
307273580992
307410207749
307546875000
307683582751
307820331008
307957119777
308093949064
308230818875
308367729216
308504680093
308641671512
308778703479
308915776000
309052889081
309190042728
309327236947
309464471744
309601747125
309739063096
309876419663
310013816832
310151254609
310288733000
310426252011
310563811648
310701411917
310839052824
310976734375
311114456576
311252219433
311390022952
311527867139
311665752000
311803677541
311941643768
312079650687
312217698304
312355786625
312493915656
312632085403
312770295872
312908547069
313046839000
313185171671
313323545088
313461959257
313600414184
313738909875
313877446336
314016023573
314154641592
314293300399
314432000000
314570740401
314709521608
314848343627
314987206464
315126110125
315265054616
315404039943
315543066112
315682133129
315821241000
315960389731
316099579328
316238809797
316378081144
316517393375
316656746496
316796140513
316935575432
317075051259
317214568000
317354125661
317493724248
317633363767
317773044224
317912765625
318052527976
318192331283
318332175552
318472060789
318611987000
318751954191
318891962368
319032011537
319172101704
319312232875
319452405056
319592618253
319732872472
319873167719
320013504000
320153881321
320294299688
320434759107
320575259584
320715801125
320856383736
320997007423
321137672192
321278378049
321419125000
321559913051
321700742208
321841612477
321982523864
322123476375
322264470016
322405504793
322546580712
322687697779
322828856000
322970055381
323111295928
323252577647
323393900544
323535264625
323676669896
323818116363
323959604032
324101132909
324242703000
324384314311
324525966848
324667660617
324809395624
324951171875
325092989376
325234848133
325376748152
325518689439
325660672000
325802695841
325944760968
326086867387
326229015104
326371204125
326513434456
326655706103
326798019072
326940373369
327082769000
327225205971
327367684288
327510203957
327652764984
327795367375
327938011136
328080696273
328223422792
328366190699
328509000000
328651850701
328794742808
328937676327
329080651264
329223667625
329366725416
329509824643
329652965312
329796147429
329939371000
330082636031
330225942528
330369290497
330512679944
330656110875
330799583296
330943097213
331086652632
331230249559
331373888000
331517567961
331661289448
331805052467
331948857024
332092703125
332236590776
332380519983
332524490752
332668503089
332812557000
332956652491
333100789568
333244968237
333389188504
333533450375
333677753856
333822098953
333966485672
334110914019
334255384000
334399895621
334544448888
334689043807
334833680384
334978358625
335123078536
335267840123
335412643392
335557488349
335702375000
335847303351
335992273408
336137285177
336282338664
336427433875
336572570816
336717749493
336862969912
337008232079
337153536000
337298881681
337444269128
337589698347
337735169344
337880682125
338026236696
338171833063
338317471232
338463151209
338608873000
338754636611
338900442048
339046289317
339192178424
339338109375
339484082176
339630096833
339776153352
339922251739
340068392000
340214574141
340360798168
340507064087
340653371904
340799721625
340946113256
341092546803
341239022272
341385539669
341532099000
341678700271
341825343488
341972028657
342118755784
342265524875
342412335936
342559188973
342706083992
342853020999
343000000000
343147021001
343294084008
343441189027
343588336064
343735525125
343882756216
344030029343
344177344512
344324701729
344472101000
344619542331
344767025728
344914551197
345062118744
345209728375
345357380096
345505073913
345652809832
345800587859
345948408000
346096270261
346244174648
346392121167
346540109824
346688140625
346836213576
346984328683
347132485952
347280685389
347428927000
347577210791
347725536768
347873904937
348022315304
348170767875
348319262656
348467799653
348616378872
348765000319
348913664000
349062369921
349211118088
349359908507
349508741184
349657616125
349806533336
349955492823
350104494592
350253538649
350402625000
350551753651
350700924608
350850137877
350999393464
351148691375
351298031616
351447414193
351596839112
351746306379
351895816000
352045367981
352194962328
352344599047
352494278144
352643999625
352793763496
352943569763
353093418432
353243309509
353393243000
353543218911
353693237248
353843298017
353993401224
354143546875
354293734976
354443965533
354594238552
354744554039
354894912000
355045312441
355195755368
355346240787
355496768704
355647339125
355797952056
355948607503
356099305472
356250045969
356400829000
356551654571
356702522688
356853433357
357004386584
357155382375
357306420736
357457501673
357608625192
357759791299
357911000000
358062251301
358213545208
358364881727
358516260864
358667682625
358819147016
358970654043
359122203712
359273796029
359425431000
359577108631
359728828928
359880591897
360032397544
360184245875
360336136896
360488070613
360640047032
360792066159
360944128000
361096232561
361248379848
361400569867
361552802624
361705078125
361857396376
362009757383
362162161152
362314607689
362467097000
362619629091
362772203968
362924821637
363077482104
363230185375
363382931456
363535720353
363688552072
363841426619
363994344000
364147304221
364300307288
364453353207
364606441984
364759573625
364912748136
365065965523
365219225792
365372528949
365525875000
365679263951
365832695808
365986170577
366139688264
366293248875
366446852416
366600498893
366754188312
366907920679
367061696000
367215514281
367369375528
367523279747
367677226944
367831217125
367985250296
368139326463
368293445632
368447607809
368601813000
368756061211
368910352448
369064686717
369219064024
369373484375
369527947776
369682454233
369837003752
369991596339
370146232000
370300910741
370455632568
370610397487
370765205504
370920056625
371074950856
371229888203
371384868672
371539892269
371694959000
371850068871
372005221888
372160418057
372315657384
372470939875
372626265536
372781634373
372937046392
373092501599
373248000000
373403541601
373559126408
373714754427
373870425664
374026140125
374181897816
374337698743
374493542912
374649430329
374805361000
374961334931
375117352128
375273412597
375429516344
375585663375
375741853696
375898087313
376054364232
376210684459
376367048000
376523454861
376679905048
376836398567
376992935424
377149515625
377306139176
377462806083
377619516352
377776269989
377933067000
378089907391
378246791168
378403718337
378560688904
378717702875
378874760256
379031861053
379189005272
379346192919
379503424000
379660698521
379818016488
379975377907
380132782784
380290231125
380447722936
380605258223
380762836992
380920459249
381078125000
381235834251
381393587008
381551383277
381709223064
381867106375
382025033216
382183003593
382341017512
382499074979
382657176000
382815320581
382973508728
383131740447
383290015744
383448334625
383606697096
383765103163
383923552832
384082046109
384240583000
384399163511
384557787648
384716455417
384875166824
385033921875
385192720576
385351562933
385510448952
385669378639
385828352000
385987369041
386146429768
386305534187
386464682304
386623874125
386783109656
386942388903
387101711872
387261078569
387420489000
387579943171
387739441088
387898982757
388058568184
388218197375
388377870336
388537587073
388697347592
388857151899
389017000000
389176891901
389336827608
389496807127
389656830464
389816897625
389977008616
390137163443
390297362112
390457604629
390617891000
390778221231
390938595328
391099013297
391259475144
391419980875
391580530496
391741124013
391901761432
392062442759
392223168000
392383937161
392544750248
392705607267
392866508224
393027453125
393188441976
393349474783
393510551552
393671672289
393832837000
393994045691
394155298368
394316595037
394477935704
394639320375
394800749056
394962221753
395123738472
395285299219
395446904000
395608552821
395770245688
395931982607
396093763584
396255588625
396417457736
396579370923
396741328192
396903329549
397065375000
397227464551
397389598208
397551775977
397713997864
397876263875
398038574016
398200928293
398363326712
398525769279
398688256000
398850786881
399013361928
399175981147
399338644544
399501352125
399664103896
399826899863
399989740032
400152624409
400315553000
400478525811
400641542848
400804604117
400967709624
401130859375
401294053376
401457291633
401620574152
401783900939
401947272000
402110687341
402274146968
402437650887
402601199104
402764791625
402928428456
403092109603
403255835072
403419604869
403583419000
403747277471
403911180288
404075127457
404239118984
404403154875
404567235136
404731359773
404895528792
405059742199
405224000000
405388302201
405552648808
405717039827
405881475264
406045955125
406210479416
406375048143
406539661312
406704318929
406869021000
407033767531
407198558528
407363393997
407528273944
407693198375
407858167296
408023180713
408188238632
408353341059
408518488000
408683679461
408848915448
409014195967
409179521024
409344890625
409510304776
409675763483
409841266752
410006814589
410172407000
410338043991
410503725568
410669451737
410835222504
411001037875
411166897856
411332802453
411498751672
411664745519
411830784000
411996867121
412162994888
412329167307
412495384384
412661646125
412827952536
412994303623
413160699392
413327139849
413493625000
413660154851
413826729408
413993348677
414160012664
414326721375
414493474816
414660272993
414827115912
414994003579
415160936000
415327913181
415494935128
415662001847
415829113344
415996269625
416163470696
416330716563
416498007232
416665342709
416832723000
417000148111
417167618048
417335132817
417502692424
417670296875
417837946176
418005640333
418173379352
418341163239
418508992000
418676865641
418844784168
419012747587
419180755904
419348809125
419516907256
419685050303
419853238272
420021471169
420189749000
420358071771
420526439488
420694852157
420863309784
421031812375
421200359936
421368952473
421537589992
421706272499
421875000000
422043772501
422212590008
422381452527
422550360064
422719312625
422888310216
423057352843
423226440512
423395573229
423564751000
423733973831
423903241728
424072554697
424241912744
424411315875
424580764096
424750257413
424919795832
425089379359
425259008000
425428681761
425598400648
425768164667
425937973824
426107828125
426277727576
426447672183
426617661952
426787696889
426957777000
427127902291
427298072768
427468288437
427638549304
427808855375
427979206656
428149603153
428320044872
428490531819
428661064000
428831641421
429002264088
429172932007
429343645184
429514403625
429685207336
429856056323
430026950592
430197890149
430368875000
430539905151
430710980608
430882101377
431053267464
431224478875
431395735616
431567037693
431738385112
431909777879
432081216000
432252699481
432424228328
432595802547
432767422144
432939087125
433110797496
433282553263
433454354432
433626201009
433798093000
433970030411
434142013248
434314041517
434486115224
434658234375
434830398976
435002609033
435174864552
435347165539
435519512000
435691903941
435864341368
436036824287
436209352704
436381926625
436554546056
436727211003
436899921472
437072677469
437245479000
437418326071
437591218688
437764156857
437937140584
438110169875
438283244736
438456365173
438629531192
438802742799
438976000000
439149302801
439322651208
439496045227
439669484864
439842970125
440016501016
440190077543
440363699712
440537367529
440711081000
440884840131
441058644928
441232495397
441406391544
441580333375
441754320896
441928354113
442102433032
442276557659
442450728000
442624944061
442799205848
442973513367
443147866624
443322265625
443496710376
443671200883
443845737152
444020319189
444194947000
444369620591
444544339968
444719105137
444893916104
445068772875
445243675456
445418623853
445593618072
445768658119
445943744000
446118875721
446294053288
446469276707
446644545984
446819861125
446995222136
447170629023
447346081792
447521580449
447697125000
447872715451
448048351808
448224034077
448399762264
448575536375
448751356416
448927222393
449103134312
449279092179
449455096000
449631145781
449807241528
449983383247
450159570944
450335804625
450512084296
450688409963
450864781632
451041199309
451217663000
451394172711
451570728448
451747330217
451923978024
452100671875
452277411776
452454197733
452631029752
452807907839
452984832000
453161802241
453338818568
453515880987
453692989504
453870144125
454047344856
454224591703
454401884672
454579223769
454756609000
454934040371
455111517888
455289041557
455466611384
455644227375
455821889536
455999597873
456177352392
456355153099
456533000000
456710893101
456888832408
457066817927
457244849664
457422927625
457601051816
457779222243
457957438912
458135701829
458314011000
458492366431
458670768128
458849216097
459027710344
459206250875
459384837696
459563470813
459742150232
459920875959
460099648000
460278466361
460457331048
460636242067
460815199424
460994203125
461173253176
461352349583
461531492352
461710681489
461889917000
462069198891
462248527168
462427901837
462607322904
462786790375
462966304256
463145864553
463325471272
463505124419
463684824000
463864570021
464044362488
464224201407
464404086784
464584018625
464763996936
464944021723
465124092992
465304210749
465484375000
465664585751
465844843008
466025146777
466205497064
466385893875
466566337216
466746827093
466927363512
467107946479
467288576000
467469252081
467649974728
467830743947
468011559744
468192422125
468373331096
468554286663
468735288832
468916337609
469097433000
469278575011
469459763648
469640998917
469822280824
470003609375
470184984576
470366406433
470547874952
470729390139
470910952000
471092560541
471274215768
471455917687
471637666304
471819461625
472001303656
472183192403
472365127872
472547110069
472729139000
472911214671
473093337088
473275506257
473457722184
473639984875
473822294336
474004650573
474187053592
474369503399
474552000000
474734543401
474917133608
475099770627
475282454464
475465185125
475647962616
475830786943
476013658112
476196576129
476379541000
476562552731
476745611328
476928716797
477111869144
477295068375
477478314496
477661607513
477844947432
478028334259
478211768000
478395248661
478578776248
478762350767
478945972224
479129640625
479313355976
479497118283
479680927552
479864783789
480048687000
480232637191
480416634368
480600678537
480784769704
480968907875
481153093056
481337325253
481521604472
481705930719
481890304000
482074724321
482259191688
482443706107
482628267584
482812876125
482997531736
483182234423
483366984192
483551781049
483736625000
483921516051
484106454208
484291439477
484476471864
484661551375
484846678016
485031851793
485217072712
485402340779
485587656000
485773018381
485958427928
486143884647
486329388544
486514939625
486700537896
486886183363
487071876032
487257615909
487443403000
487629237311
487815118848
488001047617
488187023624
488373046875
488559117376
488745235133
488931400152
489117612439
489303872000
489490178841
489676532968
489862934387
490049383104
490235879125
490422422456
490609013103
490795651072
490982336369
491169069000
491355848971
491542676288
491729550957
491916472984
492103442375
492290459136
492477523273
492664634792
492851793699
493039000000
493226253701
493413554808
493600903327
493788299264
493975742625
494163233416
494350771643
494538357312
494725990429
494913671000
495101399031
495289174528
495476997497
495664867944
495852785875
496040751296
496228764213
496416824632
496604932559
496793088000
496981290961
497169541448
497357839467
497546185024
497734578125
497923018776
498111506983
498300042752
498488626089
498677257000
498865935491
499054661568
499243435237
499432256504
499621125375
499810041856
499999005953
500188017672
500377077019
500566184000
500755338621
500944540888
501133790807
501323088384
501512433625
501701826536
501891267123
502080755392
502270291349
502459875000
502649506351
502839185408
503028912177
503218686664
503408508875
503598378816
503788296493
503978261912
504168275079
504358336000
504548444681
504738601128
504928805347
505119057344
505309357125
505499704696
505690100063
505880543232
506071034209
506261573000
506452159611
506642794048
506833476317
507024206424
507214984375
507405810176
507596683833
507787605352
507978574739
508169592000
508360657141
508551770168
508742931087
508934139904
509125396625
509316701256
509508053803
509699454272
509890902669
510082399000
510273943271
510465535488
510657175657
510848863784
511040599875
511232383936
511424215973
511616095992
511808023999
512000000000
512192024001
512384096008
512576216027
512768384064
512960600125
513152864216
513345176343
513537536512
513729944729
513922401000
514114905331
514307457728
514500058197
514692706744
514885403375
515078148096
515270940913
515463781832
515656670859
515849608000
516042593261
516235626648
516428708167
516621837824
516815015625
517008241576
517201515683
517394837952
517588208389
517781627000
517975093791
518168608768
518362171937
518555783304
518749442875
518943150656
519136906653
519330710872
519524563319
519718464000
519912412921
520106410088
520300455507
520494549184
520688691125
520882881336
521077119823
521271406592
521465741649
521660125000
521854556651
522049036608
522243564877
522438141464
522632766375
522827439616
523022161193
523216931112
523411749379
523606616000
523801530981
523996494328
524191506047
524386566144
524581674625
524776831496
524972036763
525167290432
525362592509
525557943000
525753341911
525948789248
526144285017
526339829224
526535421875
526731062976
526926752533
527122490552
527318277039
527514112000
527709995441
527905927368
528101907787
528297936704
528494014125
528690140056
528886314503
529082537472
529278808969
529475129000
529671497571
529867914688
530064380357
530260894584
530457457375
530654068736
530850728673
531047437192
531244194299
531441000000
531637854301
531834757208
532031708727
532228708864
532425757625
532622855016
532820001043
533017195712
533214439029
533411731000
533609071631
533806460928
534003898897
534201385544
534398920875
534596504896
534794137613
534991819032
535189549159
535387328000
535585155561
535783031848
535980956867
536178930624
536376953125
536575024376
536773144383
536971313152
537169530689
537367797000
537566112091
537764475968
537962888637
538161350104
538359860375
538558419456
538757027353
538955684072
539154389619
539353144000
539551947221
539750799288
539949700207
540148649984
540347648625
540546696136
540745792523
540944937792
541144131949
541343375000
541542666951
541742007808
541941397577
542140836264
542340323875
542539860416
542739445893
542939080312
543138763679
543338496000
543538277281
543738107528
543937986747
544137914944
544337892125
544537918296
544737993463
544938117632
545138290809
545338513000
545538784211
545739104448
545939473717
546139892024
546340359375
546540875776
546741441233
546942055752
547142719339
547343432000
547544193741
547745004568
547945864487
548146773504
548347731625
548548738856
548749795203
548950900672
549152055269
549353259000
549554511871
549755813888
549957165057
550158565384
550360014875
550561513536
550763061373
550964658392
551166304599
551368000000
551569744601
551771538408
551973381427
552175273664
552377215125
552579205816
552781245743
552983334912
553185473329
553387661000
553589897931
553792184128
553994519597
554196904344
554399338375
554601821696
554804354313
555006936232
555209567459
555412248000
555614977861
555817757048
556020585567
556223463424
556426390625
556629367176
556832393083
557035468352
557238592989
557441767000
557644990391
557848263168
558051585337
558254956904
558458377875
558661848256
558865368053
559068937272
559272555919
559476224000
559679941521
559883708488
560087524907
560291390784
560495306125
560699270936
560903285223
561107348992
561311462249
561515625000
561719837251
561924099008
562128410277
562332771064
562537181375
562741641216
562946150593
563150709512
563355317979
563559976000
563764683581
563969440728
564174247447
564379103744
564584009625
564788965096
564993970163
565199024832
565404129109
565609283000
565814486511
566019739648
566225042417
566430394824
566635796875
566841248576
567046749933
567252300952
567457901639
567663552000
567869252041
568075001768
568280801187
568486650304
568692549125
568898497656
569104495903
569310543872
569516641569
569722789000
569928986171
570135233088
570341529757
570547876184
570754272375
570960718336
571167214073
571373759592
571580354899
571787000000
571993694901
572200439608
572407234127
572614078464
572820972625
573027916616
573234910443
573441954112
573649047629
573856191000
574063384231
574270627328
574477920297
574685263144
574892655875
575100098496
575307591013
575515133432
575722725759
575930368000
576138060161
576345802248
576553594267
576761436224
576969328125
577177269976
577385261783
577593303552
577801395289
578009537000
578217728691
578425970368
578634262037
578842603704
579050995375
579259437056
579467928753
579676470472
579885062219
580093704000
580302395821
580511137688
580719929607
580928771584
581137663625
581346605736
581555597923
581764640192
581973732549
582182875000
582392067551
582601310208
582810602977
583019945864
583229338875
583438782016
583648275293
583857818712
584067412279
584277056000
584486749881
584696493928
584906288147
585116132544
585326027125
585535971896
585745966863
585956012032
586166107409
586376253000
586586448811
586796694848
587006991117
587217337624
587427734375
587638181376
587848678633
588059226152
588269823939
588480472000
588691170341
588901918968
589112717887
589323567104
589534466625
589745416456
589956416603
590167467072
590378567869
590589719000
590800920471
591012172288
591223474457
591434826984
591646229875
591857683136
592069186773
592280740792
592492345199
592704000000
592915705201
593127460808
593339266827
593551123264
593763030125
593974987416
594186995143
594399053312
594611161929
594823321000
595035530531
595247790528
595460100997
595672461944
595884873375
596097335296
596309847713
596522410632
596735024059
596947688000
597160402461
597373167448
597585982967
597798849024
598011765625
598224732776
598437750483
598650818752
598863937589
599077107000
599290326991
599503597568
599716918737
599930290504
600143712875
600357185856
600570709453
600784283672
600997908519
601211584000
601425310121
601639086888
601852914307
602066792384
602280721125
602494700536
602708730623
602922811392
603136942849
603351125000
603565357851
603779641408
603993975677
604208360664
604422796375
604637282816
604851819993
605066407912
605281046579
605495736000
605710476181
605925267128
606140108847
606355001344
606569944625
606784938696
606999983563
607215079232
607430225709
607645423000
607860671111
608075970048
608291319817
608506720424
608722171875
608937674176
609153227333
609368831352
609584486239
609800192000
610015948641
610231756168
610447614587
610663523904
610879484125
611095495256
611311557303
611527670272
611743834169
611960049000
612176314771
612392631488
612608999157
612825417784
613041887375
613258407936
613474979473
613691601992
613908275499
614125000000
614341775501
614558602008
614775479527
614992408064
615209387625
615426418216
615643499843
615860632512
616077816229
616295051000
616512336831
616729673728
616947061697
617164500744
617381990875
617599532096
617817124413
618034767832
618252462359
618470208000
618688004761
618905852648
619123751667
619341701824
619559703125
619777755576
619995859183
620214013952
620432219889
620650477000
620868785291
621087144768
621305555437
621524017304
621742530375
621961094656
622179710153
622398376872
622617094819
622835864000
623054684421
623273556088
623492479007
623711453184
623930478625
624149555336
624368683323
624587862592
624807093149
625026375000
625245708151
625465092608
625684528377
625904015464
626123553875
626343143616
626562784693
626782477112
627002220879
627222016000
627441862481
627661760328
627881709547
628101710144
628321762125
628541865496
628762020263
628982226432
629202484009
629422793000
629643153411
629863565248
630084028517
630304543224
630525109375
630745726976
630966396033
631187116552
631407888539
631628712000
631849586941
632070513368
632291491287
632512520704
632733601625
632954734056
633175918003
633397153472
633618440469
633839779000
634061169071
634282610688
634504103857
634725648584
634947244875
635168892736
635390592173
635612343192
635834145799
636056000000
636277905801
636499863208
636721872227
636943932864
637166045125
637388209016
637610424543
637832691712
638055010529
638277381000
638499803131
638722276928
638944802397
639167379544
639390008375
639612688896
639835421113
640058205032
640281040659
640503928000
640726867061
640949857848
641172900367
641395994624
641619140625
641842338376
642065587883
642288889152
642512242189
642735647000
642959103591
643182611968
643406172137
643629784104
643853447875
644077163456
644300930853
644524750072
644748621119
644972544000
645196518721
645420545288
645644623707
645868753984
646092936125
646317170136
646541456023
646765793792
646990183449
647214625000
647439118451
647663663808
647888261077
648112910264
648337611375
648562364416
648787169393
649012026312
649236935179
649461896000
649686908781
649911973528
650137090247
650362258944
650587479625
650812752296
651038076963
651263453632
651488882309
651714363000
651939895711
652165480448
652391117217
652616806024
652842546875
653068339776
653294184733
653520081752
653746030839
653972032000
654198085241
654424190568
654650347987
654876557504
655102819125
655329132856
655555498703
655781916672
656008386769
656234909000
656461483371
656688109888
656914788557
657141519384
657368302375
657595137536
657822024873
658048964392
658275956099
658503000000
658730096101
658957244408
659184444927
659411697664
659639002625
659866359816
660093769243
660321230912
660548744829
660776311000
661003929431
661231600128
661459323097
661687098344
661914925875
662142805696
662370737813
662598722232
662826758959
663054848000
663282989361
663511183048
663739429067
663967727424
664196078125
664424481176
664652936583
664881444352
665110004489
665338617000
665567281891
665795999168
666024768837
666253590904
666482465375
666711392256
666940371553
667169403272
667398487419
667627624000
667856813021
668086054488
668315348407
668544694784
668774093625
669003544936
669233048723
669462604992
669692213749
669921875000
670151588751
670381355008
670611173777
670841045064
671070968875
671300945216
671530974093
671761055512
671991189479
672221376000
672451615081
672681906728
672912250947
673142647744
673373097125
673603599096
673834153663
674064760832
674295420609
674526133000
674756898011
674987715648
675218585917
675449508824
675680484375
675911512576
676142593433
676373726952
676604913139
676836152000
677067443541
677298787768
677530184687
677761634304
677993136625
678224691656
678456299403
678687959872
678919673069
679151439000
679383257671
679615129088
679847053257
680079030184
680311059875
680543142336
680775277573
681007465592
681239706399
681472000000
681704346401
681936745608
682169197627
682401702464
682634260125
682866870616
683099533943
683332250112
683565019129
683797841000
684030715731
684263643328
684496623797
684729657144
684962743375
685195882496
685429074513
685662319432
685895617259
686128968000
686362371661
686595828248
686829337767
687062900224
687296515625
687530183976
687763905283
687997679552
688231506789
688465387000
688699320191
688933306368
689167345537
689401437704
689635582875
689869781056
690104032253
690338336472
690572693719
690807104000
691041567321
691276083688
691510653107
691745275584
691979951125
692214679736
692449461423
692684296192
692919184049
693154125000
693389119051
693624166208
693859266477
694094419864
694329626375
694564886016
694800198793
695035564712
695270983779
695506456000
695741981381
695977559928
696213191647
696448876544
696684614625
696920405896
697156250363
697392148032
697628098909
697864103000
698100160311
698336270848
698572434617
698808651624
699044921875
699281245376
699517622133
699754052152
699990535439
700227072000
700463661841
700700304968
700937001387
701173751104
701410554125
701647410456
701884320103
702121283072
702358299369
702595369000
702832491971
703069668288
703306897957
703544180984
703781517375
704018907136
704256350273
704493846792
704731396699
704969000000
705206656701
705444366808
705682130327
705919947264
706157817625
706395741416
706633718643
706871749312
707109833429
707347971000
707586162031
707824406528
708062704497
708301055944
708539460875
708777919296
709016431213
709254996632
709493615559
709732288000
709971013961
710209793448
710448626467
710687513024
710926453125
711165446776
711404493983
711643594752
711882749089
712121957000
712361218491
712600533568
712839902237
713079324504
713318800375
713558329856
713797912953
714037549672
714277240019
714516984000
714756781621
714996632888
715236537807
715476496384
715716508625
715956574536
716196694123
716436867392
716677094349
716917375000
717157709351
717398097408
717638539177
717879034664
718119583875
718360186816
718600843493
718841553912
719082318079
719323136000
719564007681
719804933128
720045912347
720286945344
720528032125
720769172696
721010367063
721251615232
721492917209
721734273000
721975682611
722217146048
722458663317
722700234424
722941859375
723183538176
723425270833
723667057352
723908897739
724150792000
724392740141
724634742168
724876798087
725118907904
725361071625
725603289256
725845560803
726087886272
726330265669
726572699000
726815186271
727057727488
727300322657
727542971784
727785674875
728028431936
728271242973
728514107992
728757026999
729000000000
729243027001
729486108008
729729243027
729972432064
730215675125
730458972216
730702323343
730945728512
731189187729
731432701000
731676268331
731919889728
732163565197
732407294744
732651078375
732894916096
733138807913
733382753832
733626753859
733870808000
734114916261
734359078648
734603295167
734847565824
735091890625
735336269576
735580702683
735825189952
736069731389
736314327000
736558976791
736803680768
737048438937
737293251304
737538117875
737783038656
738028013653
738273042872
738518126319
738763264000
739008455921
739253702088
739499002507
739744357184
739989766125
740235229336
740480746823
740726318592
740971944649
741217625000
741463359651
741709148608
741954991877
742200889464
742446841375
742692847616
742938908193
743185023112
743431192379
743677416000
743923693981
744170026328
744416413047
744662854144
744909349625
745155899496
745402503763
745649162432
745895875509
746142643000
746389464911
746636341248
746883272017
747130257224
747377296875
747624390976
747871539533
748118742552
748366000039
748613312000
748860678441
749108099368
749355574787
749603104704
749850689125
750098328056
750346021503
750593769472
750841571969
751089429000
751337340571
751585306688
751833327357
752081402584
752329532375
752577716736
752825955673
753074249192
753322597299
753571000000
753819457301
754067969208
754316535727
754565156864
754813832625
755062563016
755311348043
755560187712
755809082029
756058031000
756307034631
756556092928
756805205897
757054373544
757303595875
757552872896
757802204613
758051591032
758301032159
758550528000
758800078561
759049683848
759299343867
759549058624
759798828125
760048652376
760298531383
760548465152
760798453689
761048497000
761298595091
761548747968
761798955637
762049218104
762299535375
762549907456
762800334353
763050816072
763301352619
763551944000
763802590221
764053291288
764304047207
764554857984
764805723625
765056644136
765307619523
765558649792
765809734949
766060875000
766312069951
766563319808
766814624577
767065984264
767317398875
767568868416
767820392893
768071972312
768323606679
768575296000
768827040281
769078839528
769330693747
769582602944
769834567125
770086586296
770338660463
770590789632
770842973809
771095213000
771347507211
771599856448
771852260717
772104720024
772357234375
772609803776
772862428233
773115107752
773367842339
773620632000
773873476741
774126376568
774379331487
774632341504
774885406625
775138526856
775391702203
775644932672
775898218269
776151559000
776404954871
776658405888
776911912057
777165473384
777419089875
777672761536
777926488373
778180270392
778434107599
778688000000
778941947601
779195950408
779450008427
779704121664
779958290125
780212513816
780466792743
780721126912
780975516329
781229961000
781484460931
781739016128
781993626597
782248292344
782503013375
782757789696
783012621313
783267508232
783522450459
783777448000
784032500861
784287609048
784542772567
784797991424
785053265625
785308595176
785563980083
785819420352
786074915989
786330467000
786586073391
786841735168
787097452337
787353224904
787609052875
787864936256
788120875053
788376869272
788632918919
788889024000
789145184521
789401400488
789657671907
789913998784
790170381125
790426818936
790683312223
790939860992
791196465249
791453125000
791709840251
791966611008
792223437277
792480319064
792737256375
792994249216
793251297593
793508401512
793765560979
794022776000
794280046581
794537372728
794794754447
795052191744
795309684625
795567233096
795824837163
796082496832
796340212109
796597983000
796855809511
797113691648
797371629417
797629622824
797887671875
798145776576
798403936933
798662152952
798920424639
799178752000
799437135041
799695573768
799954068187
800212618304
800471224125
800729885656
800988602903
801247375872
801506204569
801765089000
802024029171
802283025088
802542076757
802801184184
803060347375
803319566336
803578841073
803838171592
804097557899
804357000000
804616497901
804876051608
805135661127
805395326464
805655047625
805914824616
806174657443
806434546112
806694490629
806954491000
807214547231
807474659328
807734827297
807995051144
808255330875
808515666496
808776058013
809036505432
809297008759
809557568000
809818183161
810078854248
810339581267
810600364224
810861203125
811122097976
811383048783
811644055552
811905118289
812166237000
812427411691
812688642368
812949929037
813211271704
813472670375
813734125056
813995635753
814257202472
814518825219
814780504000
815042238821
815304029688
815565876607
815827779584
816089738625
816351753736
816613824923
816875952192
817138135549
817400375000
817662670551
817925022208
818187429977
818449893864
818712413875
818974990016
819237622293
819500310712
819763055279
820025856000
820288712881
820551625928
820814595147
821077620544
821340702125
821603839896
821867033863
822130284032
822393590409
822656953000
822920371811
823183846848
823447378117
823710965624
823974609375
824238309376
824502065633
824765878152
825029746939
825293672000
825557653341
825821690968
826085784887
826349935104
826614141625
826878404456
827142723603
827407099072
827671530869
827936019000
828200563471
828465164288
828729821457
828994534984
829259304875
829524131136
829789013773
830053952792
830318948199
830584000000
830849108201
831114272808
831379493827
831644771264
831910105125
832175495416
832440942143
832706445312
832972004929
833237621000
833503293531
833769022528
834034807997
834300649944
834566548375
834832503296
835098514713
835364582632
835630707059
835896888000
836163125461
836429419448
836695769967
836962177024
837228640625
837495160776
837761737483
838028370752
838295060589
838561807000
838828609991
839095469568
839362385737
839629358504
839896387875
840163473856
840430616453
840697815672
840965071519
841232384000
841499753121
841767178888
842034661307
842302200384
842569796125
842837448536
843105157623
843372923392
843640745849
843908625000
844176560851
844444553408
844712602677
844980708664
845248871375
845517090816
845785366993
846053699912
846322089579
846590536000
846859039181
847127599128
847396215847
847664889344
847933619625
848202406696
848471250563
848740151232
849009108709
849278123000
849547194111
849816322048
850085506817
850354748424
850624046875
850893402176
851162814333
851432283352
851701809239
851971392000
852241031641
852510728168
852780481587
853050291904
853320159125
853590083256
853860064303
854130102272
854400197169
854670349000
854940557771
855210823488
855481146157
855751525784
856021962375
856292455936
856563006473
856833613992
857104278499
857375000000
857645778501
857916614008
858187506527
858458456064
858729462625
859000526216
859271646843
859542824512
859814059229
860085351000
860356699831
860628105728
860899568697
861171088744
861442665875
861714300096
861985991413
862257739832
862529545359
862801408000
863073327761
863345304648
863617338667
863889429824
864161578125
864433783576
864706046183
864978365952
865250742889
865523177000
865795668291
866068216768
866340822437
866613485304
866886205375
867158982656
867431817153
867704708872
867977657819
868250664000
868523727421
868796848088
869070026007
869343261184
869616553625
869889903336
870163310323
870436774592
870710296149
870983875000
871257511151
871531204608
871804955377
872078763464
872352628875
872626551616
872900531693
873174569112
873448663879
873722816000
873997025481
874271292328
874545616547
874819998144
875094437125
875368933496
875643487263
875918098432
876192767009
876467493000
876742276411
877017117248
877292015517
877566971224
877841984375
878117054976
878392183033
878667368552
878942611539
879217912000
879493269941
879768685368
880044158287
880319688704
880595276625
880870922056
881146625003
881422385472
881698203469
881974079000
882250012071
882526002688
882802050857
883078156584
883354319875
883630540736
883906819173
884183155192
884459548799
884736000000
885012508801
885289075208
885565699227
885842380864
886119120125
886395917016
886672771543
886949683712
887226653529
887503681000
887780766131
888057908928
888335109397
888612367544
888889683375
889167056896
889444488113
889721977032
889999523659
890277128000
890554790061
890832509848
891110287367
891388122624
891666015625
